sub_uri	en_sub_label	sub_label	obj_uri	en_obj_label	obj_label	en_template	template	template_prompt	gt_translation	chatgpt_translation	gt_prompt	gt_infl_object	chatgpt_prompt	chatgpt_infl_object	aliases
Q272886	Claude Arrieu	Claude Arrieu	Q90	Paris	Paříž	Claude Arrieu was born in Paris .	Claude Arrieu se narodil v Paříž.	Claude Arrieu se narodil v 	Claude Arrieu se narodil v Paříži.	Claude Arrieu se narodil v Paříži.	Claude Arrieu se narodil v 	Paříži	Claude Arrieu se narodil v 	Paříži	Paris|||Paris
Q555022	Maerten de Vos	Maarten de Vos st.	Q12892	Antwerp	Antverpy	Maerten de Vos was born in Antwerp .	Maarten de Vos st. se narodil v Antverpy.	Maarten de Vos st. se narodil v 	Maerten de Vos se narodil v Antverpách .	Maarten de Vos st. se narodil v Antverpách.	Maerten de Vos se narodil v 	Antverpách	Maarten de Vos st. se narodil v 	Antverpách	Antwerp
Q242416	Marion Davies	Marion Daviesová	Q18419	Brooklyn	Brooklyn	Marion Davies was born in Brooklyn .	Marion Daviesová se narodil v Brooklyn.	Marion Daviesová se narodil v 	Marion Davies se narodila v Brooklynu.	Marion Daviesová se narodila v Brooklynu.	Marion Davies se narodila v 	Brooklynu	Marion Daviesová se narodila v 	Brooklynu	Brooklyn
Q1089110	Daniele Franceschini	Daniele Franceschini	Q220	Rome	Řím	Daniele Franceschini was born in Rome .	Daniele Franceschini se narodil v Řím.	Daniele Franceschini se narodil v 	Daniele Franceschini se narodil v Římě.	Daniele Franceschini se narodil v Římě.	Daniele Franceschini se narodil v 	Římě	Daniele Franceschini se narodil v 	Římě	Rome|||Roma
Q543948	Frans Floris I	Frans Floris st.	Q12892	Antwerp	Antverpy	Frans Floris I was born in Antwerp .	Frans Floris st. se narodil v Antverpy.	Frans Floris st. se narodil v 	Frans Floris Narodil jsem se v Antverpách.	Frans Floris st. se narodil v Antverpách.	Frans Floris Narodil jsem se v 	Antverpách	Frans Floris st. se narodil v 	Antverpách	Antwerp
Q241098	Maurice de Vlaminck	Maurice de Vlaminck	Q90	Paris	Paříž	Maurice de Vlaminck was born in Paris .	Maurice de Vlaminck se narodil v Paříž.	Maurice de Vlaminck se narodil v 	Maurice de Vlaminck se narodil v Paříži.	Maurice de Vlaminck se narodil v Paříži.	Maurice de Vlaminck se narodil v 	Paříži	Maurice de Vlaminck se narodil v 	Paříži	Paris|||Paris
Q319896	Ze'ev Jabotinsky	Vladimír Žabotinský	Q1874	Odessa	Oděsa	Ze'ev Jabotinsky was born in Odessa .	Vladimír Žabotinský se narodil v Oděsa.	Vladimír Žabotinský se narodil v 	Ze'ev Jabotinsky se narodil v Oděse.	Vladimír Žabotinský se narodil v Oděse.	Ze'ev Jabotinsky se narodil v 	Oděse	Vladimír Žabotinský se narodil v 	Oděse	Odesa
Q2735843	Pierre Dupont	Pierre Dupont	Q456	Lyon	Lyon	Pierre Dupont was born in Lyon .	Pierre Dupont se narodil v Lyon.	Pierre Dupont se narodil v 	Pierre Dupont se narodil v Lyonu.	Pierre Dupont se narodil v Lyonu.	Pierre Dupont se narodil v 	Lyonu	Pierre Dupont se narodil v 	Lyonu	Lyon
Q316720	Moritz de Hadeln	Moritz de Hadeln	Q134672	Exeter	Exeter	Moritz de Hadeln was born in Exeter .	Moritz de Hadeln se narodil v Exeter.	Moritz de Hadeln se narodil v 	Moritz de Hadeln se narodil v Exeteru .	Moritz de Hadeln se narodil v Exeteru.	Moritz de Hadeln se narodil v 	Exeteru	Moritz de Hadeln se narodil v 	Exeteru	Exeter
Q356715	Benny Carter	Benny Carter	Q189074	Harlem	Harlem	Benny Carter was born in Harlem .	Benny Carter se narodil v Harlem.	Benny Carter se narodil v 	Benny Carter se narodil v Harlemu.	Benny Carter se narodil v Harlemu.	Benny Carter se narodil v 	Harlemu	Benny Carter se narodil v 	Harlemu	Harlem
Q158056	Nam June Paik	Nam June Paik	Q8684	Seoul	Soul	Nam June Paik was born in Seoul .	Nam June Paik se narodil v Soul.	Nam June Paik se narodil v 	Nam June Paik se narodila v Soulu.	Nam June Paik se narodil v Soulu.	Nam June Paik se narodila v 	Soulu	Nam June Paik se narodil v 	Soulu	Seoul
Q244152	Willebrord Snellius	Willebrord Snellius	Q43631	Leiden	Leiden	Willebrord Snellius was born in Leiden .	Willebrord Snellius se narodil v Leiden.	Willebrord Snellius se narodil v 	Willebrord Snellius se narodil v Leidenu.	Willebrord Snellius se narodil v Leidenu.	Willebrord Snellius se narodil v 	Leidenu	Willebrord Snellius se narodil v 	Leidenu	Leiden|||Leyden
Q320738	Achille Campanile	Achille Campanile	Q220	Rome	Řím	Achille Campanile was born in Rome .	Achille Campanile se narodil v Řím.	Achille Campanile se narodil v 	Achille Campanile se narodil v Římě.	Achille Campanile se narodil v Římě.	Achille Campanile se narodil v 	Římě	Achille Campanile se narodil v 	Římě	Rome|||Roma
Q36174	Charles II of Spain	Karel II. Španělský	Q2807	Madrid	Madrid	Charles II of Spain was born in Madrid .	Karel II. Španělský se narodil v Madrid.	Karel II. Španělský se narodil v 	Karel II Španělska se narodil v Madridu.	Karel II. Španělský se narodil v Madridu.	Karel II Španělska se narodil v 	Madridu	Karel II. Španělský se narodil v 	Madridu	Madrid
Q15401788	Jim Leverton	Jim Leverton	Q179224	Dover	Dover	Jim Leverton was born in Dover .	Jim Leverton se narodil v Dover.	Jim Leverton se narodil v 	Jim Leverton se narodil v Doveru.	Jim Leverton se narodil v Doveru.	Jim Leverton se narodil v 	Doveru	Jim Leverton se narodil v 	Doveru	Dover
Q86259	Virgil Widrich	Virgil Widrich	Q34713	Salzburg	Salzburg	Virgil Widrich was born in Salzburg .	Virgil Widrich se narodil v Salzburg.	Virgil Widrich se narodil v 	Virgil Widrich se narodil v Salcburku.	Virgil Widrich se narodil v Salzburgu.	Virgil Widrich se narodil v 	Salcburku	Virgil Widrich se narodil v 	Salzburgu	Salzburg|||Salcburg|||Salcpurk|||Solnohrad|||Salzburg
Q540908	Jerzy Ficowski	Jerzy Ficowski	Q270	Warsaw	Varšava	Jerzy Ficowski was born in Warsaw .	Jerzy Ficowski se narodil v Varšava.	Jerzy Ficowski se narodil v 	Jerzy Ficowski se narodil ve Varšavě .	Jerzy Ficowski se narodil ve Varšavě.	Jerzy Ficowski se narodil ve 	Varšavě	Jerzy Ficowski se narodil ve 	Varšavě	Warsaw|||Warszawa|||Warschau|||Varsovia
Q439168	Salvador Puig Antich	Salvador Puig Antich	Q1492	Barcelona	Barcelona	Salvador Puig Antich was born in Barcelona .	Salvador Puig Antich se narodil v Barcelona.	Salvador Puig Antich se narodil v 	Salvador Puig Antich se narodil v Barceloně.	Salvador Puig Antich se narodil v Barceloně.	Salvador Puig Antich se narodil v 	Barceloně	Salvador Puig Antich se narodil v 	Barceloně	Barcelona
Q378739	Maximilian Sforza	Herkules Maxmilián Sforza	Q490	Milan	Milán	Maximilian Sforza was born in Milan .	Herkules Maxmilián Sforza se narodil v Milán.	Herkules Maxmilián Sforza se narodil v 	Maximilian Sforza se narodil v Miláně .	Herkules Maxmilián Sforza se narodil v Miláně.	Maximilian Sforza se narodil v 	Miláně	Herkules Maxmilián Sforza se narodil v 	Miláně	Milan|||Milano
Q172832	David Coulthard	David Coulthard	Q22	Scotland	Skotsko	David Coulthard was born in Scotland .	David Coulthard se narodil v Skotsko.	David Coulthard se narodil v 	David Coulthard se narodil ve Skotsku.	David Coulthard se narodil ve Skotsku.	David Coulthard se narodil ve 	Skotsku	David Coulthard se narodil ve 	Skotsku	Scotland
Q1790396	Thomas Overbury	Thomas Overbury	Q23140	Warwickshire	Warwickshire	Thomas Overbury was born in Warwickshire .	Thomas Overbury se narodil v Warwickshire.	Thomas Overbury se narodil v 	Thomas Overbury se narodil ve Warwickshire.	Thomas Overbury se narodil ve Warwickshiru.	Thomas Overbury se narodil ve 	Warwickshire	Thomas Overbury se narodil ve 	Warwickshiru	Warwickshire
Q203219	Boris Karloff	Boris Karloff	Q84	London	Londýn	Boris Karloff was born in London .	Boris Karloff se narodil v Londýn.	Boris Karloff se narodil v 	Boris Karloff se narodil v Londýně.	Boris Karloff se narodil v Londýně.	Boris Karloff se narodil v 	Londýně	Boris Karloff se narodil v 	Londýně	London
Q1608008	Herbert Callen	Herbert B. Callen	Q1345	Philadelphia	Filadelfie	Herbert Callen was born in Philadelphia .	Herbert B. Callen se narodil v Filadelfie.	Herbert B. Callen se narodil v 	Herbert Callen se narodil ve Philadelphii.	Herbert B. Callen se narodil ve Filadelfii.	ERROR	ERROR	Herbert B. Callen se narodil ve 	Filadelfii	Philadelphia
Q510281	George Anson, 1st Baron Anson	George Anson	Q23105	Staffordshire	Staffordshire	George Anson, 1st Baron Anson was born in Staffordshire .	George Anson se narodil v Staffordshire.	George Anson se narodil v 	George Anson, 1. baron Anson se narodil v Staffordshire.	George Anson, 1. baron Anson se narodil ve Staffordshire.	George Anson, 1. baron Anson se narodil v 	Staffordshire	George Anson, 1. baron Anson se narodil ve 	Staffordshire	Staffordshire
Q4354299	Cory Bernardi	Cory Bernardi	Q5112	Adelaide	Adelaide	Cory Bernardi was born in Adelaide .	Cory Bernardi se narodil v Adelaide.	Cory Bernardi se narodil v 	Cory Bernardi se narodil v Adelaide.	Cory Bernardi se narodil v Adelaidu.	Cory Bernardi se narodil v 	Adelaide	Cory Bernardi se narodil v 	Adelaidu	Adelaide
Q3082382	Franco Mannino	Franco Mannino	Q2656	Palermo	Palermo	Franco Mannino was born in Palermo .	Franco Mannino se narodil v Palermo.	Franco Mannino se narodil v 	Franco Mannino se narodil v Palermu.	Franco Mannino se narodil v Palermu.	Franco Mannino se narodil v 	Palermu	Franco Mannino se narodil v 	Palermu	Palermo
Q223744	Farinelli	Farinelli	Q2634	Naples	Neapol	Farinelli was born in Naples .	Farinelli se narodil v Neapol.	Farinelli se narodil v 	Farinelli se narodil v Neapoli .	Farinelli se narodil v Neapoli.	Farinelli se narodil v 	Neapoli	Farinelli se narodil v 	Neapoli	Naples
Q1797566	Haydn Bendall	Haydn Bendall	Q23240	Essex	Essex	Haydn Bendall was born in Essex .	Haydn Bendall se narodil v Essex.	Haydn Bendall se narodil v 	Haydn Bendall se narodil v Essexu.	Haydn Bendall se narodil v Essexu.	Haydn Bendall se narodil v 	Essexu	Haydn Bendall se narodil v 	Essexu	Essex
Q276116	Ethel Griffies	Ethel Griffies	Q42448	Sheffield	Sheffield	Ethel Griffies was born in Sheffield .	Ethel Griffies se narodil v Sheffield.	Ethel Griffies se narodil v 	Ethel Griffies se narodila v Sheffieldu.	Ethel Griffies se narodila v Sheffieldu.	Ethel Griffies se narodila v 	Sheffieldu	Ethel Griffies se narodila v 	Sheffieldu	Sheffield
Q234106	Emilia Rydberg	Emilia Rydbergová	Q1754	Stockholm	Stockholm	Emilia Rydberg was born in Stockholm .	Emilia Rydbergová se narodil v Stockholm.	Emilia Rydbergová se narodil v 	Emilia Rydberg se narodila ve Stockholmu.	Emilia Rydbergová se narodila ve Stockholmu.	Emilia Rydberg se narodila ve 	Stockholmu	Emilia Rydbergová se narodila ve 	Stockholmu	Stockholm
Q16010080	Damian O'Flynn	Damian O'Flynn	Q100	Boston	Boston	Damian O'Flynn was born in Boston .	Damian O'Flynn se narodil v Boston.	Damian O'Flynn se narodil v 	Damian O'Flynn se narodil v Bostonu.	Damian O'Flynn se narodil v Bostonu.	Damian O'Flynn se narodil v 	Bostonu	Damian O'Flynn se narodil v 	Bostonu	Boston
Q542137	Pennie Smith	Pennie Smith	Q84	London	Londýn	Pennie Smith was born in London .	Pennie Smith se narodil v Londýn.	Pennie Smith se narodil v 	Pennie Smith se narodila v Londýně.	Pennie Smith se narodila v Londýně.	Pennie Smith se narodila v 	Londýně	Pennie Smith se narodila v 	Londýně	London
Q58057	Johannes R. Becher	Johannes Robert Becher	Q1726	Munich	Mnichov	Johannes R. Becher was born in Munich .	Johannes Robert Becher se narodil v Mnichov.	Johannes Robert Becher se narodil v 	Johannes R. Becher se narodil v Mnichově.	Johannes Robert Becher se narodil v Mnichově.	Johannes R. Becher se narodil v 	Mnichově	Johannes Robert Becher se narodil v 	Mnichově	Munich
Q7926346	Victor Skrebneski	Victor Skrebneski	Q1297	Chicago	Chicago	Victor Skrebneski was born in Chicago .	Victor Skrebneski se narodil v Chicago.	Victor Skrebneski se narodil v 	Victor Skrebneski se narodil v Chicagu.	Victor Skrebneski se narodil v Chicagu.	Victor Skrebneski se narodil v 	Chicagu	Victor Skrebneski se narodil v 	Chicagu	Chicago
Q274075	Norina Matchabelli	Norina Matchabelli	Q2044	Florence	Florencie	Norina Matchabelli was born in Florence .	Norina Matchabelli se narodil v Florencie.	Norina Matchabelli se narodil v 	Norina Matchabelli se narodila ve Florencii.	Norina Matchabelli se narodila ve Florencii.	Norina Matchabelli se narodila ve 	Florencii	Norina Matchabelli se narodila ve 	Florencii	Florence
Q2121062	The Weeknd	The Weeknd	Q172	Toronto	Toronto	The Weeknd was born in Toronto .	The Weeknd se narodil v Toronto.	The Weeknd se narodil v 	The Weeknd se narodil v Torontu.	The Weeknd se narodil v Torontu.	The Weeknd se narodil v 	Torontu	The Weeknd se narodil v 	Torontu	Toronto
Q8204273	Ariel Behar	Ariel Behar	Q1335	Montevideo	Montevideo	Ariel Behar was born in Montevideo .	Ariel Behar se narodil v Montevideo.	Ariel Behar se narodil v 	Ariel Behar se narodil v Montevideu.	Ariel Behar se narodil v Montevideu.	Ariel Behar se narodil v 	Montevideu	Ariel Behar se narodil v 	Montevideu	Montevideo
Q276432	Blanca Li	Blanca Li	Q8810	Granada	Granada	Blanca Li was born in Granada .	Blanca Li se narodil v Granada.	Blanca Li se narodil v 	Blanca Li se narodila v Granadě.	Blanca Li se narodila v Granadě.	Blanca Li se narodila v 	Granadě	Blanca Li se narodila v 	Granadě	Granada
Q210669	Ken Follett	Ken Follett	Q10690	Cardiff	Cardiff	Ken Follett was born in Cardiff .	Ken Follett se narodil v Cardiff.	Ken Follett se narodil v 	Ken Follett se narodil v Cardiffu.	Ken Follett se narodil v Cardiffu.	Ken Follett se narodil v 	Cardiffu	Ken Follett se narodil v 	Cardiffu	Cardiff
Q343898	Pierre Braunberger	Pierre Braunberger	Q90	Paris	Paříž	Pierre Braunberger was born in Paris .	Pierre Braunberger se narodil v Paříž.	Pierre Braunberger se narodil v 	Pierre Braunberger se narodil v Paříži.	Pierre Braunberger se narodil v Paříži.	Pierre Braunberger se narodil v 	Paříži	Pierre Braunberger se narodil v 	Paříži	Paris|||Paris
Q638713	Benito Perojo	Benito Perojo	Q2807	Madrid	Madrid	Benito Perojo was born in Madrid .	Benito Perojo se narodil v Madrid.	Benito Perojo se narodil v 	Benito Perojo se narodil v Madridu.	Benito Perojo se narodil v Madridu.	Benito Perojo se narodil v 	Madridu	Benito Perojo se narodil v 	Madridu	Madrid
Q105237	Giacomo Meyerbeer	Giacomo Meyerbeer	Q64	Berlin	Berlín	Giacomo Meyerbeer was born in Berlin .	Giacomo Meyerbeer se narodil v Berlín.	Giacomo Meyerbeer se narodil v 	Giacomo Meyerbeer se narodil v Berlíně.	Giacomo Meyerbeer se narodil v Berlíně.	Giacomo Meyerbeer se narodil v 	Berlíně	Giacomo Meyerbeer se narodil v 	Berlíně	Berlin|||Berlin
Q113818	Nikolaus Dumba	Nikolaus Dumba	Q1741	Vienna	Vídeň	Nikolaus Dumba was born in Vienna .	Nikolaus Dumba se narodil v Vídeň.	Nikolaus Dumba se narodil v 	Nikolaus Dumba se narodil ve Vídni.	Nikolaus Dumba se narodil ve Vídni.	Nikolaus Dumba se narodil ve 	Vídni	Nikolaus Dumba se narodil ve 	Vídni	Vienna|||Wien
Q457191	Pietro Andrea Mattioli	Pietro Andrea Mattioli	Q2751	Siena	Siena	Pietro Andrea Mattioli was born in Siena .	Pietro Andrea Mattioli se narodil v Siena.	Pietro Andrea Mattioli se narodil v 	Pietro Andrea Mattioli se narodil v Sieně.	Pietro Andrea Mattioli se narodil v Sieně.	Pietro Andrea Mattioli se narodil v 	Sieně	Pietro Andrea Mattioli se narodil v 	Sieně	Siena
Q367973	Arman	Arman	Q33959	Nice	Nice	Arman was born in Nice .	Arman se narodil v Nice.	Arman se narodil v 	Arman se narodil v Nice.	Arman se narodil v Nice.	Arman se narodil v 	Nice	Arman se narodil v 	Nice	Nice|||Nizza
Q312788	Nicola Porpora	Nicola Porpora	Q2634	Naples	Neapol	Nicola Porpora was born in Naples .	Nicola Porpora se narodil v Neapol.	Nicola Porpora se narodil v 	Nicola Porpora se narodil v Neapoli .	Nicola Porpora se narodil v Neapoli.	Nicola Porpora se narodil v 	Neapoli	Nicola Porpora se narodil v 	Neapoli	Naples
Q78759	August von Pelzeln	August von Pelzeln	Q1085	Prague	Praha	August von Pelzeln was born in Prague .	August von Pelzeln se narodil v Praha.	August von Pelzeln se narodil v 	August von Pelzeln se narodil v Praze.	August von Pelzeln se narodil v Praze.	August von Pelzeln se narodil v 	Praze	August von Pelzeln se narodil v 	Praze	Prague|||okres Praha|||okres Hlavní město Praha|||kraj hlavní město Praha|||hlavní město Praha|||kraj Praha
Q2210490	Michael McGoldrick	Michael McGoldrick	Q18125	Manchester	Manchester	Michael McGoldrick was born in Manchester .	Michael McGoldrick se narodil v Manchester.	Michael McGoldrick se narodil v 	Michael McGoldrick se narodil v Manchesteru.	Michael McGoldrick se narodil v Manchesteru.	Michael McGoldrick se narodil v 	Manchesteru	Michael McGoldrick se narodil v 	Manchesteru	Manchester
Q236596	Christina Rossetti	Christina Rossetti	Q84	London	Londýn	Christina Rossetti was born in London .	Christina Rossetti se narodil v Londýn.	Christina Rossetti se narodil v 	Christina Rossetti se narodila v Londýně.	Christina Rossetti se narodila v Londýně.	Christina Rossetti se narodila v 	Londýně	Christina Rossetti se narodila v 	Londýně	London
Q213430	Larry King	Larry King	Q18419	Brooklyn	Brooklyn	Larry King was born in Brooklyn .	Larry King se narodil v Brooklyn.	Larry King se narodil v 	Larry King se narodil v Brooklynu.	Larry King se narodil v Brooklynu.	Larry King se narodil v 	Brooklynu	Larry King se narodil v 	Brooklynu	Brooklyn
Q62547	Michael Ballhaus	Michael Ballhaus	Q64	Berlin	Berlín	Michael Ballhaus was born in Berlin .	Michael Ballhaus se narodil v Berlín.	Michael Ballhaus se narodil v 	Michael Ballhaus se narodil v Berlíně.	Michael Ballhaus se narodil v Berlíně.	Michael Ballhaus se narodil v 	Berlíně	Michael Ballhaus se narodil v 	Berlíně	Berlin|||Berlin
Q347013	Vratislaus II of Bohemia	Vratislav II.	Q39193	Bohemia	Čechy	Vratislaus II of Bohemia was born in Bohemia .	Vratislav II. se narodil v Čechy.	Vratislav II. se narodil v 	V Čechách se narodil Vratislav II.	Vratislav II. se narodil v Čechách.	V 	Čechách	Vratislav II. se narodil v 	Čechách	Bohemia|||Bohemie|||Bohemia
Q337754	Thomas Robinson, 1st Baron Grantham	Thomas Robinson, 1. baron Grantham	Q163	Yorkshire	Yorkshire	Thomas Robinson, 1st Baron Grantham was born in Yorkshire .	Thomas Robinson, 1. baron Grantham se narodil v Yorkshire.	Thomas Robinson, 1. baron Grantham se narodil v 	Thomas Robinson, 1. baron Grantham se narodil v Yorkshire.	Thomas Robinson, 1. baron Grantham se narodil v Yorkshire.	Thomas Robinson, 1. baron Grantham se narodil v 	Yorkshire	Thomas Robinson, 1. baron Grantham se narodil v 	Yorkshire	Yorkshire
Q2076898	Peter Mark Roget	Peter Roget	Q84	London	Londýn	Peter Mark Roget was born in London .	Peter Roget se narodil v Londýn.	Peter Roget se narodil v 	Peter Mark Roget se narodil v Londýně.	Peter Roget se narodil v Londýně.	Peter Mark Roget se narodil v 	Londýně	Peter Roget se narodil v 	Londýně	London
Q628346	Dick Bruna	Dick Bruna	Q803	Utrecht	Utrecht	Dick Bruna was born in Utrecht .	Dick Bruna se narodil v Utrecht.	Dick Bruna se narodil v 	Dick Bruna se narodil v Utrechtu.	Dick Bruna se narodil v Utrechtu.	Dick Bruna se narodil v 	Utrechtu	Dick Bruna se narodil v 	Utrechtu	Utrecht
Q439853	Yvonne Blake	Yvonne Blakeová	Q18125	Manchester	Manchester	Yvonne Blake was born in Manchester .	Yvonne Blakeová se narodil v Manchester.	Yvonne Blakeová se narodil v 	Yvonne Blake se narodila v Manchesteru.	Yvonne Blakeová se narodila v Manchesteru.	Yvonne Blake se narodila v 	Manchesteru	Yvonne Blakeová se narodila v 	Manchesteru	Manchester
Q528415	Hasdai Crescas	Chasdaj Kreskas	Q1492	Barcelona	Barcelona	Hasdai Crescas was born in Barcelona .	Chasdaj Kreskas se narodil v Barcelona.	Chasdaj Kreskas se narodil v 	Hasdai Crescas se narodil v Barceloně.	Chasdaj Kreskas se narodil v Barceloně.	Hasdai Crescas se narodil v 	Barceloně	Chasdaj Kreskas se narodil v 	Barceloně	Barcelona
Q404373	Cesira Ferrani	Cesira Ferrani	Q495	Turin	Turín	Cesira Ferrani was born in Turin .	Cesira Ferrani se narodil v Turín.	Cesira Ferrani se narodil v 	Cesira Ferrani se narodila v Turíně.	Cesira Ferrani se narodila v Turíně.	Cesira Ferrani se narodila v 	Turíně	Cesira Ferrani se narodila v 	Turíně	Turin
Q485286	Eddie Locke	Eddie Locke	Q12439	Detroit	Detroit	Eddie Locke was born in Detroit .	Eddie Locke se narodil v Detroit.	Eddie Locke se narodil v 	Eddie Locke se narodil v Detroitu.	Eddie Locke se narodil v Detroitu.	Eddie Locke se narodil v 	Detroitu	Eddie Locke se narodil v 	Detroitu	Detroit
Q447720	William Goldsmith	William Goldsmith	Q5083	Seattle	Seattle	William Goldsmith was born in Seattle .	William Goldsmith se narodil v Seattle.	William Goldsmith se narodil v 	William Goldsmith se narodil v Seattlu.	William Goldsmith se narodil v Seattlu.	William Goldsmith se narodil v 	Seattlu	William Goldsmith se narodil v 	Seattlu	Seattle
Q381884	Sergey Lazarev	Sergej Vjačeslavovič Lazarev	Q649	Moscow	Moskva	Sergey Lazarev was born in Moscow .	Sergej Vjačeslavovič Lazarev se narodil v Moskva.	Sergej Vjačeslavovič Lazarev se narodil v 	Sergey Lazarev se narodil v Moskvě.	Sergej Vjačeslavovič Lazarev se narodil v Moskvě.	Sergey Lazarev se narodil v 	Moskvě	Sergej Vjačeslavovič Lazarev se narodil v 	Moskvě	Moscow|||Москва
Q433497	Marta Abba	Marta Abba	Q490	Milan	Milán	Marta Abba was born in Milan .	Marta Abba se narodil v Milán.	Marta Abba se narodil v 	Marta Abba se narodila v Miláně.	Marta Abba se narodila v Miláně.	Marta Abba se narodila v 	Miláně	Marta Abba se narodila v 	Miláně	Milan|||Milano
Q237886	Adela of Normandy	Adéla z Blois	Q15878	Normandy	Normandie	Adela of Normandy was born in Normandy .	Adéla z Blois se narodil v Normandie.	Adéla z Blois se narodil v 	Adela of Normandie se narodila v Normandii.	Adéla z Blois se narodila v Normandii.	Adela of Normandie se narodila v 	Normandii	Adéla z Blois se narodila v 	Normandii	Normandy
Q5591377	Grace Sherwood	Grace Sherwood	Q1370	Virginia	Virginie	Grace Sherwood was born in Virginia .	Grace Sherwood se narodil v Virginie.	Grace Sherwood se narodil v 	Grace Sherwood se narodila ve Virginii.	Grace Sherwood se narodila ve Virginii.	Grace Sherwood se narodila ve 	Virginii	Grace Sherwood se narodila ve 	Virginii	Virginia|||Virginia|||Commonwealth of Virginia
Q181483	Jackie Wilson	Jackie Wilson	Q12439	Detroit	Detroit	Jackie Wilson was born in Detroit .	Jackie Wilson se narodil v Detroit.	Jackie Wilson se narodil v 	Jackie Wilson se narodil v Detroitu.	Jackie Wilson se narodil v Detroitu.	Jackie Wilson se narodil v 	Detroitu	Jackie Wilson se narodil v 	Detroitu	Detroit
Q473539	Giuseppe Siri	Giuseppe Siri	Q1449	Genoa	Janov	Giuseppe Siri was born in Genoa .	Giuseppe Siri se narodil v Janov.	Giuseppe Siri se narodil v 	Giuseppe Siri se narodil v Janově.	Giuseppe Siri se narodil v Janově.	Giuseppe Siri se narodil v 	Janově	Giuseppe Siri se narodil v 	Janově	Genoa|||Genova
Q586994	Lennie Tristano	Lennie Tristano	Q1297	Chicago	Chicago	Lennie Tristano was born in Chicago .	Lennie Tristano se narodil v Chicago.	Lennie Tristano se narodil v 	Lennie Tristano se narodil v Chicagu.	Lennie Tristano se narodil v Chicagu.	Lennie Tristano se narodil v 	Chicagu	Lennie Tristano se narodil v 	Chicagu	Chicago
Q530187	Nina van Pallandt	Nina van Pallandt	Q35	Denmark	Dánsko	Nina van Pallandt was born in Denmark .	Nina van Pallandt se narodil v Dánsko.	Nina van Pallandt se narodil v 	Nina van Pallandt se narodila v Dánsku.	Nina van Pallandt se narodila v Dánsku.	Nina van Pallandt se narodila v 	Dánsku	Nina van Pallandt se narodila v 	Dánsku	Denmark|||Dánské království
Q5344899	Josh Wise	Josh Wise	Q49243	Riverside	Riverside	Josh Wise was born in Riverside .	Josh Wise se narodil v Riverside.	Josh Wise se narodil v 	Josh Wise se narodil v Riverside.	Josh Wise se narodil v Riverside.	Josh Wise se narodil v 	Riverside	Josh Wise se narodil v 	Riverside	Riverside
Q217160	Kenny Rogers	Kenny Rogers	Q16555	Houston	Houston	Kenny Rogers was born in Houston .	Kenny Rogers se narodil v Houston.	Kenny Rogers se narodil v 	Kenny Rogers se narodil v Houstonu.	Kenny Rogers se narodil v Houstonu.	Kenny Rogers se narodil v 	Houstonu	Kenny Rogers se narodil v 	Houstonu	Houston
Q2569072	Wattie Buchan	Wattie Buchan	Q23436	Edinburgh	Edinburgh	Wattie Buchan was born in Edinburgh .	Wattie Buchan se narodil v Edinburgh.	Wattie Buchan se narodil v 	Wattie Buchan se narodil v Edinburghu.	Wattie Buchan se narodil v Edinburghu.	Wattie Buchan se narodil v 	Edinburghu	Wattie Buchan se narodil v 	Edinburghu	Edinburgh|||Edinburg|||Edinburgh
Q1174680	David Harrower	David Harrower	Q23436	Edinburgh	Edinburgh	David Harrower was born in Edinburgh .	David Harrower se narodil v Edinburgh.	David Harrower se narodil v 	David Harrower se narodil v Edinburghu.	David Harrower se narodil v Edinburghu.	David Harrower se narodil v 	Edinburghu	David Harrower se narodil v 	Edinburghu	Edinburgh|||Edinburg|||Edinburgh
Q154083	Henry Van de Velde	Henry van de Velde	Q12892	Antwerp	Antverpy	Henry Van de Velde was born in Antwerp .	Henry van de Velde se narodil v Antverpy.	Henry van de Velde se narodil v 	Henry Van de Velde se narodil v Antverpách.	Henry van de Velde se narodil v Antverpách.	Henry Van de Velde se narodil v 	Antverpách	Henry van de Velde se narodil v 	Antverpách	Antwerp
Q237982	Julia of Corsica	Svatá Julie	Q6343	Carthage	Kartágo	Julia of Corsica was born in Carthage .	Svatá Julie se narodil v Kartágo.	Svatá Julie se narodil v 	Julia Korsická se narodila v Kartágu .	Svatá Julie se narodila v Kartágě.	Julia Korsická se narodila v 	Kartágu	Svatá Julie se narodila v 	Kartágě	Carthage
Q112128	Husayn ibn Ali	Husajn ibn Alí	Q35484	Medina	Medína	Husayn ibn Ali was born in Medina .	Husajn ibn Alí se narodil v Medína.	Husajn ibn Alí se narodil v 	Husajn ibn Ali se narodil v Medině.	Husajn ibn Alí se narodil v Medíně.	ERROR	ERROR	ERROR	ERROR	Medina|||Medina|||Jathrib
Q365141	Philippe de Broca	Philippe de Broca	Q90	Paris	Paříž	Philippe de Broca was born in Paris .	Philippe de Broca se narodil v Paříž.	Philippe de Broca se narodil v 	Philippe de Broca se narodil v Paříži.	Philippe de Broca se narodil v Paříži.	Philippe de Broca se narodil v 	Paříži	Philippe de Broca se narodil v 	Paříži	Paris|||Paris
Q1248697	Carlo Porta	Carlo Porta	Q490	Milan	Milán	Carlo Porta was born in Milan .	Carlo Porta se narodil v Milán.	Carlo Porta se narodil v 	Carlo Porta se narodil v Miláně.	Carlo Porta se narodil v Miláně.	Carlo Porta se narodil v 	Miláně	Carlo Porta se narodil v 	Miláně	Milan|||Milano
Q1306518	Ignazio Gardella	Ignazio Gardella	Q490	Milan	Milán	Ignazio Gardella was born in Milan .	Ignazio Gardella se narodil v Milán.	Ignazio Gardella se narodil v 	Ignazio Gardella se narodil v Miláně.	Ignazio Gardella se narodil v Miláně.	Ignazio Gardella se narodil v 	Miláně	Ignazio Gardella se narodil v 	Miláně	Milan|||Milano
Q41849	Alexios II Komnenos	Alexios II. Komnenos	Q16869	Constantinople	Konstantinopol	Alexios II Komnenos was born in Constantinople .	Alexios II. Komnenos se narodil v Konstantinopol.	Alexios II. Komnenos se narodil v 	Alexios II Komnenos se narodil v Konstantinopoli.	Alexios II. Komnenos se narodil v Konstantinopoli.	Alexios II Komnenos se narodil v 	Konstantinopoli	Alexios II. Komnenos se narodil v 	Konstantinopoli	Constantinople|||Cařihrad|||Konstantinopolis
Q2466876	Roger Chartier	Roger Chartier	Q456	Lyon	Lyon	Roger Chartier was born in Lyon .	Roger Chartier se narodil v Lyon.	Roger Chartier se narodil v 	Roger Chartier se narodil v Lyonu.	Roger Chartier se narodil v Lyonu.	Roger Chartier se narodil v 	Lyonu	Roger Chartier se narodil v 	Lyonu	Lyon
Q85914	Herman Francis Mark	Hermann F. Mark	Q1741	Vienna	Vídeň	Herman Francis Mark was born in Vienna .	Hermann F. Mark se narodil v Vídeň.	Hermann F. Mark se narodil v 	Herman Francis Mark se narodil ve Vídni.	Hermann F. Mark se narodil ve Vídni.	Herman Francis Mark se narodil ve 	Vídni	Hermann F. Mark se narodil ve 	Vídni	Vienna|||Wien
Q346976	Pasquale Squitieri	Pasquale Squitieri	Q2634	Naples	Neapol	Pasquale Squitieri was born in Naples .	Pasquale Squitieri se narodil v Neapol.	Pasquale Squitieri se narodil v 	Pasquale Squitieri se narodil v Neapoli .	Pasquale Squitieri se narodil v Neapoli.	Pasquale Squitieri se narodil v 	Neapoli	Pasquale Squitieri se narodil v 	Neapoli	Naples
Q1038538	Carl H. Brans	Carl H. Brans	Q16557	Dallas	Dallas	Carl H. Brans was born in Dallas .	Carl H. Brans se narodil v Dallas.	Carl H. Brans se narodil v 	Carl H. Brans se narodil v Dallasu.	Carl H. Brans se narodil v Dallasu.	Carl H. Brans se narodil v 	Dallasu	Carl H. Brans se narodil v 	Dallasu	Dallas
Q1189081	Dennis DeYoung	Dennis DeYoung	Q1297	Chicago	Chicago	Dennis DeYoung was born in Chicago .	Dennis DeYoung se narodil v Chicago.	Dennis DeYoung se narodil v 	Dennis DeYoung se narodil v Chicagu.	Dennis DeYoung se narodil v Chicagu.	Dennis DeYoung se narodil v 	Chicagu	Dennis DeYoung se narodil v 	Chicagu	Chicago
Q739716	Romain Barras	Romain Barras	Q6454	Calais	Calais	Romain Barras was born in Calais .	Romain Barras se narodil v Calais.	Romain Barras se narodil v 	Romain Barras se narodil v Calais.	Romain Barras se narodil v Calais.	Romain Barras se narodil v 	Calais	Romain Barras se narodil v 	Calais	Calais
Q931574	Nacho Duato	Nacho Duato	Q8818	Valencia	Valencie	Nacho Duato was born in Valencia .	Nacho Duato se narodil v Valencie.	Nacho Duato se narodil v 	Nacho Duato se narodil ve Valencii.	Nacho Duato se narodil ve Valencii.	Nacho Duato se narodil ve 	Valencii	Nacho Duato se narodil ve 	Valencii	Valencia
Q189803	Arthur Harden	Arthur Harden	Q18125	Manchester	Manchester	Arthur Harden was born in Manchester .	Arthur Harden se narodil v Manchester.	Arthur Harden se narodil v 	Arthur Harden se narodil v Manchesteru.	Arthur Harden se narodil v Manchesteru.	Arthur Harden se narodil v 	Manchesteru	Arthur Harden se narodil v 	Manchesteru	Manchester
Q122701	William Thomson, 1st Baron Kelvin	William Thomson	Q10686	Belfast	Belfast	William Thomson, 1st Baron Kelvin was born in Belfast .	William Thomson se narodil v Belfast.	William Thomson se narodil v 	William Thomson, 1. baron Kelvin se narodil v Belfastu.	William Thomson se narodil v Belfastu.	William Thomson, 1. baron Kelvin se narodil v 	Belfastu	William Thomson se narodil v 	Belfastu	Belfast
Q201221	Alexander Ivanovich Herzen	Alexandr Ivanovič Gercen	Q649	Moscow	Moskva	Alexander Ivanovich Herzen was born in Moscow .	Alexandr Ivanovič Gercen se narodil v Moskva.	Alexandr Ivanovič Gercen se narodil v 	Alexander Ivanovič Herzen se narodil v Moskvě.	Alexandr Ivanovič Gercen se narodil v Moskvě.	Alexander Ivanovič Herzen se narodil v 	Moskvě	Alexandr Ivanovič Gercen se narodil v 	Moskvě	Moscow|||Москва
Q230226	Melinda Czink	Melinda Czinková	Q1781	Budapest	Budapešť	Melinda Czink was born in Budapest .	Melinda Czinková se narodil v Budapešť.	Melinda Czinková se narodil v 	Melinda Czink se narodila v Budapešti.	Melinda Czinková se narodila v Budapešti.	Melinda Czink se narodila v 	Budapešti	Melinda Czinková se narodila v 	Budapešti	Budapest|||Budapest
Q403494	Ahmad Ismail Ali	Ahmad Ismáíl Alí	Q79	Egypt	Egypt	Ahmad Ismail Ali was born in Egypt .	Ahmad Ismáíl Alí se narodil v Egypt.	Ahmad Ismáíl Alí se narodil v 	Ahmad Ismail Ali se narodil v Egyptě.	Ahmad Ismáíl Alí se narodil v Egyptě.	ERROR	ERROR	ERROR	ERROR	Egypt
Q195522	Ahmad Zahir	Ahmad Zahir	Q5838	Kabul	Kábul	Ahmad Zahir was born in Kabul .	Ahmad Zahir se narodil v Kábul.	Ahmad Zahir se narodil v 	Ahmad Zahir se narodil v Kábulu.	Ahmad Zahir se narodil v Kábulu.	Ahmad Zahir se narodil v 	Kábulu	Ahmad Zahir se narodil v 	Kábulu	Kabul
Q664748	Henri Estienne	Henri Estienne	Q90	Paris	Paříž	Henri Estienne was born in Paris .	Henri Estienne se narodil v Paříž.	Henri Estienne se narodil v 	Henri Estienne se narodil v Paříži.	Henri Estienne se narodil v Paříži.	Henri Estienne se narodil v 	Paříži	Henri Estienne se narodil v 	Paříži	Paris|||Paris
Q359601	Eric VI of Denmark	Erik VI. Dánský	Q35	Denmark	Dánsko	Eric VI of Denmark was born in Denmark .	Erik VI. Dánský se narodil v Dánsko.	Erik VI. Dánský se narodil v 	Eric VI Dánska se narodil v Dánsku.	Erik VI. Dánský se narodil v Dánsku.	Eric VI Dánska se narodil v 	Dánsku	Erik VI. Dánský se narodil v 	Dánsku	Denmark|||Dánské království
Q77253	Albert I, Duke of Bavaria	Albrecht I. Bavorský	Q1726	Munich	Mnichov	Albert I, Duke of Bavaria was born in Munich .	Albrecht I. Bavorský se narodil v Mnichov.	Albrecht I. Bavorský se narodil v 	Albert I., vévoda Bavorský se narodil v Mnichově.	Albrecht I. Bavorský se narodil v Mnichově.	Albert I., vévoda Bavorský se narodil v 	Mnichově	Albrecht I. Bavorský se narodil v 	Mnichově	Munich
Q152393	Alfred Adler	Alfred Adler	Q1741	Vienna	Vídeň	Alfred Adler was born in Vienna .	Alfred Adler se narodil v Vídeň.	Alfred Adler se narodil v 	Alfred Adler se narodil ve Vídni.	Alfred Adler se narodil ve Vídni.	Alfred Adler se narodil ve 	Vídni	Alfred Adler se narodil ve 	Vídni	Vienna|||Wien
Q458743	Georgi Asparuhov	Georgi Asparuchov	Q472	Sofia	Sofie	Georgi Asparuhov was born in Sofia .	Georgi Asparuchov se narodil v Sofie.	Georgi Asparuchov se narodil v 	Georgi Asparuhov se narodil v Sofii.	Georgi Asparuchov se narodil v Sofii.	Georgi Asparuhov se narodil v 	Sofii	Georgi Asparuchov se narodil v 	Sofii	Sofia|||Sofia
Q742722	Erik Lindahl	Erik Lindahl	Q1754	Stockholm	Stockholm	Erik Lindahl was born in Stockholm .	Erik Lindahl se narodil v Stockholm.	Erik Lindahl se narodil v 	Erik Lindahl se narodil ve Stockholmu.	Erik Lindahl se narodil ve Stockholmu.	Erik Lindahl se narodil ve 	Stockholmu	Erik Lindahl se narodil ve 	Stockholmu	Stockholm
Q983501	Ramil Guliyev	Ramil Guliyev	Q9248	Baku	Baku	Ramil Guliyev was born in Baku .	Ramil Guliyev se narodil v Baku.	Ramil Guliyev se narodil v 	Ramil Guliyev se narodil v Baku.	Ramil Guliyev se narodil v Baku.	Ramil Guliyev se narodil v 	Baku	Ramil Guliyev se narodil v 	Baku	Baku
Q123867	Marquis de Sade	Markýz de Sade	Q90	Paris	Paříž	Marquis de Sade was born in Paris .	Markýz de Sade se narodil v Paříž.	Markýz de Sade se narodil v 	Marquis de Sade se narodil v Paříži.	Markýz de Sade se narodil v Paříži.	Marquis de Sade se narodil v 	Paříži	Markýz de Sade se narodil v 	Paříži	Paris|||Paris
Q940281	Salvatore Lo Piccolo	Salvatore Lo Piccolo	Q2656	Palermo	Palermo	Salvatore Lo Piccolo was born in Palermo .	Salvatore Lo Piccolo se narodil v Palermo.	Salvatore Lo Piccolo se narodil v 	Salvatore Lo Piccolo se narodil v Palermu.	Salvatore Lo Piccolo se narodil v Palermu.	Salvatore Lo Piccolo se narodil v 	Palermu	Salvatore Lo Piccolo se narodil v 	Palermu	Palermo
Q189164	Feodor Chaliapin	Fjodor Ivanovič Šaljapin	Q900	Kazan	Kazaň	Feodor Chaliapin was born in Kazan .	Fjodor Ivanovič Šaljapin se narodil v Kazaň.	Fjodor Ivanovič Šaljapin se narodil v 	Feodor Chaliapin se narodil v Kazani .	Fjodor Ivanovič Šaljapin se narodil v Kazani.	Feodor Chaliapin se narodil v 	Kazani	Fjodor Ivanovič Šaljapin se narodil v 	Kazani	Kazan
Q751973	Nino Taranto	Nino Taranto	Q2634	Naples	Neapol	Nino Taranto was born in Naples .	Nino Taranto se narodil v Neapol.	Nino Taranto se narodil v 	Nino Taranto se narodil v Neapoli.	Nino Taranto se narodil v Neapoli.	Nino Taranto se narodil v 	Neapoli	Nino Taranto se narodil v 	Neapoli	Naples
Q180852	Zhang Ziyi	Čang C'-i	Q956	Beijing	Peking	Zhang Ziyi was born in Beijing .	Čang C'-i se narodil v Peking.	Čang C'-i se narodil v 	Zhang Ziyi se narodila v Pekingu.	Čang C'-i se narodila v Pekingu.	Zhang Ziyi se narodila v 	Pekingu	Čang C'-i se narodila v 	Pekingu	Beijing|||Pej-ťing
Q268726	Chus Lampreave	Chus Lampreave	Q2807	Madrid	Madrid	Chus Lampreave was born in Madrid .	Chus Lampreave se narodil v Madrid.	Chus Lampreave se narodil v 	Chus Lampreave se narodil v Madridu.	Chus Lampreave se narodila v Madridu.	Chus Lampreave se narodil v 	Madridu	Chus Lampreave se narodila v 	Madridu	Madrid
Q188426	Roy Orbison	Roy Orbison	Q979546	Vernon	Vernon	Roy Orbison was born in Vernon .	Roy Orbison se narodil v Vernon.	Roy Orbison se narodil v 	Roy Orbison se narodil ve Vernonu.	Roy Orbison se narodil ve Vernonu.	Roy Orbison se narodil ve 	Vernonu	Roy Orbison se narodil ve 	Vernonu	Vernon
Q1361397	Otto Jelinek	Otto Jelinek	Q1085	Prague	Praha	Otto Jelinek was born in Prague .	Otto Jelinek se narodil v Praha.	Otto Jelinek se narodil v 	Otto Jelinek se narodil v Praze.	Otto Jelinek se narodil v Praze.	Otto Jelinek se narodil v 	Praze	Otto Jelinek se narodil v 	Praze	Prague|||okres Praha|||okres Hlavní město Praha|||kraj hlavní město Praha|||hlavní město Praha|||kraj Praha
Q467397	Bodin Issara	Bodin Issara	Q1861	Bangkok	Bangkok	Bodin Issara was born in Bangkok .	Bodin Issara se narodil v Bangkok.	Bodin Issara se narodil v 	Bodin Issara se narodil v Bangkoku.	Bodin Issara se narodil v Bangkoku.	Bodin Issara se narodil v 	Bangkoku	Bodin Issara se narodil v 	Bangkoku	Bangkok
Q58217	Sergey Lavrov	Sergej Viktorovič Lavrov	Q649	Moscow	Moskva	Sergey Lavrov was born in Moscow .	Sergej Viktorovič Lavrov se narodil v Moskva.	Sergej Viktorovič Lavrov se narodil v 	Sergej Lavrov se narodil v Moskvě.	Sergej Viktorovič Lavrov se narodil v Moskvě.	Sergej Lavrov se narodil v 	Moskvě	Sergej Viktorovič Lavrov se narodil v 	Moskvě	Moscow|||Москва
Q1563129	Jacqueline Beer	Jacqueline Beer	Q90	Paris	Paříž	Jacqueline Beer was born in Paris .	Jacqueline Beer se narodil v Paříž.	Jacqueline Beer se narodil v 	Jacqueline Beer se narodila v Paříži.	Jacqueline Beer se narodila v Paříži.	Jacqueline Beer se narodila v 	Paříži	Jacqueline Beer se narodila v 	Paříži	Paris|||Paris
Q78496	Konrad Lorenz	Konrad Lorenz	Q1741	Vienna	Vídeň	Konrad Lorenz was born in Vienna .	Konrad Lorenz se narodil v Vídeň.	Konrad Lorenz se narodil v 	Konrad Lorenz se narodil ve Vídni.	Konrad Lorenz se narodil ve Vídni.	Konrad Lorenz se narodil ve 	Vídni	Konrad Lorenz se narodil ve 	Vídni	Vienna|||Wien
Q82999	Melanie Klein	Melanie Kleinová	Q1741	Vienna	Vídeň	Melanie Klein was born in Vienna .	Melanie Kleinová se narodil v Vídeň.	Melanie Kleinová se narodil v 	Melanie Klein se narodila ve Vídni.	Melanie Kleinová se narodila ve Vídni.	Melanie Klein se narodila ve 	Vídni	Melanie Kleinová se narodila ve 	Vídni	Vienna|||Wien
Q956823	Robert Demachy	Robert Demachy	Q90	Paris	Paříž	Robert Demachy was born in Paris .	Robert Demachy se narodil v Paříž.	Robert Demachy se narodil v 	Robert Demachy se narodil v Paříži.	Robert Demachy se narodil v Paříži.	Robert Demachy se narodil v 	Paříži	Robert Demachy se narodil v 	Paříži	Paris|||Paris
Q1331947	Junichi Suwabe	Džuniči Suwabe	Q1490	Tokyo	prefektura Tokio	Junichi Suwabe was born in Tokyo .	Džuniči Suwabe se narodil v prefektura Tokio.	Džuniči Suwabe se narodil v 	Junichi Suwabe se narodil v Tokiu.	Džuniči Suwabe se narodil v prefektuře Tokio.	Junichi Suwabe se narodil v 	Tokiu	Džuniči Suwabe se narodil v 	prefektuře Tokio	Tokyo|||prefektura Tokio|||Tokyo|||Tókjó
Q164688	Bernardo Bellotto	Bernardo Bellotto	Q641	Venice	Benátky	Bernardo Bellotto was born in Venice .	Bernardo Bellotto se narodil v Benátky.	Bernardo Bellotto se narodil v 	Bernardo Bellotto se narodil v Benátkách.	Bernardo Bellotto se narodil v Benátkách.	Bernardo Bellotto se narodil v 	Benátkách	Bernardo Bellotto se narodil v 	Benátkách	Venice
Q2289535	Rocky Balboa	Rocky Balboa	Q1345	Philadelphia	Filadelfie	Rocky Balboa was born in Philadelphia .	Rocky Balboa se narodil v Filadelfie.	Rocky Balboa se narodil v 	Rocky Balboa se narodil ve Philadelphii.	Rocky Balboa se narodil ve Filadelfii.	ERROR	ERROR	Rocky Balboa se narodil ve 	Filadelfii	Philadelphia
Q316806	Almeida Garrett	Almeida Garrett	Q36433	Porto	Porto	Almeida Garrett was born in Porto .	Almeida Garrett se narodil v Porto.	Almeida Garrett se narodil v 	Almeida Garrett se narodila v Portu.	Almeida Garrett se narodil v Portu.	Almeida Garrett se narodila v 	Portu	Almeida Garrett se narodil v 	Portu	Porto|||Oporto
Q236905	Elizabeth Boleyn, Countess of Wiltshire	Elizabeth Boleyn	Q23109	Norfolk	Norfolk	Elizabeth Boleyn, Countess of Wiltshire was born in Norfolk .	Elizabeth Boleyn se narodil v Norfolk.	Elizabeth Boleyn se narodil v 	Elizabeth Boleyn, hraběnka z Wiltshire se narodila v Norfolku.	Elizabeth Boleyn, hraběnka z Wiltshire se narodila v Norfolku.	Elizabeth Boleyn, hraběnka z Wiltshire se narodila v 	Norfolku	Elizabeth Boleyn, hraběnka z Wiltshire se narodila v 	Norfolku	Norfolk
Q3161307	James Northcote	James Northcote	Q43382	Plymouth	Plymouth	James Northcote was born in Plymouth .	James Northcote se narodil v Plymouth.	James Northcote se narodil v 	James Northcote se narodil v Plymouthu.	James Northcote se narodil v Plymouthu.	James Northcote se narodil v 	Plymouthu	James Northcote se narodil v 	Plymouthu	Plymouth
Q5724396	Henry Kirke White	Henry Kirke White	Q41262	Nottingham	Nottingham	Henry Kirke White was born in Nottingham .	Henry Kirke White se narodil v Nottingham.	Henry Kirke White se narodil v 	Henry Kirke White se narodil v Nottinghamu.	Henry Kirke White se narodil v Nottinghamu.	Henry Kirke White se narodil v 	Nottinghamu	Henry Kirke White se narodil v 	Nottinghamu	Nottingham
Q313062	Joseph Babinski	Joseph Babinski	Q90	Paris	Paříž	Joseph Babinski was born in Paris .	Joseph Babinski se narodil v Paříž.	Joseph Babinski se narodil v 	Joseph Babinski se narodil v Paříži.	Joseph Babinski se narodil v Paříži.	Joseph Babinski se narodil v 	Paříži	Joseph Babinski se narodil v 	Paříži	Paris|||Paris
Q446605	Bernard Cornwell	Bernard Cornwell	Q84	London	Londýn	Bernard Cornwell was born in London .	Bernard Cornwell se narodil v Londýn.	Bernard Cornwell se narodil v 	Bernard Cornwell se narodil v Londýně.	Bernard Cornwell se narodil v Londýně.	Bernard Cornwell se narodil v 	Londýně	Bernard Cornwell se narodil v 	Londýně	London
Q215305	Giulio Romano	Giulio Romano	Q220	Rome	Řím	Giulio Romano was born in Rome .	Giulio Romano se narodil v Řím.	Giulio Romano se narodil v 	Giulio Romano se narodil v Římě.	Giulio Romano se narodil v Římě.	Giulio Romano se narodil v 	Římě	Giulio Romano se narodil v 	Římě	Rome|||Roma
Q1440980	Francesco Castellacci	Francesco Castellacci	Q220	Rome	Řím	Francesco Castellacci was born in Rome .	Francesco Castellacci se narodil v Řím.	Francesco Castellacci se narodil v 	Francesco Castellacci se narodil v Římě.	Francesco Castellacci se narodil v Římě.	Francesco Castellacci se narodil v 	Římě	Francesco Castellacci se narodil v 	Římě	Rome|||Roma
Q178106	William Carlos Williams	William Carlos Williams	Q589182	Rutherford	Rutherford (New Jersey, U. S.)	William Carlos Williams was born in Rutherford .	William Carlos Williams se narodil v Rutherford (New Jersey, U. S.).	William Carlos Williams se narodil v 	William Carlos Williams se narodil v Rutherfordu.	William Carlos Williams se narodil v Rutherfordu (New Jersey, U. S.).	ERROR	ERROR	William Carlos Williams se narodil v 	Rutherfordu (New Jersey, U. S.)	Rutherford
Q299650	John V of Portugal	Jan V. Portugalský	Q597	Lisbon	Lisabon	John V of Portugal was born in Lisbon .	Jan V. Portugalský se narodil v Lisabon.	Jan V. Portugalský se narodil v 	Jan V. Portugalský se narodil v Lisabonu.	Jan V. Portugalský se narodil v Lisabonu.	Jan V. Portugalský se narodil v 	Lisabonu	Jan V. Portugalský se narodil v 	Lisabonu	Lisbon
Q542920	Max Bunker	Max Bunker	Q490	Milan	Milán	Max Bunker was born in Milan .	Max Bunker se narodil v Milán.	Max Bunker se narodil v 	Max Bunker se narodil v Miláně.	Max Bunker se narodil v Miláně.	Max Bunker se narodil v 	Miláně	Max Bunker se narodil v 	Miláně	Milan|||Milano
Q734340	Ray Loriga	Ray Loriga	Q2807	Madrid	Madrid	Ray Loriga was born in Madrid .	Ray Loriga se narodil v Madrid.	Ray Loriga se narodil v 	Ray Loriga se narodil v Madridu.	Ray Loriga se narodil v Madridu.	Ray Loriga se narodil v 	Madridu	Ray Loriga se narodil v 	Madridu	Madrid
Q2492	Konrad Adenauer	Konrad Adenauer	Q365	Cologne	Kolín nad Rýnem	Konrad Adenauer was born in Cologne .	Konrad Adenauer se narodil v Kolín nad Rýnem.	Konrad Adenauer se narodil v 	Konrad Adenauer se narodil v Kolíně nad Rýnem.	Konrad Adenauer se narodil v Kolíně nad Rýnem.	Konrad Adenauer se narodil v 	Kolíně nad Rýnem	Konrad Adenauer se narodil v 	Kolíně nad Rýnem	Cologne|||Kolín
Q13230	Ferdinand de Saussure	Ferdinand de Saussure	Q71	Geneva	Ženeva	Ferdinand de Saussure was born in Geneva .	Ferdinand de Saussure se narodil v Ženeva.	Ferdinand de Saussure se narodil v 	Ferdinand de Saussure se narodil v Ženevě .	Ferdinand de Saussure se narodil v Ženevě.	Ferdinand de Saussure se narodil v 	Ženevě	Ferdinand de Saussure se narodil v 	Ženevě	Geneva
Q234593	Ausonius	Ausonius	Q1479	Bordeaux	Bordeaux	Ausonius was born in Bordeaux .	Ausonius se narodil v Bordeaux.	Ausonius se narodil v 	Ausonius se narodil v Bordeaux .	Ausonius se narodil v Bordeaux.	Ausonius se narodil v 	Bordeaux	Ausonius se narodil v 	Bordeaux	Bordeaux
Q536584	Annie Whitehead	Annie Whitehead	Q202628	Oldham	Oldham	Annie Whitehead was born in Oldham .	Annie Whitehead se narodil v Oldham.	Annie Whitehead se narodil v 	Annie Whitehead se narodila v Oldhamu.	Annie Whitehead se narodila v Oldhamu.	Annie Whitehead se narodila v 	Oldhamu	Annie Whitehead se narodila v 	Oldhamu	Oldham
Q637260	Te Wei	Te Wei	Q8686	Shanghai	Šanghaj	Te Wei was born in Shanghai .	Te Wei se narodil v Šanghaj.	Te Wei se narodil v 	Te Wei se narodil v Šanghaji .	Te Wei se narodil v Šanghaji.	Te Wei se narodil v 	Šanghaji	Te Wei se narodil v 	Šanghaji	Shanghai
Q5534668	Geoffrey Hinsliff	Geoffrey Hinsliff	Q39121	Leeds	Leeds	Geoffrey Hinsliff was born in Leeds .	Geoffrey Hinsliff se narodil v Leeds.	Geoffrey Hinsliff se narodil v 	Geoffrey Hinsliff se narodil v Leedsu.	Geoffrey Hinsliff se narodil v Leedsu.	Geoffrey Hinsliff se narodil v 	Leedsu	Geoffrey Hinsliff se narodil v 	Leedsu	Leeds
Q503874	Francesco Foscari	Francesco Foscari	Q641	Venice	Benátky	Francesco Foscari was born in Venice .	Francesco Foscari se narodil v Benátky.	Francesco Foscari se narodil v 	Francesco Foscari se narodil v Benátkách.	Francesco Foscari se narodil v Benátkách.	Francesco Foscari se narodil v 	Benátkách	Francesco Foscari se narodil v 	Benátkách	Venice
Q3172732	Jean Image	Jean Image	Q1781	Budapest	Budapešť	Jean Image was born in Budapest .	Jean Image se narodil v Budapešť.	Jean Image se narodil v 	Jean Image se narodila v Budapešti.	Jean Image se narodil v Budapešti.	Jean Image se narodila v 	Budapešti	Jean Image se narodil v 	Budapešti	Budapest|||Budapest
Q7803986	Tim Mitchell	Tim Mitchell	Q12439	Detroit	Detroit	Tim Mitchell was born in Detroit .	Tim Mitchell se narodil v Detroit.	Tim Mitchell se narodil v 	Tim Mitchell se narodil v Detroitu.	Tim Mitchell se narodil v Detroitu.	Tim Mitchell se narodil v 	Detroitu	Tim Mitchell se narodil v 	Detroitu	Detroit
Q85048	Maria Altmann	Maria Altmannová	Q1741	Vienna	Vídeň	Maria Altmann was born in Vienna .	Maria Altmannová se narodil v Vídeň.	Maria Altmannová se narodil v 	Maria Altmann se narodila ve Vídni.	Maria Altmannová se narodila ve Vídni.	Maria Altmann se narodila ve 	Vídni	Maria Altmannová se narodila ve 	Vídni	Vienna|||Wien
Q311291	Yaropolk I of Kiev	Jaropolk I.	Q1899	Kiev	Kyjev	Yaropolk I of Kiev was born in Kiev .	Jaropolk I. se narodil v Kyjev.	Jaropolk I. se narodil v 	Yaropolk já Kiev se narodil v Kyjevě.	Jaropolk I. se narodil v Kyjevě.	Yaropolk já Kiev se narodil v 	Kyjevě	Jaropolk I. se narodil v 	Kyjevě	Kyiv|||Kyjiv|||Kijev
Q723666	Guido Crepax	Guido Crepax	Q490	Milan	Milán	Guido Crepax was born in Milan .	Guido Crepax se narodil v Milán.	Guido Crepax se narodil v 	Guido Crepax se narodil v Miláně.	Guido Crepax se narodil v Miláně.	Guido Crepax se narodil v 	Miláně	Guido Crepax se narodil v 	Miláně	Milan|||Milano
Q66379	Ludwig Bechstein	Ludwig Bechstein	Q3955	Weimar	Výmar	Ludwig Bechstein was born in Weimar .	Ludwig Bechstein se narodil v Výmar.	Ludwig Bechstein se narodil v 	Ludwig Bechstein se narodil ve Výmaru.	Ludwig Bechstein se narodil ve Výmaru.	Ludwig Bechstein se narodil ve 	Výmaru	Ludwig Bechstein se narodil ve 	Výmaru	Weimar
Q1281750	Meredith Willson	Meredith Willson	Q1546	Iowa	Iowa	Meredith Willson was born in Iowa .	Meredith Willson se narodil v Iowa.	Meredith Willson se narodil v 	Meredith Willson se narodila v Iowě.	Meredith Willson se narodil v Iowě.	Meredith Willson se narodila v 	Iowě	Meredith Willson se narodil v 	Iowě	Iowa|||State of Iowa
Q2335313	Biurakn Hakhverdian	Biurakn Hakhverdian	Q43631	Leiden	Leiden	Biurakn Hakhverdian was born in Leiden .	Biurakn Hakhverdian se narodil v Leiden.	Biurakn Hakhverdian se narodil v 	Biurakn Hakhverdian se narodil v Leidenu.	Biurakn Hakhverdian se narodil v Leidenu.	Biurakn Hakhverdian se narodil v 	Leidenu	Biurakn Hakhverdian se narodil v 	Leidenu	Leiden|||Leyden
Q312925	Georgi Markov	Georgi Markov	Q472	Sofia	Sofie	Georgi Markov was born in Sofia .	Georgi Markov se narodil v Sofie.	Georgi Markov se narodil v 	Georgi Markov se narodil v Sofii.	Georgi Markov se narodil v Sofii.	Georgi Markov se narodil v 	Sofii	Georgi Markov se narodil v 	Sofii	Sofia|||Sofia
Q158813	Mike Huckabee	Mike Huckabee	Q80008	Hope	Hope	Mike Huckabee was born in Hope .	Mike Huckabee se narodil v Hope.	Mike Huckabee se narodil v 	Mike Huckabee se narodil v Hope.	Mike Huckabee se narodil v Hope.	Mike Huckabee se narodil v 	Hope	Mike Huckabee se narodil v 	Hope	Hope
Q2892622	Oliver Lyttelton, 1st Viscount Chandos	Oliver Lyttelton, 1. vikomt Chandos	Q84	London	Londýn	Oliver Lyttelton, 1st Viscount Chandos was born in London .	Oliver Lyttelton, 1. vikomt Chandos se narodil v Londýn.	Oliver Lyttelton, 1. vikomt Chandos se narodil v 	Oliver Lyttelton, 1. vikomt Chandos se narodil v Londýně.	Oliver Lyttelton, 1. vikomt Chandos se narodil v Londýně.	Oliver Lyttelton, 1. vikomt Chandos se narodil v 	Londýně	Oliver Lyttelton, 1. vikomt Chandos se narodil v 	Londýně	London
Q1452908	Frederick Hervey, 4th Earl of Bristol	Frederick Hervey, 4. hrabě z Bristolu	Q23111	Suffolk	Suffolk	Frederick Hervey, 4th Earl of Bristol was born in Suffolk .	Frederick Hervey, 4. hrabě z Bristolu se narodil v Suffolk.	Frederick Hervey, 4. hrabě z Bristolu se narodil v 	Frederick Hervey, 4. hrabě z Bristolu se narodil v Suffolku.	Frederick Hervey, 4. hrabě z Bristolu se narodil v Suffolku.	Frederick Hervey, 4. hrabě z Bristolu se narodil v 	Suffolku	Frederick Hervey, 4. hrabě z Bristolu se narodil v 	Suffolku	Suffolk
Q924430	Gunnar Staalesen	Gunnar Stoelsen	Q26793	Bergen	Bergen	Gunnar Staalesen was born in Bergen .	Gunnar Stoelsen se narodil v Bergen.	Gunnar Stoelsen se narodil v 	Gunnar Staalesen se narodil v Bergenu .	Gunnar Staalesen se narodil v Bergenu.	Gunnar Staalesen se narodil v 	Bergenu	Gunnar Staalesen se narodil v 	Bergenu	Bergen
Q77274	Georg Wilhelm von Siemens	Georg Wilhelm von Siemens	Q64	Berlin	Berlín	Georg Wilhelm von Siemens was born in Berlin .	Georg Wilhelm von Siemens se narodil v Berlín.	Georg Wilhelm von Siemens se narodil v 	Georg Wilhelm von Siemens se narodil v Berlíně.	Georg Wilhelm von Siemens se narodil v Berlíně.	Georg Wilhelm von Siemens se narodil v 	Berlíně	Georg Wilhelm von Siemens se narodil v 	Berlíně	Berlin|||Berlin
Q447217	Florence Vidor	Florence Vidor	Q16555	Houston	Houston	Florence Vidor was born in Houston .	Florence Vidor se narodil v Houston.	Florence Vidor se narodil v 	Florence Vidor se narodila v Houstonu.	Florence Vidor se narodila v Houstonu.	Florence Vidor se narodila v 	Houstonu	Florence Vidor se narodila v 	Houstonu	Houston
Q707711	Tilo Wolff	Tilo Wolff	Q1794	Frankfurt am Main	Frankfurt nad Mohanem	Tilo Wolff was born in Frankfurt am Main .	Tilo Wolff se narodil v Frankfurt nad Mohanem.	Tilo Wolff se narodil v 	Tilo Wolff se narodil ve Frankfurtu nad Mohanem.	Tilo Wolff se narodil ve Frankfurtu nad Mohanem.	Tilo Wolff se narodil ve 	Frankfurtu nad Mohanem	Tilo Wolff se narodil ve 	Frankfurtu nad Mohanem	Frankfurt|||Frankfurt
Q1375809	Ali Campbell	Ali Campbell	Q2256	Birmingham	Birmingham	Ali Campbell was born in Birmingham .	Ali Campbell se narodil v Birmingham.	Ali Campbell se narodil v 	Ali Campbell se narodil v Birminghamu.	Ali Campbell se narodil v Birminghamu.	Ali Campbell se narodil v 	Birminghamu	Ali Campbell se narodil v 	Birminghamu	Birmingham
Q189080	Lou Reed	Lou Reed	Q18419	Brooklyn	Brooklyn	Lou Reed was born in Brooklyn .	Lou Reed se narodil v Brooklyn.	Lou Reed se narodil v 	Lou Reed se narodil v Brooklynu.	Lou Reed se narodil v Brooklynu.	Lou Reed se narodil v 	Brooklynu	Lou Reed se narodil v 	Brooklynu	Brooklyn
Q49686	Vasili III of Russia	Vasilij III.	Q649	Moscow	Moskva	Vasili III of Russia was born in Moscow .	Vasilij III. se narodil v Moskva.	Vasilij III. se narodil v 	Vasilij III Ruska se narodil v Moskvě.	Vasilij III. se narodil v Moskvě.	Vasilij III Ruska se narodil v 	Moskvě	Vasilij III. se narodil v 	Moskvě	Moscow|||Москва
Q2742392	Mazo de la Roche	Mazo De la Roche	Q52999	Newmarket	Newmarket	Mazo de la Roche was born in Newmarket .	Mazo De la Roche se narodil v Newmarket.	Mazo De la Roche se narodil v 	Mazo de la Roche se narodil v Newmarketu.	Mazo De la Roche se narodil v Newmarketu.	Mazo de la Roche se narodil v 	Newmarketu	ERROR	ERROR	Newmarket
Q708913	George Clymer	George Clymer	Q1345	Philadelphia	Filadelfie	George Clymer was born in Philadelphia .	George Clymer se narodil v Filadelfie.	George Clymer se narodil v 	George Clymer se narodil ve Philadelphii.	George Clymer se narodil ve Filadelfii.	ERROR	ERROR	George Clymer se narodil ve 	Filadelfii	Philadelphia
Q322582	Paul Delaroche	Hippolyte Delaroche	Q90	Paris	Paříž	Paul Delaroche was born in Paris .	Hippolyte Delaroche se narodil v Paříž.	Hippolyte Delaroche se narodil v 	Paul Delaroche se narodil v Paříži.	Hippolyte Delaroche se narodil v Paříži.	Paul Delaroche se narodil v 	Paříži	Hippolyte Delaroche se narodil v 	Paříži	Paris|||Paris
Q1329748	Tomomi Kasai	Tomomi Kasai	Q1490	Tokyo	prefektura Tokio	Tomomi Kasai was born in Tokyo .	Tomomi Kasai se narodil v prefektura Tokio.	Tomomi Kasai se narodil v 	Tomomi Kasai se narodil v Tokiu.	Tomomi Kasai se narodila v prefektuře Tokio.	Tomomi Kasai se narodil v 	Tokiu	Tomomi Kasai se narodila v 	prefektuře Tokio	Tokyo|||prefektura Tokio|||Tokyo|||Tókjó
Q149727	Saint Giles	svatý Jiljí	Q1524	Athens	Athény	Saint Giles was born in Athens .	svatý Jiljí se narodil v Athény.	svatý Jiljí se narodil v 	Saint Giles se narodil v Aténách.	Svatý Jiljí se narodil v Athénách.	Saint Giles se narodil v 	Aténách	Svatý Jiljí se narodil v 	Athénách	Athens|||Atény
Q61620	Cunigunde of Luxembourg	Kunhuta Lucemburská	Q32	Luxembourg	Lucembursko	Cunigunde of Luxembourg was born in Luxembourg .	Kunhuta Lucemburská se narodil v Lucembursko.	Kunhuta Lucemburská se narodil v 	Cunigunde Lucemburský se narodil v Lucembursku .	Kunhuta Lucemburská se narodila v Lucembursku.	Cunigunde Lucemburský se narodil v 	Lucembursku	Kunhuta Lucemburská se narodila v 	Lucembursku	Luxembourg|||Lucemburské velkovévodství
Q316398	Haakon II of Norway	Haakon II. Norský	Q20	Norway	Norsko	Haakon II of Norway was born in Norway .	Haakon II. Norský se narodil v Norsko.	Haakon II. Norský se narodil v 	Haakon II Norska se narodil v Norsku.	Haakon II. Norský se narodil v Norsku.	Haakon II Norska se narodil v 	Norsku	Haakon II. Norský se narodil v 	Norsku	Norway|||Norské království
Q1368351	Matthew Thornton	Matthew Thornton	Q27	Ireland	Irsko	Matthew Thornton was born in Ireland .	Matthew Thornton se narodil v Irsko.	Matthew Thornton se narodil v 	Matthew Thornton se narodil v Irsku.	Matthew Thornton se narodil v Irsku.	Matthew Thornton se narodil v 	Irsku	Matthew Thornton se narodil v 	Irsku	Ireland|||Éire|||Irská republika|||Ireland|||Poblacht na hÉireann|||Republic of Ireland
Q91984	Hartmut Mehdorn	Hartmut Mehdorn	Q270	Warsaw	Varšava	Hartmut Mehdorn was born in Warsaw .	Hartmut Mehdorn se narodil v Varšava.	Hartmut Mehdorn se narodil v 	Hartmut Mehdorn se narodil ve Varšavě .	Hartmut Mehdorn se narodil ve Varšavě.	Hartmut Mehdorn se narodil ve 	Varšavě	Hartmut Mehdorn se narodil ve 	Varšavě	Warsaw|||Warszawa|||Warschau|||Varsovia
Q736990	Terenci Moix	Terenci Moix	Q1492	Barcelona	Barcelona	Terenci Moix was born in Barcelona .	Terenci Moix se narodil v Barcelona.	Terenci Moix se narodil v 	Terenci Moix se narodil v Barceloně.	Terenci Moix se narodil v Barceloně.	Terenci Moix se narodil v 	Barceloně	Terenci Moix se narodil v 	Barceloně	Barcelona
Q13527738	Jade Windley	Jade Windleyová	Q23090	Lincolnshire	Lincolnshire	Jade Windley was born in Lincolnshire .	Jade Windleyová se narodil v Lincolnshire.	Jade Windleyová se narodil v 	Jade Windley se narodila v Lincolnshire.	Jade Windleyová se narodila v Lincolnshire.	Jade Windley se narodila v 	Lincolnshire	Jade Windleyová se narodila v 	Lincolnshire	Lincolnshire
Q723371	Guglielmo Gabetto	Guglielmo Gabetto	Q495	Turin	Turín	Guglielmo Gabetto was born in Turin .	Guglielmo Gabetto se narodil v Turín.	Guglielmo Gabetto se narodil v 	Guglielmo Gabetto se narodil v Turíně.	Guglielmo Gabetto se narodil v Turíně.	Guglielmo Gabetto se narodil v 	Turíně	Guglielmo Gabetto se narodil v 	Turíně	Turin
Q310791	Jules Michelet	Jules Michelet	Q90	Paris	Paříž	Jules Michelet was born in Paris .	Jules Michelet se narodil v Paříž.	Jules Michelet se narodil v 	Jules Michelet se narodil v Paříži.	Jules Michelet se narodil v Paříži.	Jules Michelet se narodil v 	Paříži	Jules Michelet se narodil v 	Paříži	Paris|||Paris
Q194064	Hezekiah	Ezechiel	Q1218	Jerusalem	Jeruzalém	Hezekiah was born in Jerusalem .	Ezechiel se narodil v Jeruzalém.	Ezechiel se narodil v 	Ezechiáš se narodil v Jeruzalémě.	Ezechiel se narodil v Jeruzalémě.	Ezechiáš se narodil v 	Jeruzalémě	Ezechiel se narodil v 	Jeruzalémě	Jerusalem|||Jeruzalem|||Jerusalem|||Jerusalém
Q543914	Alonzo Babers	Alonzo Babers	Q29364	Montgomery	Montgomery	Alonzo Babers was born in Montgomery .	Alonzo Babers se narodil v Montgomery.	Alonzo Babers se narodil v 	Alonzo Babers se narodil v Montgomery.	Alonzo Babers se narodil v Montgomery.	Alonzo Babers se narodil v 	Montgomery	Alonzo Babers se narodil v 	Montgomery	Montgomery
Q972873	Juan Carlos Calvo	Juan Carlos Calvo	Q1335	Montevideo	Montevideo	Juan Carlos Calvo was born in Montevideo .	Juan Carlos Calvo se narodil v Montevideo.	Juan Carlos Calvo se narodil v 	Juan Carlos Calvo se narodil v Montevideu.	Juan Carlos Calvo se narodil v Montevideu.	Juan Carlos Calvo se narodil v 	Montevideu	Juan Carlos Calvo se narodil v 	Montevideu	Montevideo
Q5418882	Ewald Osers	Ewald Osers	Q1085	Prague	Praha	Ewald Osers was born in Prague .	Ewald Osers se narodil v Praha.	Ewald Osers se narodil v 	Ewald Osers se narodil v Praze.	Ewald Osers se narodil v Praze.	Ewald Osers se narodil v 	Praze	Ewald Osers se narodil v 	Praze	Prague|||okres Praha|||okres Hlavní město Praha|||kraj hlavní město Praha|||hlavní město Praha|||kraj Praha
Q515883	Paul Epworth	Paul Epworth	Q84	London	Londýn	Paul Epworth was born in London .	Paul Epworth se narodil v Londýn.	Paul Epworth se narodil v 	Paul Epworth se narodil v Londýně.	Paul Epworth se narodil v Londýně.	Paul Epworth se narodil v 	Londýně	Paul Epworth se narodil v 	Londýně	London
Q721352	Jacob Holdt	Jacob Holdt	Q1748	Copenhagen	Kodaň	Jacob Holdt was born in Copenhagen .	Jacob Holdt se narodil v Kodaň.	Jacob Holdt se narodil v 	Jacob Holdt se narodil v Kodani.	Jacob Holdt se narodil v Kodani.	Jacob Holdt se narodil v 	Kodani	Jacob Holdt se narodil v 	Kodani	Copenhagen
Q2233503	Silvia Abascal	Silvia Abascal	Q2807	Madrid	Madrid	Silvia Abascal was born in Madrid .	Silvia Abascal se narodil v Madrid.	Silvia Abascal se narodil v 	Silvia Abascal se narodila v Madridu.	Silvia Abascal se narodila v Madridu.	Silvia Abascal se narodila v 	Madridu	Silvia Abascal se narodila v 	Madridu	Madrid
Q257795	Ksenija Balta	Ksenija Baltaová	Q2280	Minsk	Minsk	Ksenija Balta was born in Minsk .	Ksenija Baltaová se narodil v Minsk.	Ksenija Baltaová se narodil v 	Ksenija Balta se narodila v Minsku .	Ksenija Baltaová se narodila v Minsku.	Ksenija Balta se narodila v 	Minsku	Ksenija Baltaová se narodila v 	Minsku	Minsk
Q330825	Mario Caiano	Mario Caiano	Q220	Rome	Řím	Mario Caiano was born in Rome .	Mario Caiano se narodil v Řím.	Mario Caiano se narodil v 	Mario Caiano se narodil v Římě.	Mario Caiano se narodil v Římě.	Mario Caiano se narodil v 	Římě	Mario Caiano se narodil v 	Římě	Rome|||Roma
Q297562	Leopold Stokowski	Leopold Stokowski	Q84	London	Londýn	Leopold Stokowski was born in London .	Leopold Stokowski se narodil v Londýn.	Leopold Stokowski se narodil v 	Leopold Stokowski se narodil v Londýně.	Leopold Stokowski se narodil v Londýně.	Leopold Stokowski se narodil v 	Londýně	Leopold Stokowski se narodil v 	Londýně	London
Q7420859	Saom Vansodany	Saom Vansodany	Q424	Cambodia	Kambodža	Saom Vansodany was born in Cambodia .	Saom Vansodany se narodil v Kambodža.	Saom Vansodany se narodil v 	Saom Vansodany se narodil v Kambodži.	Saom Vansodany se narodila v Kambodži.	Saom Vansodany se narodil v 	Kambodži	Saom Vansodany se narodila v 	Kambodži	Cambodia|||Kambodžské království|||Kampučia
Q309635	Pietro Lorenzetti	Pietro Lorenzetti	Q2751	Siena	Siena	Pietro Lorenzetti was born in Siena .	Pietro Lorenzetti se narodil v Siena.	Pietro Lorenzetti se narodil v 	Pietro Lorenzetti se narodil v Sieně.	Pietro Lorenzetti se narodil v Sieně.	Pietro Lorenzetti se narodil v 	Sieně	Pietro Lorenzetti se narodil v 	Sieně	Siena
Q320118	Domenichino	Domenichino	Q1891	Bologna	Bologna	Domenichino was born in Bologna .	Domenichino se narodil v Bologna.	Domenichino se narodil v 	Domenichino se narodil v Bologni .	Domenichino se narodil v Boloni.	Domenichino se narodil v 	Bologni	ERROR	ERROR	Bologna|||Boloňa
Q201538	Edward Said	Edward Said	Q1218	Jerusalem	Jeruzalém	Edward Said was born in Jerusalem .	Edward Said se narodil v Jeruzalém.	Edward Said se narodil v 	Edward Said se narodil v Jeruzalémě.	Edward Said se narodil v Jeruzalémě.	Edward Said se narodil v 	Jeruzalémě	Edward Said se narodil v 	Jeruzalémě	Jerusalem|||Jeruzalem|||Jerusalem|||Jerusalém
Q111975	Archduke Louis of Austria	Ludvík Habsbursko-Lotrinský	Q2044	Florence	Florencie	Archduke Louis of Austria was born in Florence .	Ludvík Habsbursko-Lotrinský se narodil v Florencie.	Ludvík Habsbursko-Lotrinský se narodil v 	Arcivévoda Ludvík Rakouský se narodil ve Florencii.	Ludvík Habsbursko-Lotrinský se narodil ve Florencii.	Arcivévoda Ludvík Rakouský se narodil ve 	Florencii	Ludvík Habsbursko-Lotrinský se narodil ve 	Florencii	Florence
Q425792	Antonella Costa	Antonella Costa	Q220	Rome	Řím	Antonella Costa was born in Rome .	Antonella Costa se narodil v Řím.	Antonella Costa se narodil v 	Antonella Costa se narodila v Římě.	Antonella Costa se narodila v Římě.	Antonella Costa se narodila v 	Římě	Antonella Costa se narodila v 	Římě	Rome|||Roma
Q727572	Umberto Guidoni	Umberto Guidoni	Q220	Rome	Řím	Umberto Guidoni was born in Rome .	Umberto Guidoni se narodil v Řím.	Umberto Guidoni se narodil v 	Umberto Guidoni se narodil v Římě.	Umberto Guidoni se narodil v Římě.	Umberto Guidoni se narodil v 	Římě	Umberto Guidoni se narodil v 	Římě	Rome|||Roma
Q41641	Leo V the Armenian	Leon V. Arménský	Q399	Armenia	Arménie	Leo V the Armenian was born in Armenia .	Leon V. Arménský se narodil v Arménie.	Leon V. Arménský se narodil v 	Leo V. Armén se narodil v Arménii.	Leon V. Arménský se narodil v Arménii.	Leo V. Armén se narodil v 	Arménii	Leon V. Arménský se narodil v 	Arménii	Armenia
Q250093	Marco Delvecchio	Marco Delvecchio	Q490	Milan	Milán	Marco Delvecchio was born in Milan .	Marco Delvecchio se narodil v Milán.	Marco Delvecchio se narodil v 	Marco Delvecchio se narodil v Miláně.	Marco Delvecchio se narodil v Miláně.	Marco Delvecchio se narodil v 	Miláně	Marco Delvecchio se narodil v 	Miláně	Milan|||Milano
Q291485	Nikki Yanofsky	Nikki Yanofsky	Q340	Montreal	Montréal	Nikki Yanofsky was born in Montreal .	Nikki Yanofsky se narodil v Montréal.	Nikki Yanofsky se narodil v 	Nikki Yanofsky se narodila v Montrealu.	Nikki Yanofsky se narodila v Montréalu.	Nikki Yanofsky se narodila v 	Montrealu	Nikki Yanofsky se narodila v 	Montréalu	Montreal
Q1246500	Gianrico Carofiglio	Gianrico Carofiglio	Q3519	Bari	Bari	Gianrico Carofiglio was born in Bari .	Gianrico Carofiglio se narodil v Bari.	Gianrico Carofiglio se narodil v 	Gianrico Carofiglio se narodil v Bari.	Gianrico Carofiglio se narodil v Barletta.	Gianrico Carofiglio se narodil v 	Bari	ERROR	ERROR	Bari
Q44086	Carl Orff	Carl Orff	Q1726	Munich	Mnichov	Carl Orff was born in Munich .	Carl Orff se narodil v Mnichov.	Carl Orff se narodil v 	Carl Orff se narodil v Mnichově.	Carl Orff se narodil v Mnichově.	Carl Orff se narodil v 	Mnichově	Carl Orff se narodil v 	Mnichově	Munich
Q4011253	Victor Cavallo	Victor Cavallo	Q220	Rome	Řím	Victor Cavallo was born in Rome .	Victor Cavallo se narodil v Řím.	Victor Cavallo se narodil v 	Victor Cavallo se narodil v Římě.	Victor Cavallo se narodil v Římě.	Victor Cavallo se narodil v 	Římě	Victor Cavallo se narodil v 	Římě	Rome|||Roma
Q2613056	Michael Ben-Ari	Micha'el Ben Ari	Q801	Israel	Izrael	Michael Ben-Ari was born in Israel .	Micha'el Ben Ari se narodil v Izrael.	Micha'el Ben Ari se narodil v 	Michael Ben-Ari se narodil v Izraeli.	Micha'el Ben Ari se narodil v Izraeli.	ERROR	ERROR	Micha'el Ben Ari se narodil v 	Izraeli	Israel|||Stát Izrael|||stát Izrael|||Israel|||Jisra'el
Q62357	Erwin Stresemann	Erwin Stresemann	Q1731	Dresden	Drážďany	Erwin Stresemann was born in Dresden .	Erwin Stresemann se narodil v Drážďany.	Erwin Stresemann se narodil v 	Erwin Stresemann se narodil v Drážďanech.	Erwin Stresemann se narodil v Drážďanech.	Erwin Stresemann se narodil v 	Drážďanech	Erwin Stresemann se narodil v 	Drážďanech	Dresden|||Dresden
Q304631	Steve Hillage	Steve Hillage	Q84	London	Londýn	Steve Hillage was born in London .	Steve Hillage se narodil v Londýn.	Steve Hillage se narodil v 	Steve Hillage se narodil v Londýně.	Steve Hillage se narodil v Londýně.	Steve Hillage se narodil v 	Londýně	Steve Hillage se narodil v 	Londýně	London
Q82778	Pliny the Elder	Plinius starší	Q1308	Como	Como	Pliny the Elder was born in Como .	Plinius starší se narodil v Como.	Plinius starší se narodil v 	Plinius starší se narodil v Como.	Plinius starší se narodil v Comu.	Plinius starší se narodil v 	Como	Plinius starší se narodil v 	Comu	Como
Q152229	Frederick William II of Prussia	Fridrich Vilém II.	Q64	Berlin	Berlín	Frederick William II of Prussia was born in Berlin .	Fridrich Vilém II. se narodil v Berlín.	Fridrich Vilém II. se narodil v 	Fridrich Vilém II Pruský se narodil v Berlíně.	Fridrich Vilém II. se narodil v Berlíně.	Fridrich Vilém II Pruský se narodil v 	Berlíně	Fridrich Vilém II. se narodil v 	Berlíně	Berlin|||Berlin
Q20733	Georges Duhamel	Georges Duhamel	Q90	Paris	Paříž	Georges Duhamel was born in Paris .	Georges Duhamel se narodil v Paříž.	Georges Duhamel se narodil v 	Georges Duhamel se narodil v Paříži.	Georges Duhamel se narodil v Paříži.	Georges Duhamel se narodil v 	Paříži	Georges Duhamel se narodil v 	Paříži	Paris|||Paris
Q313042	Stephen Rea	Stephen Rea	Q10686	Belfast	Belfast	Stephen Rea was born in Belfast .	Stephen Rea se narodil v Belfast.	Stephen Rea se narodil v 	Stephen Rea se narodil v Belfastu.	Stephen Rea se narodil v Belfastu.	Stephen Rea se narodil v 	Belfastu	Stephen Rea se narodil v 	Belfastu	Belfast
Q333778	Armando Diaz	Armando Diaz	Q2634	Naples	Neapol	Armando Diaz was born in Naples .	Armando Diaz se narodil v Neapol.	Armando Diaz se narodil v 	Armando Diaz se narodil v Neapoli.	Armando Diaz se narodil v Neapoli.	Armando Diaz se narodil v 	Neapoli	Armando Diaz se narodil v 	Neapoli	Naples
Q1280402	Aleksandar Deroko	Aleksandar Deroko	Q3711	Belgrade	Bělehrad	Aleksandar Deroko was born in Belgrade .	Aleksandar Deroko se narodil v Bělehrad.	Aleksandar Deroko se narodil v 	Aleksandar Deroko se narodil v Bělehradě.	Aleksandar Deroko se narodil v Bělehradě.	Aleksandar Deroko se narodil v 	Bělehradě	Aleksandar Deroko se narodil v 	Bělehradě	Belgrade
Q369399	Peter Goalby	Peter Goalby	Q126269	Wolverhampton	Wolverhampton	Peter Goalby was born in Wolverhampton .	Peter Goalby se narodil v Wolverhampton.	Peter Goalby se narodil v 	Peter Goalby se narodil ve Wolverhamptonu.	Peter Goalby se narodil ve Wolverhamptonu.	Peter Goalby se narodil ve 	Wolverhamptonu	Peter Goalby se narodil ve 	Wolverhamptonu	Wolverhampton
Q4730963	Aisha	Áiša	Q5806	Mecca	Mekka	Aisha was born in Mecca .	Áiša se narodil v Mekka.	Áiša se narodil v 	Aisha se narodila v Mekce.	Áiša se narodila v Mekce.	Aisha se narodila v 	Mekce	Áiša se narodila v 	Mekce	Mecca
Q211827	Peter I of Serbia	Petr I. Karađorđević	Q3711	Belgrade	Bělehrad	Peter I of Serbia was born in Belgrade .	Petr I. Karađorđević se narodil v Bělehrad.	Petr I. Karađorđević se narodil v 	Petr I. Srbský se narodil v Bělehradě.	Petr I. Karađorđević se narodil v Bělehradě.	Petr I. Srbský se narodil v 	Bělehradě	Petr I. Karađorđević se narodil v 	Bělehradě	Belgrade
Q191231	Manuel I of Portugal	Manuel I. Portugalský	Q597	Lisbon	Lisabon	Manuel I of Portugal was born in Lisbon .	Manuel I. Portugalský se narodil v Lisabon.	Manuel I. Portugalský se narodil v 	Manuel I. Portugalský se narodil v Lisabonu.	Manuel I. Portugalský se narodil v Lisabonu.	Manuel I. Portugalský se narodil v 	Lisabonu	Manuel I. Portugalský se narodil v 	Lisabonu	Lisbon
Q58195	Karel Schwarzenberg	Karel Schwarzenberg	Q1085	Prague	Praha	Karel Schwarzenberg was born in Prague .	Karel Schwarzenberg se narodil v Praha.	Karel Schwarzenberg se narodil v 	Karel Schwarzenberg se narodil v Praze .	Karel Schwarzenberg se narodil v Praze.	Karel Schwarzenberg se narodil v 	Praze	Karel Schwarzenberg se narodil v 	Praze	Prague|||okres Praha|||okres Hlavní město Praha|||kraj hlavní město Praha|||hlavní město Praha|||kraj Praha
Q836637	Pavol Hammel	Pavol Hammel	Q1780	Bratislava	Bratislava	Pavol Hammel was born in Bratislava .	Pavol Hammel se narodil v Bratislava.	Pavol Hammel se narodil v 	Pavol Hammel se narodil v Bratislavě.	Pavol Hammel se narodil v Bratislavě.	Pavol Hammel se narodil v 	Bratislavě	Pavol Hammel se narodil v 	Bratislavě	Bratislava|||Pressburg|||Pozsony|||Prešpurk
Q190368	Appian	Appiános	Q87	Alexandria	Alexandrie	Appian was born in Alexandria .	Appiános se narodil v Alexandrie.	Appiános se narodil v 	Appian se narodil v Alexandrii .	Appiános se narodil v Alexandrii.	Appian se narodil v 	Alexandrii	Appiános se narodil v 	Alexandrii	Alexandria
Q2447966	Dmitri Nabokov	Dmitrij Nabokov	Q64	Berlin	Berlín	Dmitri Nabokov was born in Berlin .	Dmitrij Nabokov se narodil v Berlín.	Dmitrij Nabokov se narodil v 	Dmitri Nabokov se narodil v Berlíně.	Dmitrij Nabokov se narodil v Berlíně.	Dmitri Nabokov se narodil v 	Berlíně	Dmitrij Nabokov se narodil v 	Berlíně	Berlin|||Berlin
Q357450	Soichi Noguchi	Sóiči Noguči	Q38283	Yokohama	Jokohama	Soichi Noguchi was born in Yokohama .	Sóiči Noguči se narodil v Jokohama.	Sóiči Noguči se narodil v 	Soichi Noguchi se narodil v Jokohamě.	Sóiči Noguči se narodil v Jokohamě.	Soichi Noguchi se narodil v 	Jokohamě	Sóiči Noguči se narodil v 	Jokohamě	Yokohama
Q1174244	David Don	David Don	Q202177	Angus	Angus	David Don was born in Angus .	David Don se narodil v Angus.	David Don se narodil v 	David Don se narodil v Angus .	David Don se narodil v Angusu.	David Don se narodil v 	Angus	David Don se narodil v 	Angusu	Angus
Q170297	Boniface III	Bonifác III.	Q220	Rome	Řím	Boniface III was born in Rome .	Bonifác III. se narodil v Řím.	Bonifác III. se narodil v 	Bonifác III. se narodil v Římě.	Bonifác III. se narodil v Římě.	Bonifác III. se narodil v 	Římě	Bonifác III. se narodil v 	Římě	Rome|||Roma
Q730841	William Hodges	William Hodges	Q84	London	Londýn	William Hodges was born in London .	William Hodges se narodil v Londýn.	William Hodges se narodil v 	William Hodges se narodil v Londýně.	William Hodges se narodil v Londýně.	William Hodges se narodil v 	Londýně	William Hodges se narodil v 	Londýně	London
Q284694	Kim Kashkashian	Kim Kashkashian	Q12439	Detroit	Detroit	Kim Kashkashian was born in Detroit .	Kim Kashkashian se narodil v Detroit.	Kim Kashkashian se narodil v 	Kim Kashkashian se narodila v Detroitu.	Kim Kashkashian se narodila v Detroitu.	Kim Kashkashian se narodila v 	Detroitu	Kim Kashkashian se narodila v 	Detroitu	Detroit
Q1356880	Ernie Andrews	Ernie Andrews	Q1345	Philadelphia	Filadelfie	Ernie Andrews was born in Philadelphia .	Ernie Andrews se narodil v Filadelfie.	Ernie Andrews se narodil v 	Ernie Andrews se narodil ve Philadelphii.	Ernie Andrews se narodil ve Filadelfii.	ERROR	ERROR	Ernie Andrews se narodil ve 	Filadelfii	Philadelphia
Q151608	Claudio Abbado	Claudio Abbado	Q490	Milan	Milán	Claudio Abbado was born in Milan .	Claudio Abbado se narodil v Milán.	Claudio Abbado se narodil v 	Claudio Abbado se narodil v Miláně.	Claudio Abbado se narodil v Miláně.	Claudio Abbado se narodil v 	Miláně	Claudio Abbado se narodil v 	Miláně	Milan|||Milano
Q3368743	Nikolai Nissen Paus	Nikolai Paus	Q585	Oslo	Oslo	Nikolai Nissen Paus was born in Oslo .	Nikolai Paus se narodil v Oslo.	Nikolai Paus se narodil v 	Nikolai Nissen Paus se narodil v Oslu.	Nikolai Paus se narodil v Oslu.	Nikolai Nissen Paus se narodil v 	Oslu	Nikolai Paus se narodil v 	Oslu	Oslo
Q770318	Martin Padar	Martin Padar	Q1770	Tallinn	Tallinn	Martin Padar was born in Tallinn .	Martin Padar se narodil v Tallinn.	Martin Padar se narodil v 	Martin Padar se narodil v Tallinnu.	Martin Padar se narodil v Tallinnu.	Martin Padar se narodil v 	Tallinnu	Martin Padar se narodil v 	Tallinnu	Tallinn
Q372313	Enrique Vila-Matas	Enrique Vila-Matas	Q1492	Barcelona	Barcelona	Enrique Vila-Matas was born in Barcelona .	Enrique Vila-Matas se narodil v Barcelona.	Enrique Vila-Matas se narodil v 	Enrique Vila-Matas se narodil v Barceloně.	Enrique Vila-Matas se narodil v Barceloně.	Enrique Vila-Matas se narodil v 	Barceloně	Enrique Vila-Matas se narodil v 	Barceloně	Barcelona
Q427761	Camille Pin	Camille Pinová	Q33959	Nice	Nice	Camille Pin was born in Nice .	Camille Pinová se narodil v Nice.	Camille Pinová se narodil v 	Camille Pin se narodila v Nice.	Camille Pinová se narodila v Nice.	Camille Pin se narodila v 	Nice	Camille Pinová se narodila v 	Nice	Nice|||Nizza
Q46321	Tinie Tempah	Tinie Tempah	Q84	London	Londýn	Tinie Tempah was born in London .	Tinie Tempah se narodil v Londýn.	Tinie Tempah se narodil v 	Tinie Tempah se narodila v Londýně.	Tinie Tempah se narodil v Londýně.	Tinie Tempah se narodila v 	Londýně	Tinie Tempah se narodil v 	Londýně	London
Q65048	Jaki Liebezeit	Jaki Liebezeit	Q1731	Dresden	Drážďany	Jaki Liebezeit was born in Dresden .	Jaki Liebezeit se narodil v Drážďany.	Jaki Liebezeit se narodil v 	Jaki Liebezeit se narodil v Drážďanech.	Jaki Liebezeit se narodil v Drážďanech.	Jaki Liebezeit se narodil v 	Drážďanech	Jaki Liebezeit se narodil v 	Drážďanech	Dresden|||Dresden
Q356290	Allen Carr	Allen Carr	Q84	London	Londýn	Allen Carr was born in London .	Allen Carr se narodil v Londýn.	Allen Carr se narodil v 	Allen Carr se narodil v Londýně.	Allen Carr se narodil v Londýně.	Allen Carr se narodil v 	Londýně	Allen Carr se narodil v 	Londýně	London
Q72984	Bing Crosby	Bing Crosby	Q199797	Tacoma	Tacoma	Bing Crosby was born in Tacoma .	Bing Crosby se narodil v Tacoma.	Bing Crosby se narodil v 	Bing Crosby se narodil v Tacomě.	Bing Crosby se narodil v Tacomě.	Bing Crosby se narodil v 	Tacomě	Bing Crosby se narodil v 	Tacomě	Tacoma
Q2363640	Sugar Blue	Sugar Blue	Q189074	Harlem	Harlem	Sugar Blue was born in Harlem .	Sugar Blue se narodil v Harlem.	Sugar Blue se narodil v 	Sugar Blue se narodil v Harlemu.	Sugar Blue se narodil v Harlemu.	Sugar Blue se narodil v 	Harlemu	Sugar Blue se narodil v 	Harlemu	Harlem
Q15263356	Alle Farben	Alle Farben	Q64	Berlin	Berlín	Alle Farben was born in Berlin .	Alle Farben se narodil v Berlín.	Alle Farben se narodil v 	Alle Farben se narodil v Berlíně.	Alle Farben se narodil v Berlíně.	Alle Farben se narodil v 	Berlíně	Alle Farben se narodil v 	Berlíně	Berlin|||Berlin
Q1078277	Christel Bodenstein	Christel Bodensteinova	Q1726	Munich	Mnichov	Christel Bodenstein was born in Munich .	Christel Bodensteinova se narodil v Mnichov.	Christel Bodensteinova se narodil v 	Christel Bodenstein se narodila v Mnichově.	Christel Bodensteinová se narodila v Mnichově.	Christel Bodenstein se narodila v 	Mnichově	Christel Bodensteinová se narodila v 	Mnichově	Munich
Q2697303	Cosimo Fancelli	Cosimo Fancelli	Q220	Rome	Řím	Cosimo Fancelli was born in Rome .	Cosimo Fancelli se narodil v Řím.	Cosimo Fancelli se narodil v 	Cosimo Fancelli se narodil v Římě.	Cosimo Fancelli se narodil v Římě.	Cosimo Fancelli se narodil v 	Římě	Cosimo Fancelli se narodil v 	Římě	Rome|||Roma
Q5271481	Diane Hendricks	Diane Hendricksová	Q1537	Wisconsin	Wisconsin	Diane Hendricks was born in Wisconsin .	Diane Hendricksová se narodil v Wisconsin.	Diane Hendricksová se narodil v 	Diane Hendricks se narodila ve Wisconsinu.	Diane Hendricksová se narodila ve Wisconsinu.	Diane Hendricks se narodila ve 	Wisconsinu	Diane Hendricksová se narodila ve 	Wisconsinu	Wisconsin|||State of Wisconsin
Q5563995	Giovanni Tadolini	Giovanni Tadolini	Q1891	Bologna	Bologna	Giovanni Tadolini was born in Bologna .	Giovanni Tadolini se narodil v Bologna.	Giovanni Tadolini se narodil v 	Giovanni Tadolini se narodil v Bologni.	Giovanni Tadolini se narodil v Boloni.	Giovanni Tadolini se narodil v 	Bologni	ERROR	ERROR	Bologna|||Boloňa
Q16749819	Ruth Lee	Ruth Lee	Q36091	Minneapolis	Minneapolis	Ruth Lee was born in Minneapolis .	Ruth Lee se narodil v Minneapolis.	Ruth Lee se narodil v 	Ruth Lee se narodila v Minneapolis.	Ruth Lee se narodila v Minneapolisu.	Ruth Lee se narodila v 	Minneapolis	Ruth Lee se narodila v 	Minneapolisu	Minneapolis
Q1475327	Jonas Hassen Khemiri	Jonas Hassen Khemiri	Q1754	Stockholm	Stockholm	Jonas Hassen Khemiri was born in Stockholm .	Jonas Hassen Khemiri se narodil v Stockholm.	Jonas Hassen Khemiri se narodil v 	Jonas Hassen Khemiri se narodil ve Stockholmu.	Jonas Hassen Khemiri se narodil ve Stockholmu.	Jonas Hassen Khemiri se narodil ve 	Stockholmu	Jonas Hassen Khemiri se narodil ve 	Stockholmu	Stockholm
Q2249236	Tom Jennings	Tom Jennings	Q100	Boston	Boston	Tom Jennings was born in Boston .	Tom Jennings se narodil v Boston.	Tom Jennings se narodil v 	Tom Jennings se narodil v Bostonu.	Tom Jennings se narodil v Bostonu.	Tom Jennings se narodil v 	Bostonu	Tom Jennings se narodil v 	Bostonu	Boston
Q406078	Aino Sibelius	Aino Sibelius	Q1757	Helsinki	Helsinky	Aino Sibelius was born in Helsinki .	Aino Sibelius se narodil v Helsinky.	Aino Sibelius se narodil v 	Aino Sibelius se narodil v Helsinkách.	Aino Sibelius se narodila v Helsinkách.	Aino Sibelius se narodil v 	Helsinkách	Aino Sibelius se narodila v 	Helsinkách	Helsinki
Q3376378	Pete Haycock	Pete Haycock	Q826782	Stafford	Stafford	Pete Haycock was born in Stafford .	Pete Haycock se narodil v Stafford.	Pete Haycock se narodil v 	Pete Haycock se narodil ve Staffordu.	Pete Haycock se narodil ve Staffordu.	Pete Haycock se narodil ve 	Staffordu	Pete Haycock se narodil ve 	Staffordu	Stafford
Q123389	Robert Pinget	Robert Pinget	Q71	Geneva	Ženeva	Robert Pinget was born in Geneva .	Robert Pinget se narodil v Ženeva.	Robert Pinget se narodil v 	Robert Pinget se narodil v Ženevě.	Robert Pinget se narodil v Ženevě.	Robert Pinget se narodil v 	Ženevě	Robert Pinget se narodil v 	Ženevě	Geneva
Q170726	Enrico Caruso	Enrico Caruso	Q2634	Naples	Neapol	Enrico Caruso was born in Naples .	Enrico Caruso se narodil v Neapol.	Enrico Caruso se narodil v 	Enrico Caruso se narodil v Neapoli.	Enrico Caruso se narodil v Neapoli.	Enrico Caruso se narodil v 	Neapoli	Enrico Caruso se narodil v 	Neapoli	Naples
Q156128	Georges Rouault	Georges Rouault	Q90	Paris	Paříž	Georges Rouault was born in Paris .	Georges Rouault se narodil v Paříž.	Georges Rouault se narodil v 	Georges Rouault se narodil v Paříži.	Georges Rouault se narodil v Paříži.	Georges Rouault se narodil v 	Paříži	Georges Rouault se narodil v 	Paříži	Paris|||Paris
Q361405	Theodore the Studite	Theodoros Studijský	Q16869	Constantinople	Konstantinopol	Theodore the Studite was born in Constantinople .	Theodoros Studijský se narodil v Konstantinopol.	Theodoros Studijský se narodil v 	Theodore Studite se narodil v Konstantinopoli.	Theodoros Studijský se narodil v Konstantinopoli.	Theodore Studite se narodil v 	Konstantinopoli	Theodoros Studijský se narodil v 	Konstantinopoli	Constantinople|||Cařihrad|||Konstantinopolis
Q162543	Mehmed VI	Mehmed VI.	Q406	Istanbul	Istanbul	Mehmed VI was born in Istanbul .	Mehmed VI. se narodil v Istanbul.	Mehmed VI. se narodil v 	Mehmed VI se narodil v Istanbulu .	Mehmed VI. se narodil v Istanbulu.	Mehmed VI se narodil v 	Istanbulu	Mehmed VI. se narodil v 	Istanbulu	Istanbul
Q326510	Martin Lundgaard Hansen	Martin Lundgaard Hansen	Q35	Denmark	Dánsko	Martin Lundgaard Hansen was born in Denmark .	Martin Lundgaard Hansen se narodil v Dánsko.	Martin Lundgaard Hansen se narodil v 	Martin Lundgaard Hansen se narodil v Dánsku.	Martin Lundgaard Hansen se narodil v Dánsku.	Martin Lundgaard Hansen se narodil v 	Dánsku	Martin Lundgaard Hansen se narodil v 	Dánsku	Denmark|||Dánské království
Q352935	Dennis Farina	Dennis Farina	Q1297	Chicago	Chicago	Dennis Farina was born in Chicago .	Dennis Farina se narodil v Chicago.	Dennis Farina se narodil v 	Dennis Farina se narodil v Chicagu.	Dennis Farina se narodil v Chicagu.	Dennis Farina se narodil v 	Chicagu	Dennis Farina se narodil v 	Chicagu	Chicago
Q2833874	Alexandre Mercereau	Alexandre Mercereau	Q90	Paris	Paříž	Alexandre Mercereau was born in Paris .	Alexandre Mercereau se narodil v Paříž.	Alexandre Mercereau se narodil v 	Alexandre Mercereau se narodil v Paříži.	Alexandre Mercereau se narodil v Paříži.	Alexandre Mercereau se narodil v 	Paříži	Alexandre Mercereau se narodil v 	Paříži	Paris|||Paris
Q110916	Hideki Shirakawa	Hideki Širakawa	Q1490	Tokyo	prefektura Tokio	Hideki Shirakawa was born in Tokyo .	Hideki Širakawa se narodil v prefektura Tokio.	Hideki Širakawa se narodil v 	Hideki Shirakawa se narodil v Tokiu.	Hideki Širakawa se narodil v prefektuře Tokio.		Hideki Shirakawa se narodil v Tokiu	Hideki Širakawa se narodil v 	prefektuře Tokio	Tokyo|||prefektura Tokio|||Tokyo|||Tókjó
Q313063	Brendan Behan	Brendan Behan	Q1761	Dublin	Dublin	Brendan Behan was born in Dublin .	Brendan Behan se narodil v Dublin.	Brendan Behan se narodil v 	Brendan Behan se narodil v Dublinu.	Brendan Behan se narodil v Dublinu.	Brendan Behan se narodil v 	Dublinu	Brendan Behan se narodil v 	Dublinu	Dublin
Q160451	Luigi Nono	Luigi Nono	Q641	Venice	Benátky	Luigi Nono was born in Venice .	Luigi Nono se narodil v Benátky.	Luigi Nono se narodil v 	Luigi Nono se narodil v Benátkách.	Luigi Nono se narodil v Benátkách.	Luigi Nono se narodil v 	Benátkách	Luigi Nono se narodil v 	Benátkách	Venice
Q339824	Accursius	Accursius	Q2044	Florence	Florencie	Accursius was born in Florence .	Accursius se narodil v Florencie.	Accursius se narodil v 	Accursius se narodil ve Florencii.	Accursius se narodil ve Florencii.	Accursius se narodil ve 	Florencii	Accursius se narodil ve 	Florencii	Florence
Q311820	Wat Tyler	Wat Tyler	Q23298	Kent	Kent	Wat Tyler was born in Kent .	Wat Tyler se narodil v Kent.	Wat Tyler se narodil v 	Wat Tyler se narodil v Kentu.	Wat Tyler se narodil v Kentu.	Wat Tyler se narodil v 	Kentu	Wat Tyler se narodil v 	Kentu	Kent
Q918462	Charles Nungesser	Charles Nungesser	Q90	Paris	Paříž	Charles Nungesser was born in Paris .	Charles Nungesser se narodil v Paříž.	Charles Nungesser se narodil v 	Charles Nungesser se narodil v Paříži.	Charles Nungesser se narodil v Paříži.	Charles Nungesser se narodil v 	Paříži	Charles Nungesser se narodil v 	Paříži	Paris|||Paris
Q291686	Lindy Hemming	Lindy Hemming	Q25	Wales	Wales	Lindy Hemming was born in Wales .	Lindy Hemming se narodil v Wales.	Lindy Hemming se narodil v 	Lindy Hemming se narodila ve Walesu.	Lindy Hemming se narodila ve Walesu.	Lindy Hemming se narodila ve 	Walesu	Lindy Hemming se narodila ve 	Walesu	Wales
Q67879	Heinz Lammerding	Heinz Lammerding	Q1295	Dortmund	Dortmund	Heinz Lammerding was born in Dortmund .	Heinz Lammerding se narodil v Dortmund.	Heinz Lammerding se narodil v 	Heinz Lammerding se narodil v Dortmundu.	Heinz Lammerding se narodil v Dortmundu.	Heinz Lammerding se narodil v 	Dortmundu	Heinz Lammerding se narodil v 	Dortmundu	Dortmund
Q945696	Cyril Lemoine	Cyril Lemoine	Q288	Tours	Tours	Cyril Lemoine was born in Tours .	Cyril Lemoine se narodil v Tours.	Cyril Lemoine se narodil v 	Cyril Lemoine se narodil v Tours.	Cyril Lemoine se narodil v Tourech.	Cyril Lemoine se narodil v 	Tours	Cyril Lemoine se narodil v 	Tourech	Tours
Q740282	Qasim Amin	Qasim Amin	Q87	Alexandria	Alexandrie	Qasim Amin was born in Alexandria .	Qasim Amin se narodil v Alexandrie.	Qasim Amin se narodil v 	Qasim Amin se narodil v Alexandrii.	Qasim Amin se narodil v Alexandrii.	Qasim Amin se narodil v 	Alexandrii	Qasim Amin se narodil v 	Alexandrii	Alexandria
Q312712	Mark Strong	Mark Strong	Q84	London	Londýn	Mark Strong was born in London .	Mark Strong se narodil v Londýn.	Mark Strong se narodil v 	Mark Strong se narodil v Londýně.	Mark Strong se narodil v Londýně.	Mark Strong se narodil v 	Londýně	Mark Strong se narodil v 	Londýně	London
Q57798	Edward I of England	Eduard I. Anglický	Q189960	Westminster	Westminster	Edward I of England was born in Westminster .	Eduard I. Anglický se narodil v Westminster.	Eduard I. Anglický se narodil v 	Edward I. Anglie se narodil ve Westminsteru.	Eduard I. Anglický se narodil ve Westminsteru.	Edward I. Anglie se narodil ve 	Westminsteru	Eduard I. Anglický se narodil ve 	Westminsteru	Westminster
Q766551	Martin Hannett	Martin Hannett	Q18125	Manchester	Manchester	Martin Hannett was born in Manchester .	Martin Hannett se narodil v Manchester.	Martin Hannett se narodil v 	Martin Hannett se narodil v Manchesteru .	Martin Hannett se narodil v Manchesteru.	Martin Hannett se narodil v 	Manchesteru	Martin Hannett se narodil v 	Manchesteru	Manchester
Q3190000	June Carroll	June Carroll	Q12439	Detroit	Detroit	June Carroll was born in Detroit .	June Carroll se narodil v Detroit.	June Carroll se narodil v 	June Carroll se narodila v Detroitu.	June Carroll se narodila v Detroitu.	June Carroll se narodila v 	Detroitu	June Carroll se narodila v 	Detroitu	Detroit
Q62961	Klaus Doldinger	Klaus Doldinger	Q64	Berlin	Berlín	Klaus Doldinger was born in Berlin .	Klaus Doldinger se narodil v Berlín.	Klaus Doldinger se narodil v 	Klaus Doldinger se narodil v Berlíně.	Klaus Doldinger se narodil v Berlíně.	Klaus Doldinger se narodil v 	Berlíně	Klaus Doldinger se narodil v 	Berlíně	Berlin|||Berlin
Q336151	John Cheever	John Cheever	Q49143	Quincy	Quincy	John Cheever was born in Quincy .	John Cheever se narodil v Quincy.	John Cheever se narodil v 	John Cheever se narodil v Quincy.	John Cheever se narodil v Quincy.	John Cheever se narodil v 	Quincy	John Cheever se narodil v 	Quincy	Quincy|||Quincy (Massachusetts)
Q229366	Marija Naumova	Marie N	Q1773	Riga	Riga	Marija Naumova was born in Riga .	Marie N se narodil v Riga.	Marie N se narodil v 	Marija Naumova se narodila v Rize.	Marie N se narodila v Rize.	Marija Naumova se narodila v 	Rize	Marie N se narodila v 	Rize	Riga
Q2309478	Nicholas Nixon	Nick Nixon	Q12439	Detroit	Detroit	Nicholas Nixon was born in Detroit .	Nick Nixon se narodil v Detroit.	Nick Nixon se narodil v 	Nicholas Nixon se narodil v Detroitu.	Nick Nixon se narodil v Detroitu.	Nicholas Nixon se narodil v 	Detroitu	Nick Nixon se narodil v 	Detroitu	Detroit
Q649822	Quentin Bell	Quentin Bell	Q84	London	Londýn	Quentin Bell was born in London .	Quentin Bell se narodil v Londýn.	Quentin Bell se narodil v 	Quentin Bell se narodil v Londýně.	Quentin Bell se narodil v Londýně.	Quentin Bell se narodil v 	Londýně	Quentin Bell se narodil v 	Londýně	London
Q201617	Margherita Buy	Margherita Buy	Q220	Rome	Řím	Margherita Buy was born in Rome .	Margherita Buy se narodil v Řím.	Margherita Buy se narodil v 	Margherita Buy se narodila v Římě.	Margherita Buy se narodila v Římě.	Margherita Buy se narodila v 	Římě	Margherita Buy se narodila v 	Římě	Rome|||Roma
