sub_uri	en_sub_label	sub_label	obj_uri	en_obj_label	obj_label	en_template	template	template_prompt	gt_translation	chatgpt_translation	gt_prompt	gt_infl_object	chatgpt_prompt	chatgpt_infl_object	aliases
Q464009	Knight Rider	Knight Rider	Q13974	NBC	NBC	Knight Rider was originally aired on NBC .	Knight Rider byl původně vysílán na NBC.	Knight Rider byl původně vysílán na 	 Seriál Knight Rider byl původně vysílán na NBC.	Knight Rider byl původně vysílán na NBC.	 Seriál Knight Rider byl původně vysílán na 	NBC	Knight Rider byl původně vysílán na 	NBC	NBC
Q874639	Wonder Pets!	Super zvířátka	Q154958	Nickelodeon	Nickelodeon	Wonder Pets! was originally aired on Nickelodeon .	Super zvířátka byl původně vysílán na Nickelodeon.	Super zvířátka byl původně vysílán na 	 Seriál Wonder Pets! byl původně vysílán na Nickelodeonu.	Super zvířátka byl původně vysílán na Nickelodeonu.	 Seriál Wonder Pets! byl původně vysílán na 	Nickelodeonu	Super zvířátka byl původně vysílán na 	Nickelodeonu	Nickelodeon
Q19570	The Good Wife	Dobrá manželka	Q43380	CBS	CBS	The Good Wife was originally aired on CBS .	Dobrá manželka byl původně vysílán na CBS.	Dobrá manželka byl původně vysílán na 	 Seriál Dobrá manželka byl původně vysílán na stanici CBS.	Dobrá manželka byla původně vysílána na CBS.	 Seriál Dobrá manželka byl původně vysílán na stanici 	CBS	Dobrá manželka byla původně vysílána na 	CBS	CBS|||Columbia Broadcasting System
Q15408538	Every Witch Way	Čarodějka každým coulem	Q154958	Nickelodeon	Nickelodeon	Every Witch Way was originally aired on Nickelodeon .	Čarodějka každým coulem byl původně vysílán na Nickelodeon.	Čarodějka každým coulem byl původně vysílán na 	 Seriál Every Witch Way byl původně vysílán na Nickelodeonu.	Čarodějka každým coulem byla původně vysílána na Nickelodeonu.	 Seriál Every Witch Way byl původně vysílán na 	Nickelodeonu	Čarodějka každým coulem byla původně vysílána na 	Nickelodeonu	Nickelodeon
Q147235	How I Met Your Mother	Jak jsem poznal vaši matku	Q43380	CBS	CBS	How I Met Your Mother was originally aired on CBS .	Jak jsem poznal vaši matku byl původně vysílán na CBS.	Jak jsem poznal vaši matku byl původně vysílán na 	 Seriál Jak jsem poznal vaši matku byl původně vysílán na CBS.	Jak jsem poznal vaši matku byl původně vysílán na CBS.	ERROR	ERROR	Jak jsem poznal vaši matku byl původně vysílán na 	CBS	CBS|||Columbia Broadcasting System
Q1149921	WWE Tough Enough	WWE Tough Enough	Q43359	MTV	MTV	WWE Tough Enough was originally aired on MTV .	WWE Tough Enough byl původně vysílán na MTV.	WWE Tough Enough byl původně vysílán na 	 WWE Tough Enough byl původně vysílán na MTV.	WWE Tough Enough byl původně vysílán na MTV.	 WWE Tough Enough byl původně vysílán na 	MTV	WWE Tough Enough byl původně vysílán na 	MTV	MTV
Q212135	Will & Grace	Will a Grace	Q13974	NBC	NBC	Will & Grace was originally aired on NBC .	Will a Grace byl původně vysílán na NBC.	Will a Grace byl původně vysílán na 	 Seriál Will a Grace byl původně vysílán na NBC.	Will a Grace byl původně vysílán na NBC.	 Seriál Will a Grace byl původně vysílán na 	NBC	Will a Grace byl původně vysílán na 	NBC	NBC
Q1823996	The Morey Amsterdam Show	The Morey Amsterdam Show	Q43380	CBS	CBS	The Morey Amsterdam Show was originally aired on CBS .	The Morey Amsterdam Show byl původně vysílán na CBS.	The Morey Amsterdam Show byl původně vysílán na 	 Morey Amsterdam Show byla původně vysílána na CBS.	The Morey Amsterdam Show byl původně vysílán na CBS.	 Morey Amsterdam Show byla původně vysílána na 	CBS	The Morey Amsterdam Show byl původně vysílán na 	CBS	CBS|||Columbia Broadcasting System
Q1816205	The Thin Blue Line	Tenká modrá linie	Q9531	British Broadcasting Corporation	BBC	The Thin Blue Line was originally aired on British Broadcasting Corporation .	Tenká modrá linie byl původně vysílán na BBC.	Tenká modrá linie byl původně vysílán na 	 Seriál Thin Blue Line byl původně vysílán na British Broadcasting Corporation.	Tenká modrá linie byl původně vysílán na BBC.	ERROR	ERROR	Tenká modrá linie byl původně vysílán na 	BBC	BBC|||British Broadcasting Corporation
Q888360	Bob the Builder	Bořek stavitel	Q9531	British Broadcasting Corporation	BBC	Bob the Builder was originally aired on British Broadcasting Corporation .	Bořek stavitel byl původně vysílán na BBC.	Bořek stavitel byl původně vysílán na 	 Seriál Bob the Builder byl původně vysílán na British Broadcasting Corporation.	Bořek stavitel byl původně vysílán na BBC.	ERROR	ERROR	Bořek stavitel byl původně vysílán na 	BBC	BBC|||British Broadcasting Corporation
Q256208	Trapper John, M.D.	Trapper John, M.D.	Q43380	CBS	CBS	Trapper John, M.D. was originally aired on CBS .	Trapper John, M.D. byl původně vysílán na CBS.	Trapper John, M.D. byl původně vysílán na 	 Seriál Trapper John, MD byl původně vysílán na stanici CBS.	Trapper John, M.D. byl původně vysílán na CBS.	 Seriál Trapper John, MD byl původně vysílán na stanici 	CBS	Trapper John, M.D. byl původně vysílán na 	CBS	CBS|||Columbia Broadcasting System
Q409389	Airwolf	Airwolf	Q43380	CBS	CBS	Airwolf was originally aired on CBS .	Airwolf byl původně vysílán na CBS.	Airwolf byl původně vysílán na 	 Airwolf byl původně vysílán na CBS.	Airwolf byl původně vysílán na CBS.	 Airwolf byl původně vysílán na 	CBS	Airwolf byl původně vysílán na 	CBS	CBS|||Columbia Broadcasting System
Q500769	Freaks and Geeks	Machři a šprti	Q13974	NBC	NBC	Freaks and Geeks was originally aired on NBC .	Machři a šprti byl původně vysílán na NBC.	Machři a šprti byl původně vysílán na 	 Seriál Freaks and Geeks byl původně vysílán na NBC.	Machři a šprti byl původně vysílán na NBC.	 Seriál Freaks and Geeks byl původně vysílán na 	NBC	Machři a šprti byl původně vysílán na 	NBC	NBC
Q2081494	The Ed Sullivan Show	The Ed Sullivan Show	Q43380	CBS	CBS	The Ed Sullivan Show was originally aired on CBS .	The Ed Sullivan Show byl původně vysílán na CBS.	The Ed Sullivan Show byl původně vysílán na 	 Pořad Ed Sullivan Show byl původně vysílán na CBS.	The Ed Sullivan Show byl původně vysílán na CBS.	 Pořad Ed Sullivan Show byl původně vysílán na 	CBS	The Ed Sullivan Show byl původně vysílán na 	CBS	CBS|||Columbia Broadcasting System
Q186219	True Blood	Pravá krev	Q23633	HBO	HBO	True Blood was originally aired on HBO .	Pravá krev byl původně vysílán na HBO.	Pravá krev byl původně vysílán na 	 Seriál Pravá krev byl původně vysílán na HBO.	Pravá krev byl původně vysílán na HBO.	 Seriál Pravá krev byl původně vysílán na 	HBO	Pravá krev byl původně vysílán na 	HBO	HBO|||Home Box Office
Q3962483	Skeleton Warriors	Kostrouni	Q43380	CBS	CBS	Skeleton Warriors was originally aired on CBS .	Kostrouni byl původně vysílán na CBS.	Kostrouni byl původně vysílán na 	 Seriál Skeleton Warriors byl původně vysílán na stanici CBS.	Kostrouni byl původně vysílán na CBS.	 Seriál Skeleton Warriors byl původně vysílán na stanici 	CBS	Kostrouni byl původně vysílán na 	CBS	CBS|||Columbia Broadcasting System
Q300420	A Gifted Man	Muž s posláním	Q43380	CBS	CBS	A Gifted Man was originally aired on CBS .	Muž s posláním byl původně vysílán na CBS.	Muž s posláním byl původně vysílán na 	 Seriál Nadaný muž byl původně vysílán na stanici CBS.	Muž s posláním byl původně vysílán na CBS.	 Seriál Nadaný muž byl původně vysílán na stanici 	CBS	Muž s posláním byl původně vysílán na 	CBS	CBS|||Columbia Broadcasting System
Q1079	Breaking Bad	Perníkový táta	Q294660	AMC	AMC	Breaking Bad was originally aired on AMC .	Perníkový táta byl původně vysílán na AMC.	Perníkový táta byl původně vysílán na 	Perníkový táta byl původně vysílán na AMC.	Perníkový táta byl původně vysílán na AMC.	Perníkový táta byl původně vysílán na 	AMC	Perníkový táta byl původně vysílán na 	AMC	AMC
Q647296	The Angry Beavers	The Angry Beavers	Q154958	Nickelodeon	Nickelodeon	The Angry Beavers was originally aired on Nickelodeon .	The Angry Beavers byl původně vysílán na Nickelodeon.	The Angry Beavers byl původně vysílán na 	 Rozzlobení bobři byli původně vysíláni na Nickelodeonu.	The Angry Beavers byl původně vysílán na Nickelodeonu.	 Rozzlobení bobři byli původně vysíláni na 	Nickelodeonu	The Angry Beavers byl původně vysílán na 	Nickelodeonu	Nickelodeon
Q23628	The Sopranos	Rodina Sopránů	Q23633	HBO	HBO	The Sopranos was originally aired on HBO .	Rodina Sopránů byl původně vysílán na HBO.	Rodina Sopránů byl původně vysílán na 	 Seriál Sopranos byl původně vysílán na HBO.	Rodina Sopránů byl původně vysílán na HBO.	 Seriál Sopranos byl původně vysílán na 	HBO	Rodina Sopránů byl původně vysílán na 	HBO	HBO|||Home Box Office
Q510554	Kojak	Kojak	Q43380	CBS	CBS	Kojak was originally aired on CBS .	Kojak byl původně vysílán na CBS.	Kojak byl původně vysílán na 	 Kojak byl původně vysílán na CBS.	Kojak byl původně vysílán na CBS.	 Kojak byl původně vysílán na 	CBS	Kojak byl původně vysílán na 	CBS	CBS|||Columbia Broadcasting System
Q18152910	Nicky, Ricky, Dicky & Dawn	Nicky, Ricky, Dicky a Dawn	Q154958	Nickelodeon	Nickelodeon	Nicky, Ricky, Dicky & Dawn was originally aired on Nickelodeon .	Nicky, Ricky, Dicky a Dawn byl původně vysílán na Nickelodeon.	Nicky, Ricky, Dicky a Dawn byl původně vysílán na 	 Seriál Nicky, Ricky, Dicky a Dawn byl původně vysílán na Nickelodeonu.	Nicky, Ricky, Dicky a Dawn byl původně vysílán na Nickelodeonu.	 Seriál Nicky, Ricky, Dicky a Dawn byl původně vysílán na 	Nickelodeonu	Nicky, Ricky, Dicky a Dawn byl původně vysílán na 	Nickelodeonu	Nickelodeon
Q498265	The New Normal	Úplně normální	Q13974	NBC	NBC	The New Normal was originally aired on NBC .	Úplně normální byl původně vysílán na NBC.	Úplně normální byl původně vysílán na 	 Seriál Nová normalita byl původně vysílán na NBC.	Úplně normální byl původně vysílán na NBC.	 Seriál Nová normalita byl původně vysílán na 	NBC	Úplně normální byl původně vysílán na 	NBC	NBC
Q833322	Murder, She Wrote	To je vražda, napsala	Q43380	CBS	CBS	Murder, She Wrote was originally aired on CBS .	To je vražda, napsala byl původně vysílán na CBS.	To je vražda, napsala byl původně vysílán na 	 Seriál Vražda, napsala (Murder, She Wrote) byl původně vysílán na stanici CBS.	To je vražda, napsala byla původně vysílána na CBS.	 Seriál Vražda, napsala (Murder, She Wrote) byl původně vysílán na stanici 	CBS	To je vražda, napsala byla původně vysílána na 	CBS	CBS|||Columbia Broadcasting System
Q3270510	Little Britain USA	Malá Velká Británie v USA	Q23633	HBO	HBO	Little Britain USA was originally aired on HBO .	Malá Velká Británie v USA byl původně vysílán na HBO.	Malá Velká Británie v USA byl původně vysílán na 	 Seriál Little Britain USA byl původně vysílán na HBO.	Malá Velká Británie v USA byl původně vysílán na HBO.	 Seriál Little Britain USA byl původně vysílán na 	HBO	Malá Velká Británie v USA byl původně vysílán na 	HBO	HBO|||Home Box Office
Q585758	Boardwalk Empire	Impérium – Mafie v Atlantic City	Q23633	HBO	HBO	Boardwalk Empire was originally aired on HBO .	Impérium – Mafie v Atlantic City byl původně vysílán na HBO.	Impérium – Mafie v Atlantic City byl původně vysílán na 	 Seriál Boardwalk Empire byl původně vysílán na HBO.	Impérium – Mafie v Atlantic City byl původně vysílán na HBO.	 Seriál Boardwalk Empire byl původně vysílán na 	HBO	Impérium – Mafie v Atlantic City byl původně vysílán na 	HBO	HBO|||Home Box Office
Q213588	Barney & Friends	Barney a přátelé	Q215616	PBS	PBS	Barney & Friends was originally aired on PBS .	Barney a přátelé byl původně vysílán na PBS.	Barney a přátelé byl původně vysílán na 	 Seriál Barney a přátelé byl původně vysílán na PBS.	Barney a přátelé byl původně vysílán na PBS.	 Seriál Barney a přátelé byl původně vysílán na 	PBS	Barney a přátelé byl původně vysílán na 	PBS	PBS
Q4634104	3-2-1 Penguins!	3-2-1 Tučňáci!	Q13974	NBC	NBC	3-2-1 Penguins! was originally aired on NBC .	3-2-1 Tučňáci! byl původně vysílán na NBC.	3-2-1 Tučňáci! byl původně vysílán na 	 Seriál 3-2-1 Penguins! byl původně vysílán na NBC.	3-2-1 Tučňáci! byl původně vysílán na NBC.	 Seriál 3-2-1 Penguins! byl původně vysílán na 	NBC	3-2-1 Tučňáci! byl původně vysílán na 	NBC	NBC
Q247869	60 Minutes	60 Minutes	Q43380	CBS	CBS	60 Minutes was originally aired on CBS .	60 Minutes byl původně vysílán na CBS.	60 Minutes byl původně vysílán na 	 Pořad 60 minut byl původně vysílán na CBS.	60 Minutes byl původně vysílán na CBS.	 Pořad 60 minut byl původně vysílán na 	CBS	60 Minutes byl původně vysílán na 	CBS	CBS|||Columbia Broadcasting System
Q13979	Saturday Night Live	Saturday Night Live	Q13974	NBC	NBC	Saturday Night Live was originally aired on NBC .	Saturday Night Live byl původně vysílán na NBC.	Saturday Night Live byl původně vysílán na 	 Pořad Saturday Night Live byl původně vysílán na NBC.	Saturday Night Live byl původně vysílán na NBC.	 Pořad Saturday Night Live byl původně vysílán na 	NBC	Saturday Night Live byl původně vysílán na 	NBC	NBC
Q48777	The Waltons	The Waltons	Q43380	CBS	CBS	The Waltons was originally aired on CBS .	The Waltons byl původně vysílán na CBS.	The Waltons byl původně vysílán na 	 Seriál Waltonovi byl původně vysílán na stanici CBS.	The Waltons byl původně vysílán na CBS.	 Seriál Waltonovi byl původně vysílán na stanici 	CBS	The Waltons byl původně vysílán na 	CBS	CBS|||Columbia Broadcasting System
Q18150372	Grace and Frankie	Grace a Frankie	Q907311	Netflix	Netflix	Grace and Frankie was originally aired on Netflix .	Grace a Frankie byl původně vysílán na Netflix.	Grace a Frankie byl původně vysílán na 	 Seriál Grace a Frankie byl původně vysílán na Netflixu.	Grace a Frankie byl původně vysílán na Netflixu.	 Seriál Grace a Frankie byl původně vysílán na 	Netflixu	Grace a Frankie byl původně vysílán na 	Netflixu	Netflix|||Netflix.com
Q559321	Miami Vice	Miami Vice	Q13974	NBC	NBC	Miami Vice was originally aired on NBC .	Miami Vice byl původně vysílán na NBC.	Miami Vice byl původně vysílán na 	 Miami Vice byl původně vysílán na NBC.	Miami Vice byl původně vysílán na NBC.	 Miami Vice byl původně vysílán na 	NBC	Miami Vice byl původně vysílán na 	NBC	NBC
Q15106029	PAW Patrol	Tlapková patrola	Q154958	Nickelodeon	Nickelodeon	PAW Patrol was originally aired on Nickelodeon .	Tlapková patrola byl původně vysílán na Nickelodeon.	Tlapková patrola byl původně vysílán na 	 Tlapková patrola byla původně vysílána na Nickelodeonu.	Tlapková patrola byla původně vysílána na Nickelodeonu.	 Tlapková patrola byla původně vysílána na 	Nickelodeonu	Tlapková patrola byla původně vysílána na 	Nickelodeonu	Nickelodeon
Q23722	Curb Your Enthusiasm	Larry, kroť se	Q23633	HBO	HBO	Curb Your Enthusiasm was originally aired on HBO .	Larry, kroť se byl původně vysílán na HBO.	Larry, kroť se byl původně vysílán na 	 Seriál Curb Your Enthusiasm byl původně vysílán na HBO.	Larry, kroť se byl původně vysílán na HBO.	 Seriál Curb Your Enthusiasm byl původně vysílán na 	HBO	Larry, kroť se byl původně vysílán na 	HBO	HBO|||Home Box Office
Q7099650	Orange Is the New Black	Holky za mřížemi	Q907311	Netflix	Netflix	Orange Is the New Black was originally aired on Netflix .	Holky za mřížemi byl původně vysílán na Netflix.	Holky za mřížemi byl původně vysílán na 	Seriál Orange Is the New Black byl původně vysílán na Netflixu.	Holky za mřížemi byl původně vysílán na Netflixu.	Seriál Orange Is the New Black byl původně vysílán na 	Netflixu	Holky za mřížemi byl původně vysílán na 	Netflixu	Netflix|||Netflix.com
Q3107406	The Tonight Show with Jay Leno	The Tonight Show with Jay Leno	Q13974	NBC	NBC	The Tonight Show with Jay Leno was originally aired on NBC .	The Tonight Show with Jay Leno byl původně vysílán na NBC.	The Tonight Show with Jay Leno byl původně vysílán na 	 Pořad The Tonight Show s Jayem Leno byl původně vysílán na NBC.	The Tonight Show with Jay Leno byl původně vysílán na NBC.	 Pořad The Tonight Show s Jayem Leno byl původně vysílán na 	NBC	The Tonight Show with Jay Leno byl původně vysílán na 	NBC	NBC
Q2579964	Ray Donovan	Ray Donovan	Q23589	Showtime	Showtime	Ray Donovan was originally aired on Showtime .	Ray Donovan byl původně vysílán na Showtime.	Ray Donovan byl původně vysílán na 	 Ray Donovan byl původně vysílán na Showtime.	Ray Donovan byl původně vysílán na Showtime.	 Ray Donovan byl původně vysílán na 	Showtime	Ray Donovan byl původně vysílán na 	Showtime	Showtime
Q202141	Criminal Minds	Myšlenky zločince	Q43380	CBS	CBS	Criminal Minds was originally aired on CBS .	Myšlenky zločince byl původně vysílán na CBS.	Myšlenky zločince byl původně vysílán na 	 Seriál Myšlenky zločince byl původně vysílán na stanici CBS.	Myšlenky zločince byl původně vysílán na CBS.	 Seriál Myšlenky zločince byl původně vysílán na stanici 	CBS	Myšlenky zločince byl původně vysílán na 	CBS	CBS|||Columbia Broadcasting System
Q32488	2 Broke Girls	2 Socky	Q43380	CBS	CBS	2 Broke Girls was originally aired on CBS .	2 Socky byl původně vysílán na CBS.	2 Socky byl původně vysílán na 	 Seriál 2 Broke Girls byl původně vysílán na CBS.	2 Socky byl původně vysílán na CBS.	 Seriál 2 Broke Girls byl původně vysílán na 	CBS	2 Socky byl původně vysílán na 	CBS	CBS|||Columbia Broadcasting System
Q732063	Cheers	Na zdraví	Q13974	NBC	NBC	Cheers was originally aired on NBC .	Na zdraví byl původně vysílán na NBC.	Na zdraví byl původně vysílán na 	 Seriál Cheers byl původně vysílán na NBC.	Na zdraví byl původně vysílán na NBC.	 Seriál Cheers byl původně vysílán na 	NBC	Na zdraví byl původně vysílán na 	NBC	NBC
Q331031	Dora the Explorer	Dora průzkumnice	Q154958	Nickelodeon	Nickelodeon	Dora the Explorer was originally aired on Nickelodeon .	Dora průzkumnice byl původně vysílán na Nickelodeon.	Dora průzkumnice byl původně vysílán na 	 Dora the Explorer byla původně vysílána na Nickelodeonu.	Dora průzkumnice byla původně vysílána na Nickelodeonu.	 Dora the Explorer byla původně vysílána na 	Nickelodeonu	Dora průzkumnice byla původně vysílána na 	Nickelodeonu	Nickelodeon
Q3013	iCarly	iCarly	Q154958	Nickelodeon	Nickelodeon	iCarly was originally aired on Nickelodeon .	iCarly byl původně vysílán na Nickelodeon.	iCarly byl původně vysílán na 	 iCarly byla původně vysílána na Nickelodeonu.	iCarly byl původně vysílán na Nickelodeonu.	 iCarly byla původně vysílána na 	Nickelodeonu	iCarly byl původně vysílán na 	Nickelodeonu	Nickelodeon
Q7847400	True Detective	Temný případ	Q23633	HBO	HBO	True Detective was originally aired on HBO .	Temný případ byl původně vysílán na HBO.	Temný případ byl původně vysílán na 	 Seriál True Detective byl původně vysílán na HBO.	Temný případ byl původně vysílán na HBO.	 Seriál True Detective byl původně vysílán na 	HBO	Temný případ byl původně vysílán na 	HBO	HBO|||Home Box Office
Q16468818	The Leftovers	Pozůstalí	Q23633	HBO	HBO	The Leftovers was originally aired on HBO .	Pozůstalí byl původně vysílán na HBO.	Pozůstalí byl původně vysílán na 	 Seriál Zbytky byl původně vysílán na HBO.	Pozůstalí byl původně vysílán na HBO.	 Seriál Zbytky byl původně vysílán na 	HBO	Pozůstalí byl původně vysílán na 	HBO	HBO|||Home Box Office
Q19263671	Harvey Beaks	Harvey Beaks	Q154958	Nickelodeon	Nickelodeon	Harvey Beaks was originally aired on Nickelodeon .	Harvey Beaks byl původně vysílán na Nickelodeon.	Harvey Beaks byl původně vysílán na 	 Harvey Beaks byl původně vysílán na Nickelodeonu.	Harvey Beaks byl původně vysílán na Nickelodeonu.	 Harvey Beaks byl původně vysílán na 	Nickelodeonu	Harvey Beaks byl původně vysílán na 	Nickelodeonu	Nickelodeon
Q464865	The Nanny	Chůva k pohledání	Q43380	CBS	CBS	The Nanny was originally aired on CBS .	Chůva k pohledání byl původně vysílán na CBS.	Chůva k pohledání byl původně vysílán na 	 Seriál Chůva byl původně vysílán na stanici CBS.	Chůva k pohledání byla původně vysílána na CBS.	 Seriál Chůva byl původně vysílán na stanici 	CBS	Chůva k pohledání byla původně vysílána na 	CBS	CBS|||Columbia Broadcasting System
Q643894	Suddenly Susan	Správná Susan	Q13974	NBC	NBC	Suddenly Susan was originally aired on NBC .	Správná Susan byl původně vysílán na NBC.	Správná Susan byl původně vysílán na 	 Seriál Suddenly Susan byl původně vysílán na NBC.	Správná Susan byl původně vysílán na NBC.	 Seriál Suddenly Susan byl původně vysílán na 	NBC	Správná Susan byl původně vysílán na 	NBC	NBC
Q733960	Cold Case	Odložené případy	Q43380	CBS	CBS	Cold Case was originally aired on CBS .	Odložené případy byl původně vysílán na CBS.	Odložené případy byl původně vysílán na 	 Cold Case byl původně vysílán na CBS.	Odložené případy byl původně vysílán na CBS.	 Cold Case byl původně vysílán na 	CBS	Odložené případy byl původně vysílán na 	CBS	CBS|||Columbia Broadcasting System
Q623222	Sam & Cat	Sam & Cat	Q154958	Nickelodeon	Nickelodeon	Sam & Cat was originally aired on Nickelodeon .	Sam & Cat byl původně vysílán na Nickelodeon.	Sam & Cat byl původně vysílán na 	 Seriál Sam & Cat byl původně vysílán na Nickelodeonu.	Sam & Cat byl původně vysílán na Nickelodeonu.	 Seriál Sam & Cat byl původně vysílán na 	Nickelodeonu	Sam & Cat byl původně vysílán na 	Nickelodeonu	Nickelodeon
Q19655	The Young Turks	The Young Turks	Q866	YouTube	YouTube	The Young Turks was originally aired on YouTube .	The Young Turks byl původně vysílán na YouTube.	The Young Turks byl původně vysílán na 	 Seriál Mladí Turci byl původně vysílán na YouTube.	The Young Turks byl původně vysílán na YouTube.	 Seriál Mladí Turci byl původně vysílán na 	YouTube	The Young Turks byl původně vysílán na 	YouTube	YouTube
Q2614622	Winter Is Coming	Zima se blíží	Q23633	HBO	HBO	Winter Is Coming was originally aired on HBO .	Zima se blíží byl původně vysílán na HBO.	Zima se blíží byl původně vysílán na 	 Seriál Zima se blíží (Winter Is Coming) byl původně vysílán na HBO.	Zima se blíží byl původně vysílán na HBO.	 Seriál Zima se blíží (Winter Is Coming) byl původně vysílán na 	HBO	Zima se blíží byl původně vysílán na 	HBO	HBO|||Home Box Office
Q752234	Las Vegas	Las Vegas: Kasino	Q13974	NBC	NBC	Las Vegas was originally aired on NBC .	Las Vegas: Kasino byl původně vysílán na NBC.	Las Vegas: Kasino byl původně vysílán na 	 Las Vegas byl původně vysílán na NBC.	Las Vegas: Kasino byl původně vysílán na NBC.	 Las Vegas byl původně vysílán na 	NBC	Las Vegas: Kasino byl původně vysílán na 	NBC	NBC
Q371207	Columbo	Columbo	Q13974	NBC	NBC	Columbo was originally aired on NBC .	Columbo byl původně vysílán na NBC.	Columbo byl původně vysílán na 	 Columbo byl původně vysílán na NBC.	Columbo byl původně vysílán na NBC.	 Columbo byl původně vysílán na 	NBC	Columbo byl původně vysílán na 	NBC	NBC
Q276	Eurovision Song Contest	Eurovision Song Contest	Q594073	Eurovision	Eurovize	Eurovision Song Contest was originally aired on Eurovision .	Eurovision Song Contest byl původně vysílán na Eurovize.	Eurovision Song Contest byl původně vysílán na 	Soutěž Eurovision Song Contest byla původně vysílána na Eurovizi.	Eurovision Song Contest byl původně vysílán na Eurovizi.	Soutěž Eurovision Song Contest byla původně vysílána na 	Eurovizi	Eurovision Song Contest byl původně vysílán na 	Eurovizi	Eurovision
Q1969978	Passions	Passions	Q13974	NBC	NBC	Passions was originally aired on NBC .	Passions byl původně vysílán na NBC.	Passions byl původně vysílán na 	 Seriál Passions byl původně vysílán na NBC.	Passions byl původně vysílán na NBC.	 Seriál Passions byl původně vysílán na 	NBC	Passions byl původně vysílán na 	NBC	NBC
Q11221	The Smurfs	Šmoulové	Q13974	NBC	NBC	The Smurfs was originally aired on NBC .	Šmoulové byl původně vysílán na NBC.	Šmoulové byl původně vysílán na 	 Šmoulové byli původně vysíláni na NBC.	Šmoulové byl původně vysílán na NBC.	 Šmoulové byli původně vysíláni na 	NBC	Šmoulové byl původně vysílán na 	NBC	NBC
Q189350	30 Rock	Studio 30 Rock	Q13974	NBC	NBC	30 Rock was originally aired on NBC .	Studio 30 Rock byl původně vysílán na NBC.	Studio 30 Rock byl původně vysílán na 	 Seriál 30 Rock byl původně vysílán na NBC.	Studio 30 Rock byl původně vysílán na NBC.	 Seriál 30 Rock byl původně vysílán na 	NBC	Studio 30 Rock byl původně vysílán na 	NBC	NBC
Q850563	Bubble Guppies	Podvodníčci	Q154958	Nickelodeon	Nickelodeon	Bubble Guppies was originally aired on Nickelodeon .	Podvodníčci byl původně vysílán na Nickelodeon.	Podvodníčci byl původně vysílán na 	 Seriál Bubble Guppies byl původně vysílán na Nickelodeonu.	Podvodníčci byl původně vysílán na Nickelodeonu.	 Seriál Bubble Guppies byl původně vysílán na 	Nickelodeonu	Podvodníčci byl původně vysílán na 	Nickelodeonu	Nickelodeon
Q204228	The Mentalist	Mentalista	Q43380	CBS	CBS	The Mentalist was originally aired on CBS .	Mentalista byl původně vysílán na CBS.	Mentalista byl původně vysílán na 	 Seriál Mentalista byl původně vysílán na stanici CBS.	Mentalista byl původně vysílán na CBS.	 Seriál Mentalista byl původně vysílán na stanici 	CBS	Mentalista byl původně vysílán na 	CBS	CBS|||Columbia Broadcasting System
Q5935	Numbers	Vražedná čísla	Q43380	CBS	CBS	Numbers was originally aired on CBS .	Vražedná čísla byl původně vysílán na CBS.	Vražedná čísla byl původně vysílán na 	 Seriál Numbers byl původně vysílán na CBS.	Vražedná čísla byla původně vysílána na CBS.	 Seriál Numbers byl původně vysílán na 	CBS	Vražedná čísla byla původně vysílána na 	CBS	CBS|||Columbia Broadcasting System
Q794761	Big Time Rush	Big Time Rush	Q154958	Nickelodeon	Nickelodeon	Big Time Rush was originally aired on Nickelodeon .	Big Time Rush byl původně vysílán na Nickelodeon.	Big Time Rush byl původně vysílán na 	 Big Time Rush byl původně vysílán na Nickelodeonu.	Big Time Rush byl původně vysílán na Nickelodeonu.	 Big Time Rush byl původně vysílán na 	Nickelodeonu	Big Time Rush byl původně vysílán na 	Nickelodeonu	Nickelodeon
Q1247770	Peter Gunn	Peter Gunn	Q13974	NBC	NBC	Peter Gunn was originally aired on NBC .	Peter Gunn byl původně vysílán na NBC.	Peter Gunn byl původně vysílán na 	 Peter Gunn byl původně vysílán na NBC.	Peter Gunn byl původně vysílán na NBC.	 Peter Gunn byl původně vysílán na 	NBC	Peter Gunn byl původně vysílán na 	NBC	NBC
Q2062996	True Women	Pravé ženy	Q43380	CBS	CBS	True Women was originally aired on CBS .	Pravé ženy byl původně vysílán na CBS.	Pravé ženy byl původně vysílán na 	 Seriál Pravé ženy (True Women) byl původně vysílán na stanici CBS.	Pravé ženy byly původně vysílány na CBS.	 Seriál Pravé ženy (True Women) byl původně vysílán na stanici 	CBS	Pravé ženy byly původně vysílány na 	CBS	CBS|||Columbia Broadcasting System
Q1817561	Late Night with Jimmy Fallon	Late Night with Jimmy Fallon	Q13974	NBC	NBC	Late Night with Jimmy Fallon was originally aired on NBC .	Late Night with Jimmy Fallon byl původně vysílán na NBC.	Late Night with Jimmy Fallon byl původně vysílán na 	 Seriál Pozdní noc s Jimmym Fallonem byl původně vysílán na NBC.	Late Night with Jimmy Fallon byl původně vysílán na NBC.	 Seriál Pozdní noc s Jimmym Fallonem byl původně vysílán na 	NBC	Late Night with Jimmy Fallon byl původně vysílán na 	NBC	NBC
Q1164745	The Event	Událost	Q13974	NBC	NBC	The Event was originally aired on NBC .	Událost byl původně vysílán na NBC.	Událost byl původně vysílán na 	 Událost byla původně vysílána na NBC.	Událost byl původně vysílán na NBC.	 Událost byla původně vysílána na 	NBC	Událost byl původně vysílán na 	NBC	NBC
Q223320	Baywatch	Pobřežní hlídka	Q13974	NBC	NBC	Baywatch was originally aired on NBC .	Pobřežní hlídka byl původně vysílán na NBC.	Pobřežní hlídka byl původně vysílán na 	 Pobřežní hlídka byla původně vysílána na NBC.	Pobřežní hlídka byl původně vysílán na NBC.	 Pobřežní hlídka byla původně vysílána na 	NBC	Pobřežní hlídka byl původně vysílán na 	NBC	NBC
Q1361124	The Ren & Stimpy Show	Ren a Stimpy	Q154958	Nickelodeon	Nickelodeon	The Ren & Stimpy Show was originally aired on Nickelodeon .	Ren a Stimpy byl původně vysílán na Nickelodeon.	Ren a Stimpy byl původně vysílán na 	 Ren & Stimpy Show byl původně vysílán na Nickelodeonu.	Ren a Stimpy byla původně vysílána na Nickelodeonu.	 Ren & Stimpy Show byl původně vysílán na 	Nickelodeonu	Ren a Stimpy byla původně vysílána na 	Nickelodeonu	Nickelodeon
Q1165866	Daria	Daria	Q43359	MTV	MTV	Daria was originally aired on MTV .	Daria byl původně vysílán na MTV.	Daria byl původně vysílán na 	 Daria byla původně vysílána na MTV.	Daria byla původně vysílána na MTV.	 Daria byla původně vysílána na 	MTV	Daria byla původně vysílána na 	MTV	MTV
Q1247241	Hill Street Blues	Poldové z Hill Street	Q13974	NBC	NBC	Hill Street Blues was originally aired on NBC .	Poldové z Hill Street byl původně vysílán na NBC.	Poldové z Hill Street byl původně vysílán na 	 Hill Street Blues byl původně vysílán na NBC.	Poldové z Hill Street byl původně vysílán na NBC.	 Hill Street Blues byl původně vysílán na 	NBC	Poldové z Hill Street byl původně vysílán na 	NBC	NBC
Q8281555	Crossing Lines	Bez hranic	Q13974	NBC	NBC	Crossing Lines was originally aired on NBC .	Bez hranic byl původně vysílán na NBC.	Bez hranic byl původně vysílán na 	 Seriál Crossing Lines byl původně vysílán na NBC.	Bez hranic byl původně vysílán na NBC.	 Seriál Crossing Lines byl původně vysílán na 	NBC	Bez hranic byl původně vysílán na 	NBC	NBC
Q4533	Victorious	V jako Victoria	Q154958	Nickelodeon	Nickelodeon	Victorious was originally aired on Nickelodeon .	V jako Victoria byl původně vysílán na Nickelodeon.	V jako Victoria byl původně vysílán na 	 Seriál Victorious byl původně vysílán na Nickelodeonu.	V jako Victoria byl původně vysílán na Nickelodeonu.	 Seriál Victorious byl původně vysílán na 	Nickelodeonu	V jako Victoria byl původně vysílán na 	Nickelodeonu	Nickelodeon
Q3565853	Playmakers	Hvězdy týmu	Q217776	ESPN	ESPN	Playmakers was originally aired on ESPN .	Hvězdy týmu byl původně vysílán na ESPN.	Hvězdy týmu byl původně vysílán na 	 Playmakers byl původně vysílán na ESPN.	Hvězdy týmu byl původně vysílán na ESPN.	 Playmakers byl původně vysílán na 	ESPN	Hvězdy týmu byl původně vysílán na 	ESPN	ESPN
Q615944	The Mary Tyler Moore Show	The Mary Tyler Moore Show	Q43380	CBS	CBS	The Mary Tyler Moore Show was originally aired on CBS .	The Mary Tyler Moore Show byl původně vysílán na CBS.	The Mary Tyler Moore Show byl původně vysílán na 	Mary Tyler Moore Show byla původně vysílána na CBS.	The Mary Tyler Moore Show byl původně vysílán na CBS.	Mary Tyler Moore Show byla původně vysílána na 	CBS	The Mary Tyler Moore Show byl původně vysílán na 	CBS	CBS|||Columbia Broadcasting System
Q6057742	The Tonight Show Starring Johnny Carson	The Tonight Show Starring Johnny Carson	Q13974	NBC	NBC	The Tonight Show Starring Johnny Carson was originally aired on NBC .	The Tonight Show Starring Johnny Carson byl původně vysílán na NBC.	The Tonight Show Starring Johnny Carson byl původně vysílán na 	 Pořad The Tonight Show Starring Johnny Carson byl původně vysílán na NBC.	The Tonight Show Starring Johnny Carson byl původně vysílán na NBC.	 Pořad The Tonight Show Starring Johnny Carson byl původně vysílán na 	NBC	The Tonight Show Starring Johnny Carson byl původně vysílán na 	NBC	NBC
Q1193168	The Equalizer	The Equalizer	Q43380	CBS	CBS	The Equalizer was originally aired on CBS .	The Equalizer byl původně vysílán na CBS.	The Equalizer byl původně vysílán na 	 Ekvalizér byl původně vysílán na CBS.	The Equalizer byl původně vysílán na CBS.	 Ekvalizér byl původně vysílán na 	CBS	The Equalizer byl původně vysílán na 	CBS	CBS|||Columbia Broadcasting System
Q576501	Garfield and Friends	Garfield a přátelé	Q43380	CBS	CBS	Garfield and Friends was originally aired on CBS .	Garfield a přátelé byl původně vysílán na CBS.	Garfield a přátelé byl původně vysílán na 	 Seriál Garfield a přátelé byl původně vysílán na stanici CBS.	Garfield a přátelé byl původně vysílán na CBS.	 Seriál Garfield a přátelé byl původně vysílán na stanici 	CBS	Garfield a přátelé byl původně vysílán na 	CBS	CBS|||Columbia Broadcasting System
Q6084	NCIS: Los Angeles	Námořní vyšetřovací služba L. A.	Q43380	CBS	CBS	NCIS: Los Angeles was originally aired on CBS .	Námořní vyšetřovací služba L. A. byl původně vysílán na CBS.	Námořní vyšetřovací služba L. A. byl původně vysílán na 	 Seriál NCIS: Los Angeles byl původně vysílán na stanici CBS.	Námořní vyšetřovací služba L. A. byl původně vysílán na CBS.	 Seriál NCIS: Los Angeles byl původně vysílán na stanici 	CBS	Námořní vyšetřovací služba L. A. byl původně vysílán na 	CBS	CBS|||Columbia Broadcasting System
Q321423	Law & Order	Zákon a pořádek	Q13974	NBC	NBC	Law & Order was originally aired on NBC .	Zákon a pořádek byl původně vysílán na NBC.	Zákon a pořádek byl původně vysílán na 	 Seriál Zákon a pořádek byl původně vysílán na NBC.	Zákon a pořádek byl původně vysílán na NBC.	 Seriál Zákon a pořádek byl původně vysílán na 	NBC	Zákon a pořádek byl původně vysílán na 	NBC	NBC
Q83978	Danny Phantom	Danny Phantom	Q154958	Nickelodeon	Nickelodeon	Danny Phantom was originally aired on Nickelodeon .	Danny Phantom byl původně vysílán na Nickelodeon.	Danny Phantom byl původně vysílán na 	 Danny Phantom byl původně vysílán na Nickelodeonu.	Danny Phantom byl původně vysílán na Nickelodeonu.	 Danny Phantom byl původně vysílán na 	Nickelodeonu	Danny Phantom byl původně vysílán na 	Nickelodeonu	Nickelodeon
Q310966	SeaQuest DSV	Strážce moře	Q13974	NBC	NBC	SeaQuest DSV was originally aired on NBC .	Strážce moře byl původně vysílán na NBC.	Strážce moře byl původně vysílán na 	 SeaQuest DSV byl původně vysílán na NBC.	Strážce moře byl původně vysílán na NBC.	 SeaQuest DSV byl původně vysílán na 	NBC	Strážce moře byl původně vysílán na 	NBC	NBC
Q641613	The Amazing Race	The Amazing Race	Q43380	CBS	CBS	The Amazing Race was originally aired on CBS .	The Amazing Race byl původně vysílán na CBS.	The Amazing Race byl původně vysílán na 	 Seriál Úžasný závod byl původně vysílán na stanici CBS.	The Amazing Race byl původně vysílán na CBS.	 Seriál Úžasný závod byl původně vysílán na stanici 	CBS	The Amazing Race byl původně vysílán na 	CBS	CBS|||Columbia Broadcasting System
Q896891	The Ray Bradbury Theater	Divadlo Raye Bradburyho	Q23633	HBO	HBO	The Ray Bradbury Theater was originally aired on HBO .	Divadlo Raye Bradburyho byl původně vysílán na HBO.	Divadlo Raye Bradburyho byl původně vysílán na 	 Seriál Divadlo Raye Bradburyho byl původně vysílán na HBO.	Divadlo Raye Bradburyho byl původně vysílán na HBO.	 Seriál Divadlo Raye Bradburyho byl původně vysílán na 	HBO	Divadlo Raye Bradburyho byl původně vysílán na 	HBO	HBO|||Home Box Office
Q318649	Ghost Whisperer	Posel ztracených duší	Q43380	CBS	CBS	Ghost Whisperer was originally aired on CBS .	Posel ztracených duší byl původně vysílán na CBS.	Posel ztracených duší byl původně vysílán na 	 Seriál Zaříkávač duchů byl původně vysílán na stanici CBS.	Posel ztracených duší byl původně vysílán na CBS.	 Seriál Zaříkávač duchů byl původně vysílán na stanici 	CBS	Posel ztracených duší byl původně vysílán na 	CBS	CBS|||Columbia Broadcasting System
Q3486966	Rob & Big	Rob & Big	Q43359	MTV	MTV	Rob & Big was originally aired on MTV .	Rob & Big byl původně vysílán na MTV.	Rob & Big byl původně vysílán na 	 Rob & Big byl původně vysílán na MTV.	Rob & Big byl původně vysílán na MTV.	 Rob & Big byl původně vysílán na 	MTV	Rob & Big byl původně vysílán na 	MTV	MTV
Q1494980	Gary Unmarried	Gary Unmarried	Q43380	CBS	CBS	Gary Unmarried was originally aired on CBS .	Gary Unmarried byl původně vysílán na CBS.	Gary Unmarried byl původně vysílán na 	 Seriál Gary Unmanried byl původně vysílán na stanici CBS.	Gary Unmarried byl původně vysílán na CBS.	 Seriál Gary Unmanried byl původně vysílán na stanici 	CBS	Gary Unmarried byl původně vysílán na 	CBS	CBS|||Columbia Broadcasting System
Q34659	My Name Is Earl	Jmenuju se Earl	Q13974	NBC	NBC	My Name Is Earl was originally aired on NBC .	Jmenuju se Earl byl původně vysílán na NBC.	Jmenuju se Earl byl původně vysílán na 	 Seriál My Name Is Earl byl původně vysílán na NBC.	Jmenuju se Earl byl původně vysílán na NBC.	 Seriál My Name Is Earl byl původně vysílán na 	NBC	Jmenuju se Earl byl původně vysílán na 	NBC	NBC
Q17328326	Henry Danger	Henry Nebezpečný	Q154958	Nickelodeon	Nickelodeon	Henry Danger was originally aired on Nickelodeon .	Henry Nebezpečný byl původně vysílán na Nickelodeon.	Henry Nebezpečný byl původně vysílán na 	 Henry Danger byl původně vysílán na Nickelodeonu.	Henry Nebezpečný byl původně vysílán na Nickelodeonu.	 Henry Danger byl původně vysílán na 	Nickelodeonu	Henry Nebezpečný byl původně vysílán na 	Nickelodeonu	Nickelodeon
Q13148212	The Blacklist	Černá listina	Q13974	NBC	NBC	The Blacklist was originally aired on NBC .	Černá listina byl původně vysílán na NBC.	Černá listina byl původně vysílán na 	 Černá listina byla původně vysílána na NBC.	Černá listina byla původně vysílána na NBC.	 Černá listina byla původně vysílána na 	NBC	Černá listina byla původně vysílána na 	NBC	NBC
Q150529	CatDog	Kočkopes	Q154958	Nickelodeon	Nickelodeon	CatDog was originally aired on Nickelodeon .	Kočkopes byl původně vysílán na Nickelodeon.	Kočkopes byl původně vysílán na 	 Seriál CatDog byl původně vysílán na Nickelodeonu.	Kočkopes byl původně vysílán na Nickelodeonu.	 Seriál CatDog byl původně vysílán na 	Nickelodeonu	Kočkopes byl původně vysílán na 	Nickelodeonu	Nickelodeon
Q732383	Yes Minister	Jistě, pane ministře	Q9531	British Broadcasting Corporation	BBC	Yes Minister was originally aired on British Broadcasting Corporation .	Jistě, pane ministře byl původně vysílán na BBC.	Jistě, pane ministře byl původně vysílán na 	 Seriál Yes Minister byl původně vysílán na British Broadcasting Corporation.	Jistě, pane ministře byl původně vysílán na BBC.	ERROR	ERROR	Jistě, pane ministře byl původně vysílán na 	BBC	BBC|||British Broadcasting Corporation
Q1926620	Miami Medical	Pohotovost Miami	Q43380	CBS	CBS	Miami Medical was originally aired on CBS .	Pohotovost Miami byl původně vysílán na CBS.	Pohotovost Miami byl původně vysílán na 	Seriál Miami Medical byl původně vysílán na stanici CBS.	Pohotovost Miami byla původně vysílána na CBS.	Seriál Miami Medical byl původně vysílán na stanici 	CBS	Pohotovost Miami byla původně vysílána na 	CBS	CBS|||Columbia Broadcasting System
Q1278637	The Wild Wild West	The Wild Wild West	Q43380	CBS	CBS	The Wild Wild West was originally aired on CBS .	The Wild Wild West byl původně vysílán na CBS.	The Wild Wild West byl původně vysílán na 	 Divoký divoký západ byl původně vysílán na CBS.	The Wild Wild West byl původně vysílán na CBS.	 Divoký divoký západ byl původně vysílán na 	CBS	The Wild Wild West byl původně vysílán na 	CBS	CBS|||Columbia Broadcasting System
Q39037	The Fairly OddParents	Kouzelní kmotříčci	Q154958	Nickelodeon	Nickelodeon	The Fairly OddParents was originally aired on Nickelodeon .	Kouzelní kmotříčci byl původně vysílán na Nickelodeon.	Kouzelní kmotříčci byl původně vysílán na 	 Seriál Docela zvláštní rodiče (The Fairly OddParents) byl původně vysílán na Nickelodeonu.	Kouzelní kmotříčci byl původně vysílán na Nickelodeonu.	 Seriál Docela zvláštní rodiče (The Fairly OddParents) byl původně vysílán na 	Nickelodeonu	Kouzelní kmotříčci byl původně vysílán na 	Nickelodeonu	Nickelodeon
Q289592	Revolution	Revoluce	Q13974	NBC	NBC	Revolution was originally aired on NBC .	Revoluce byl původně vysílán na NBC.	Revoluce byl původně vysílán na 	 Seriál Revolution byl původně vysílán na NBC.	Revoluce byla původně vysílána na NBC.	 Seriál Revolution byl původně vysílán na 	NBC	Revoluce byla původně vysílána na 	NBC	NBC
Q16735585	Last Week Tonight with John Oliver	Last Week Tonight with John Oliver	Q23633	HBO	HBO	Last Week Tonight with John Oliver was originally aired on HBO .	Last Week Tonight with John Oliver byl původně vysílán na HBO.	Last Week Tonight with John Oliver byl původně vysílán na 	 Pořad Last Week Tonight s Johnem Oliverem byl původně vysílán na HBO.	Last Week Tonight with John Oliver byl původně vysílán na HBO.	 Pořad Last Week Tonight s Johnem Oliverem byl původně vysílán na 	HBO	Last Week Tonight with John Oliver byl původně vysílán na 	HBO	HBO|||Home Box Office
Q17080059	Sense8	Sense8	Q907311	Netflix	Netflix	Sense8 was originally aired on Netflix .	Sense8 byl původně vysílán na Netflix.	Sense8 byl původně vysílán na 	 Seriál Sense8 byl původně vysílán na Netflixu.	Sense8 byl původně vysílán na Netflixu.	 Seriál Sense8 byl původně vysílán na 	Netflixu	Sense8 byl původně vysílán na 	Netflixu	Netflix|||Netflix.com
Q6834331	Michael Shayne	Michael Shayne	Q13974	NBC	NBC	Michael Shayne was originally aired on NBC .	Michael Shayne byl původně vysílán na NBC.	Michael Shayne byl původně vysílán na 	 Michael Shayne byl původně vysílán na NBC.	Michael Shayne byl původně vysílán na NBC.	 Michael Shayne byl původně vysílán na 	NBC	Michael Shayne byl původně vysílán na 	NBC	NBC
Q1806831	Late Night with David Letterman	Late Night with David Letterman	Q13974	NBC	NBC	Late Night with David Letterman was originally aired on NBC .	Late Night with David Letterman byl původně vysílán na NBC.	Late Night with David Letterman byl původně vysílán na 	 Seriál Pozdní noc s Davidem Lettermanem byl původně vysílán na NBC.	Late Night with David Letterman byl původně vysílán na NBC.	 Seriál Pozdní noc s Davidem Lettermanem byl původně vysílán na 	NBC	Late Night with David Letterman byl původně vysílán na 	NBC	NBC
Q1145764	Guiding Light	U nás ve Springfieldu	Q43380	CBS	CBS	Guiding Light was originally aired on CBS .	U nás ve Springfieldu byl původně vysílán na CBS.	U nás ve Springfieldu byl původně vysílán na 	 Seriál Guiding Light byl původně vysílán na stanici CBS.	U nás ve Springfieldu byl původně vysílán na CBS.	 Seriál Guiding Light byl původně vysílán na stanici 	CBS	U nás ve Springfieldu byl původně vysílán na 	CBS	CBS|||Columbia Broadcasting System
Q846222	Viva La Bam	Viva la Bam	Q43359	MTV	MTV	Viva La Bam was originally aired on MTV .	Viva la Bam byl původně vysílán na MTV.	Viva la Bam byl původně vysílán na 	 Viva La Bam byl původně vysílán na MTV.	Viva la Bam byl původně vysílán na MTV.	 Viva La Bam byl původně vysílán na 	MTV	Viva la Bam byl původně vysílán na 	MTV	MTV
Q8539	The Big Bang Theory	Teorie velkého třesku	Q43380	CBS	CBS	The Big Bang Theory was originally aired on CBS .	Teorie velkého třesku byl původně vysílán na CBS.	Teorie velkého třesku byl původně vysílán na 	 Teorie velkého třesku byla původně vysílána na CBS.	Teorie velkého třesku byl původně vysílán na CBS.	 Teorie velkého třesku byla původně vysílána na 	CBS	Teorie velkého třesku byl původně vysílán na 	CBS	CBS|||Columbia Broadcasting System
Q743334	Walking with Dinosaurs	Putování s dinosaury	Q9531	British Broadcasting Corporation	BBC	Walking with Dinosaurs was originally aired on British Broadcasting Corporation .	Putování s dinosaury byl původně vysílán na BBC.	Putování s dinosaury byl původně vysílán na 	 Pořad Putování s dinosaury byl původně vysílán na British Broadcasting Corporation.	Putování s dinosaury byl původně vysílán na BBC.	ERROR	ERROR	Putování s dinosaury byl původně vysílán na 	BBC	BBC|||British Broadcasting Corporation
Q1543066	Meet the Press with Chuck Todd	Meet the Press	Q13974	NBC	NBC	Meet the Press with Chuck Todd was originally aired on NBC .	Meet the Press byl původně vysílán na NBC.	Meet the Press byl původně vysílán na 	 Pořad Meet the Press with Chuck Todd byl původně vysílán na NBC.	Meet the Press byl původně vysílán na NBC.	 Pořad Meet the Press with Chuck Todd byl původně vysílán na 	NBC	Meet the Press byl původně vysílán na 	NBC	NBC
Q205683	Scooby-Doo	Scooby-Doo	Q43380	CBS	CBS	Scooby-Doo was originally aired on CBS .	Scooby-Doo byl původně vysílán na CBS.	Scooby-Doo byl původně vysílán na 	 Scooby-Doo byl původně vysílán na CBS.	Scooby-Doo byl původně vysílán na CBS.	 Scooby-Doo byl původně vysílán na 	CBS	ERROR	ERROR	CBS|||Columbia Broadcasting System
