sub_uri	en_sub_label	sub_label	obj_uri	en_obj_label	obj_label	en_template	template	template_prompt	gt_translation	chatgpt_translation	gt_prompt	gt_infl_object	chatgpt_prompt	chatgpt_infl_object	aliases
Q5977	Buddy Holly	Buddy Holly	Q557632	Decca	Decca Records	Buddy Holly is represented by music label Decca .	Buddy Holly je reprezentován hudební značkou Decca Records.	Buddy Holly je reprezentován hudební značkou 	 Buddyho Hollyho zastupuje hudební vydavatelství Decca.	Buddy Holly je zastoupen hudebním vydavatelstvím Decca Records.	ERROR	ERROR	Buddy Holly je zastoupen hudebním vydavatelstvím 	Decca Records	Decca
Q2914477	Bill Haley & His Comets	Bill Haley & His Comets	Q557632	Decca	Decca Records	Bill Haley & His Comets is represented by music label Decca .	Bill Haley & His Comets je reprezentován hudební značkou Decca Records.	Bill Haley & His Comets je reprezentován hudební značkou 	 Bill Haley & His Comets je zastoupen hudebním vydavatelstvím Decca.	Bill Haley & His Comets je zastoupena hudebním vydavatelstvím Decca Records.	ERROR	ERROR	Bill Haley & His Comets je zastoupena hudebním vydavatelstvím 	Decca Records	Decca
Q128085	Georg Solti	Georg Solti	Q557632	Decca	Decca Records	Georg Solti is represented by music label Decca .	Georg Solti je reprezentován hudební značkou Decca Records.	Georg Solti je reprezentován hudební značkou 	 Georga Soltiho zastupuje hudební vydavatelství Decca.	Georg Solti je zastoupen hudebním vydavatelstvím Decca Records.	ERROR	ERROR	Georg Solti je zastoupen hudebním vydavatelstvím 	Decca Records	Decca
Q846373	The Temptations	The Temptations	Q43327	Motown	Motown Records	The Temptations is represented by music label Motown .	The Temptations je reprezentován hudební značkou Motown Records.	The Temptations je reprezentován hudební značkou 	 Kapela Temptations je zastoupena hudebním vydavatelstvím Motown.	The Temptations je zastoupena hudebním vydavatelstvím Motown Records.	ERROR	ERROR	The Temptations je zastoupena hudebním vydavatelstvím 	Motown Records	Motown
Q5383	David Bowie	David Bowie	Q183412	EMI	EMI	David Bowie is represented by music label EMI .	David Bowie je reprezentován hudební značkou EMI.	David Bowie je reprezentován hudební značkou 	 Davida Bowieho zastupuje hudební vydavatelství EMI.	David Bowie je zastoupen hudebním vydavatelstvím EMI.	 Davida Bowieho zastupuje hudební vydavatelství 	EMI	David Bowie je zastoupen hudebním vydavatelstvím 	EMI	EMI|||EMI Music|||EMI Records|||EMI Records Limited
Q189758	Marvin Gaye	Marvin Gaye	Q43327	Motown	Motown Records	Marvin Gaye is represented by music label Motown .	Marvin Gaye je reprezentován hudební značkou Motown Records.	Marvin Gaye je reprezentován hudební značkou 	 Marvina Gayea zastupuje hudební vydavatelství Motown.	Marvin Gaye je zastoupen hudebním vydavatelstvím Motown Records.	ERROR	ERROR	Marvin Gaye je zastoupen hudebním vydavatelstvím 	Motown Records	Motown
Q714	Stevie Wonder	Stevie Wonder	Q43327	Motown	Motown Records	Stevie Wonder is represented by music label Motown .	Stevie Wonder je reprezentován hudební značkou Motown Records.	Stevie Wonder je reprezentován hudební značkou 	 Stevieho Wondera zastupuje hudební vydavatelství Motown.	Stevie Wonder je zastoupen hudebním vydavatelstvím Motown Records.	ERROR	ERROR	Stevie Wonder je zastoupen hudebním vydavatelstvím 	Motown Records	Motown
Q355288	Berry Gordy	Berry Gordy	Q43327	Motown	Motown Records	Berry Gordy is represented by music label Motown .	Berry Gordy je reprezentován hudební značkou Motown Records.	Berry Gordy je reprezentován hudební značkou 	 Berry Gordy je zastupována hudebním vydavatelstvím Motown.	Berry Gordy je zastoupen hudebním vydavatelstvím Motown Records.	ERROR	ERROR	Berry Gordy je zastoupen hudebním vydavatelstvím 	Motown Records	Motown
Q3832196	Lifemask	Lifemask	Q1324712	Harvest	Harvest Records	Lifemask is represented by music label Harvest .	Lifemask je reprezentován hudební značkou Harvest Records.	Lifemask je reprezentován hudební značkou 	 Lifemask je zastoupen hudebním vydavatelstvím Harvest.	Lifemask je zastoupena hudebním vydavatelstvím Harvest Records.	ERROR	ERROR	Lifemask je zastoupena hudebním vydavatelstvím 	Harvest Records	Harvest
Q218837	The Supremes	The Supremes	Q43327	Motown	Motown Records	The Supremes is represented by music label Motown .	The Supremes je reprezentován hudební značkou Motown Records.	The Supremes je reprezentován hudební značkou 	 The Supremes je zastoupen hudebním vydavatelstvím Motown.	The Supremes je zastoupena hudebním vydavatelstvím Motown Records.	ERROR	ERROR	The Supremes je zastoupena hudebním vydavatelstvím 	Motown Records	Motown
Q310332	Smokey Robinson	Smokey Robinson	Q43327	Motown	Motown Records	Smokey Robinson is represented by music label Motown .	Smokey Robinson je reprezentován hudební značkou Motown Records.	Smokey Robinson je reprezentován hudební značkou 	 Smokeyho Robinsona zastupuje hudební vydavatelství Motown.	Smokey Robinson je zastoupen hudebním vydavatelstvím Motown Records.	ERROR	ERROR	Smokey Robinson je zastoupen hudebním vydavatelstvím 	Motown Records	Motown
Q45862	Never Can Say Goodbye	Never Can Say Goodbye	Q43327	Motown	Motown Records	Never Can Say Goodbye is represented by music label Motown .	Never Can Say Goodbye je reprezentován hudební značkou Motown Records.	Never Can Say Goodbye je reprezentován hudební značkou 	 Never Can Say Goodbye je zastoupena hudebním vydavatelstvím Motown.	Never Can Say Goodbye je zastoupena hudebním vydavatelstvím Motown Records.	ERROR	ERROR	Never Can Say Goodbye je zastoupena hudebním vydavatelstvím 	Motown Records	Motown
Q1161836	The Pointer Sisters	The Pointer Sisters	Q43327	Motown	Motown Records	The Pointer Sisters is represented by music label Motown .	The Pointer Sisters je reprezentován hudební značkou Motown Records.	The Pointer Sisters je reprezentován hudební značkou 	 Skupinu Pointer Sisters zastupuje hudební vydavatelství Motown.	The Pointer Sisters je zastoupena hudebním vydavatelstvím Motown Records.	ERROR	ERROR	The Pointer Sisters je zastoupena hudebním vydavatelstvím 	Motown Records	Motown
Q211965	The Moody Blues	The Moody Blues	Q557632	Decca	Decca Records	The Moody Blues is represented by music label Decca .	The Moody Blues je reprezentován hudební značkou Decca Records.	The Moody Blues je reprezentován hudební značkou 	 Moody Blues je zastoupen hudebním vydavatelstvím Decca.	The Moody Blues je zastoupena hudebním vydavatelstvím Decca Records.	ERROR	ERROR	The Moody Blues je zastoupena hudebním vydavatelstvím 	Decca Records	Decca
Q1089523	Chumbawamba	Chumbawamba	Q183412	EMI	EMI	Chumbawamba is represented by music label EMI .	Chumbawamba je reprezentován hudební značkou EMI.	Chumbawamba je reprezentován hudební značkou 	 Chumbawamba je zastoupena hudební značkou EMI.	Chumbawamba je zastoupena hudebním vydavatelstvím EMI.	 Chumbawamba je zastoupena hudební značkou 	EMI	Chumbawamba je zastoupena hudebním vydavatelstvím 	EMI	EMI|||EMI Music|||EMI Records|||EMI Records Limited
Q287206	Commodores	Commodores	Q43327	Motown	Motown Records	Commodores is represented by music label Motown .	Commodores je reprezentován hudební značkou Motown Records.	Commodores je reprezentován hudební značkou 	 Commodores je zastoupen hudebním vydavatelstvím Motown.	Commodores je zastoupeni hudebním vydavatelstvím Motown Records.	ERROR	ERROR	Commodores je zastoupeni hudebním vydavatelstvím 	Motown Records	Motown
Q316282	John Mayall	John Mayall	Q557632	Decca	Decca Records	John Mayall is represented by music label Decca .	John Mayall je reprezentován hudební značkou Decca Records.	John Mayall je reprezentován hudební značkou 	 Johna Mayalla zastupuje hudební vydavatelství Decca.	John Mayall je zastoupen hudebním vydavatelstvím Decca Records.	ERROR	ERROR	John Mayall je zastoupen hudebním vydavatelstvím 	Decca Records	Decca
Q886072	John Mayall & the Bluesbreakers	John Mayall & the Bluesbreakers	Q557632	Decca	Decca Records	John Mayall & the Bluesbreakers is represented by music label Decca .	John Mayall & the Bluesbreakers je reprezentován hudební značkou Decca Records.	John Mayall & the Bluesbreakers je reprezentován hudební značkou 	John Mayall & the Bluesbreakers je zastoupen hudebním vydavatelstvím Decca.	John Mayall & the Bluesbreakers je zastoupena hudebním vydavatelstvím Decca Records.	ERROR	ERROR	John Mayall & the Bluesbreakers je zastoupena hudebním vydavatelstvím 	Decca Records	Decca
Q72984	Bing Crosby	Bing Crosby	Q557632	Decca	Decca Records	Bing Crosby is represented by music label Decca .	Bing Crosby je reprezentován hudební značkou Decca Records.	Bing Crosby je reprezentován hudební značkou 	 Binga Crosbyho zastupuje hudební vydavatelství Decca.	Bing Crosby je zastoupen hudebním vydavatelstvím Decca Records.	ERROR	ERROR	Bing Crosby je zastoupen hudebním vydavatelstvím 	Decca Records	Decca
Q1779	Louis Armstrong	Louis Armstrong	Q557632	Decca	Decca Records	Louis Armstrong is represented by music label Decca .	Louis Armstrong je reprezentován hudební značkou Decca Records.	Louis Armstrong je reprezentován hudební značkou 	 Louise Armstronga zastupuje hudební vydavatelství Decca.	Louis Armstrong je zastoupen hudebním vydavatelstvím Decca Records.	ERROR	ERROR	Louis Armstrong je zastoupen hudebním vydavatelstvím 	Decca Records	Decca
Q1768	Ella Fitzgerald	Ella Fitzgeraldová	Q557632	Decca	Decca Records	Ella Fitzgerald is represented by music label Decca .	Ella Fitzgeraldová je reprezentován hudební značkou Decca Records.	Ella Fitzgeraldová je reprezentován hudební značkou 	 Ellu Fitzgerald zastupuje hudební vydavatelství Decca.	Ella Fitzgeraldová je zastoupena hudebním vydavatelstvím Decca Records.	ERROR	ERROR	Ella Fitzgeraldová je zastoupena hudebním vydavatelstvím 	Decca Records	Decca
Q128297	Maria Callas	Maria Callas	Q183412	EMI	EMI	Maria Callas is represented by music label EMI .	Maria Callas je reprezentován hudební značkou EMI.	Maria Callas je reprezentován hudební značkou 	 Marii Callas zastupuje hudební vydavatelství EMI.	Maria Callas je zastoupena hudebním vydavatelstvím EMI.	 Marii Callas zastupuje hudební vydavatelství 	EMI	Maria Callas je zastoupena hudebním vydavatelstvím 	EMI	EMI|||EMI Music|||EMI Records|||EMI Records Limited
Q1529105	Gladys Knight & the Pips	Pips	Q43327	Motown	Motown Records	Gladys Knight & the Pips is represented by music label Motown .	Pips je reprezentován hudební značkou Motown Records.	Pips je reprezentován hudební značkou 	 Gladys Knight & the Pips je zastoupena hudebním vydavatelstvím Motown.	Translation: Gladys Knight & the Pips je zastoupena hudebním vydavatelstvím Motown Records.	ERROR	ERROR	Translation: Gladys Knight & the Pips je zastoupena hudebním vydavatelstvím 	Motown Records	Motown
Q36290	Diana Ross	Diana Rossová	Q43327	Motown	Motown Records	Diana Ross is represented by music label Motown .	Diana Rossová je reprezentován hudební značkou Motown Records.	Diana Rossová je reprezentován hudební značkou 	 Dianu Ross zastupuje hudební vydavatelství Motown.	Diana Rossová je zastoupena hudebním vydavatelstvím Motown Records.	ERROR	ERROR	Diana Rossová je zastoupena hudebním vydavatelstvím 	Motown Records	Motown
Q2701959	Lamont Dozier	Lamont Dozier	Q43327	Motown	Motown Records	Lamont Dozier is represented by music label Motown .	Lamont Dozier je reprezentován hudební značkou Motown Records.	Lamont Dozier je reprezentován hudební značkou 	 Lamont Dozier je zastoupen hudebním vydavatelstvím Motown.	Lamont Dozier je zastoupen hudebním vydavatelstvím Motown Records.	ERROR	ERROR	Lamont Dozier je zastoupen hudebním vydavatelstvím 	Motown Records	Motown
Q178134	The Isley Brothers	The Isley Brothers	Q43327	Motown	Motown Records	The Isley Brothers is represented by music label Motown .	The Isley Brothers je reprezentován hudební značkou Motown Records.	The Isley Brothers je reprezentován hudební značkou 	 Isley Brothers je zastoupen hudebním vydavatelstvím Motown.	The Isley Brothers je zastoupeno hudebním vydavatelstvím Motown Records.	ERROR	ERROR	The Isley Brothers je zastoupeno hudebním vydavatelstvím 	Motown Records	Motown
Q633	Neil Young	Neil Young	Q43327	Motown	Motown Records	Neil Young is represented by music label Motown .	Neil Young je reprezentován hudební značkou Motown Records.	Neil Young je reprezentován hudební značkou 	 Neila Younga zastupuje hudební vydavatelství Motown.	Neil Young je zastoupen hudebním vydavatelstvím Motown Records.	ERROR	ERROR	Neil Young je zastoupen hudebním vydavatelstvím 	Motown Records	Motown
Q11036	The Rolling Stones	The Rolling Stones	Q557632	Decca	Decca Records	The Rolling Stones is represented by music label Decca .	The Rolling Stones je reprezentován hudební značkou Decca Records.	The Rolling Stones je reprezentován hudební značkou 	 Rolling Stones zastupuje hudební vydavatelství Decca.	The Rolling Stones jsou zastoupeni hudebním vydavatelstvím Decca Records.	ERROR	ERROR	The Rolling Stones jsou zastoupeni hudebním vydavatelstvím 	Decca Records	Decca
Q150767	Benjamin Britten	Benjamin Britten	Q557632	Decca	Decca Records	Benjamin Britten is represented by music label Decca .	Benjamin Britten je reprezentován hudební značkou Decca Records.	Benjamin Britten je reprezentován hudební značkou 	 Benjamina Brittena zastupuje hudební vydavatelství Decca.	Benjamin Britten je zastoupen hudebním vydavatelstvím Decca Records.	ERROR	ERROR	Benjamin Britten je zastoupen hudebním vydavatelstvím 	Decca Records	Decca
Q595705	Talk Talk	Talk Talk	Q183412	EMI	EMI	Talk Talk is represented by music label EMI .	Talk Talk je reprezentován hudební značkou EMI.	Talk Talk je reprezentován hudební značkou 	 Talk Talk je zastoupen hudebním vydavatelstvím EMI.	Talk Talk je zastoupena hudebním vydavatelstvím EMI.	 Talk Talk je zastoupen hudebním vydavatelstvím 	EMI	Talk Talk je zastoupena hudebním vydavatelstvím 	EMI	EMI|||EMI Music|||EMI Records|||EMI Records Limited
Q2306	Pink Floyd	Pink Floyd	Q183412	EMI	EMI	Pink Floyd is represented by music label EMI .	Pink Floyd je reprezentován hudební značkou EMI.	Pink Floyd je reprezentován hudební značkou 	 Pink Floyd je zastoupen hudební značkou EMI.	Pink Floyd je zastoupeno hudebním vydavatelstvím EMI.	 Pink Floyd je zastoupen hudební značkou 	EMI	Pink Floyd je zastoupeno hudebním vydavatelstvím 	EMI	EMI|||EMI Music|||EMI Records|||EMI Records Limited
Q546956	James Jamerson	James Jamerson	Q43327	Motown	Motown Records	James Jamerson is represented by music label Motown .	James Jamerson je reprezentován hudební značkou Motown Records.	James Jamerson je reprezentován hudební značkou 	 Jamese Jamersona zastupuje hudební vydavatelství Motown.	James Jamerson je zastoupen hudebním vydavatelstvím Motown Records.	ERROR	ERROR	James Jamerson je zastoupen hudebním vydavatelstvím 	Motown Records	Motown
Q173790	Roxette	Roxette	Q183412	EMI	EMI	Roxette is represented by music label EMI .	Roxette je reprezentován hudební značkou EMI.	Roxette je reprezentován hudební značkou 	 Roxette je zastoupena hudební značkou EMI.	Roxette je zastoupena hudebním vydavatelstvím EMI.	 Roxette je zastoupena hudební značkou 	EMI	Roxette je zastoupena hudebním vydavatelstvím 	EMI	EMI|||EMI Music|||EMI Records|||EMI Records Limited
Q1206839	The Mills Brothers	The Mills Brothers	Q557632	Decca	Decca Records	The Mills Brothers is represented by music label Decca .	The Mills Brothers je reprezentován hudební značkou Decca Records.	The Mills Brothers je reprezentován hudební značkou 	 The Mills Brothers je zastoupen hudebním vydavatelstvím Decca.	The Mills Brothers je zastoupena hudebním vydavatelstvím Decca Records.	ERROR	ERROR	The Mills Brothers je zastoupena hudebním vydavatelstvím 	Decca Records	Decca
Q192463	Creedence Clearwater Revival	Creedence Clearwater Revival	Q1308364	Fantasy	Fantasy Records	Creedence Clearwater Revival is represented by music label Fantasy .	Creedence Clearwater Revival je reprezentován hudební značkou Fantasy Records.	Creedence Clearwater Revival je reprezentován hudební značkou 	Creedence Clearwater Revival je zastoupena hudebním vydavatelstvím Fantasy.	Creedence Clearwater Revival je zastoupeno hudebním vydavatelstvím Fantasy Records.	ERROR	ERROR	Creedence Clearwater Revival je zastoupeno hudebním vydavatelstvím 	Fantasy Records	Fantasy
Q191819	George Martin	George Martin	Q183412	EMI	EMI	George Martin is represented by music label EMI .	George Martin je reprezentován hudební značkou EMI.	George Martin je reprezentován hudební značkou 	 George Martina zastupuje hudební vydavatelství EMI.	George Martin je zastoupen hudebním vydavatelstvím EMI.	 George Martina zastupuje hudební vydavatelství 	EMI	George Martin je zastoupen hudebním vydavatelstvím 	EMI	EMI|||EMI Music|||EMI Records|||EMI Records Limited
Q273080	Patsy Cline	Patsy Cline	Q557632	Decca	Decca Records	Patsy Cline is represented by music label Decca .	Patsy Cline je reprezentován hudební značkou Decca Records.	Patsy Cline je reprezentován hudební značkou 	 Patsy Cline je zastupována hudebním vydavatelstvím Decca.	Patsy Cline je zastoupena hudebním vydavatelstvím Decca Records.	ERROR	ERROR	Patsy Cline je zastoupena hudebním vydavatelstvím 	Decca Records	Decca
Q207269	Joan Sutherland	Joan Sutherlandová	Q557632	Decca	Decca Records	Joan Sutherland is represented by music label Decca .	Joan Sutherlandová je reprezentován hudební značkou Decca Records.	Joan Sutherlandová je reprezentován hudební značkou 	 Joan Sutherland je zastupována hudebním vydavatelstvím Decca.	Joan Sutherlandová je zastoupena hudebním vydavatelstvím Decca Records.	ERROR	ERROR	Joan Sutherlandová je zastoupena hudebním vydavatelstvím 	Decca Records	Decca
Q972398	The Andrews Sisters	The Andrews Sisters	Q557632	Decca	Decca Records	The Andrews Sisters is represented by music label Decca .	The Andrews Sisters je reprezentován hudební značkou Decca Records.	The Andrews Sisters je reprezentován hudební značkou 	 Sestry Andrewsové zastupuje hudební vydavatelství Decca.	The Andrews Sisters je zastoupena hudebním vydavatelstvím Decca Records.	ERROR	ERROR	The Andrews Sisters je zastoupena hudebním vydavatelstvím 	Decca Records	Decca
Q205458	Meddle	Meddle	Q1324712	Harvest	Harvest Records	Meddle is represented by music label Harvest .	Meddle je reprezentován hudební značkou Harvest Records.	Meddle je reprezentován hudební značkou 	 Meddle je zastoupen hudebním vydavatelstvím Harvest.	Meddle je zastoupeno hudebním vydavatelstvím Harvest Records.	ERROR	ERROR	Meddle je zastoupeno hudebním vydavatelstvím 	Harvest Records	Harvest
Q2306	Pink Floyd	Pink Floyd	Q1324712	Harvest	Harvest Records	Pink Floyd is represented by music label Harvest .	Pink Floyd je reprezentován hudební značkou Harvest Records.	Pink Floyd je reprezentován hudební značkou 	 Pink Floyd je zastoupen hudebním vydavatelstvím Harvest.	Pink Floyd je zastoupen hudebním vydavatelstvím Harvest Records.	ERROR	ERROR	Pink Floyd je zastoupen hudebním vydavatelstvím 	Harvest Records	Harvest
Q104358	Billie Holiday	Billie Holiday	Q557632	Decca	Decca Records	Billie Holiday is represented by music label Decca .	Billie Holiday je reprezentován hudební značkou Decca Records.	Billie Holiday je reprezentován hudební značkou 	 Billie Holiday je zastupována hudebním vydavatelstvím Decca.	Billie Holiday je zastoupena hudebním vydavatelstvím Decca Records.	ERROR	ERROR	Billie Holiday je zastoupena hudebním vydavatelstvím 	Decca Records	Decca
Q4030	Duke Ellington	Duke Ellington	Q557632	Decca	Decca Records	Duke Ellington is represented by music label Decca .	Duke Ellington je reprezentován hudební značkou Decca Records.	Duke Ellington je reprezentován hudební značkou 	 Duke Ellington je zastoupen hudební značkou Decca.	Duke Ellington je zastoupen hudebním vydavatelstvím Decca Records.	ERROR	ERROR	Duke Ellington je zastoupen hudebním vydavatelstvím 	Decca Records	Decca
Q230925	Brenda Lee	Brenda Lee	Q557632	Decca	Decca Records	Brenda Lee is represented by music label Decca .	Brenda Lee je reprezentován hudební značkou Decca Records.	Brenda Lee je reprezentován hudební značkou 	 Brendu Lee zastupuje hudební vydavatelství Decca.	Brenda Lee je zastoupena hudebním vydavatelstvím Decca Records.	ERROR	ERROR	Brenda Lee je zastoupena hudebním vydavatelstvím 	Decca Records	Decca
Q1189111	Dennis Edwards	Dennis Edwards	Q43327	Motown	Motown Records	Dennis Edwards is represented by music label Motown .	Dennis Edwards je reprezentován hudební značkou Motown Records.	Dennis Edwards je reprezentován hudební značkou 	 Dennise Edwardse zastupuje hudební vydavatelství Motown.	Dennis Edwards je zastoupen hudebním vydavatelstvím Motown Records.	ERROR	ERROR	Dennis Edwards je zastoupen hudebním vydavatelstvím 	Motown Records	Motown
Q426015	Wizzard	Wizzard	Q183412	EMI	EMI	Wizzard is represented by music label EMI .	Wizzard je reprezentován hudební značkou EMI.	Wizzard je reprezentován hudební značkou 	 Wizzard je zastoupen hudební značkou EMI.	Wizzard je zastoupeno hudebním vydavatelstvím EMI.	 Wizzard je zastoupen hudební značkou 	EMI	Wizzard je zastoupeno hudebním vydavatelstvím 	EMI	EMI|||EMI Music|||EMI Records|||EMI Records Limited
Q7924906	Vic Schoen	Vic Schoen	Q557632	Decca	Decca Records	Vic Schoen is represented by music label Decca .	Vic Schoen je reprezentován hudební značkou Decca Records.	Vic Schoen je reprezentován hudební značkou 	 Vica Schoena zastupuje hudební vydavatelství Decca.	Vic Schoen je zastoupen hudebním vydavatelstvím Decca Records.	ERROR	ERROR	Vic Schoen je zastoupen hudebním vydavatelstvím 	Decca Records	Decca
Q44892	Kraftwerk	Kraftwerk	Q183412	EMI	EMI	Kraftwerk is represented by music label EMI .	Kraftwerk je reprezentován hudební značkou EMI.	Kraftwerk je reprezentován hudební značkou 	 Kraftwerk je zastoupen hudební značkou EMI.	Kraftwerk je zastoupeno hudebním vydavatelstvím EMI.	 Kraftwerk je zastoupen hudební značkou 	EMI	Kraftwerk je zastoupeno hudebním vydavatelstvím 	EMI	EMI|||EMI Music|||EMI Records|||EMI Records Limited
Q1544144	Tin Machine	Tin Machine	Q183412	EMI	EMI	Tin Machine is represented by music label EMI .	Tin Machine je reprezentován hudební značkou EMI.	Tin Machine je reprezentován hudební značkou 	 Tin Machine je zastoupena hudební značkou EMI.	Tin Machine je zastoupeno hudebním vydavatelstvím EMI.	 Tin Machine je zastoupena hudební značkou 	EMI	Tin Machine je zastoupeno hudebním vydavatelstvím 	EMI	EMI|||EMI Music|||EMI Records|||EMI Records Limited
Q154216	Cat Stevens	Cat Stevens	Q557632	Decca	Decca Records	Cat Stevens is represented by music label Decca .	Cat Stevens je reprezentován hudební značkou Decca Records.	Cat Stevens je reprezentován hudební značkou 	 Cat Stevens je zastupována hudebním vydavatelstvím Decca.	Cat Stevens je zastoupen hudebním vydavatelstvím Decca Records.	ERROR	ERROR	Cat Stevens je zastoupen hudebním vydavatelstvím 	Decca Records	Decca
Q387754	Re-Flex	Re-flex	Q183412	EMI	EMI	Re-Flex is represented by music label EMI .	Re-flex je reprezentován hudební značkou EMI.	Re-flex je reprezentován hudební značkou 	 Re-Flex je zastoupen hudebním vydavatelstvím EMI.	Re-Flex je zastoupeno hudebním vydavatelstvím EMI.	 Re-Flex je zastoupen hudebním vydavatelstvím 	EMI	Re-Flex je zastoupeno hudebním vydavatelstvím 	EMI	EMI|||EMI Music|||EMI Records|||EMI Records Limited
Q1326522	Martha and the Vandellas	Martha and the Vandellas	Q43327	Motown	Motown Records	Martha and the Vandellas is represented by music label Motown .	Martha and the Vandellas je reprezentován hudební značkou Motown Records.	Martha and the Vandellas je reprezentován hudební značkou 	Martha and the Vandellas je zastoupena hudebním vydavatelstvím Motown.	Martha a Vandellas je zastoupena hudebním vydavatelstvím Motown Records.	ERROR	ERROR	Martha a Vandellas je zastoupena hudebním vydavatelstvím 	Motown Records	Motown
Q1120684	Supergrass	Supergrass	Q183412	EMI	EMI	Supergrass is represented by music label EMI .	Supergrass je reprezentován hudební značkou EMI.	Supergrass je reprezentován hudební značkou 	 Supergrass je zastoupen hudební značkou EMI.	Supergrass je zastoupena hudebním vydavatelstvím EMI.	 Supergrass je zastoupen hudební značkou 	EMI	Supergrass je zastoupena hudebním vydavatelstvím 	EMI	EMI|||EMI Music|||EMI Records|||EMI Records Limited
Q483802	Nickelback	Nickelback	Q183412	EMI	EMI	Nickelback is represented by music label EMI .	Nickelback je reprezentován hudební značkou EMI.	Nickelback je reprezentován hudební značkou 	 Nickelback je zastoupen hudební značkou EMI.	Nickelback je zastoupeno hudebním vydavatelstvím EMI.	 Nickelback je zastoupen hudební značkou 	EMI	Nickelback je zastoupeno hudebním vydavatelstvím 	EMI	EMI|||EMI Music|||EMI Records|||EMI Records Limited
Q262399	Les Paul	Les Paul	Q557632	Decca	Decca Records	Les Paul is represented by music label Decca .	Les Paul je reprezentován hudební značkou Decca Records.	Les Paul je reprezentován hudební značkou 	 Les Paula zastupuje hudební vydavatelství Decca.	Les Paul je zastoupen hudebním vydavatelstvím Decca Records.	ERROR	ERROR	Les Paul je zastoupen hudebním vydavatelstvím 	Decca Records	Decca
Q101505	Deep Purple	Deep Purple	Q183412	EMI	EMI	Deep Purple is represented by music label EMI .	Deep Purple je reprezentován hudební značkou EMI.	Deep Purple je reprezentován hudební značkou 	 Deep Purple je zastoupen hudební značkou EMI.	Deep Purple je zastoupena hudebním vydavatelstvím EMI.	 Deep Purple je zastoupen hudební značkou 	EMI	Deep Purple je zastoupena hudebním vydavatelstvím 	EMI	EMI|||EMI Music|||EMI Records|||EMI Records Limited
Q287514	Marc Bolan	Marc Bolan	Q183412	EMI	EMI	Marc Bolan is represented by music label EMI .	Marc Bolan je reprezentován hudební značkou EMI.	Marc Bolan je reprezentován hudební značkou 	 Marca Bolana zastupuje hudební vydavatelství EMI.	Marc Bolan je zastoupen hudebním vydavatelstvím EMI.	 Marca Bolana zastupuje hudební vydavatelství 	EMI	Marc Bolan je zastoupen hudebním vydavatelstvím 	EMI	EMI|||EMI Music|||EMI Records|||EMI Records Limited
Q3366973	Marv Tarplin	Marv Tarplin	Q43327	Motown	Motown Records	Marv Tarplin is represented by music label Motown .	Marv Tarplin je reprezentován hudební značkou Motown Records.	Marv Tarplin je reprezentován hudební značkou 	 Marva Tarplina zastupuje hudební vydavatelství Motown.	Marv Tarplin je zastoupen hudebním vydavatelstvím Motown Records.	ERROR	ERROR	Marv Tarplin je zastoupen hudebním vydavatelstvím 	Motown Records	Motown
Q636	Kate Bush	Kate Bush	Q183412	EMI	EMI	Kate Bush is represented by music label EMI .	Kate Bush je reprezentován hudební značkou EMI.	Kate Bush je reprezentován hudební značkou 	 Kate Bush je zastupována hudební společností EMI.	Kate Bush je zastoupena hudebním vydavatelstvím EMI.	 Kate Bush je zastupována hudební společností 	EMI	Kate Bush je zastoupena hudebním vydavatelstvím 	EMI	EMI|||EMI Music|||EMI Records|||EMI Records Limited
Q11998	Kylie Minogue	Kylie Minogue	Q183412	EMI	EMI	Kylie Minogue is represented by music label EMI .	Kylie Minogue je reprezentován hudební značkou EMI.	Kylie Minogue je reprezentován hudební značkou 	 Kylie Minogue je zastupována hudební značkou EMI.	Kylie Minogue je zastoupena hudebním vydavatelstvím EMI.	 Kylie Minogue je zastupována hudební značkou 	EMI	Kylie Minogue je zastoupena hudebním vydavatelstvím 	EMI	EMI|||EMI Music|||EMI Records|||EMI Records Limited
Q26695	Lionel Richie	Lionel Richie	Q43327	Motown	Motown Records	Lionel Richie is represented by music label Motown .	Lionel Richie je reprezentován hudební značkou Motown Records.	Lionel Richie je reprezentován hudební značkou 	 Lionela Richieho zastupuje hudební vydavatelství Motown.	Lionel Richie je zastoupen hudebním vydavatelstvím Motown Records.	ERROR	ERROR	Lionel Richie je zastoupen hudebním vydavatelstvím 	Motown Records	Motown
Q538000	Serena Ryder	Serena Ryder	Q183412	EMI	EMI	Serena Ryder is represented by music label EMI .	Serena Ryder je reprezentován hudební značkou EMI.	Serena Ryder je reprezentován hudební značkou 	 Serenu Ryder zastupuje hudební vydavatelství EMI.	Serena Ryder je zastoupena hudebním vydavatelstvím EMI.	 Serenu Ryder zastupuje hudební vydavatelství 	EMI	Serena Ryder je zastoupena hudebním vydavatelstvím 	EMI	EMI|||EMI Music|||EMI Records|||EMI Records Limited
Q1281029	Marmalade	Marmalade	Q557632	Decca	Decca Records	Marmalade is represented by music label Decca .	Marmalade je reprezentován hudební značkou Decca Records.	Marmalade je reprezentován hudební značkou 	 Marmalade je zastoupena hudebním vydavatelstvím Decca.	Marmalade je zastoupena hudebním vydavatelstvím Decca Records.	ERROR	ERROR	Marmalade je zastoupena hudebním vydavatelstvím 	Decca Records	Decca
Q1069140	Luis Miguel	Luis Miguel	Q183412	EMI	EMI	Luis Miguel is represented by music label EMI .	Luis Miguel je reprezentován hudební značkou EMI.	Luis Miguel je reprezentován hudební značkou 	 Luise Miguela zastupuje hudební vydavatelství EMI.	Luis Miguel je zastoupen hudebním vydavatelstvím EMI.	 Luise Miguela zastupuje hudební vydavatelství 	EMI	Luis Miguel je zastoupen hudebním vydavatelstvím 	EMI	EMI|||EMI Music|||EMI Records|||EMI Records Limited
Q11637	Judy Garland	Judy Garlandová	Q557632	Decca	Decca Records	Judy Garland is represented by music label Decca .	Judy Garlandová je reprezentován hudební značkou Decca Records.	Judy Garlandová je reprezentován hudební značkou 	 Judy Garland zastupuje hudební vydavatelství Decca.	Judy Garlandová je zastoupena hudebním vydavatelstvím Decca Records.	ERROR	ERROR	Judy Garlandová je zastoupena hudebním vydavatelstvím 	Decca Records	Decca
Q333405	Perry Como	Perry Como	Q557632	Decca	Decca Records	Perry Como is represented by music label Decca .	Perry Como je reprezentován hudební značkou Decca Records.	Perry Como je reprezentován hudební značkou 	 Perryho Coma zastupuje hudební vydavatelství Decca.	Perry Como je zastoupen hudebním vydavatelstvím Decca Records.	ERROR	ERROR	Perry Como je zastoupen hudebním vydavatelstvím 	Decca Records	Decca
Q539116	Tom Fogerty	Tom Fogerty	Q1308364	Fantasy	Fantasy Records	Tom Fogerty is represented by music label Fantasy .	Tom Fogerty je reprezentován hudební značkou Fantasy Records.	Tom Fogerty je reprezentován hudební značkou 	 Toma Fogertyho zastupuje hudební vydavatelství Fantasy.	Tom Fogerty je zastoupen hudebním vydavatelstvím Fantasy Records.	ERROR	ERROR	Tom Fogerty je zastoupen hudebním vydavatelstvím 	Fantasy Records	Fantasy
Q222628	Small Faces	Small Faces	Q557632	Decca	Decca Records	Small Faces is represented by music label Decca .	Small Faces je reprezentován hudební značkou Decca Records.	Small Faces je reprezentován hudební značkou 	 Small Faces je zastoupen hudebním vydavatelstvím Decca.	Small Faces je zastoupena hudebním vydavatelstvím Decca Records.	ERROR	ERROR	Small Faces je zastoupena hudebním vydavatelstvím 	Decca Records	Decca
Q461011	Louis Jordan	Louis Jordan	Q557632	Decca	Decca Records	Louis Jordan is represented by music label Decca .	Louis Jordan je reprezentován hudební značkou Decca Records.	Louis Jordan je reprezentován hudební značkou 	 Louise Jordana zastupuje hudební vydavatelství Decca.	Louis Jordan je zastoupen hudebním vydavatelstvím Decca Records.	ERROR	ERROR	Louis Jordan je zastoupen hudebním vydavatelstvím 	Decca Records	Decca
Q202319	Bill Haley	Bill Haley	Q557632	Decca	Decca Records	Bill Haley is represented by music label Decca .	Bill Haley je reprezentován hudební značkou Decca Records.	Bill Haley je reprezentován hudební značkou 	Billa Haleyho zastupuje hudební vydavatelství Decca.	Bill Haley je zastoupen hudebním vydavatelstvím Decca Records.	ERROR	ERROR	Bill Haley je zastoupen hudebním vydavatelstvím 	Decca Records	Decca
Q5252786	Deke Richards	Deke Richards	Q43327	Motown	Motown Records	Deke Richards is represented by music label Motown .	Deke Richards je reprezentován hudební značkou Motown Records.	Deke Richards je reprezentován hudební značkou 	 Deka Richardse zastupuje hudební vydavatelství Motown.	Deke Richards je zastoupen hudebním vydavatelstvím Motown Records.	ERROR	ERROR	Deke Richards je zastoupen hudebním vydavatelstvím 	Motown Records	Motown
Q229139	Peggy Lee	Peggy Lee	Q557632	Decca	Decca Records	Peggy Lee is represented by music label Decca .	Peggy Lee je reprezentován hudební značkou Decca Records.	Peggy Lee je reprezentován hudební značkou 	 Peggy Lee je zastupována hudebním vydavatelstvím Decca.	Peggy Lee je zastoupena hudebním vydavatelstvím Decca Records.	ERROR	ERROR	Peggy Lee je zastoupena hudebním vydavatelstvím 	Decca Records	Decca
Q207947	Ralph Vaughan Williams	Ralph Vaughan Williams	Q557632	Decca	Decca Records	Ralph Vaughan Williams is represented by music label Decca .	Ralph Vaughan Williams je reprezentován hudební značkou Decca Records.	Ralph Vaughan Williams je reprezentován hudební značkou 	 Ralpha Vaughana Williamse zastupuje hudební vydavatelství Decca.	Ralph Vaughan Williams je zastoupen hudebním vydavatelstvím Decca Records.	ERROR	ERROR	Ralph Vaughan Williams je zastoupen hudebním vydavatelstvím 	Decca Records	Decca
Q25652	Martha Reeves	Martha Reevesová	Q43327	Motown	Motown Records	Martha Reeves is represented by music label Motown .	Martha Reevesová je reprezentován hudební značkou Motown Records.	Martha Reevesová je reprezentován hudební značkou 	 Marthu Reevesovou zastupuje hudební vydavatelství Motown.	Martha Reevesová je zastoupena hudebním vydavatelstvím Motown Records.	ERROR	ERROR	Martha Reevesová je zastoupena hudebním vydavatelstvím 	Motown Records	Motown
Q466508	Rosemary Clooney	Rosemary Clooney	Q557632	Decca	Decca Records	Rosemary Clooney is represented by music label Decca .	Rosemary Clooney je reprezentován hudební značkou Decca Records.	Rosemary Clooney je reprezentován hudební značkou 	 Rosemary Clooneyovou zastupuje hudební vydavatelství Decca.	Rosemary Clooney je zastoupena hudebním vydavatelstvím Decca Records.	ERROR	ERROR	Rosemary Clooney je zastoupena hudebním vydavatelstvím 	Decca Records	Decca
Q311267	Bobby Darin	Bobby Darin	Q557632	Decca	Decca Records	Bobby Darin is represented by music label Decca .	Bobby Darin je reprezentován hudební značkou Decca Records.	Bobby Darin je reprezentován hudební značkou 	 Bobbyho Darina zastupuje hudební vydavatelství Decca.	Bobby Darin je zastoupen hudebním vydavatelstvím Decca Records.	ERROR	ERROR	Bobby Darin je zastoupen hudebním vydavatelstvím 	Decca Records	Decca
Q455236	Alexis Korner	Alexis Korner	Q557632	Decca	Decca Records	Alexis Korner is represented by music label Decca .	Alexis Korner je reprezentován hudební značkou Decca Records.	Alexis Korner je reprezentován hudební značkou 	 Alexis Korner je zastupována hudebním vydavatelstvím Decca.	Alexis Korner je zastoupen hudebním vydavatelstvím Decca Records.	ERROR	ERROR	Alexis Korner je zastoupen hudebním vydavatelstvím 	Decca Records	Decca
Q886036	Blues Incorporated	Blues Incorporated	Q557632	Decca	Decca Records	Blues Incorporated is represented by music label Decca .	Blues Incorporated je reprezentován hudební značkou Decca Records.	Blues Incorporated je reprezentován hudební značkou 	 Blues Incorporated je zastoupena hudebním vydavatelstvím Decca.	Blues Incorporated je zastoupena hudebním vydavatelstvím Decca Records.	ERROR	ERROR	Blues Incorporated je zastoupena hudebním vydavatelstvím 	Decca Records	Decca
Q447101	Kiki Dee	Kiki Dee	Q183412	EMI	EMI	Kiki Dee is represented by music label EMI .	Kiki Dee je reprezentován hudební značkou EMI.	Kiki Dee je reprezentován hudební značkou 	 Kiki Dee je zastupována hudební společností EMI.	Kiki Dee je zastoupena hudebním vydavatelstvím EMI.	 Kiki Dee je zastupována hudební společností 	EMI	Kiki Dee je zastoupena hudebním vydavatelstvím 	EMI	EMI|||EMI Music|||EMI Records|||EMI Records Limited
Q180453	Dolly Parton	Dolly Partonová	Q557632	Decca	Decca Records	Dolly Parton is represented by music label Decca .	Dolly Partonová je reprezentován hudební značkou Decca Records.	Dolly Partonová je reprezentován hudební značkou 	 Dolly Parton je zastupována hudebním vydavatelstvím Decca.	Dolly Partonová je zastoupena hudebním vydavatelstvím Decca Records.	ERROR	ERROR	Dolly Partonová je zastoupena hudebním vydavatelstvím 	Decca Records	Decca
Q131814	Tina Turner	Tina Turnerová	Q183412	EMI	EMI	Tina Turner is represented by music label EMI .	Tina Turnerová je reprezentován hudební značkou EMI.	Tina Turnerová je reprezentován hudební značkou 	 Tinu Turner zastupuje hudební vydavatelství EMI.	Tina Turnerová je zastoupena hudebním vydavatelstvím EMI.	 Tinu Turner zastupuje hudební vydavatelství 	EMI	Tina Turnerová je zastoupena hudebním vydavatelstvím 	EMI	EMI|||EMI Music|||EMI Records|||EMI Records Limited
Q553417	Bob Babbitt	Bob Babbitt	Q43327	Motown	Motown Records	Bob Babbitt is represented by music label Motown .	Bob Babbitt je reprezentován hudební značkou Motown Records.	Bob Babbitt je reprezentován hudební značkou 	 Boba Babbitta zastupuje hudební vydavatelství Motown.	Bob Babbitt je zastoupen hudebním vydavatelstvím Motown Records.	ERROR	ERROR	Bob Babbitt je zastoupen hudebním vydavatelstvím 	Motown Records	Motown
Q42482	Iron Maiden	Iron Maiden	Q183412	EMI	EMI	Iron Maiden is represented by music label EMI .	Iron Maiden je reprezentován hudební značkou EMI.	Iron Maiden je reprezentován hudební značkou 	 Iron Maiden je zastoupena hudební značkou EMI.	Iron Maiden je zastoupena hudebním vydavatelstvím EMI.	 Iron Maiden je zastoupena hudební značkou 	EMI	Iron Maiden je zastoupena hudebním vydavatelstvím 	EMI	EMI|||EMI Music|||EMI Records|||EMI Records Limited
Q202246	Morrissey	Morrissey	Q557632	Decca	Decca Records	Morrissey is represented by music label Decca .	Morrissey je reprezentován hudební značkou Decca Records.	Morrissey je reprezentován hudební značkou 	 Morrisseyho zastupuje hudební vydavatelství Decca.	Morrissey je zastoupen hudebním vydavatelstvím Decca Records.	ERROR	ERROR	Morrissey je zastoupen hudebním vydavatelstvím 	Decca Records	Decca
Q272931	Loretta Lynn	Loretta Lynn	Q557632	Decca	Decca Records	Loretta Lynn is represented by music label Decca .	Loretta Lynn je reprezentován hudební značkou Decca Records.	Loretta Lynn je reprezentován hudební značkou 	 Lorettu Lynn zastupuje hudební vydavatelství Decca.	Loretta Lynn je zastoupena hudebním vydavatelstvím Decca Records.	ERROR	ERROR	Loretta Lynn je zastoupena hudebním vydavatelstvím 	Decca Records	Decca
Q367129	Roy Rogers	Roy Rogers	Q557632	Decca	Decca Records	Roy Rogers is represented by music label Decca .	Roy Rogers je reprezentován hudební značkou Decca Records.	Roy Rogers je reprezentován hudební značkou 	 Roye Rogerse zastupuje hudební vydavatelství Decca.	Roy Rogers je zastoupen hudebním vydavatelstvím Decca Records.	ERROR	ERROR	Roy Rogers je zastoupen hudebním vydavatelstvím 	Decca Records	Decca
Q349357	Woody Herman	Woody Herman	Q557632	Decca	Decca Records	Woody Herman is represented by music label Decca .	Woody Herman je reprezentován hudební značkou Decca Records.	Woody Herman je reprezentován hudební značkou 	 Woodyho Hermana zastupuje hudební vydavatelství Decca.	Woody Herman je zastoupen hudebním vydavatelstvím Decca Records.	ERROR	ERROR	Woody Herman je zastoupen hudebním vydavatelstvím 	Decca Records	Decca
Q5383	David Bowie	David Bowie	Q557632	Decca	Decca Records	David Bowie is represented by music label Decca .	David Bowie je reprezentován hudební značkou Decca Records.	David Bowie je reprezentován hudební značkou 	Davida Bowieho zastupuje hudební vydavatelství Decca.	David Bowie je zastoupen hudebním vydavatelstvím Decca Records.	ERROR	ERROR	David Bowie je zastoupen hudebním vydavatelstvím 	Decca Records	Decca
Q308899	Powerslave	Powerslave	Q183412	EMI	EMI	Powerslave is represented by music label EMI .	Powerslave je reprezentován hudební značkou EMI.	Powerslave je reprezentován hudební značkou 	 Powerslave je zastoupen hudebním vydavatelstvím EMI.	Powerslave je zastoupeno hudebním vydavatelstvím EMI.	 Powerslave je zastoupen hudebním vydavatelstvím 	EMI	Powerslave je zastoupeno hudebním vydavatelstvím 	EMI	EMI|||EMI Music|||EMI Records|||EMI Records Limited
Q239917	Tina Arena	Tina Arena	Q183412	EMI	EMI	Tina Arena is represented by music label EMI .	Tina Arena je reprezentován hudební značkou EMI.	Tina Arena je reprezentován hudební značkou 	 Tinu Arenu zastupuje hudební vydavatelství EMI.	Tina Arena je zastoupena hudebním vydavatelstvím EMI.	 Tinu Arenu zastupuje hudební vydavatelství 	EMI	Tina Arena je zastoupena hudebním vydavatelstvím 	EMI	EMI|||EMI Music|||EMI Records|||EMI Records Limited
Q255304	This Is War	This Is War	Q183412	EMI	EMI	This Is War is represented by music label EMI .	This Is War je reprezentován hudební značkou EMI.	This Is War je reprezentován hudební značkou 	 This Is War je zastoupeno hudebním vydavatelstvím EMI.	This Is War je zastoupeno hudebním vydavatelstvím EMI.	 This Is War je zastoupeno hudebním vydavatelstvím 	EMI	This Is War je zastoupeno hudebním vydavatelstvím 	EMI	EMI|||EMI Music|||EMI Records|||EMI Records Limited
Q165693	Valery Gergiev	Valerij Gergijev	Q557632	Decca	Decca Records	Valery Gergiev is represented by music label Decca .	Valerij Gergijev je reprezentován hudební značkou Decca Records.	Valerij Gergijev je reprezentován hudební značkou 	 Valery Gergiev je zastupován hudebním vydavatelstvím Decca.	Valerij Gergijev je zastoupen hudebním vydavatelstvím Decca Records.	ERROR	ERROR	Valerij Gergijev je zastoupen hudebním vydavatelstvím 	Decca Records	Decca
Q1677044	Jack Greene	Jack Greene	Q557632	Decca	Decca Records	Jack Greene is represented by music label Decca .	Jack Greene je reprezentován hudební značkou Decca Records.	Jack Greene je reprezentován hudební značkou 	 Jacka Greena zastupuje hudební vydavatelství Decca.	Jack Greene je zastoupen hudebním vydavatelstvím Decca Records.	ERROR	ERROR	Jack Greene je zastoupen hudebním vydavatelstvím 	Decca Records	Decca
Q208205	Bill Evans	Bill Evans	Q1308364	Fantasy	Fantasy Records	Bill Evans is represented by music label Fantasy .	Bill Evans je reprezentován hudební značkou Fantasy Records.	Bill Evans je reprezentován hudební značkou 	 Billa Evanse zastupuje hudební vydavatelství Fantasy.	Bill Evans je zastoupen hudebním vydavatelstvím Fantasy Records.	ERROR	ERROR	Bill Evans je zastoupen hudebním vydavatelstvím 	Fantasy Records	Fantasy
Q53668	Lovex	Lovex	Q183412	EMI	EMI	Lovex is represented by music label EMI .	Lovex je reprezentován hudební značkou EMI.	Lovex je reprezentován hudební značkou 	 Lovex je zastoupen hudební značkou EMI.	Lovex je zastoupeno hudebním vydavatelstvím EMI.	 Lovex je zastoupen hudební značkou 	EMI	Lovex je zastoupeno hudebním vydavatelstvím 	EMI	EMI|||EMI Music|||EMI Records|||EMI Records Limited
Q253783	Gimme Shelter	Gimme Shelter	Q557632	Decca	Decca Records	Gimme Shelter is represented by music label Decca .	Gimme Shelter je reprezentován hudební značkou Decca Records.	Gimme Shelter je reprezentován hudební značkou 	 Gimme Shelter je zastoupena hudebním vydavatelstvím Decca.	Gimme Shelter je zastoupeno hudebním vydavatelstvím Decca Records.	ERROR	ERROR	Gimme Shelter je zastoupeno hudebním vydavatelstvím 	Decca Records	Decca
Q963142	Ernest Tubb	Ernest Tubb	Q557632	Decca	Decca Records	Ernest Tubb is represented by music label Decca .	Ernest Tubb je reprezentován hudební značkou Decca Records.	Ernest Tubb je reprezentován hudební značkou 	 Ernesta Tubba zastupuje hudební vydavatelství Decca.	Ernest Tubb je zastoupen hudebním vydavatelstvím Decca Records.	ERROR	ERROR	Ernest Tubb je zastoupen hudebním vydavatelstvím 	Decca Records	Decca
Q202536	Paulina Rubio	Paulina Rubio	Q183412	EMI	EMI	Paulina Rubio is represented by music label EMI .	Paulina Rubio je reprezentován hudební značkou EMI.	Paulina Rubio je reprezentován hudební značkou 	 Paulinu Rubio zastupuje hudební vydavatelství EMI.	Paulina Rubio je zastoupena hudebním vydavatelstvím EMI.	 Paulinu Rubio zastupuje hudební vydavatelství 	EMI	Paulina Rubio je zastoupena hudebním vydavatelstvím 	EMI	EMI|||EMI Music|||EMI Records|||EMI Records Limited
Q200725	Virtual XI	Virtual XI	Q183412	EMI	EMI	Virtual XI is represented by music label EMI .	Virtual XI je reprezentován hudební značkou EMI.	Virtual XI je reprezentován hudební značkou 	 Virtual XI je zastoupena hudební značkou EMI.	Virtual XI je zastoupeno hudebním vydavatelstvím EMI.	 Virtual XI je zastoupena hudební značkou 	EMI	Virtual XI je zastoupeno hudebním vydavatelstvím 	EMI	EMI|||EMI Music|||EMI Records|||EMI Records Limited
Q355382	Midge Ure	Midge Ure	Q183412	EMI	EMI	Midge Ure is represented by music label EMI .	Midge Ure je reprezentován hudební značkou EMI.	Midge Ure je reprezentován hudební značkou 	 Midge Ure je zastupována hudebním vydavatelstvím EMI.	Midge Ure je zastoupeno hudebním vydavatelstvím EMI.	 Midge Ure je zastupována hudebním vydavatelstvím 	EMI	Midge Ure je zastoupeno hudebním vydavatelstvím 	EMI	EMI|||EMI Music|||EMI Records|||EMI Records Limited
Q44247	Forever, Michael	Forever, Michael	Q43327	Motown	Motown Records	Forever, Michael is represented by music label Motown .	Forever, Michael je reprezentován hudební značkou Motown Records.	Forever, Michael je reprezentován hudební značkou 	 Michaela navždy zastupuje hudební vydavatelství Motown.	Forever, Michael je zastoupeno hudebním vydavatelstvím Motown Records.	ERROR	ERROR	Forever, Michael je zastoupeno hudebním vydavatelstvím 	Motown Records	Motown
Q2749486	Gladys Horton	Gladys Horton	Q43327	Motown	Motown Records	Gladys Horton is represented by music label Motown .	Gladys Horton je reprezentován hudební značkou Motown Records.	Gladys Horton je reprezentován hudební značkou 	 Gladys Hortonovou zastupuje hudební vydavatelství Motown.	Gladys Horton je zastoupena hudebním vydavatelstvím Motown Records.	ERROR	ERROR	Gladys Horton je zastoupena hudebním vydavatelstvím 	Motown Records	Motown
Q82250	Conway Twitty	Conway Twitty	Q557632	Decca	Decca Records	Conway Twitty is represented by music label Decca .	Conway Twitty je reprezentován hudební značkou Decca Records.	Conway Twitty je reprezentován hudební značkou 	 Conwaye Twittyho zastupuje hudební vydavatelství Decca.	Conway Twitty je zastoupen hudebním vydavatelstvím Decca Records.	ERROR	ERROR	Conway Twitty je zastoupen hudebním vydavatelstvím 	Decca Records	Decca
Q59965	The Kingston Trio	The Kingston Trio	Q557632	Decca	Decca Records	The Kingston Trio is represented by music label Decca .	The Kingston Trio je reprezentován hudební značkou Decca Records.	The Kingston Trio je reprezentován hudební značkou 	 Kingston Trio je zastoupeno hudebním vydavatelstvím Decca.	The Kingston Trio je zastoupen hudebním vydavatelstvím Decca Records.	ERROR	ERROR	The Kingston Trio je zastoupen hudebním vydavatelstvím 	Decca Records	Decca
Q839836	Get Yer Ya-Ya's Out! The Rolling Stones in Concert	Get Yer Ya-Ya's Out!	Q557632	Decca	Decca Records	Get Yer Ya-Ya's Out! The Rolling Stones in Concert is represented by music label Decca .	Get Yer Ya-Ya's Out! je reprezentován hudební značkou Decca Records.	Get Yer Ya-Ya's Out! je reprezentován hudební značkou 	Vydejte se na koncert! Rolling Stones in Concert zastupuje hudební vydavatelství Decca.	Get Yer Ya-Ya's Out! The Rolling Stones in Concert je zastoupena hudebním vydavatelstvím Decca Records.	ERROR	ERROR	ERROR	ERROR	Decca
Q1707816	Savoy Brown	Savoy Brown	Q557632	Decca	Decca Records	Savoy Brown is represented by music label Decca .	Savoy Brown je reprezentován hudební značkou Decca Records.	Savoy Brown je reprezentován hudební značkou 	 Savoy Brown je zastoupen hudebním vydavatelstvím Decca.	Savoy Brown je zastoupena hudebním vydavatelstvím Decca Records.	ERROR	ERROR	Savoy Brown je zastoupena hudebním vydavatelstvím 	Decca Records	Decca
Q137042	Nat King Cole	Nat King Cole	Q557632	Decca	Decca Records	Nat King Cole is represented by music label Decca .	Nat King Cole je reprezentován hudební značkou Decca Records.	Nat King Cole je reprezentován hudební značkou 	 Nata Kinga Colea zastupuje hudební vydavatelství Decca.	Nat King Cole je zastoupen hudebním vydavatelstvím Decca Records.	ERROR	ERROR	Nat King Cole je zastoupen hudebním vydavatelstvím 	Decca Records	Decca
Q312696	Mick Taylor	Mick Taylor	Q557632	Decca	Decca Records	Mick Taylor is represented by music label Decca .	Mick Taylor je reprezentován hudební značkou Decca Records.	Mick Taylor je reprezentován hudební značkou 	 Micka Taylora zastupuje hudební vydavatelství Decca.	Mick Taylor je zastoupen hudebním vydavatelstvím Decca Records.	ERROR	ERROR	Mick Taylor je zastoupen hudebním vydavatelstvím 	Decca Records	Decca
Q837099	Untitled	Untitled	Q183412	EMI	EMI	Untitled is represented by music label EMI .	Untitled je reprezentován hudební značkou EMI.	Untitled je reprezentován hudební značkou 	 Untitled je zastoupen hudebním vydavatelstvím EMI.	Untitled je zastoupeno hudebním vydavatelstvím EMI.	 Untitled je zastoupen hudebním vydavatelstvím 	EMI	Untitled je zastoupeno hudebním vydavatelstvím 	EMI	EMI|||EMI Music|||EMI Records|||EMI Records Limited
Q192402	Rufus Wainwright	Rufus Wainwright	Q557632	Decca	Decca Records	Rufus Wainwright is represented by music label Decca .	Rufus Wainwright je reprezentován hudební značkou Decca Records.	Rufus Wainwright je reprezentován hudební značkou 	 Rufuse Wainwrighta zastupuje hudební vydavatelství Decca.	Rufus Wainwright je zastoupen hudebním vydavatelstvím Decca Records.	ERROR	ERROR	Rufus Wainwright je zastoupen hudebním vydavatelstvím 	Decca Records	Decca
Q170200	Lovedrive	Lovedrive	Q183412	EMI	EMI	Lovedrive is represented by music label EMI .	Lovedrive je reprezentován hudební značkou EMI.	Lovedrive je reprezentován hudební značkou 	 Lovedrive je zastoupen hudební značkou EMI.	Lovedrive je zastoupena hudebním vydavatelstvím EMI.	 Lovedrive je zastoupen hudební značkou 	EMI	Lovedrive je zastoupena hudebním vydavatelstvím 	EMI	EMI|||EMI Music|||EMI Records|||EMI Records Limited
Q1049169	Innervisions	Innervisions	Q43327	Motown	Motown Records	Innervisions is represented by music label Motown .	Innervisions je reprezentován hudební značkou Motown Records.	Innervisions je reprezentován hudební značkou 	 Innervisions je zastoupena hudebním vydavatelstvím Motown.	Innervisions je zastoupena hudebním vydavatelstvím Motown Records.	ERROR	ERROR	Innervisions je zastoupena hudebním vydavatelstvím 	Motown Records	Motown
Q2129943	Miami Horror	Miami Horror	Q183412	EMI	EMI	Miami Horror is represented by music label EMI .	Miami Horror je reprezentován hudební značkou EMI.	Miami Horror je reprezentován hudební značkou 	 Miami Horror je zastoupen hudební značkou EMI.	Miami Horror je zastoupeno hudebním vydavatelstvím EMI.	 Miami Horror je zastoupen hudební značkou 	EMI	Miami Horror je zastoupeno hudebním vydavatelstvím 	EMI	EMI|||EMI Music|||EMI Records|||EMI Records Limited
Q188482	Robin Gibb	Robin Gibb	Q183412	EMI	EMI	Robin Gibb is represented by music label EMI .	Robin Gibb je reprezentován hudební značkou EMI.	Robin Gibb je reprezentován hudební značkou 	 Robina Gibba zastupuje hudební vydavatelství EMI.	Robin Gibb je zastoupen hudebním vydavatelstvím EMI.	 Robina Gibba zastupuje hudební vydavatelství 	EMI	Robin Gibb je zastoupen hudebním vydavatelstvím 	EMI	EMI|||EMI Music|||EMI Records|||EMI Records Limited
Q568065	Another One Bites the Dust	Another One Bites the Dust	Q183412	EMI	EMI	Another One Bites the Dust is represented by music label EMI .	Another One Bites the Dust je reprezentován hudební značkou EMI.	Another One Bites the Dust je reprezentován hudební značkou 	 Another One Bites the Dust je zastoupena hudební značkou EMI.	Another One Bites the Dust je zastoupena hudebním vydavatelstvím EMI.	 Another One Bites the Dust je zastoupena hudební značkou 	EMI	Another One Bites the Dust je zastoupena hudebním vydavatelstvím 	EMI	EMI|||EMI Music|||EMI Records|||EMI Records Limited
Q434512	Crystal Gayle	Crystal Gayle	Q557632	Decca	Decca Records	Crystal Gayle is represented by music label Decca .	Crystal Gayle je reprezentován hudební značkou Decca Records.	Crystal Gayle je reprezentován hudební značkou 	 Crystal Gayle je zastupována hudebním vydavatelstvím Decca.	Crystal Gayle je zastoupena hudebním vydavatelstvím Decca Records.	ERROR	ERROR	Crystal Gayle je zastoupena hudebním vydavatelstvím 	Decca Records	Decca
Q559529	Francesco Guccini	Francesco Guccini	Q183412	EMI	EMI	Francesco Guccini is represented by music label EMI .	Francesco Guccini je reprezentován hudební značkou EMI.	Francesco Guccini je reprezentován hudební značkou 	 Francesco Guccini je zastoupen hudebním vydavatelstvím EMI.	Francesco Guccini je zastoupen hudebním vydavatelstvím EMI.	 Francesco Guccini je zastoupen hudebním vydavatelstvím 	EMI	Francesco Guccini je zastoupen hudebním vydavatelstvím 	EMI	EMI|||EMI Music|||EMI Records|||EMI Records Limited
Q2057829	Alfie Boe	Alfie Boe	Q557632	Decca	Decca Records	Alfie Boe is represented by music label Decca .	Alfie Boe je reprezentován hudební značkou Decca Records.	Alfie Boe je reprezentován hudební značkou 	 Alfieho Boea zastupuje hudební vydavatelství Decca.	Alfie Boe je zastoupen hudebním vydavatelstvím Decca Records.	ERROR	ERROR	Alfie Boe je zastoupen hudebním vydavatelstvím 	Decca Records	Decca
Q1785	Charles Aznavour	Charles Aznavour	Q183412	EMI	EMI	Charles Aznavour is represented by music label EMI .	Charles Aznavour je reprezentován hudební značkou EMI.	Charles Aznavour je reprezentován hudební značkou 	 Charlese Aznavoura zastupuje hudební vydavatelství EMI.	Charles Aznavour je zastoupen hudebním vydavatelstvím EMI.	 Charlese Aznavoura zastupuje hudební vydavatelství 	EMI	Charles Aznavour je zastoupen hudebním vydavatelstvím 	EMI	EMI|||EMI Music|||EMI Records|||EMI Records Limited
Q7298115	Ray Singleton	Ray Singleton	Q43327	Motown	Motown Records	Ray Singleton is represented by music label Motown .	Ray Singleton je reprezentován hudební značkou Motown Records.	Ray Singleton je reprezentován hudební značkou 	 Ray Singleton je zastoupen hudebním vydavatelstvím Motown.	Ray Singleton je zastoupen hudebním vydavatelstvím Motown Records.	ERROR	ERROR	Ray Singleton je zastoupen hudebním vydavatelstvím 	Motown Records	Motown
Q725312	Sammy Price	Sammy Price	Q557632	Decca	Decca Records	Sammy Price is represented by music label Decca .	Sammy Price je reprezentován hudební značkou Decca Records.	Sammy Price je reprezentován hudební značkou 	 Sammyho Pricea zastupuje hudební vydavatelství Decca.	Sammy Price je zastoupen hudebním vydavatelstvím Decca Records.	ERROR	ERROR	Sammy Price je zastoupen hudebním vydavatelstvím 	Decca Records	Decca
Q276038	Riccardo Muti	Riccardo Muti	Q183412	EMI	EMI	Riccardo Muti is represented by music label EMI .	Riccardo Muti je reprezentován hudební značkou EMI.	Riccardo Muti je reprezentován hudební značkou 	Riccardo Muti je zastoupen hudební značkou EMI.	Riccardo Muti je zastoupen hudebním vydavatelstvím EMI.	Riccardo Muti je zastoupen hudební značkou 	EMI	Riccardo Muti je zastoupen hudebním vydavatelstvím 	EMI	EMI|||EMI Music|||EMI Records|||EMI Records Limited
Q177364	The Tremeloes	The Tremeloes	Q557632	Decca	Decca Records	The Tremeloes is represented by music label Decca .	The Tremeloes je reprezentován hudební značkou Decca Records.	The Tremeloes je reprezentován hudební značkou 	 Kapelu Tremeloes zastupuje hudební vydavatelství Decca.	The Tremeloes je zastoupena hudebním vydavatelstvím Decca Records.	ERROR	ERROR	The Tremeloes je zastoupena hudebním vydavatelstvím 	Decca Records	Decca
Q725244	Live After Death	Live After Death	Q183412	EMI	EMI	Live After Death is represented by music label EMI .	Live After Death je reprezentován hudební značkou EMI.	Live After Death je reprezentován hudební značkou 	 Live After Death zastupuje hudební vydavatelství EMI.	Live After Death je zastoupeno hudebním vydavatelstvím EMI.	 Live After Death zastupuje hudební vydavatelství 	EMI	Live After Death je zastoupeno hudebním vydavatelstvím 	EMI	EMI|||EMI Music|||EMI Records|||EMI Records Limited
Q313529	Tommy Dorsey	Tommy Dorsey	Q557632	Decca	Decca Records	Tommy Dorsey is represented by music label Decca .	Tommy Dorsey je reprezentován hudební značkou Decca Records.	Tommy Dorsey je reprezentován hudební značkou 	 Tommyho Dorseyho zastupuje hudební vydavatelství Decca.	Tommy Dorsey je zastoupen hudebním vydavatelstvím Decca Records.	ERROR	ERROR	Tommy Dorsey je zastoupen hudebním vydavatelstvím 	Decca Records	Decca
Q216051	Charlie Watts	Charlie Watts	Q557632	Decca	Decca Records	Charlie Watts is represented by music label Decca .	Charlie Watts je reprezentován hudební značkou Decca Records.	Charlie Watts je reprezentován hudební značkou 	 Charlieho Wattse zastupuje hudební vydavatelství Decca.	Charlie Watts je zastoupen hudebním vydavatelstvím Decca Records.	ERROR	ERROR	Charlie Watts je zastoupen hudebním vydavatelstvím 	Decca Records	Decca
Q131422	The Animals	The Animals	Q557632	Decca	Decca Records	The Animals is represented by music label Decca .	The Animals je reprezentován hudební značkou Decca Records.	The Animals je reprezentován hudební značkou 	 Skupina The Animals je zastoupena hudebním vydavatelstvím Decca.	The Animals je zastoupena hudebním vydavatelstvím Decca Records.	ERROR	ERROR	The Animals je zastoupena hudebním vydavatelstvím 	Decca Records	Decca
Q206112	Willie Nelson	Willie Nelson	Q2358400	Legacy	Legacy Recordings	Willie Nelson is represented by music label Legacy .	Willie Nelson je reprezentován hudební značkou Legacy Recordings.	Willie Nelson je reprezentován hudební značkou 	 Willieho Nelsona zastupuje hudební vydavatelství Legacy.	Willie Nelson je zastoupen hudebním vydavatelstvím Legacy Recordings.	ERROR	ERROR	Willie Nelson je zastoupen hudebním vydavatelstvím 	Legacy Recordings	Legacy Recordings
Q20709	Swedish House Mafia	Swedish House Mafia	Q183412	EMI	EMI	Swedish House Mafia is represented by music label EMI .	Swedish House Mafia je reprezentován hudební značkou EMI.	Swedish House Mafia je reprezentován hudební značkou 	 Swedish House Mafia je zastoupena hudební značkou EMI.	Swedish House Mafia je zastoupeno hudebním vydavatelstvím EMI.	 Swedish House Mafia je zastoupena hudební značkou 	EMI	Swedish House Mafia je zastoupeno hudebním vydavatelstvím 	EMI	EMI|||EMI Music|||EMI Records|||EMI Records Limited
Q1618928	Leon Ware	Leon Ware	Q43327	Motown	Motown Records	Leon Ware is represented by music label Motown .	Leon Ware je reprezentován hudební značkou Motown Records.	Leon Ware je reprezentován hudební značkou 	 Leona Warea zastupuje hudební vydavatelství Motown.	Leon Ware je zastoupen hudebním vydavatelstvím Motown Records.	ERROR	ERROR	Leon Ware je zastoupen hudebním vydavatelstvím 	Motown Records	Motown
Q240371	Carmen McRae	Carmen McRae	Q557632	Decca	Decca Records	Carmen McRae is represented by music label Decca .	Carmen McRae je reprezentován hudební značkou Decca Records.	Carmen McRae je reprezentován hudební značkou 	 Carmen McRae je zastupována hudebním vydavatelstvím Decca.	Carmen McRae je zastoupena hudebním vydavatelstvím Decca Records.	ERROR	ERROR	Carmen McRae je zastoupena hudebním vydavatelstvím 	Decca Records	Decca
Q492029	Tiziano Ferro	Tiziano Ferro	Q183412	EMI	EMI	Tiziano Ferro is represented by music label EMI .	Tiziano Ferro je reprezentován hudební značkou EMI.	Tiziano Ferro je reprezentován hudební značkou 	 Tiziano Ferro je zastoupen hudební značkou EMI.	Tiziano Ferro je zastoupeno hudebním vydavatelstvím EMI.	 Tiziano Ferro je zastoupen hudební značkou 	EMI	Tiziano Ferro je zastoupeno hudebním vydavatelstvím 	EMI	EMI|||EMI Music|||EMI Records|||EMI Records Limited
Q8298	David Guetta	David Guetta	Q183412	EMI	EMI	David Guetta is represented by music label EMI .	David Guetta je reprezentován hudební značkou EMI.	David Guetta je reprezentován hudební značkou 	 Davida Guettu zastupuje hudební vydavatelství EMI.	David Guetta je zastoupen hudebním vydavatelstvím EMI.	 Davida Guettu zastupuje hudební vydavatelství 	EMI	David Guetta je zastoupen hudebním vydavatelstvím 	EMI	EMI|||EMI Music|||EMI Records|||EMI Records Limited
Q93346	The Who	The Who	Q557632	Decca	Decca Records	The Who is represented by music label Decca .	The Who je reprezentován hudební značkou Decca Records.	The Who je reprezentován hudební značkou 	 Skupinu The Who zastupuje hudební vydavatelství Decca.	The Who je zastoupeni hudebním vydavatelstvím Decca Records.	ERROR	ERROR	The Who je zastoupeni hudebním vydavatelstvím 	Decca Records	Decca
Q736107	OK Go	OK Go	Q183412	EMI	EMI	OK Go is represented by music label EMI .	OK Go je reprezentován hudební značkou EMI.	OK Go je reprezentován hudební značkou 	 OK Go je zastoupeno hudebním vydavatelstvím EMI.	OK Go je zastoupeno hudebním vydavatelstvím EMI.	 OK Go je zastoupeno hudebním vydavatelstvím 	EMI	OK Go je zastoupeno hudebním vydavatelstvím 	EMI	EMI|||EMI Music|||EMI Records|||EMI Records Limited
Q461673	Valerio Scanu	Valerio Scanu	Q183412	EMI	EMI	Valerio Scanu is represented by music label EMI .	Valerio Scanu je reprezentován hudební značkou EMI.	Valerio Scanu je reprezentován hudební značkou 	 Valerio Scanu je zastupován hudební značkou EMI.	Valerio Scanu je zastoupen hudebním vydavatelstvím EMI.	 Valerio Scanu je zastupován hudební značkou 	EMI	Valerio Scanu je zastoupen hudebním vydavatelstvím 	EMI	EMI|||EMI Music|||EMI Records|||EMI Records Limited
Q229330	Vera Lynn	Vera Lynn	Q183412	EMI	EMI	Vera Lynn is represented by music label EMI .	Vera Lynn je reprezentován hudební značkou EMI.	Vera Lynn je reprezentován hudební značkou 	 Veru Lynn zastupuje hudební vydavatelství EMI.	Vera Lynn je zastoupena hudebním vydavatelstvím EMI.	 Veru Lynn zastupuje hudební vydavatelství 	EMI	Vera Lynn je zastoupena hudebním vydavatelstvím 	EMI	EMI|||EMI Music|||EMI Records|||EMI Records Limited
Q236212	Petula Clark	Petula Clark	Q183412	EMI	EMI	Petula Clark is represented by music label EMI .	Petula Clark je reprezentován hudební značkou EMI.	Petula Clark je reprezentován hudební značkou 	 Petulu Clark zastupuje hudební vydavatelství EMI.	Petula Clark je zastoupena hudebním vydavatelstvím EMI.	 Petulu Clark zastupuje hudební vydavatelství 	EMI	Petula Clark je zastoupena hudebním vydavatelstvím 	EMI	EMI|||EMI Music|||EMI Records|||EMI Records Limited
Q43932	Angus Young	Angus Young	Q183412	EMI	EMI	Angus Young is represented by music label EMI .	Angus Young je reprezentován hudební značkou EMI.	Angus Young je reprezentován hudební značkou 	 Angus Young je zastoupen hudební značkou EMI.	Angus Young je zastoupen hudebním vydavatelstvím EMI.	 Angus Young je zastoupen hudební značkou 	EMI	Angus Young je zastoupen hudebním vydavatelstvím 	EMI	EMI|||EMI Music|||EMI Records|||EMI Records Limited
Q107008	Count Basie	Count Basie	Q557632	Decca	Decca Records	Count Basie is represented by music label Decca .	Count Basie je reprezentován hudební značkou Decca Records.	Count Basie je reprezentován hudební značkou 	Counta Basieho zastupuje hudební vydavatelství Decca.	Count Basie je zastoupen hudebním vydavatelstvím Decca Records.	ERROR	ERROR	Count Basie je zastoupen hudebním vydavatelstvím 	Decca Records	Decca
Q48280	Marianne Faithfull	Marianne Faithfullová	Q557632	Decca	Decca Records	Marianne Faithfull is represented by music label Decca .	Marianne Faithfullová je reprezentován hudební značkou Decca Records.	Marianne Faithfullová je reprezentován hudební značkou 	 Marianne Faithfull je zastupována hudebním vydavatelstvím Decca.	Marianne Faithfullová je zastoupena hudebním vydavatelstvím Decca Records.	ERROR	ERROR	Marianne Faithfullová je zastoupena hudebním vydavatelstvím 	Decca Records	Decca
Q193600	Kate Ryan	Kate Ryan	Q183412	EMI	EMI	Kate Ryan is represented by music label EMI .	Kate Ryan je reprezentován hudební značkou EMI.	Kate Ryan je reprezentován hudební značkou 	 Kate Ryan je zastupována hudební značkou EMI.	Kate Ryan je zastoupena hudebním vydavatelstvím EMI.	 Kate Ryan je zastupována hudební značkou 	EMI	Kate Ryan je zastoupena hudebním vydavatelstvím 	EMI	EMI|||EMI Music|||EMI Records|||EMI Records Limited
Q6337245	KRU	KRU	Q183412	EMI	EMI	KRU is represented by music label EMI .	KRU je reprezentován hudební značkou EMI.	KRU je reprezentován hudební značkou 	 KRU je zastoupeno hudební značkou EMI.	KRU je zastoupeno hudebním vydavatelstvím EMI.	 KRU je zastoupeno hudební značkou 	EMI	KRU je zastoupeno hudebním vydavatelstvím 	EMI	EMI|||EMI Music|||EMI Records|||EMI Records Limited
Q46087	Anouk	Anouk	Q183412	EMI	EMI	Anouk is represented by music label EMI .	Anouk je reprezentován hudební značkou EMI.	Anouk je reprezentován hudební značkou 	 Anouk je zastupována hudebním vydavatelstvím EMI.	Anouk je zastoupena hudebním vydavatelstvím EMI.	 Anouk je zastupována hudebním vydavatelstvím 	EMI	Anouk je zastoupena hudebním vydavatelstvím 	EMI	EMI|||EMI Music|||EMI Records|||EMI Records Limited
Q26933	Pete Townshend	Pete Townshend	Q557632	Decca	Decca Records	Pete Townshend is represented by music label Decca .	Pete Townshend je reprezentován hudební značkou Decca Records.	Pete Townshend je reprezentován hudební značkou 	 Peta Townshenda zastupuje hudební vydavatelství Decca.	Pete Townshend je zastoupen hudebním vydavatelstvím Decca Records.	ERROR	ERROR	Pete Townshend je zastoupen hudebním vydavatelstvím 	Decca Records	Decca
Q44209	Music & Me	Music & Me	Q43327	Motown	Motown Records	Music & Me is represented by music label Motown .	Music & Me je reprezentován hudební značkou Motown Records.	Music & Me je reprezentován hudební značkou 	 Music & Me je zastoupeno hudebním vydavatelstvím Motown.	Music & Me je zastoupena hudebním vydavatelstvím Motown Records.	ERROR	ERROR	ERROR	ERROR	Motown
Q82545	Sex Pistols	Sex Pistols	Q183412	EMI	EMI	Sex Pistols is represented by music label EMI .	Sex Pistols je reprezentován hudební značkou EMI.	Sex Pistols je reprezentován hudební značkou 	 Sex Pistols je zastoupena hudební společností EMI.	Sex Pistols je zastoupena hudebním vydavatelstvím EMI.	 Sex Pistols je zastoupena hudební společností 	EMI	Sex Pistols je zastoupena hudebním vydavatelstvím 	EMI	EMI|||EMI Music|||EMI Records|||EMI Records Limited
Q1330456	Takk...	Takk...	Q183412	EMI	EMI	Takk... is represented by music label EMI .	Takk... je reprezentován hudební značkou EMI.	Takk... je reprezentován hudební značkou 	 Takk... je zastoupen hudební značkou EMI.	Takk... je zastoupeno hudebním vydavatelstvím EMI.	 Takk... je zastoupen hudební značkou 	EMI	Takk... je zastoupeno hudebním vydavatelstvím 	EMI	EMI|||EMI Music|||EMI Records|||EMI Records Limited
Q355788	Roy Smeck	Roy Smeck	Q557632	Decca	Decca Records	Roy Smeck is represented by music label Decca .	Roy Smeck je reprezentován hudební značkou Decca Records.	Roy Smeck je reprezentován hudební značkou 	 Roye Smecka zastupuje hudební vydavatelství Decca.	Roy Smeck je zastoupen hudebním vydavatelstvím Decca Records.	ERROR	ERROR	Roy Smeck je zastoupen hudebním vydavatelstvím 	Decca Records	Decca
Q229330	Vera Lynn	Vera Lynn	Q557632	Decca	Decca Records	Vera Lynn is represented by music label Decca .	Vera Lynn je reprezentován hudební značkou Decca Records.	Vera Lynn je reprezentován hudební značkou 	 Veru Lynn zastupuje hudební vydavatelství Decca.	Vera Lynn je zastoupena hudebním vydavatelstvím Decca Records.	ERROR	ERROR	Vera Lynn je zastoupena hudebním vydavatelstvím 	Decca Records	Decca
Q371795	Riccardo Chailly	Riccardo Chailly	Q557632	Decca	Decca Records	Riccardo Chailly is represented by music label Decca .	Riccardo Chailly je reprezentován hudební značkou Decca Records.	Riccardo Chailly je reprezentován hudební značkou 	 Riccardo Chailly je zastupován hudebním vydavatelstvím Decca.	Riccardo Chailly je zastoupen hudebním vydavatelstvím Decca Records.	ERROR	ERROR	Riccardo Chailly je zastoupen hudebním vydavatelstvím 	Decca Records	Decca
Q201908	Anni-Frid Lyngstad	Anni-Frid Lyngstadová	Q183412	EMI	EMI	Anni-Frid Lyngstad is represented by music label EMI .	Anni-Frid Lyngstadová je reprezentován hudební značkou EMI.	Anni-Frid Lyngstadová je reprezentován hudební značkou 	 Anni-Frid Lyngstad je zastoupena hudebním vydavatelstvím EMI.	Anni-Frid Lyngstadová je zastoupena hudebním vydavatelstvím EMI.	 Anni-Frid Lyngstad je zastoupena hudebním vydavatelstvím 	EMI	Anni-Frid Lyngstadová je zastoupena hudebním vydavatelstvím 	EMI	EMI|||EMI Music|||EMI Records|||EMI Records Limited
Q2643	George Harrison	George Harrison	Q183412	EMI	EMI	George Harrison is represented by music label EMI .	George Harrison je reprezentován hudební značkou EMI.	George Harrison je reprezentován hudební značkou 	 George Harrisona zastupuje hudební vydavatelství EMI.	George Harrison je zastoupen hudebním vydavatelstvím EMI.	 George Harrisona zastupuje hudební vydavatelství 	EMI	George Harrison je zastoupen hudebním vydavatelstvím 	EMI	EMI|||EMI Music|||EMI Records|||EMI Records Limited
Q1532854	The Stranglers	The Stranglers	Q183412	EMI	EMI	The Stranglers is represented by music label EMI .	The Stranglers je reprezentován hudební značkou EMI.	The Stranglers je reprezentován hudební značkou 	 Skupina Stranglers je zastoupena hudební značkou EMI.	The Stranglers je zastoupeni hudebním vydavatelstvím EMI.	 Skupina Stranglers je zastoupena hudební značkou 	EMI	The Stranglers je zastoupeni hudebním vydavatelstvím 	EMI	EMI|||EMI Music|||EMI Records|||EMI Records Limited
Q202314	Thin Lizzy	Thin Lizzy	Q557632	Decca	Decca Records	Thin Lizzy is represented by music label Decca .	Thin Lizzy je reprezentován hudební značkou Decca Records.	Thin Lizzy je reprezentován hudební značkou 	 Thin Lizzy zastupuje hudební vydavatelství Decca.	Thin Lizzy je zastoupena hudebním vydavatelstvím Decca Records.	ERROR	ERROR	Thin Lizzy je zastoupena hudebním vydavatelstvím 	Decca Records	Decca
Q711160	Steve Reid	Steve Reid	Q43327	Motown	Motown Records	Steve Reid is represented by music label Motown .	Steve Reid je reprezentován hudební značkou Motown Records.	Steve Reid je reprezentován hudební značkou 	 Steva Reida zastupuje hudební vydavatelství Motown.	Steve Reid je zastoupen hudebním vydavatelstvím Motown Records.	ERROR	ERROR	Steve Reid je zastoupen hudebním vydavatelstvím 	Motown Records	Motown
Q157079	Wir sind Helden	Wir sind Helden	Q183412	EMI	EMI	Wir sind Helden is represented by music label EMI .	Wir sind Helden je reprezentován hudební značkou EMI.	Wir sind Helden je reprezentován hudební značkou 	 Wir sind Helden zastupuje hudební vydavatelství EMI.	Wir sind Helden je zastoupeno hudebním vydavatelstvím EMI.	 Wir sind Helden zastupuje hudební vydavatelství 	EMI	Wir sind Helden je zastoupeno hudebním vydavatelstvím 	EMI	EMI|||EMI Music|||EMI Records|||EMI Records Limited
Q2331	Led Zeppelin	Led Zeppelin	Q557632	Decca	Decca Records	Led Zeppelin is represented by music label Decca .	Led Zeppelin je reprezentován hudební značkou Decca Records.	Led Zeppelin je reprezentován hudební značkou 	Led Zeppelin zastupuje hudební vydavatelství Decca.	Led Zeppelin je zastoupen hudebním vydavatelstvím Decca Records.	ERROR	ERROR	Led Zeppelin je zastoupen hudebním vydavatelstvím 	Decca Records	Decca
Q612471	Camel	Camel	Q557632	Decca	Decca Records	Camel is represented by music label Decca .	Camel je reprezentován hudební značkou Decca Records.	Camel je reprezentován hudební značkou 	 Camel je zastoupen hudebním vydavatelstvím Decca.	Camel je zastoupeno hudebním vydavatelstvím Decca Records.	ERROR	ERROR	Camel je zastoupeno hudebním vydavatelstvím 	Decca Records	Decca
Q664062	The Weavers	Weavers	Q557632	Decca	Decca Records	The Weavers is represented by music label Decca .	Weavers je reprezentován hudební značkou Decca Records.	Weavers je reprezentován hudební značkou 	 The Weavers je zastoupen hudebním vydavatelstvím Decca.	The Weavers je zastoupena hudebním vydavatelstvím Decca Records.	ERROR	ERROR	The Weavers je zastoupena hudebním vydavatelstvím 	Decca Records	Decca
Q844051	The Who Sell Out	The Who Sell Out	Q557632	Decca	Decca Records	The Who Sell Out is represented by music label Decca .	The Who Sell Out je reprezentován hudební značkou Decca Records.	The Who Sell Out je reprezentován hudební značkou 	 The Who Sell Out je zastoupen hudebním vydavatelstvím Decca.	The Who Sell Out je zastoupeno hudebním vydavatelstvím Decca Records.	ERROR	ERROR	The Who Sell Out je zastoupeno hudebním vydavatelstvím 	Decca Records	Decca
Q5540449	Jimmy Mack	Jimmy Mack	Q43327	Motown	Motown Records	Jimmy Mack is represented by music label Motown .	Jimmy Mack je reprezentován hudební značkou Motown Records.	Jimmy Mack je reprezentován hudební značkou 	 Jimmyho Macka zastupuje hudební vydavatelství Motown.	Jimmy Mack je zastoupen hudebním vydavatelstvím Motown Records.	ERROR	ERROR	Jimmy Mack je zastoupen hudebním vydavatelstvím 	Motown Records	Motown
