sub_uri	en_sub_label	sub_label	obj_uri	en_obj_label	obj_label	en_template	template	template_prompt	gt_translation	chatgpt_translation	gt_prompt	gt_infl_object	chatgpt_prompt	chatgpt_infl_object	aliases
Q38358	Dobermann	Dobrman	Q183	Germany	Německo	Dobermann was created in Germany .	Dobrman byl vytvořen v Německo.	Dobrman byl vytvořen v 	 Dobermann byl vyšlechtěn v Německu.	Dobrman vznikl v Německu.	 Dobermann byl vyšlechtěn v 	Německu	Dobrman vznikl v 	Německu	Germany|||Spolková republika Německo|||SRN|||NSR|||BRD
Q487789	La Grande Vadrouille	Velký flám	Q142	France	Francie	La Grande Vadrouille was created in France .	Velký flám byl vytvořen v Francie.	Velký flám byl vytvořen v 	 La Grande Vadrouille byla vytvořena ve Francii.	Velký flám vznikl ve Francii.	 La Grande Vadrouille byla vytvořena ve 	Francii	Velký flám vznikl ve 	Francii	France|||Francouzská republika
Q1873785	A Split-Second	Split Second	Q31	Belgium	Belgie	A Split-Second was created in Belgium .	Split Second byl vytvořen v Belgie.	Split Second byl vytvořen v 	 V Belgii vznikla hra Split-Second.	Split Second vznikl v Belgii.	 V 	Belgii	Split Second vznikl v 	Belgii	Belgium|||Belgické království
Q1281282	Slobodna Dalmacija	Slobodna Dalmacija	Q224	Croatia	Chorvatsko	Slobodna Dalmacija was created in Croatia .	Slobodna Dalmacija byl vytvořen v Chorvatsko.	Slobodna Dalmacija byl vytvořen v 	 Slobodna Dalmacija byla vytvořena v Chorvatsku.	Slobodna Dalmacija vznikla v Chorvatsku.	 Slobodna Dalmacija byla vytvořena v 	Chorvatsku	Slobodna Dalmacija vznikla v 	Chorvatsku	Croatia
Q2362276	Eat Static	Eat Static	Q21	England	Anglie	Eat Static was created in England .	Eat Static byl vytvořen v Anglie.	Eat Static byl vytvořen v 	 Společnost Eat Static vznikla v Anglii.	Eat Static vznikl v Anglii.	 Společnost Eat Static vznikla v 	Anglii	Eat Static vznikl v 	Anglii	England
Q255973	Hind Laroussi	Hind Laroussi	Q55	Netherlands	Nizozemsko	Hind Laroussi was created in Netherlands .	Hind Laroussi byl vytvořen v Nizozemsko.	Hind Laroussi byl vytvořen v 	 Hind Laroussi vznikla v Nizozemsku.	Hind Laroussi vznikla v Nizozemsku.	 Hind Laroussi vznikla v 	Nizozemsku	Hind Laroussi vznikla v 	Nizozemsku	Netherlands
Q206378	Pain	Pain	Q34	Sweden	Švédsko	Pain was created in Sweden .	Pain byl vytvořen v Švédsko.	Pain byl vytvořen v 	 Bolest byla stvořena ve Švédsku.	Pain vznikl ve Švédsku.	 Bolest byla stvořena ve 	Švédsku	Pain vznikl ve 	Švédsku	Sweden|||Švédské království
Q629718	brunost	Brunost	Q20	Norway	Norsko	brunost was created in Norway .	Brunost byl vytvořen v Norsko.	Brunost byl vytvořen v 	 Brunost vznikl v Norsku.	Brunost vznikl v Norsku.	 Brunost vznikl v 	Norsku	Brunost vznikl v 	Norsku	Norway|||Norské království
Q2624909	Abandon All Ships	Abandon All Ships	Q16	Canada	Kanada	Abandon All Ships was created in Canada .	Abandon All Ships byl vytvořen v Kanada.	Abandon All Ships byl vytvořen v 	 Hra Abandon All Ships byla vytvořena v Kanadě.	Abandon All Ships vznikl v Kanadě.	 Hra Abandon All Ships byla vytvořena v 	Kanadě	Abandon All Ships vznikl v 	Kanadě	Canada
Q600344	The Band	The Band	Q16	Canada	Kanada	The Band was created in Canada .	The Band byl vytvořen v Kanada.	The Band byl vytvořen v 	 Kapela byla založena v Kanadě.	The Band vznikla v Kanadě.	 Kapela byla založena v 	Kanadě	The Band vznikla v 	Kanadě	Canada
Q1545459	The Easybeats	The Easybeats	Q408	Australia	Austrálie	The Easybeats was created in Australia .	The Easybeats byl vytvořen v Austrálie.	The Easybeats byl vytvořen v 	 Easybeats vznikli v Austrálii.	The Easybeats vznikli v Austrálii.	 Easybeats vznikli v 	Austrálii	The Easybeats vznikli v 	Austrálii	Australia|||Australské společenství|||Australský svaz
Q1121567	Michael Strogoff	Carův kurýr	Q142	France	Francie	Michael Strogoff was created in France .	Carův kurýr byl vytvořen v Francie.	Carův kurýr byl vytvořen v 	 Michael Strogoff vznikl ve Francii.	Carův kurýr vznikl ve Francii.	 Michael Strogoff vznikl ve 	Francii	Carův kurýr vznikl ve 	Francii	France|||Francouzská republika
Q277369	Char 2C	Char 2C	Q142	France	Francie	Char 2C was created in France .	Char 2C byl vytvořen v Francie.	Char 2C byl vytvořen v 	 Char 2C byl vytvořen ve Francii.	Char 2C vznikl ve Francii.	 Char 2C byl vytvořen ve 	Francii	Char 2C vznikl ve 	Francii	France|||Francouzská republika
Q170037	balsamic vinegar	Balzámový ocet	Q38	Italy	Itálie	balsamic vinegar was created in Italy .	Balzámový ocet byl vytvořen v Itálie.	Balzámový ocet byl vytvořen v 	 Balzamikový ocet byl vytvořen v Itálii.	Balzámový ocet vznikl v Itálii.	 Balzamikový ocet byl vytvořen v 	Itálii	Balzámový ocet vznikl v 	Itálii	Italy|||Italská republika
Q899677	Los Serrano	Los Serrano	Q29	Spain	Španělsko	Los Serrano was created in Spain .	Los Serrano byl vytvořen v Španělsko.	Los Serrano byl vytvořen v 	 Los Serrano vzniklo ve Španělsku.	Los Serrano vznikl ve Španělsku.	 Los Serrano vzniklo ve 	Španělsku	Los Serrano vznikl ve 	Španělsku	Spain|||Španělské království
Q146673	Basic Instinct	Základní instinkt	Q142	France	Francie	Basic Instinct was created in France .	Základní instinkt byl vytvořen v Francie.	Základní instinkt byl vytvořen v 	 Základní instinkt byl vytvořen ve Francii.	Základní instinkt vznikl ve Francii.	 Základní instinkt byl vytvořen ve 	Francii	Základní instinkt vznikl ve 	Francii	France|||Francouzská republika
Q28214	The Killing	The Killing	Q16	Canada	Kanada	The Killing was created in Canada .	The Killing byl vytvořen v Kanada.	The Killing byl vytvořen v 	 Zabíjení vzniklo v Kanadě.	The Killing vznikl v Kanadě.	 Zabíjení vzniklo v 	Kanadě	The Killing vznikl v 	Kanadě	Canada
Q498448	Finntroll	Finntroll	Q33	Finland	Finsko	Finntroll was created in Finland .	Finntroll byl vytvořen v Finsko.	Finntroll byl vytvořen v 	 Finntroll byl založen ve Finsku.	Finntroll vznikl ve Finsku.	 Finntroll byl založen ve 	Finsku	Finntroll vznikl ve 	Finsku	Finland
Q1362405	gelato	Gelato	Q38	Italy	Itálie	gelato was created in Italy .	Gelato byl vytvořen v Itálie.	Gelato byl vytvořen v 	 Zmrzlina vznikla v Itálii.	Gelato vzniklo v Itálii.	 Zmrzlina vznikla v 	Itálii	Gelato vzniklo v 	Itálii	Italy|||Italská republika
Q128338	Trinity Blood	Trinity Blood	Q17	Japan	Japonsko	Trinity Blood was created in Japan .	Trinity Blood byl vytvořen v Japonsko.	Trinity Blood byl vytvořen v 	 Trinity Blood byla vytvořena v Japonsku.	Trinity Blood vznikl v Japonsku.	 Trinity Blood byla vytvořena v 	Japonsku	Trinity Blood vznikl v 	Japonsku	Japan|||Země vycházejícího slunce
Q6497852	Wiener schnitzel	vídeňský řízek	Q40	Austria	Rakousko	Wiener schnitzel was created in Austria .	vídeňský řízek byl vytvořen v Rakousko.	vídeňský řízek byl vytvořen v 	 Vídeňský řízek vznikl v Rakousku.	Vídeňský řízek vznikl v Rakousku.	 Vídeňský řízek vznikl v 	Rakousku	Vídeňský řízek vznikl v 	Rakousku	Austria
Q460319	La fanciulla del West	Děvče ze Západu	Q38	Italy	Itálie	La fanciulla del West was created in Italy .	Děvče ze Západu byl vytvořen v Itálie.	Děvče ze Západu byl vytvořen v 	 La fanciulla del West vznikla v Itálii .	Děvče ze Západu vzniklo v Itálii.	 La fanciulla del West vznikla v 	Itálii	Děvče ze Západu vzniklo v 	Itálii	Italy|||Italská republika
Q1473120	T-1 Hatsutaka	Fuji T-1	Q17	Japan	Japonsko	T-1 Hatsutaka was created in Japan .	Fuji T-1 byl vytvořen v Japonsko.	Fuji T-1 byl vytvořen v 	 T-1 Hatsutaka byl vyroben v Japonsku.	Fuji T-1 vznikl v Japonsku.	 T-1 Hatsutaka byl vyroben v 	Japonsku	Fuji T-1 vznikl v 	Japonsku	Japan|||Země vycházejícího slunce
Q1848445	New Philosophers	Noví filozofové	Q142	France	Francie	New Philosophers was created in France .	Noví filozofové byl vytvořen v Francie.	Noví filozofové byl vytvořen v 	Ve Francii vznikli Noví filozofové.	Noví filozofové vznikli ve Francii.	Ve 	Francii	Noví filozofové vznikli ve 	Francii	France|||Francouzská republika
Q1869406	La Femme Nikita	Brutální Nikita	Q16	Canada	Kanada	La Femme Nikita was created in Canada .	Brutální Nikita byl vytvořen v Kanada.	Brutální Nikita byl vytvořen v 	 La Femme Nikita byla vytvořena v Kanadě.	Brutální Nikita vznikla v Kanadě.	 La Femme Nikita byla vytvořena v 	Kanadě	Brutální Nikita vznikla v 	Kanadě	Canada
Q587835	RSM-56 Bulava	Bulava	Q159	Russia	Rusko	RSM-56 Bulava was created in Russia .	Bulava byl vytvořen v Rusko.	Bulava byl vytvořen v 	 RSM-56 Bulava byla vyrobena v Rusku.	Bulava vznikla v Rusku.	 RSM-56 Bulava byla vyrobena v 	Rusku	Bulava vznikla v 	Rusku	Russia|||Ruská federace|||RF
Q150570	Exocet	Exocet	Q142	France	Francie	Exocet was created in France .	Exocet byl vytvořen v Francie.	Exocet byl vytvořen v 	 Exocet byl vytvořen ve Francii.	Exocet vznikl ve Francii.	 Exocet byl vytvořen ve 	Francii	Exocet vznikl ve 	Francii	France|||Francouzská republika
Q1141238	The Guess Who	The Guess Who	Q16	Canada	Kanada	The Guess Who was created in Canada .	The Guess Who byl vytvořen v Kanada.	The Guess Who byl vytvořen v 	 Hádej, kdo byl vytvořen v Kanadě.	The Guess Who vznikl v Kanadě.	 Hádej, kdo byl vytvořen v 	Kanadě	The Guess Who vznikl v 	Kanadě	Canada
Q615926	TG1	TG1	Q38	Italy	Itálie	TG1 was created in Italy .	TG1 byl vytvořen v Itálie.	TG1 byl vytvořen v 	 TG1 byl vytvořen v Itálii.	TG1 vznikl v Itálii.	 TG1 byl vytvořen v 	Itálii	TG1 vznikl v 	Itálii	Italy|||Italská republika
Q780588	Ulver	Ulver	Q20	Norway	Norsko	Ulver was created in Norway .	Ulver byl vytvořen v Norsko.	Ulver byl vytvořen v 	 Ulver byl vytvořen v Norsku.	Ulver vznikl v Norsku.	 Ulver byl vytvořen v 	Norsku	Ulver vznikl v 	Norsku	Norway|||Norské království
Q1091086	The Third of May 1808	Poprava povstalců v Madridu	Q29	Spain	Španělsko	The Third of May 1808 was created in Spain .	Poprava povstalců v Madridu byl vytvořen v Španělsko.	Poprava povstalců v Madridu byl vytvořen v 	 Třetí květen 1808 byl vytvořen ve Španělsku.	Poprava povstalců v Madridu vznikla ve Španělsku.	 Třetí květen 1808 byl vytvořen ve 	Španělsku	Poprava povstalců v Madridu vznikla ve 	Španělsku	Spain|||Španělské království
Q540186	Miral	Miral	Q142	France	Francie	Miral was created in France .	Miral byl vytvořen v Francie.	Miral byl vytvořen v 	 Miral byl vytvořen ve Francii.	Miral vznikl ve Francii.	 Miral byl vytvořen ve 	Francii	Miral vznikl ve 	Francii	France|||Francouzská republika
Q1179895	De Gelderlander	De Gelderlander	Q55	Netherlands	Nizozemsko	De Gelderlander was created in Netherlands .	De Gelderlander byl vytvořen v Nizozemsko.	De Gelderlander byl vytvořen v 	 De Gelderlander byl vytvořen v Nizozemsku.	De Gelderlander vznikl v Nizozemsku.	 De Gelderlander byl vytvořen v 	Nizozemsku	De Gelderlander vznikl v 	Nizozemsku	Netherlands
Q8269	The Tale of Genji	Příběh prince Gendžiho	Q17	Japan	Japonsko	The Tale of Genji was created in Japan .	Příběh prince Gendžiho byl vytvořen v Japonsko.	Příběh prince Gendžiho byl vytvořen v 	 Příběh o Genji byl vytvořen v Japonsku.	Příběh prince Gendžiho vznikl v Japonsku.	 Příběh o Genji byl vytvořen v 	Japonsku	Příběh prince Gendžiho vznikl v 	Japonsku	Japan|||Země vycházejícího slunce
Q685005	Ovomaltine	Ovomaltina	Q39	Switzerland	Švýcarsko	Ovomaltine was created in Switzerland .	Ovomaltina byl vytvořen v Švýcarsko.	Ovomaltina byl vytvořen v 	 Ovomaltin byl vytvořen ve Švýcarsku.	Ovomaltina vznikla ve Švýcarsku.	 Ovomaltin byl vytvořen ve 	Švýcarsku	Ovomaltina vznikla ve 	Švýcarsku	Switzerland|||Švýcarská konfederace
Q207968	guacamole	guacamole	Q96	Mexico	Mexiko	guacamole was created in Mexico .	guacamole byl vytvořen v Mexiko.	guacamole byl vytvořen v 	 Guacamole vzniklo v Mexiku.	Guacamole vzniklo v Mexiku.	 Guacamole vzniklo v 	Mexiku	Guacamole vzniklo v 	Mexiku	Mexico|||Spojené státy mexické
Q489801	INXS	INXS	Q408	Australia	Austrálie	INXS was created in Australia .	INXS byl vytvořen v Austrálie.	INXS byl vytvořen v 	 INXS byl založen v Austrálii.	INXS vznikl v Austrálii.	 INXS byl založen v 	Austrálii	INXS vznikl v 	Austrálii	Australia|||Australské společenství|||Australský svaz
Q568048	Hibernatus	Hibernatus	Q142	France	Francie	Hibernatus was created in France .	Hibernatus byl vytvořen v Francie.	Hibernatus byl vytvořen v 	 Hibernatus byl vytvořen ve Francii.	Hibernatus vznikl ve Francii.	 Hibernatus byl vytvořen ve 	Francii	Hibernatus vznikl ve 	Francii	France|||Francouzská republika
Q389008	After Forever	After Forever	Q55	Netherlands	Nizozemsko	After Forever was created in Netherlands .	After Forever byl vytvořen v Nizozemsko.	After Forever byl vytvořen v 	 After Forever vzniklo v Nizozemsku.	After Forever vznikl v Nizozemsku.	 After Forever vzniklo v 	Nizozemsku	After Forever vznikl v 	Nizozemsku	Netherlands
Q1169399	Le Concert	Koncert	Q31	Belgium	Belgie	Le Concert was created in Belgium .	Koncert byl vytvořen v Belgie.	Koncert byl vytvořen v 	 Skupina Le Concert vznikla v Belgii.	Koncert vznikl v Belgii.	 Skupina Le Concert vznikla v 	Belgii	Koncert vznikl v 	Belgii	Belgium|||Belgické království
Q176375	Weekendavisen	Weekendavisen	Q35	Denmark	Dánsko	Weekendavisen was created in Denmark .	Weekendavisen byl vytvořen v Dánsko.	Weekendavisen byl vytvořen v 	 Weekendavisen vznikl v Dánsku .	Weekendavisen vznikl v Dánsku.	 Weekendavisen vznikl v 	Dánsku	Weekendavisen vznikl v 	Dánsku	Denmark|||Dánské království
Q703313	sour rye soup	Kyselo	Q36	Poland	Polsko	sour rye soup was created in Poland .	Kyselo byl vytvořen v Polsko.	Kyselo byl vytvořen v 	 V Polsku vznikla kyselá žitná polévka.	Kyselo vzniklo v Polsku.	 V 	Polsku	Kyselo vzniklo v 	Polsku	Poland|||Polská republika
Q3930	table tennis	stolní tenis	Q21	England	Anglie	table tennis was created in England .	stolní tenis byl vytvořen v Anglie.	stolní tenis byl vytvořen v 	 Stolní tenis vznikl v Anglii.	Stolní tenis vznikl v Anglii.	 Stolní tenis vznikl v 	Anglii	Stolní tenis vznikl v 	Anglii	England
Q838013	Les Visiteurs	Návštěvníci	Q142	France	Francie	Les Visiteurs was created in France .	Návštěvníci byl vytvořen v Francie.	Návštěvníci byl vytvořen v 	 Les Visiteurs byl vytvořen ve Francii.	Návštěvníci vznikli ve Francii.	 Les Visiteurs byl vytvořen ve 	Francii	Návštěvníci vznikli ve 	Francii	France|||Francouzská republika
Q182056	Inuyasha	Inuyasha	Q17	Japan	Japonsko	Inuyasha was created in Japan .	Inuyasha byl vytvořen v Japonsko.	Inuyasha byl vytvořen v 	 Inuyasha byl vytvořen v Japonsku.	Inuyasha vznikl v Japonsku.	 Inuyasha byl vytvořen v 	Japonsku	Inuyasha vznikl v 	Japonsku	Japan|||Země vycházejícího slunce
Q180817	Portuguese cuisine	Portugalská kuchyně	Q45	Portugal	Portugalsko	Portuguese cuisine was created in Portugal .	Portugalská kuchyně byl vytvořen v Portugalsko.	Portugalská kuchyně byl vytvořen v 	 Portugalská kuchyně vznikla v Portugalsku.	Portugalská kuchyně vznikla v Portugalsku.	 Portugalská kuchyně vznikla v 	Portugalsku	Portugalská kuchyně vznikla v 	Portugalsku	Portugal
Q158932	Edguy	Edguy	Q183	Germany	Německo	Edguy was created in Germany .	Edguy byl vytvořen v Německo.	Edguy byl vytvořen v 	Edguy vznikl v Německu.	Edguy vznikl v Německu.	Edguy vznikl v 	Německu	Edguy vznikl v 	Německu	Germany|||Spolková republika Německo|||SRN|||NSR|||BRD
Q1505649	Elf Aquitaine	Elf Aquitaine	Q142	France	Francie	Elf Aquitaine was created in France .	Elf Aquitaine byl vytvořen v Francie.	Elf Aquitaine byl vytvořen v 	 Elf Aquitaine vznikl ve Francii.	Elf Aquitaine vznikl ve Francii.	 Elf Aquitaine vznikl ve 	Francii	Elf Aquitaine vznikl ve 	Francii	France|||Francouzská republika
Q179110	Don Carlos	Don Carlos	Q38	Italy	Itálie	Don Carlos was created in Italy .	Don Carlos byl vytvořen v Itálie.	Don Carlos byl vytvořen v 	 Don Carlos byl stvořen v Itálii.	Don Carlos vznikl v Itálii.	 Don Carlos byl stvořen v 	Itálii	Don Carlos vznikl v 	Itálii	Italy|||Italská republika
Q11889	Die Sterne	Sterne	Q183	Germany	Německo	Die Sterne was created in Germany .	Sterne byl vytvořen v Německo.	Sterne byl vytvořen v 	 Die Sterne vznikla v Německu.	Sterny vznikly v Německu.	 Die Sterne vznikla v 	Německu	Sterny vznikly v 	Německu	Germany|||Spolková republika Německo|||SRN|||NSR|||BRD
Q9394132	Dancing with the Stars: Taniec z gwiazdami	Dancing with the Stars. Taniec z gwiazdami	Q36	Poland	Polsko	Dancing with the Stars: Taniec z gwiazdami was created in Poland .	Dancing with the Stars. Taniec z gwiazdami byl vytvořen v Polsko.	Dancing with the Stars. Taniec z gwiazdami byl vytvořen v 	 Pořad Dancing with the Stars: Taniec z gwiazdami vznikl v Polsku.	Dancing with the Stars: Taniec z gwiazdami vznikl v Polsku.	 Pořad Dancing with the Stars: Taniec z gwiazdami vznikl v 	Polsku	Dancing with the Stars: Taniec z gwiazdami vznikl v 	Polsku	Poland|||Polská republika
Q1629993	SIG Sauer P239	SIG Sauer P239	Q39	Switzerland	Švýcarsko	SIG Sauer P239 was created in Switzerland .	SIG Sauer P239 byl vytvořen v Švýcarsko.	SIG Sauer P239 byl vytvořen v 	 SIG Sauer P239 byla vyrobena ve Švýcarsku.	SIG Sauer P239 vznikl ve Švýcarsku.	 SIG Sauer P239 byla vyrobena ve 	Švýcarsku	SIG Sauer P239 vznikl ve 	Švýcarsku	Switzerland|||Švýcarská konfederace
Q3331016	Lubricated Goat	Lubricated Goat	Q408	Australia	Austrálie	Lubricated Goat was created in Australia .	Lubricated Goat byl vytvořen v Austrálie.	Lubricated Goat byl vytvořen v 	 Lubricated Goat byl vytvořen v Austrálii.	Lubricated Goat vznikl v Austrálii.	 Lubricated Goat byl vytvořen v 	Austrálii	Lubricated Goat vznikl v 	Austrálii	Australia|||Australské společenství|||Australský svaz
Q258546	In Flames	In Flames	Q34	Sweden	Švédsko	In Flames was created in Sweden .	In Flames byl vytvořen v Švédsko.	In Flames byl vytvořen v 	 In Flames vzniklo ve Švédsku.	In Flames vznikla ve Švédsku.	 In Flames vzniklo ve 	Švédsku	In Flames vznikla ve 	Švédsku	Sweden|||Švédské království
Q640053	Ylvis	Ylvis	Q20	Norway	Norsko	Ylvis was created in Norway .	Ylvis byl vytvořen v Norsko.	Ylvis byl vytvořen v 	 Ylvis byl vytvořen v Norsku.	Ylvis vznikl v Norsku.	 Ylvis byl vytvořen v 	Norsku	Ylvis vznikl v 	Norsku	Norway|||Norské království
Q658204	Blowup	Zvětšenina	Q38	Italy	Itálie	Blowup was created in Italy .	Zvětšenina byl vytvořen v Itálie.	Zvětšenina byl vytvořen v 	 Blowup vznikl v Itálii.	Zvětšenina vznikla v Itálii.	 Blowup vznikl v 	Itálii	Zvětšenina vznikla v 	Itálii	Italy|||Italská republika
Q2433798	Tilsit cheese	Tylžský sýr	Q39	Switzerland	Švýcarsko	Tilsit cheese was created in Switzerland .	Tylžský sýr byl vytvořen v Švýcarsko.	Tylžský sýr byl vytvořen v 	 Sýr Tilsit byl vytvořen ve Švýcarsku.	Tylžský sýr vznikl ve Švýcarsku.	 Sýr Tilsit byl vytvořen ve 	Švýcarsku	Tylžský sýr vznikl ve 	Švýcarsku	Switzerland|||Švýcarská konfederace
Q734560	Le comte Ory	Hrabě Ory	Q38	Italy	Itálie	Le comte Ory was created in Italy .	Hrabě Ory byl vytvořen v Itálie.	Hrabě Ory byl vytvořen v 	 Hrabě Ory vznikl v Itálii.	Hrabě Ory vznikl v Itálii.	 Hrabě Ory vznikl v 	Itálii	Hrabě Ory vznikl v 	Itálii	Italy|||Italská republika
Q822331	matcha	mačča	Q17	Japan	Japonsko	matcha was created in Japan .	mačča byl vytvořen v Japonsko.	mačča byl vytvořen v 	 Matcha byla vytvořena v Japonsku.	Mačča vznikla v Japonsku.	 Matcha byla vytvořena v 	Japonsku	Mačča vznikla v 	Japonsku	Japan|||Země vycházejícího slunce
Q2204450	roti	Roti (pokrm)	Q668	India	Indie	roti was created in India .	Roti (pokrm) byl vytvořen v Indie.	Roti (pokrm) byl vytvořen v 	 Roti vzniklo v Indii.	Roti vzniklo v Indii.	 Roti vzniklo v 	Indii	Roti vzniklo v 	Indii	India|||Indická republika
Q1967561	Bettie Serveert	Bettie Serveert	Q55	Netherlands	Nizozemsko	Bettie Serveert was created in Netherlands .	Bettie Serveert byl vytvořen v Nizozemsko.	Bettie Serveert byl vytvořen v 	 Bettie Serveert byla vytvořena v Nizozemsku.	Bettie Serveert vznikl v Nizozemsku.	 Bettie Serveert byla vytvořena v 	Nizozemsku	Bettie Serveert vznikl v 	Nizozemsku	Netherlands
Q176626	Europa Europa	Evropa, Evropa	Q36	Poland	Polsko	Europa Europa was created in Poland .	Evropa, Evropa byl vytvořen v Polsko.	Evropa, Evropa byl vytvořen v 	 Europa Europa byla založena v Polsku.	Evropa, Evropa vznikla v Polsku.	 Europa Europa byla založena v 	Polsku	Evropa, Evropa vznikla v 	Polsku	Poland|||Polská republika
Q1791872	Lemonade Joe	Limonádový Joe aneb Koňská opera	Q33946	Czechoslovakia	Československo	Lemonade Joe was created in Czechoslovakia .	Limonádový Joe aneb Koňská opera byl vytvořen v Československo.	Limonádový Joe aneb Koňská opera byl vytvořen v 	 Limonádový Joe vznikl v Československu.	Limonádový Joe aneb Koňská opera vznikl v Československu.	 Limonádový Joe vznikl v 	Československu	ERROR	ERROR	Czechoslovakia|||Československý stát|||Československá republika|||Československá socialistická republika|||Československá federativní republika|||ČSR|||ČSSR|||ČSFR|||Česko-slovenský stát|||Republika Československá|||Česko-Slovenská republika|||Česká a Slovenská federativní republika
Q1050065	REC 2	REC 2	Q29	Spain	Španělsko	REC 2 was created in Spain .	REC 2 byl vytvořen v Španělsko.	REC 2 byl vytvořen v 	 REC 2 byl vytvořen ve Španělsku.	REC 2 vznikl ve Španělsku.	 REC 2 byl vytvořen ve 	Španělsku	REC 2 vznikl ve 	Španělsku	Spain|||Španělské království
Q1138174	Cowboy Junkies	Cowboy Junkies	Q16	Canada	Kanada	Cowboy Junkies was created in Canada .	Cowboy Junkies byl vytvořen v Kanada.	Cowboy Junkies byl vytvořen v 	 Cowboy Junkies vznikli v Kanadě.	Cowboy Junkies vznikli v Kanadě.	 Cowboy Junkies vznikli v 	Kanadě	Cowboy Junkies vznikli v 	Kanadě	Canada
Q142095	Polityka	Polityka	Q36	Poland	Polsko	Polityka was created in Poland .	Polityka byl vytvořen v Polsko.	Polityka byl vytvořen v 	 Polityka vznikla v Polsku.	Polityka vznikla v Polsku.	 Polityka vznikla v 	Polsku	Polityka vznikla v 	Polsku	Poland|||Polská republika
Q215287	Stargate Atlantis	Hvězdná brána: Atlantida	Q16	Canada	Kanada	Stargate Atlantis was created in Canada .	Hvězdná brána: Atlantida byl vytvořen v Kanada.	Hvězdná brána: Atlantida byl vytvořen v 	 Hvězdná brána Atlantida byla vytvořena v Kanadě.	Hvězdná brána: Atlantida vznikla v Kanadě.	 Hvězdná brána Atlantida byla vytvořena v 	Kanadě	Hvězdná brána: Atlantida vznikla v 	Kanadě	Canada
Q860465	roast beef	roastbeef	Q21	England	Anglie	roast beef was created in England .	roastbeef byl vytvořen v Anglie.	roastbeef byl vytvořen v 	 Pečené hovězí maso bylo vynalezeno v Anglii.	Roastbeef vznikl v Anglii.	 Pečené hovězí maso bylo vynalezeno v 	Anglii	Roastbeef vznikl v 	Anglii	England
Q1022379	C.R.A.Z.Y.	Dar od Boha	Q16	Canada	Kanada	C.R.A.Z.Y. was created in Canada .	Dar od Boha byl vytvořen v Kanada.	Dar od Boha byl vytvořen v 	 CRAZY vzniklo v Kanadě.	Dar od Boha vznikl v Kanadě.	 CRAZY vzniklo v 	Kanadě	Dar od Boha vznikl v 	Kanadě	Canada
Q1001864	Buenos Aires Herald	Buenos Aires Herald	Q414	Argentina	Argentina	Buenos Aires Herald was created in Argentina .	Buenos Aires Herald byl vytvořen v Argentina.	Buenos Aires Herald byl vytvořen v 	Buenos Aires Herald byl založen v Argentině.	Buenos Aires Herald vznikl v Argentině.	Buenos Aires Herald byl založen v 	Argentině	Buenos Aires Herald vznikl v 	Argentině	Argentina
Q2826643	French Development Agency	Agence française de développement	Q142	France	Francie	French Development Agency was created in France .	Agence française de développement byl vytvořen v Francie.	Agence française de développement byl vytvořen v 	 Ve Francii byla založena Francouzská rozvojová agentura.	Agence française de développement vznikla ve Francii.	 Ve 	Francii	Agence française de développement vznikla ve 	Francii	France|||Francouzská republika
Q23374	chorizo	Chorizo	Q45	Portugal	Portugalsko	chorizo was created in Portugal .	Chorizo byl vytvořen v Portugalsko.	Chorizo byl vytvořen v 	 Chorizo bylo vytvořeno v Portugalsku.	Chorizo vzniklo v Portugalsku.	 Chorizo bylo vytvořeno v 	Portugalsku	Chorizo vzniklo v 	Portugalsku	Portugal
Q696006	Tsubasa: Reservoir Chronicle	Tsubasa Reservoir Chronicle	Q17	Japan	Japonsko	Tsubasa: Reservoir Chronicle was created in Japan .	Tsubasa Reservoir Chronicle byl vytvořen v Japonsko.	Tsubasa Reservoir Chronicle byl vytvořen v 	 Tsubasa: Reservoir Chronicle byla vytvořena v Japonsku.	Tsubasa: Reservoir Chronicle vznikl v Japonsku.	 Tsubasa: Reservoir Chronicle byla vytvořena v 	Japonsku	Tsubasa: Reservoir Chronicle vznikl v 	Japonsku	Japan|||Země vycházejícího slunce
Q5339104	Edmonton Symphony Orchestra	Edmonton Symphony Orchestra	Q16	Canada	Kanada	Edmonton Symphony Orchestra was created in Canada .	Edmonton Symphony Orchestra byl vytvořen v Kanada.	Edmonton Symphony Orchestra byl vytvořen v 	 Edmontonský symfonický orchestr byl založen v Kanadě.	Edmonton Symphony Orchestra vznikl v Kanadě.	 Edmontonský symfonický orchestr byl založen v 	Kanadě	Edmonton Symphony Orchestra vznikl v 	Kanadě	Canada
Q836752	My-HiME	Mai HIME	Q17	Japan	Japonsko	My-HiME was created in Japan .	Mai HIME byl vytvořen v Japonsko.	Mai HIME byl vytvořen v 	 My-HiME byl vytvořen v Japonsku.	Mai HIME vznikl v Japonsku.	 My-HiME byl vytvořen v 	Japonsku	Mai HIME vznikl v 	Japonsku	Japan|||Země vycházejícího slunce
Q2635218	Gil Blas	Gil Blas	Q142	France	Francie	Gil Blas was created in France .	Gil Blas byl vytvořen v Francie.	Gil Blas byl vytvořen v 	 Gil Blas vznikl ve Francii.	Gil Blas vznikl ve Francii.	 Gil Blas vznikl ve 	Francii	Gil Blas vznikl ve 	Francii	France|||Francouzská republika
Q208094	Peer Gynt	Peer Gynt	Q20	Norway	Norsko	Peer Gynt was created in Norway .	Peer Gynt byl vytvořen v Norsko.	Peer Gynt byl vytvořen v 	 Peer Gynt vznikl v Norsku.	Peer Gynt vznikl v Norsku.	 Peer Gynt vznikl v 	Norsku	Peer Gynt vznikl v 	Norsku	Norway|||Norské království
Q764073	Gyllene Tider	Gyllene Tider	Q34	Sweden	Švédsko	Gyllene Tider was created in Sweden .	Gyllene Tider byl vytvořen v Švédsko.	Gyllene Tider byl vytvořen v 	 Gyllene Tider byla vytvořena ve Švédsku.	Gyllene Tider vznikli ve Švédsku.	 Gyllene Tider byla vytvořena ve 	Švédsku	Gyllene Tider vznikli ve 	Švédsku	Sweden|||Švédské království
Q187462	Stargate SG-1	Hvězdná brána	Q16	Canada	Kanada	Stargate SG-1 was created in Canada .	Hvězdná brána byl vytvořen v Kanada.	Hvězdná brána byl vytvořen v 	 Stargate SG-1 byla vytvořena v Kanadě.	Hvězdná brána vznikla v Kanadě.	 Stargate SG-1 byla vytvořena v 	Kanadě	Hvězdná brána vznikla v 	Kanadě	Canada
Q39010	Schipperke	Šiperka	Q31	Belgium	Belgie	Schipperke was created in Belgium .	Šiperka byl vytvořen v Belgie.	Šiperka byl vytvořen v 	 Schipperke byl vytvořen v Belgii.	Šiperka vznikla v Belgii.	 Schipperke byl vytvořen v 	Belgii	Šiperka vznikla v 	Belgii	Belgium|||Belgické království
Q738526	Closely Watched Trains	Ostře sledované vlaky	Q33946	Czechoslovakia	Československo	Closely Watched Trains was created in Czechoslovakia .	Ostře sledované vlaky byl vytvořen v Československo.	Ostře sledované vlaky byl vytvořen v 	 Ostře sledované vlaky vznikly v Československu.	Ostře sledované vlaky vznikly v Československu.	 Ostře sledované vlaky vznikly v 	Československu	Ostře sledované vlaky vznikly v 	Československu	Czechoslovakia|||Československý stát|||Československá republika|||Československá socialistická republika|||Československá federativní republika|||ČSR|||ČSSR|||ČSFR|||Česko-slovenský stát|||Republika Československá|||Česko-Slovenská republika|||Česká a Slovenská federativní republika
Q158333	Heaven Shall Burn	Heaven Shall Burn	Q183	Germany	Německo	Heaven Shall Burn was created in Germany .	Heaven Shall Burn byl vytvořen v Německo.	Heaven Shall Burn byl vytvořen v 	 Heaven Shall Burn vzniklo v Německu.	Heaven Shall Burn vznikl v Německu.	 Heaven Shall Burn vzniklo v 	Německu	Heaven Shall Burn vznikl v 	Německu	Germany|||Spolková republika Německo|||SRN|||NSR|||BRD
Q131578	J-pop	J-pop	Q17	Japan	Japonsko	J-pop was created in Japan .	J-pop byl vytvořen v Japonsko.	J-pop byl vytvořen v 	 J-pop vznikl v Japonsku.	J-pop vznikl v Japonsku.	 J-pop vznikl v 	Japonsku	J-pop vznikl v 	Japonsku	Japan|||Země vycházejícího slunce
Q27460	Dacia	Dacia	Q218	Romania	Rumunsko	Dacia was created in Romania .	Dacia byl vytvořen v Rumunsko.	Dacia byl vytvořen v 	 Dacia byla vytvořena v Rumunsku.	Dacia vznikla v Rumunsku.	 Dacia byla vytvořena v 	Rumunsku	Dacia vznikla v 	Rumunsku	Romania
Q939074	Gesta Danorum	Gesta Danorum	Q35	Denmark	Dánsko	Gesta Danorum was created in Denmark .	Gesta Danorum byl vytvořen v Dánsko.	Gesta Danorum byl vytvořen v 	 Gesta Danorum vzniklo v Dánsku .	Gesta Danorum vznikla v Dánsku.	 Gesta Danorum vzniklo v 	Dánsku	Gesta Danorum vznikla v 	Dánsku	Denmark|||Dánské království
Q375	waffle	vafle	Q31	Belgium	Belgie	waffle was created in Belgium .	vafle byl vytvořen v Belgie.	vafle byl vytvořen v 	 Vafle vznikla v Belgii.	Vafle vznikla v Belgii.	 Vafle vznikla v 	Belgii	Vafle vznikla v 	Belgii	Belgium|||Belgické království
Q193172	Burzum	Burzum	Q20	Norway	Norsko	Burzum was created in Norway .	Burzum byl vytvořen v Norsko.	Burzum byl vytvořen v 	 Burzum vznikl v Norsku.	Burzum vznikl v Norsku.	 Burzum vznikl v 	Norsku	Burzum vznikl v 	Norsku	Norway|||Norské království
Q1169399	Le Concert	Koncert	Q142	France	Francie	Le Concert was created in France .	Koncert byl vytvořen v Francie.	Koncert byl vytvořen v 	 Le Concert vznikl ve Francii.	Koncert vznikl ve Francii.	 Le Concert vznikl ve 	Francii	Koncert vznikl ve 	Francii	France|||Francouzská republika
Q847	tennis	tenis	Q21	England	Anglie	tennis was created in England .	tenis byl vytvořen v Anglie.	tenis byl vytvořen v 	 Tenis vznikl v Anglii.	Tenis vznikl v Anglii.	 Tenis vznikl v 	Anglii	Tenis vznikl v 	Anglii	England
Q211279	Ernani	Ernani	Q38	Italy	Itálie	Ernani was created in Italy .	Ernani byl vytvořen v Itálie.	Ernani byl vytvořen v 	 Ernani vznikl v Itálii.	Ernani vzniklo v Itálii.	 Ernani vznikl v 	Itálii	Ernani vzniklo v 	Itálii	Italy|||Italská republika
Q934536	The Seven Crystal Balls	7 křišťálových koulí	Q31	Belgium	Belgie	The Seven Crystal Balls was created in Belgium .	7 křišťálových koulí byl vytvořen v Belgie.	7 křišťálových koulí byl vytvořen v 	 Sedm křišťálových koulí bylo vytvořeno v Belgii.	7 křišťálových koulí vzniklo v Belgii.	 Sedm křišťálových koulí bylo vytvořeno v 	Belgii	7 křišťálových koulí vzniklo v 	Belgii	Belgium|||Belgické království
Q106506	The Fifth Element	Pátý element	Q142	France	Francie	The Fifth Element was created in France .	Pátý element byl vytvořen v Francie.	Pátý element byl vytvořen v 	Pátý element byl vytvořen ve Francii.	Pátý element vznikl ve Francii.	Pátý element byl vytvořen ve 	Francii	Pátý element vznikl ve 	Francii	France|||Francouzská republika
Q7767092	The Strypes	The Strypes	Q27	Ireland	Irsko	The Strypes was created in Ireland .	The Strypes byl vytvořen v Irsko.	The Strypes byl vytvořen v 	 Skupina Strypes vznikla v Irsku.	The Strypes vznikla v Irsku.	 Skupina Strypes vznikla v 	Irsku	The Strypes vznikla v 	Irsku	Ireland|||Éire|||Irská republika|||Ireland|||Poblacht na hÉireann|||Republic of Ireland
Q129031	tapenade	tapenáda	Q142	France	Francie	tapenade was created in France .	tapenáda byl vytvořen v Francie.	tapenáda byl vytvořen v 	 Tapenáda byla vytvořena ve Francii.	Tapenáda vznikla ve Francii.	 Tapenáda byla vytvořena ve 	Francii	Tapenáda vznikla ve 	Francii	France|||Francouzská republika
Q3220296	Arisaka	Arisaka	Q17	Japan	Japonsko	Arisaka was created in Japan .	Arisaka byl vytvořen v Japonsko.	Arisaka byl vytvořen v 	 Arisaka byla vytvořena v Japonsku.	Arisaka vznikl v Japonsku.	 Arisaka byla vytvořena v 	Japonsku	Arisaka vznikl v 	Japonsku	Japan|||Země vycházejícího slunce
Q1193655	The Phantom Carriage	Vozka smrti	Q34	Sweden	Švédsko	The Phantom Carriage was created in Sweden .	Vozka smrti byl vytvořen v Švédsko.	Vozka smrti byl vytvořen v 	 Fantomový kočár byl vytvořen ve Švédsku.	Vozka smrti vznikla ve Švédsku.	 Fantomový kočár byl vytvořen ve 	Švédsku	Vozka smrti vznikla ve 	Švédsku	Sweden|||Švédské království
Q1520229	Gueuze	Gueuze	Q31	Belgium	Belgie	Gueuze was created in Belgium .	Gueuze byl vytvořen v Belgie.	Gueuze byl vytvořen v 	 Gueuze vznikla v Belgii.	Gueuze vzniklo v Belgii.	 Gueuze vznikla v 	Belgii	Gueuze vzniklo v 	Belgii	Belgium|||Belgické království
Q9794	reggae	reggae	Q766	Jamaica	Jamajka	reggae was created in Jamaica .	reggae byl vytvořen v Jamajka.	reggae byl vytvořen v 	 Reggae vzniklo na Jamajce.	Reggae vzniklo na Jamajce.	 Reggae vzniklo na 	Jamajce	Reggae vzniklo na 	Jamajce	Jamaica
Q535457	Johan and Peewit	Johan et Pirlouit	Q31	Belgium	Belgie	Johan and Peewit was created in Belgium .	Johan et Pirlouit byl vytvořen v Belgie.	Johan et Pirlouit byl vytvořen v 	 Johan a Peewit vznikli v Belgii.	Johan a Pirlouit vznikli v Belgii.	 Johan a Peewit vznikli v 	Belgii	Johan a Pirlouit vznikli v 	Belgii	Belgium|||Belgické království
Q1324151	El Espectador	El Espectador	Q739	Colombia	Kolumbie	El Espectador was created in Colombia .	El Espectador byl vytvořen v Kolumbie.	El Espectador byl vytvořen v 	 El Espectador byl vytvořen v Kolumbii.	El Espectador vznikl v Kolumbii.	 El Espectador byl vytvořen v 	Kolumbii	El Espectador vznikl v 	Kolumbii	Colombia
Q327773	Ouran High School Host Club	Ouran High School Host Club	Q17	Japan	Japonsko	Ouran High School Host Club was created in Japan .	Ouran High School Host Club byl vytvořen v Japonsko.	Ouran High School Host Club byl vytvořen v 	 Hostitelský klub střední školy Ouran byl založen v Japonsku.	Ouran High School Host Club vznikl v Japonsku.	 Hostitelský klub střední školy Ouran byl založen v 	Japonsku	Ouran High School Host Club vznikl v 	Japonsku	Japan|||Země vycházejícího slunce
Q815740	Surimi	Surimi	Q17	Japan	Japonsko	Surimi was created in Japan .	Surimi byl vytvořen v Japonsko.	Surimi byl vytvořen v 	 Surimi vzniklo v Japonsku.	Surimi vzniklo v Japonsku.	 Surimi vzniklo v 	Japonsku	Surimi vzniklo v 	Japonsku	Japan|||Země vycházejícího slunce
Q287972	AC4	AC4	Q34	Sweden	Švédsko	AC4 was created in Sweden .	AC4 byl vytvořen v Švédsko.	AC4 byl vytvořen v 	 AC4 byl vytvořen ve Švédsku.	AC4 vznikl ve Švédsku.	 AC4 byl vytvořen ve 	Švédsku	AC4 vznikl ve 	Švédsku	Sweden|||Švédské království
Q311449	The Reader	Předčítač	Q183	Germany	Německo	The Reader was created in Germany .	Předčítač byl vytvořen v Německo.	Předčítač byl vytvořen v 	 Čtenář byl vytvořen v Německu.	Předčítač vznikl v Německu.	 Čtenář byl vytvořen v 	Německu	Předčítač vznikl v 	Německu	Germany|||Spolková republika Německo|||SRN|||NSR|||BRD
Q8027932	Witchhammer	Kladivo na čarodějnice	Q33946	Czechoslovakia	Československo	Witchhammer was created in Czechoslovakia .	Kladivo na čarodějnice byl vytvořen v Československo.	Kladivo na čarodějnice byl vytvořen v 	 Kladivo čarodějnice (Witchhammer) vzniklo v Československu.	Kladivo na čarodějnice vzniklo v Československu.	 Kladivo čarodějnice (Witchhammer) vzniklo v 	Československu	Kladivo na čarodějnice vzniklo v 	Československu	Czechoslovakia|||Československý stát|||Československá republika|||Československá socialistická republika|||Československá federativní republika|||ČSR|||ČSSR|||ČSFR|||Česko-slovenský stát|||Republika Československá|||Česko-Slovenská republika|||Česká a Slovenská federativní republika
Q2736	association football	fotbal	Q21	England	Anglie	association football was created in England .	fotbal byl vytvořen v Anglie.	fotbal byl vytvořen v 	 Americký fotbal vznikl v Anglii.	Fotbal vznikl v Anglii.	 Americký fotbal vznikl v 	Anglii	Fotbal vznikl v 	Anglii	England
Q736208	Limoncello	Limoncello	Q38	Italy	Itálie	Limoncello was created in Italy .	Limoncello byl vytvořen v Itálie.	Limoncello byl vytvořen v 	 Limoncello bylo vytvořeno v Itálii.	Limoncello vzniklo v Itálii.	 Limoncello bylo vytvořeno v 	Itálii	Limoncello vzniklo v 	Itálii	Italy|||Italská republika
Q1082594	Heartbreak High	Škola zlomených srdcí	Q408	Australia	Austrálie	Heartbreak High was created in Australia .	Škola zlomených srdcí byl vytvořen v Austrálie.	Škola zlomených srdcí byl vytvořen v 	 Heartbreak High vznikla v Austrálii.	Škola zlomených srdcí vznikla v Austrálii.	 Heartbreak High vznikla v 	Austrálii	Škola zlomených srdcí vznikla v 	Austrálii	Australia|||Australské společenství|||Australský svaz
Q10184	Frankfurter Allgemeine Zeitung	Frankfurter Allgemeine Zeitung	Q183	Germany	Německo	Frankfurter Allgemeine Zeitung was created in Germany .	Frankfurter Allgemeine Zeitung byl vytvořen v Německo.	Frankfurter Allgemeine Zeitung byl vytvořen v 	 Frankfurter Allgemeine Zeitung byl vytvořen v Německu.	Frankfurter Allgemeine Zeitung vznikla v Německu.	 Frankfurter Allgemeine Zeitung byl vytvořen v 	Německu	Frankfurter Allgemeine Zeitung vznikla v 	Německu	Germany|||Spolková republika Německo|||SRN|||NSR|||BRD
Q1122254	Golgo 13	Golgo 13	Q17	Japan	Japonsko	Golgo 13 was created in Japan .	Golgo 13 byl vytvořen v Japonsko.	Golgo 13 byl vytvořen v 	 Golgo 13 byl vytvořen v Japonsku.	Golgo 13 vznikl v Japonsku.	 Golgo 13 byl vytvořen v 	Japonsku	Golgo 13 vznikl v 	Japonsku	Japan|||Země vycházejícího slunce
Q1057617	Gantz	Gantz	Q17	Japan	Japonsko	Gantz was created in Japan .	Gantz byl vytvořen v Japonsko.	Gantz byl vytvořen v 	 Gantz byl vytvořen v Japonsku.	Gantz vznikl v Japonsku.	 Gantz byl vytvořen v 	Japonsku	Gantz vznikl v 	Japonsku	Japan|||Země vycházejícího slunce
Q7103920	Orphan Black	Orphan Black	Q16	Canada	Kanada	Orphan Black was created in Canada .	Orphan Black byl vytvořen v Kanada.	Orphan Black byl vytvořen v 	 Orphan Black vznikl v Kanadě.	Orphan Black vznikl v Kanadě.	 Orphan Black vznikl v 	Kanadě	Orphan Black vznikl v 	Kanadě	Canada
Q188461	Dannii Minogue	Dannii Minogue	Q408	Australia	Austrálie	Dannii Minogue was created in Australia .	Dannii Minogue byl vytvořen v Austrálie.	Dannii Minogue byl vytvořen v 	 Dannii Minogue byl vytvořen v Austrálii.	Dannii Minogue vznikla v Austrálii.	 Dannii Minogue byl vytvořen v 	Austrálii	Dannii Minogue vznikla v 	Austrálii	Australia|||Australské společenství|||Australský svaz
Q165704	high jump	skok do výšky	Q22	Scotland	Skotsko	high jump was created in Scotland .	skok do výšky byl vytvořen v Skotsko.	skok do výšky byl vytvořen v 	 Skok vysoký vznikl ve Skotsku.	Skok do výšky vznikl ve Skotsku.	 Skok vysoký vznikl ve 	Skotsku	Skok do výšky vznikl ve 	Skotsku	Scotland
Q15983712	La Conquista	Montezuma	Q38	Italy	Itálie	La Conquista was created in Italy .	Montezuma byl vytvořen v Itálie.	Montezuma byl vytvořen v 	La Conquista vznikla v Itálii.	Monteczuma vznikl v Itálii.	La Conquista vznikla v 	Itálii	Monteczuma vznikl v 	Itálii	Italy|||Italská republika
Q3398806	Y Cymro	Y Cymro	Q25	Wales	Wales	Y Cymro was created in Wales .	Y Cymro byl vytvořen v Wales.	Y Cymro byl vytvořen v 	 Y Cymro byla založena ve Walesu.	Y Cymro vznikl ve Walesu.	 Y Cymro byla založena ve 	Walesu	Y Cymro vznikl ve 	Walesu	Wales
Q2881262	ballet de cour	dvorní balet	Q142	France	Francie	ballet de cour was created in France .	dvorní balet byl vytvořen v Francie.	dvorní balet byl vytvořen v 	 Ballet de Cour vznikl ve Francii.	Dvorní balet vznikl ve Francii.	 Ballet de Cour vznikl ve 	Francii	Dvorní balet vznikl ve 	Francii	France|||Francouzská republika
Q3206076	Niboshi	Niboši	Q17	Japan	Japonsko	Niboshi was created in Japan .	Niboši byl vytvořen v Japonsko.	Niboši byl vytvořen v 	 Niboši byl vytvořen v Japonsku.	Niboshi vzniklo v Japonsku.	 Niboši byl vytvořen v 	Japonsku	Niboshi vzniklo v 	Japonsku	Japan|||Země vycházejícího slunce
Q92572	FLCL	FLCL	Q17	Japan	Japonsko	FLCL was created in Japan .	FLCL byl vytvořen v Japonsko.	FLCL byl vytvořen v 	 FLCL byla vytvořena v Japonsku.	FLCL vznikl v Japonsku.	 FLCL byla vytvořena v 	Japonsku	FLCL vznikl v 	Japonsku	Japan|||Země vycházejícího slunce
Q2626606	Pandur II	Pandur II	Q40	Austria	Rakousko	Pandur II was created in Austria .	Pandur II byl vytvořen v Rakousko.	Pandur II byl vytvořen v 	 Pandur II byl vytvořen v Rakousku.	Pandur II vznikl v Rakousku.	 Pandur II byl vytvořen v 	Rakousku	Pandur II vznikl v 	Rakousku	Austria
Q156203	Bild	Bild	Q183	Germany	Německo	Bild was created in Germany .	Bild byl vytvořen v Německo.	Bild byl vytvořen v 	 Bild byl vytvořen v Německu.	Bild vznikl v Německu.	 Bild byl vytvořen v 	Německu	Bild vznikl v 	Německu	Germany|||Spolková republika Německo|||SRN|||NSR|||BRD
Q621495	Gormiti	Gormiti	Q38	Italy	Itálie	Gormiti was created in Italy .	Gormiti byl vytvořen v Itálie.	Gormiti byl vytvořen v 	 Gormiti byli stvořeni v Itálii.	Gormiti vznikli v Itálii.	 Gormiti byli stvořeni v 	Itálii	Gormiti vznikli v 	Itálii	Italy|||Italská republika
Q1162965	Bolognese sauce	boloňská omáčka	Q38	Italy	Itálie	Bolognese sauce was created in Italy .	boloňská omáčka byl vytvořen v Itálie.	boloňská omáčka byl vytvořen v 	 Boloňská omáčka byla vytvořena v Itálii.	Boloňská omáčka vznikla v Itálii.	 Boloňská omáčka byla vytvořena v 	Itálii	Boloňská omáčka vznikla v 	Itálii	Italy|||Italská republika
Q476133	Rollo and the Spirit of the Woods	Rölli a lesní duch	Q33	Finland	Finsko	Rollo and the Spirit of the Woods was created in Finland .	Rölli a lesní duch byl vytvořen v Finsko.	Rölli a lesní duch byl vytvořen v 	 Rollo a duch lesa vznikl ve Finsku.	Rölli a lesní duch vznikl ve Finsku.	 Rollo a duch lesa vznikl ve 	Finsku	Rölli a lesní duch vznikl ve 	Finsku	Finland
Q747081	Italian Fascism	Italský fašismus	Q38	Italy	Itálie	Italian Fascism was created in Italy .	Italský fašismus byl vytvořen v Itálie.	Italský fašismus byl vytvořen v 	 Italský fašismus byl vytvořen v Itálii.	Italský fašismus vznikl v Itálii.	 Italský fašismus byl vytvořen v 	Itálii	Italský fašismus vznikl v 	Itálii	Italy|||Italská republika
Q665715	The Swiss Family Robinson	Švýcarský Robinson	Q39	Switzerland	Švýcarsko	The Swiss Family Robinson was created in Switzerland .	Švýcarský Robinson byl vytvořen v Švýcarsko.	Švýcarský Robinson byl vytvořen v 	 Švýcarská rodina Robinsonů vznikla ve Švýcarsku.	Švýcarský Robinson vznikl ve Švýcarsku.	 Švýcarská rodina Robinsonů vznikla ve 	Švýcarsku	Švýcarský Robinson vznikl ve 	Švýcarsku	Switzerland|||Švýcarská konfederace
Q555699	Novelas ejemplares	Příkladné novely	Q29	Spain	Španělsko	Novelas ejemplares was created in Spain .	Příkladné novely byl vytvořen v Španělsko.	Příkladné novely byl vytvořen v 	 Novelas ejemplares byl vytvořen ve Španělsku.	Příkladné novely vznikly ve Španělsku.	 Novelas ejemplares byl vytvořen ve 	Španělsku	Příkladné novely vznikly ve 	Španělsku	Spain|||Španělské království
Q11890	Tocotronic	Tocotronic	Q183	Germany	Německo	Tocotronic was created in Germany .	Tocotronic byl vytvořen v Německo.	Tocotronic byl vytvořen v 	 Společnost Tocotronic byla vytvořena v Německu.	Tocotronic vznikli v Německu.	 Společnost Tocotronic byla vytvořena v 	Německu	Tocotronic vznikli v 	Německu	Germany|||Spolková republika Německo|||SRN|||NSR|||BRD
Q1063736	penne	penne	Q38	Italy	Itálie	penne was created in Italy .	penne byl vytvořen v Itálie.	penne byl vytvořen v 	 Penne vzniklo v Itálii.	Penne vzniklo v Itálii.	 Penne vzniklo v 	Itálii	Penne vzniklo v 	Itálii	Italy|||Italská republika
Q706858	Role Models	Velcí bratři	Q183	Germany	Německo	Role Models was created in Germany .	Velcí bratři byl vytvořen v Německo.	Velcí bratři byl vytvořen v 	 Role Models vznikl v Německu.	Velcí bratři vznikli v Německu.	 Role Models vznikl v 	Německu	Velcí bratři vznikli v 	Německu	Germany|||Spolková republika Německo|||SRN|||NSR|||BRD
Q16438	The Decameron	Dekameron	Q38	Italy	Itálie	The Decameron was created in Italy .	Dekameron byl vytvořen v Itálie.	Dekameron byl vytvořen v 	 Dekameron byl vytvořen v Itálii.	Dekameron vznikl v Itálii.	 Dekameron byl vytvořen v 	Itálii	Dekameron vznikl v 	Itálii	Italy|||Italská republika
Q527787	Front 242	Front 242	Q31	Belgium	Belgie	Front 242 was created in Belgium .	Front 242 byl vytvořen v Belgie.	Front 242 byl vytvořen v 	 Fronta 242 byla vytvořena v Belgii.	Front 242 vznikl v Belgii.	 Fronta 242 byla vytvořena v 	Belgii	Front 242 vznikl v 	Belgii	Belgium|||Belgické království
Q856805	The Boat That Rocked	Piráti na vlnách	Q142	France	Francie	The Boat That Rocked was created in France .	Piráti na vlnách byl vytvořen v Francie.	Piráti na vlnách byl vytvořen v 	 Loď, která se houpala, vznikla ve Francii.	Piráti na vlnách vznikli ve Francii.	 Loď, která se houpala, vznikla ve 	Francii	Piráti na vlnách vznikli ve 	Francii	France|||Francouzská republika
Q426663	Mad Max Beyond Thunderdome	Šílený Max a Dóm hromu	Q408	Australia	Austrálie	Mad Max Beyond Thunderdome was created in Australia .	Šílený Max a Dóm hromu byl vytvořen v Austrálie.	Šílený Max a Dóm hromu byl vytvořen v 	 Šílený Max za hranicemi Dómu hromu byl vytvořen v Austrálii.	Šílený Max a Dóm hromu vznikl v Austrálii.	 Šílený Max za hranicemi Dómu hromu byl vytvořen v 	Austrálii	Šílený Max a Dóm hromu vznikl v 	Austrálii	Australia|||Australské společenství|||Australský svaz
Q1261136	Drudkh	Drudkh	Q212	Ukraine	Ukrajina	Drudkh was created in Ukraine .	Drudkh byl vytvořen v Ukrajina.	Drudkh byl vytvořen v 	 Drudkh byl vytvořen na Ukrajině.	Drudkh vznikl na Ukrajině.	 Drudkh byl vytvořen na 	Ukrajině	Drudkh vznikl na 	Ukrajině	Ukraine
Q318763	tatami	Tatami	Q17	Japan	Japonsko	tatami was created in Japan .	Tatami byl vytvořen v Japonsko.	Tatami byl vytvořen v 	 Tatami byl vytvořen v Japonsku.	Tatami vzniklo v Japonsku.	 Tatami byl vytvořen v 	Japonsku	Tatami vzniklo v 	Japonsku	Japan|||Země vycházejícího slunce
Q379852	Dir en grey	Dir en grey	Q17	Japan	Japonsko	Dir en grey was created in Japan .	Dir en grey byl vytvořen v Japonsko.	Dir en grey byl vytvořen v 	 Dir en Grey vznikl v Japonsku.	Dir en grey vznikl v Japonsku.	 Dir en Grey vznikl v 	Japonsku	Dir en grey vznikl v 	Japonsku	Japan|||Země vycházejícího slunce
Q326731	The Tudors	Tudorovci	Q27	Ireland	Irsko	The Tudors was created in Ireland .	Tudorovci byl vytvořen v Irsko.	Tudorovci byl vytvořen v 	Tudorovci vznikli v Irsku.	Tudorovci vznikli v Irsku.	Tudorovci vznikli v 	Irsku	Tudorovci vznikli v 	Irsku	Ireland|||Éire|||Irská republika|||Ireland|||Poblacht na hÉireann|||Republic of Ireland
Q206763	floorball	florbal	Q33	Finland	Finsko	floorball was created in Finland .	florbal byl vytvořen v Finsko.	florbal byl vytvořen v 	 Florbal vznikl ve Finsku.	Florbal vznikl ve Finsku.	 Florbal vznikl ve 	Finsku	Florbal vznikl ve 	Finsku	Finland
Q210670	Oerlikon 20 mm cannon	20mm kanón Oerlikon	Q39	Switzerland	Švýcarsko	Oerlikon 20 mm cannon was created in Switzerland .	20mm kanón Oerlikon byl vytvořen v Švýcarsko.	20mm kanón Oerlikon byl vytvořen v 	 Kanón Oerlikon ráže 20 mm byl vyroben ve Švýcarsku.	20mm kanón Oerlikon vznikl ve Švýcarsku.	 Kanón Oerlikon ráže 20 mm byl vyroben ve 	Švýcarsku	20mm kanón Oerlikon vznikl ve 	Švýcarsku	Switzerland|||Švýcarská konfederace
Q29221	puff pastry	listové těsto	Q142	France	Francie	puff pastry was created in France .	listové těsto byl vytvořen v Francie.	listové těsto byl vytvořen v 	 Listové těsto vzniklo ve Francii.	Listové těsto vzniklo ve Francii.	 Listové těsto vzniklo ve 	Francii	Listové těsto vzniklo ve 	Francii	France|||Francouzská republika
Q213495	Boyzone	Boyzone	Q27	Ireland	Irsko	Boyzone was created in Ireland .	Boyzone byl vytvořen v Irsko.	Boyzone byl vytvořen v 	 Boyzone vznikla v Irsku.	Boyzone vznikl v Irsku.	 Boyzone vznikla v 	Irsku	Boyzone vznikl v 	Irsku	Ireland|||Éire|||Irská republika|||Ireland|||Poblacht na hÉireann|||Republic of Ireland
Q396	U2	U2	Q27	Ireland	Irsko	U2 was created in Ireland .	U2 byl vytvořen v Irsko.	U2 byl vytvořen v 	 Skupina U2 vznikla v Irsku.	U2 vznikl v Irsku.	 Skupina U2 vznikla v 	Irsku	U2 vznikl v 	Irsku	Ireland|||Éire|||Irská republika|||Ireland|||Poblacht na hÉireann|||Republic of Ireland
Q1889385	Pan Sonic	Pan Sonic	Q33	Finland	Finsko	Pan Sonic was created in Finland .	Pan Sonic byl vytvořen v Finsko.	Pan Sonic byl vytvořen v 	 Pan Sonic byl vytvořen ve Finsku.	Pan Sonic vznikl ve Finsku.	 Pan Sonic byl vytvořen ve 	Finsku	Pan Sonic vznikl ve 	Finsku	Finland
Q1424576	Great Big Sea	Great Big Sea	Q16	Canada	Kanada	Great Big Sea was created in Canada .	Great Big Sea byl vytvořen v Kanada.	Great Big Sea byl vytvořen v 	 Velké moře vzniklo v Kanadě.	Great Big Sea vznikl v Kanadě.	 Velké moře vzniklo v 	Kanadě	Great Big Sea vznikl v 	Kanadě	Canada
Q41675	Guinness World Records	Guinnessova kniha rekordů	Q27	Ireland	Irsko	Guinness World Records was created in Ireland .	Guinnessova kniha rekordů byl vytvořen v Irsko.	Guinnessova kniha rekordů byl vytvořen v 	 Guinnessova kniha rekordů byla vytvořena v Irsku.	Guinnessova kniha rekordů vznikla v Irsku.	 Guinnessova kniha rekordů byla vytvořena v 	Irsku	Guinnessova kniha rekordů vznikla v 	Irsku	Ireland|||Éire|||Irská republika|||Ireland|||Poblacht na hÉireann|||Republic of Ireland
Q749191	Stealing Beauty	Svůdná krása	Q142	France	Francie	Stealing Beauty was created in France .	Svůdná krása byl vytvořen v Francie.	Svůdná krása byl vytvořen v 	 Krádež krásy vznikla ve Francii.	Svůdná krása vznikla ve Francii.	 Krádež krásy vznikla ve 	Francii	Svůdná krása vznikla ve 	Francii	France|||Francouzská republika
Q1538128	Pretty Maids	Pretty Maids	Q35	Denmark	Dánsko	Pretty Maids was created in Denmark .	Pretty Maids byl vytvořen v Dánsko.	Pretty Maids byl vytvořen v 	 Pretty Maids vznikla v Dánsku.	Pretty Maids vznikli v Dánsku.	 Pretty Maids vznikla v 	Dánsku	Pretty Maids vznikli v 	Dánsku	Denmark|||Dánské království
Q1144330	Bienvenue chez les Ch'tis	Vítejte u Ch'tisů	Q142	France	Francie	Bienvenue chez les Ch'tis was created in France .	Vítejte u Ch'tisů byl vytvořen v Francie.	Vítejte u Ch'tisů byl vytvořen v 	 Bienvenue chez les Ch'tis vzniklo ve Francii.	Vítejte u Ch'tisů vzniklo ve Francii.	 Bienvenue chez les Ch'tis vzniklo ve 	Francii	Vítejte u Ch'tisů vzniklo ve 	Francii	France|||Francouzská republika
Q19871	Waiting for Godot	Čekání na Godota	Q142	France	Francie	Waiting for Godot was created in France .	Čekání na Godota byl vytvořen v Francie.	Čekání na Godota byl vytvořen v 	 Čekání na Godota vzniklo ve Francii.	Čekání na Godota vzniklo ve Francii.	 Čekání na Godota vzniklo ve 	Francii	Čekání na Godota vzniklo ve 	Francii	France|||Francouzská republika
Q747457	empanada	Empanada	Q414	Argentina	Argentina	empanada was created in Argentina .	Empanada byl vytvořen v Argentina.	Empanada byl vytvořen v 	 Empanada vznikla v Argentině.	Empanada vznikla v Argentině.	 Empanada vznikla v 	Argentině	Empanada vznikla v 	Argentině	Argentina
Q924135	Rang De Basanti	Rang de basanti	Q668	India	Indie	Rang De Basanti was created in India .	Rang de basanti byl vytvořen v Indie.	Rang de basanti byl vytvořen v 	 Rang De Basanti byl vytvořen v Indii.	Rang de basanti vznikl v Indii.	 Rang De Basanti byl vytvořen v 	Indii	Rang de basanti vznikl v 	Indii	India|||Indická republika
Q936010	Vengaboys	Vengaboys	Q55	Netherlands	Nizozemsko	Vengaboys was created in Netherlands .	Vengaboys byl vytvořen v Nizozemsko.	Vengaboys byl vytvořen v 	 Vengaboys vznikli v Nizozemsku.	Vengaboys vznikli v Nizozemsku.	 Vengaboys vznikli v 	Nizozemsku	Vengaboys vznikli v 	Nizozemsku	Netherlands
Q969469	Ma vie en rose	Můj růžový život	Q31	Belgium	Belgie	Ma vie en rose was created in Belgium .	Můj růžový život byl vytvořen v Belgie.	Můj růžový život byl vytvořen v 	 Ma vie en rose vznikla v Belgii.	Můj růžový život vznikl v Belgii.	 Ma vie en rose vznikla v 	Belgii	Můj růžový život vznikl v 	Belgii	Belgium|||Belgické království
Q1057953	Ceviche	ceviche	Q419	Peru	Peru	Ceviche was created in Peru .	ceviche byl vytvořen v Peru.	ceviche byl vytvořen v 	 Ceviche vzniklo v Peru.	Ceviche vzniklo v Peru.	 Ceviche vzniklo v 	Peru	Ceviche vzniklo v 	Peru	Peru
Q492332	Female Agents	Síla odvahy	Q142	France	Francie	Female Agents was created in France .	Síla odvahy byl vytvořen v Francie.	Síla odvahy byl vytvořen v 	 Female Agents vznikla ve Francii.	Síla odvahy vznikla ve Francii.	 Female Agents vznikla ve 	Francii	Síla odvahy vznikla ve 	Francii	France|||Francouzská republika
Q5377	golf	golf	Q22	Scotland	Skotsko	golf was created in Scotland .	golf byl vytvořen v Skotsko.	golf byl vytvořen v 	 Golf vznikl ve Skotsku.	Golf vznikl ve Skotsku.	 Golf vznikl ve 	Skotsku	Golf vznikl ve 	Skotsku	Scotland
Q689605	Keinohrhasen	Zajíček bez oušek	Q183	Germany	Německo	Keinohrhasen was created in Germany .	Zajíček bez oušek byl vytvořen v Německo.	Zajíček bez oušek byl vytvořen v 	 Keinohrhasen byl vytvořen v Německu.	Zajíček bez oušek vznikl v Německu.	 Keinohrhasen byl vytvořen v 	Německu	Zajíček bez oušek vznikl v 	Německu	Germany|||Spolková republika Německo|||SRN|||NSR|||BRD
Q941262	Planet 51	Planeta 51	Q29	Spain	Španělsko	Planet 51 was created in Spain .	Planeta 51 byl vytvořen v Španělsko.	Planeta 51 byl vytvořen v 	 Planeta 51 byla vytvořena ve Španělsku.	Planeta 51 vznikla ve Španělsku.	 Planeta 51 byla vytvořena ve 	Španělsku	Planeta 51 vznikla ve 	Španělsku	Spain|||Španělské království
Q1024861	Cabiria	Cabiria	Q38	Italy	Itálie	Cabiria was created in Italy .	Cabiria byl vytvořen v Itálie.	Cabiria byl vytvořen v 	 Cabiria byla vytvořena v Itálii.	Cabiria vznikla v Itálii.	 Cabiria byla vytvořena v 	Itálii	Cabiria vznikla v 	Itálii	Italy|||Italská republika
Q483042	9K720 Iskander	Iskander	Q159	Russia	Rusko	9K720 Iskander was created in Russia .	Iskander byl vytvořen v Rusko.	Iskander byl vytvořen v 	Raketa 9K720 Iskander byla vyrobena v Rusku.	Iskander vznikl v Rusku.	Raketa 9K720 Iskander byla vyrobena v 	Rusku	Iskander vznikl v 	Rusku	Russia|||Ruská federace|||RF
Q1052463	Carosello	Carosello	Q38	Italy	Itálie	Carosello was created in Italy .	Carosello byl vytvořen v Itálie.	Carosello byl vytvořen v 	 Carosello vzniklo v Itálii.	Carosello vzniklo v Itálii.	 Carosello vzniklo v 	Itálii	Carosello vzniklo v 	Itálii	Italy|||Italská republika
Q1645734	Save Tonight	Save Tonight	Q34	Sweden	Švédsko	Save Tonight was created in Sweden .	Save Tonight byl vytvořen v Švédsko.	Save Tonight byl vytvořen v 	 Save Tonight vznikl ve Švédsku.	Save Tonight vznikl ve Švédsku.	 Save Tonight vznikl ve 	Švédsku	Save Tonight vznikl ve 	Švédsku	Sweden|||Švédské království
Q948087	Tegami Bachi	Tegami Bači	Q17	Japan	Japonsko	Tegami Bachi was created in Japan .	Tegami Bači byl vytvořen v Japonsko.	Tegami Bači byl vytvořen v 	 Tegami Bachi vzniklo v Japonsku.	Tegami Bači vznikl v Japonsku.	 Tegami Bachi vzniklo v 	Japonsku	Tegami Bači vznikl v 	Japonsku	Japan|||Země vycházejícího slunce
Q18557	Opeth	Opeth	Q34	Sweden	Švédsko	Opeth was created in Sweden .	Opeth byl vytvořen v Švédsko.	Opeth byl vytvořen v 	 Opeth vznikli ve Švédsku.	Opeth vznikl ve Švédsku.	 Opeth vznikli ve 	Švédsku	Opeth vznikl ve 	Švédsku	Sweden|||Švédské království
Q160525	pretzel	preclík	Q183	Germany	Německo	pretzel was created in Germany .	preclík byl vytvořen v Německo.	preclík byl vytvořen v 	 Preclík byl vytvořen v Německu.	Preclík vznikl v Německu.	 Preclík byl vytvořen v 	Německu	Preclík vznikl v 	Německu	Germany|||Spolková republika Německo|||SRN|||NSR|||BRD
Q203925	fish and chips	fish and chips	Q21	England	Anglie	fish and chips was created in England .	fish and chips byl vytvořen v Anglie.	fish and chips byl vytvořen v 	 Ryba s hranolky vznikla v Anglii.	Fish and chips vzniklo v Anglii.	 Ryba s hranolky vznikla v 	Anglii	Fish and chips vzniklo v 	Anglii	England
Q878189	feijoada	Feijoada	Q45	Portugal	Portugalsko	feijoada was created in Portugal .	Feijoada byl vytvořen v Portugalsko.	Feijoada byl vytvořen v 	 feijoada byla vytvořena v Portugalsku.	Feijoada vznikla v Portugalsku.	 feijoada byla vytvořena v 	Portugalsku	Feijoada vznikla v 	Portugalsku	Portugal
Q157327	Silverchair	silverchair	Q408	Australia	Austrálie	Silverchair was created in Australia .	silverchair byl vytvořen v Austrálie.	silverchair byl vytvořen v 	 Silverchair vznikl v Austrálii.	Silverchair vznikl v Austrálii.	 Silverchair vznikl v 	Austrálii	Silverchair vznikl v 	Austrálii	Australia|||Australské společenství|||Australský svaz
Q311467	Ronan Keating	Ronan Keating	Q408	Australia	Austrálie	Ronan Keating was created in Australia .	Ronan Keating byl vytvořen v Austrálie.	Ronan Keating byl vytvořen v 	 Ronan Keating vznikl v Austrálii.	Ronan Keating vznikl v Austrálii.	 Ronan Keating vznikl v 	Austrálii	Ronan Keating vznikl v 	Austrálii	Australia|||Australské společenství|||Australský svaz
Q3346699	Nymphomaniac	Nymfomanka	Q35	Denmark	Dánsko	Nymphomaniac was created in Denmark .	Nymfomanka byl vytvořen v Dánsko.	Nymfomanka byl vytvořen v 	 Nymfomanka vznikla v Dánsku.	Nymfomanka vznikla v Dánsku.	 Nymfomanka vznikla v 	Dánsku	Nymfomanka vznikla v 	Dánsku	Denmark|||Dánské království
Q625152	caipirinha	Caipirinha	Q155	Brazil	Brazílie	caipirinha was created in Brazil .	Caipirinha byl vytvořen v Brazílie.	Caipirinha byl vytvořen v 	 Caipirinha byla vytvořena v Brazílii.	Caipirinha vznikla v Brazílii.	 Caipirinha byla vytvořena v 	Brazílii	Caipirinha vznikla v 	Brazílii	Brazil|||Brazilská federativní republika
Q431570	cepelinai	Cepelíny	Q37	Lithuania	Litva	cepelinai was created in Lithuania .	Cepelíny byl vytvořen v Litva.	Cepelíny byl vytvořen v 	 Cepelinai byl vytvořen v Litvě.	Cepelíny vznikly v Litvě.	 Cepelinai byl vytvořen v 	Litvě	Cepelíny vznikly v 	Litvě	Lithuania
Q542725	Mi Gorda Bella	Má tlustá Valentýna	Q717	Venezuela	Venezuela	Mi Gorda Bella was created in Venezuela .	Má tlustá Valentýna byl vytvořen v Venezuela.	Má tlustá Valentýna byl vytvořen v 	 Mi Gorda Bella vznikla ve Venezuele.	Má tlustá Valentýna vznikla ve Venezuele.	 Mi Gorda Bella vznikla ve 	Venezuele	Má tlustá Valentýna vznikla ve 	Venezuele	Venezuela
Q773202	Yo soy Betty, la fea	Ošklivka Betty	Q739	Colombia	Kolumbie	Yo soy Betty, la fea was created in Colombia .	Ošklivka Betty byl vytvořen v Kolumbie.	Ošklivka Betty byl vytvořen v 	 Yo soy Betty, la fea byla vytvořena v Kolumbii.	Ošklivka Betty vznikla v Kolumbii.	 Yo soy Betty, la fea byla vytvořena v 	Kolumbii	Ošklivka Betty vznikla v 	Kolumbii	Colombia
Q525415	My Big Fat Greek Wedding	Moje tlustá řecká svatba	Q16	Canada	Kanada	My Big Fat Greek Wedding was created in Canada .	Moje tlustá řecká svatba byl vytvořen v Kanada.	Moje tlustá řecká svatba byl vytvořen v 	 Moje tlustá řecká svatba vznikla v Kanadě.	Moje tlustá řecká svatba vznikla v Kanadě.	 Moje tlustá řecká svatba vznikla v 	Kanadě	Moje tlustá řecká svatba vznikla v 	Kanadě	Canada
Q832791	focaccia	Focaccia	Q38	Italy	Itálie	focaccia was created in Italy .	Focaccia byl vytvořen v Itálie.	Focaccia byl vytvořen v 	 Focaccia vznikla v Itálii.	Focaccia vznikla v Itálii.	 Focaccia vznikla v 	Itálii	Focaccia vznikla v 	Itálii	Italy|||Italská republika
Q19355	Life is Beautiful	Život je krásný	Q38	Italy	Itálie	Life is Beautiful was created in Italy .	Život je krásný byl vytvořen v Itálie.	Život je krásný byl vytvořen v 	 Život je krásný vznikl v Itálii.	Život je krásný vznikl v Itálii.	 Život je krásný vznikl v 	Itálii	Život je krásný vznikl v 	Itálii	Italy|||Italská republika
Q281619	Euroclear	Euroclear	Q31	Belgium	Belgie	Euroclear was created in Belgium .	Euroclear byl vytvořen v Belgie.	Euroclear byl vytvořen v 	 Společnost Euroclear byla založena v Belgii.	Euroclear vznikl v Belgii.	 Společnost Euroclear byla založena v 	Belgii	Euroclear vznikl v 	Belgii	Belgium|||Belgické království
Q548161	Simon Boccanegra	Simon Boccanegra	Q38	Italy	Itálie	Simon Boccanegra was created in Italy .	Simon Boccanegra byl vytvořen v Itálie.	Simon Boccanegra byl vytvořen v 	 Simon Boccanegra vznikl v Itálii.	Simon Boccanegra vznikl v Itálii.	 Simon Boccanegra vznikl v 	Itálii	Simon Boccanegra vznikl v 	Itálii	Italy|||Italská republika
Q309135	Corriere della Sera	Corriere della Sera	Q38	Italy	Itálie	Corriere della Sera was created in Italy .	Corriere della Sera byl vytvořen v Itálie.	Corriere della Sera byl vytvořen v 	 Corriere della Sera byla vytvořena v Itálii.	Corriere della Sera vznikl v Itálii.	 Corriere della Sera byla vytvořena v 	Itálii	Corriere della Sera vznikl v 	Itálii	Italy|||Italská republika
Q3273642	mansaf	Mansaf	Q810	Jordan	Jordánsko	mansaf was created in Jordan .	Mansaf byl vytvořen v Jordánsko.	Mansaf byl vytvořen v 	 Mansaf byl vytvořen v Jordánsku.	Mansaf vznikl v Jordánsku.	 Mansaf byl vytvořen v 	Jordánsku	Mansaf vznikl v 	Jordánsku	Jordan|||Jordánské hášimovské království|||JOR
Q239917	Tina Arena	Tina Arena	Q408	Australia	Austrálie	Tina Arena was created in Australia .	Tina Arena byl vytvořen v Austrálie.	Tina Arena byl vytvořen v 	 Tina Arena byla založena v Austrálii.	Tina Arena vznikla v Austrálii.	 Tina Arena byla založena v 	Austrálii	Tina Arena vznikla v 	Austrálii	Australia|||Australské společenství|||Australský svaz
Q228818	Delta Goodrem	Delta Goodremová	Q408	Australia	Austrálie	Delta Goodrem was created in Australia .	Delta Goodremová byl vytvořen v Austrálie.	Delta Goodremová byl vytvořen v 	Delta Goodrem byla vytvořena v Austrálii.	Delta Goodremová vznikla v Austrálii.	Delta Goodrem byla vytvořena v 	Austrálii	Delta Goodremová vznikla v 	Austrálii	Australia|||Australské společenství|||Australský svaz
Q1638749	Sopot International Song Festival	Festival v Sopotech	Q36	Poland	Polsko	Sopot International Song Festival was created in Poland .	Festival v Sopotech byl vytvořen v Polsko.	Festival v Sopotech byl vytvořen v 	 V Polsku byl založen Mezinárodní festival písní v Sopotech.	Festival v Sopotech vznikl v Polsku.	 V 	Polsku	Festival v Sopotech vznikl v 	Polsku	Poland|||Polská republika
Q151895	Nosferatu	Upír Nosferatu	Q183	Germany	Německo	Nosferatu was created in Germany .	Upír Nosferatu byl vytvořen v Německo.	Upír Nosferatu byl vytvořen v 	 Nosferatu byl vytvořen v Německu.	Upír Nosferatu vznikl v Německu.	 Nosferatu byl vytvořen v 	Německu	Upír Nosferatu vznikl v 	Německu	Germany|||Spolková republika Německo|||SRN|||NSR|||BRD
Q289598	Falling Down	Volný pád	Q142	France	Francie	Falling Down was created in France .	Volný pád byl vytvořen v Francie.	Volný pád byl vytvořen v 	 Falling Down vzniklo ve Francii.	Volný pád vznikl ve Francii.	 Falling Down vzniklo ve 	Francii	Volný pád vznikl ve 	Francii	France|||Francouzská republika
Q131425	visual kei	Visual kei	Q17	Japan	Japonsko	visual kei was created in Japan .	Visual kei byl vytvořen v Japonsko.	Visual kei byl vytvořen v 	 Visual kei vznikl v Japonsku.	Visual kei vznikl v Japonsku.	 Visual kei vznikl v 	Japonsku	Visual kei vznikl v 	Japonsku	Japan|||Země vycházejícího slunce
Q749593	steak tartare	Tatarský biftek	Q142	France	Francie	steak tartare was created in France .	Tatarský biftek byl vytvořen v Francie.	Tatarský biftek byl vytvořen v 	 Tatarský biftek byl vytvořen ve Francii.	Tatarský biftek vznikl ve Francii.	 Tatarský biftek byl vytvořen ve 	Francii	Tatarský biftek vznikl ve 	Francii	France|||Francouzská republika
Q43022	Turkish coffee	Turecká mokka	Q43	Turkey	Turecko	Turkish coffee was created in Turkey .	Turecká mokka byl vytvořen v Turecko.	Turecká mokka byl vytvořen v 	 Turecká káva vznikla v Turecku.	Turecká mokka vznikla v Turecku.	 Turecká káva vznikla v 	Turecku	Turecká mokka vznikla v 	Turecku	Turkey
Q131480	Camembert	Camembert	Q142	France	Francie	Camembert was created in France .	Camembert byl vytvořen v Francie.	Camembert byl vytvořen v 	 Camembert byl vytvořen ve Francii.	Camembert vznikl ve Francii.	 Camembert byl vytvořen ve 	Francii	Camembert vznikl ve 	Francii	France|||Francouzská republika
Q587395	Rank 1	Rank 1	Q55	Netherlands	Nizozemsko	Rank 1 was created in Netherlands .	Rank 1 byl vytvořen v Nizozemsko.	Rank 1 byl vytvořen v 	 První místo bylo vytvořeno v Nizozemsku.	Rank 1 vznikl v Nizozemsku.	 První místo bylo vytvořeno v 	Nizozemsku	Rank 1 vznikl v 	Nizozemsku	Netherlands
Q899976	Czernina	czernina	Q36	Poland	Polsko	Czernina was created in Poland .	czernina byl vytvořen v Polsko.	czernina byl vytvořen v 	 Czernina vznikla v Polsku.	Czernina vznikla v Polsku.	 Czernina vznikla v 	Polsku	Czernina vznikla v 	Polsku	Poland|||Polská republika
Q574713	Jar City	Severní blata	Q189	Iceland	Island	Jar City was created in Iceland .	Severní blata byl vytvořen v Island.	Severní blata byl vytvořen v 	 Jar City vzniklo na Islandu.	Severní blata vznikla na Islandu.	 Jar City vzniklo na 	Islandu	Severní blata vznikla na 	Islandu	Iceland
Q539494	Krypteria	Krypteria	Q183	Germany	Německo	Krypteria was created in Germany .	Krypteria byl vytvořen v Německo.	Krypteria byl vytvořen v 	 Krypteria byla vytvořena v Německu.	Krypteria vznikla v Německu.	 Krypteria byla vytvořena v 	Německu	Krypteria vznikla v 	Německu	Germany|||Spolková republika Německo|||SRN|||NSR|||BRD
Q219960	Scania	Scania	Q34	Sweden	Švédsko	Scania was created in Sweden .	Scania byl vytvořen v Švédsko.	Scania byl vytvořen v 	 Společnost Scania byla založena ve Švédsku.	Scania vznikla ve Švédsku.	 Společnost Scania byla založena ve 	Švédsku	Scania vznikla ve 	Švédsku	Sweden|||Švédské království
Q1207347	Shibuya-kei	Šibuja-kei	Q17	Japan	Japonsko	Shibuya-kei was created in Japan .	Šibuja-kei byl vytvořen v Japonsko.	Šibuja-kei byl vytvořen v 	 Šibuja-kei vznikl v Japonsku.	Šibuja-kei vznikl v Japonsku.	 Šibuja-kei vznikl v 	Japonsku	Šibuja-kei vznikl v 	Japonsku	Japan|||Země vycházejícího slunce
Q1087225	Taxidermia	Taxidermia	Q28	Hungary	Maďarsko	Taxidermia was created in Hungary .	Taxidermia byl vytvořen v Maďarsko.	Taxidermia byl vytvořen v 	 Preparace zvířat vznikla v Maďarsku.	Taxidermia vznikla v Maďarsku.	 Preparace zvířat vznikla v 	Maďarsku	Taxidermia vznikla v 	Maďarsku	Hungary
Q857007	Caillou	Caillou	Q16	Canada	Kanada	Caillou was created in Canada .	Caillou byl vytvořen v Kanada.	Caillou byl vytvořen v 	 Caillou byl vytvořen v Kanadě.	Caillou vznikl v Kanadě.	 Caillou byl vytvořen v 	Kanadě	Caillou vznikl v 	Kanadě	Canada
Q1849955	La Soupe aux choux	Zelňačka	Q142	France	Francie	La Soupe aux choux was created in France .	Zelňačka byl vytvořen v Francie.	Zelňačka byl vytvořen v 	 La Soupe aux choux vznikla ve Francii .	Zelňačka vznikla ve Francii.	 La Soupe aux choux vznikla ve 	Francii	Zelňačka vznikla ve 	Francii	France|||Francouzská republika
Q372681	Amaury Sport Organisation	Amaury Sport Organisation	Q142	France	Francie	Amaury Sport Organisation was created in France .	Amaury Sport Organisation byl vytvořen v Francie.	Amaury Sport Organisation byl vytvořen v 	 Ve Francii byla založena Amaury Sport Organisation.	Amaury Sport Organisation vznikla ve Francii.	 Ve 	Francii	Amaury Sport Organisation vznikla ve 	Francii	France|||Francouzská republika
Q1834	Death Note	Death Note	Q17	Japan	Japonsko	Death Note was created in Japan .	Death Note byl vytvořen v Japonsko.	Death Note byl vytvořen v 	 Zápisník smrti byl vytvořen v Japonsku.	Death Note vznikl v Japonsku.	 Zápisník smrti byl vytvořen v 	Japonsku	Death Note vznikl v 	Japonsku	Japan|||Země vycházejícího slunce
Q177378	tofu	tofu	Q17	Japan	Japonsko	tofu was created in Japan .	tofu byl vytvořen v Japonsko.	tofu byl vytvořen v 	 Tofu bylo vytvořeno v Japonsku.	Tofu vzniklo v Japonsku.	 Tofu bylo vytvořeno v 	Japonsku	Tofu vzniklo v 	Japonsku	Japan|||Země vycházejícího slunce
Q9896	pesto	pesto	Q38	Italy	Itálie	pesto was created in Italy .	pesto byl vytvořen v Itálie.	pesto byl vytvořen v 	 Pesto bylo vynalezeno v Itálii.	Pesto vzniklo v Itálii.	 Pesto bylo vynalezeno v 	Itálii	Pesto vzniklo v 	Itálii	Italy|||Italská republika
Q44892	Kraftwerk	Kraftwerk	Q183	Germany	Německo	Kraftwerk was created in Germany .	Kraftwerk byl vytvořen v Německo.	Kraftwerk byl vytvořen v 	 Kraftwerk vznikl v Německu.	Kraftwerk vznikl v Německu.	 Kraftwerk vznikl v 	Německu	Kraftwerk vznikl v 	Německu	Germany|||Spolková republika Německo|||SRN|||NSR|||BRD
Q1044246	Furikake	Furikake	Q17	Japan	Japonsko	Furikake was created in Japan .	Furikake byl vytvořen v Japonsko.	Furikake byl vytvořen v 	 Furikake byl vytvořen v Japonsku.	Furikake vzniklo v Japonsku.	 Furikake byl vytvořen v 	Japonsku	Furikake vzniklo v 	Japonsku	Japan|||Země vycházejícího slunce
