sub_uri	en_sub_label	sub_label	obj_uri	en_obj_label	obj_label	en_template	template	template_prompt	gt_translation	chatgpt_translation	gt_prompt	gt_infl_object	chatgpt_prompt	chatgpt_infl_object	aliases
Q222	Albania	Albánie	Q7184	NATO	Severoatlantická aliance	Albania is a member of NATO .	Albánie je členem skupiny Severoatlantická aliance.	Albánie je členem skupiny 	 Albánie je členem NATO.	Albánie je členem Severoatlantické aliance.	ERROR	ERROR	Albánie je členem 	Severoatlantické aliance	NATO|||NATO|||OTAN|||North Atlantic Treaty Organization|||Organizace Severoatlantické smlouvy|||Severoatlantický pakt
Q30	United States of America	Spojené státy americké	Q7184	NATO	Severoatlantická aliance	United States of America is a member of NATO .	Spojené státy americké je členem skupiny Severoatlantická aliance.	Spojené státy americké je členem skupiny 	 Spojené státy americké jsou členem NATO.	Spojené státy americké jsou členem Severoatlantické aliance.	ERROR	ERROR	Spojené státy americké jsou členem 	Severoatlantické aliance	NATO|||NATO|||OTAN|||North Atlantic Treaty Organization|||Organizace Severoatlantické smlouvy|||Severoatlantický pakt
Q224	Croatia	Chorvatsko	Q7184	NATO	Severoatlantická aliance	Croatia is a member of NATO .	Chorvatsko je členem skupiny Severoatlantická aliance.	Chorvatsko je členem skupiny 	 Chorvatsko je členem NATO.	Chorvatsko je členem Severoatlantické aliance.	ERROR	ERROR	Chorvatsko je členem 	Severoatlantické aliance	NATO|||NATO|||OTAN|||North Atlantic Treaty Organization|||Organizace Severoatlantické smlouvy|||Severoatlantický pakt
Q31	Belgium	Belgie	Q7184	NATO	Severoatlantická aliance	Belgium is a member of NATO .	Belgie je členem skupiny Severoatlantická aliance.	Belgie je členem skupiny 	 Belgie je členem NATO.	Belgie je členem Severoatlantické aliance.	ERROR	ERROR	Belgie je členem 	Severoatlantické aliance	NATO|||NATO|||OTAN|||North Atlantic Treaty Organization|||Organizace Severoatlantické smlouvy|||Severoatlantický pakt
Q213	Czech Republic	Česko	Q7184	NATO	Severoatlantická aliance	Czech Republic is a member of NATO .	Česko je členem skupiny Severoatlantická aliance.	Česko je členem skupiny 	 Česká republika je členem NATO.	Česko je členem Severoatlantické aliance.	ERROR	ERROR	Česko je členem 	Severoatlantické aliance	NATO|||NATO|||OTAN|||North Atlantic Treaty Organization|||Organizace Severoatlantické smlouvy|||Severoatlantický pakt
Q16	Canada	Kanada	Q7184	NATO	Severoatlantická aliance	Canada is a member of NATO .	Kanada je členem skupiny Severoatlantická aliance.	Kanada je členem skupiny 	 Kanada je členem NATO.	Kanada je členem Severoatlantické aliance.	ERROR	ERROR	Kanada je členem 	Severoatlantické aliance	NATO|||NATO|||OTAN|||North Atlantic Treaty Organization|||Organizace Severoatlantické smlouvy|||Severoatlantický pakt
Q190679	Captain America	Captain America	Q322646	Avengers	Avengers	Captain America is a member of Avengers .	Captain America je členem skupiny Avengers.	Captain America je členem skupiny 	 Kapitán Amerika je členem Avengers.	Captain America je členem Avengers.	 Kapitán Amerika je členem 	Avengers	Captain America je členem 	Avengers	Avengers|||The Avengers
Q35	Denmark	Dánsko	Q7184	NATO	Severoatlantická aliance	Denmark is a member of NATO .	Dánsko je členem skupiny Severoatlantická aliance.	Dánsko je členem skupiny 	 Dánsko je členem NATO.	Dánsko je členem Severoatlantické aliance.	ERROR	ERROR	Dánsko je členem 	Severoatlantické aliance	NATO|||NATO|||OTAN|||North Atlantic Treaty Organization|||Organizace Severoatlantické smlouvy|||Severoatlantický pakt
Q164089	Mexico national football team	Mexická fotbalová reprezentace	Q253414	FIFA	FIFA	Mexico national football team is a member of FIFA .	Mexická fotbalová reprezentace je členem skupiny FIFA.	Mexická fotbalová reprezentace je členem skupiny 	 Mexická fotbalová reprezentace je členem FIFA.	Mexická fotbalová reprezentace je členem FIFA.	 Mexická fotbalová reprezentace je členem 	FIFA	Mexická fotbalová reprezentace je členem 	FIFA	FIFA
Q191	Estonia	Estonsko	Q7184	NATO	Severoatlantická aliance	Estonia is a member of NATO .	Estonsko je členem skupiny Severoatlantická aliance.	Estonsko je členem skupiny 	 Estonsko je členem NATO.	Estonsko je členem Severoatlantické aliance.	ERROR	ERROR	Estonsko je členem 	Severoatlantické aliance	NATO|||NATO|||OTAN|||North Atlantic Treaty Organization|||Organizace Severoatlantické smlouvy|||Severoatlantický pakt
Q142	France	Francie	Q7184	NATO	Severoatlantická aliance	France is a member of NATO .	Francie je členem skupiny Severoatlantická aliance.	Francie je členem skupiny 	 Francie je členem NATO.	Francie je členem Severoatlantické aliance.	ERROR	ERROR	Francie je členem 	Severoatlantické aliance	NATO|||NATO|||OTAN|||North Atlantic Treaty Organization|||Organizace Severoatlantické smlouvy|||Severoatlantický pakt
Q42267	Spain national football team	Španělská fotbalová reprezentace	Q253414	FIFA	FIFA	Spain national football team is a member of FIFA .	Španělská fotbalová reprezentace je členem skupiny FIFA.	Španělská fotbalová reprezentace je členem skupiny 	 Španělská fotbalová reprezentace je členem FIFA.	Španělská fotbalová reprezentace je členem FIFA.	 Španělská fotbalová reprezentace je členem 	FIFA	Španělská fotbalová reprezentace je členem 	FIFA	FIFA
Q183	Germany	Německo	Q7184	NATO	Severoatlantická aliance	Germany is a member of NATO .	Německo je členem skupiny Severoatlantická aliance.	Německo je členem skupiny 	 Německo je členem NATO.	Německo je členem Severoatlantické aliance.	ERROR	ERROR	Německo je členem 	Severoatlantické aliance	NATO|||NATO|||OTAN|||North Atlantic Treaty Organization|||Organizace Severoatlantické smlouvy|||Severoatlantický pakt
Q219	Bulgaria	Bulharsko	Q7184	NATO	Severoatlantická aliance	Bulgaria is a member of NATO .	Bulharsko je členem skupiny Severoatlantická aliance.	Bulharsko je členem skupiny 	 Bulharsko je členem NATO.	Bulharsko je členem Severoatlantické aliance.	ERROR	ERROR	Bulharsko je členem 	Severoatlantické aliance	NATO|||NATO|||OTAN|||North Atlantic Treaty Organization|||Organizace Severoatlantické smlouvy|||Severoatlantický pakt
Q55	Netherlands	Nizozemsko	Q7184	NATO	Severoatlantická aliance	Netherlands is a member of NATO .	Nizozemsko je členem skupiny Severoatlantická aliance.	Nizozemsko je členem skupiny 	 Nizozemsko je členem NATO.	Nizozemsko je členem Severoatlantické aliance.	ERROR	ERROR	Nizozemsko je členem 	Severoatlantické aliance	NATO|||NATO|||OTAN|||North Atlantic Treaty Organization|||Organizace Severoatlantické smlouvy|||Severoatlantický pakt
Q32	Luxembourg	Lucembursko	Q7184	NATO	Severoatlantická aliance	Luxembourg is a member of NATO .	Lucembursko je členem skupiny Severoatlantická aliance.	Lucembursko je členem skupiny 	 Lucembursko je členem NATO.	Lucembursko je členem Severoatlantické aliance.	ERROR	ERROR	Lucembursko je členem 	Severoatlantické aliance	NATO|||NATO|||OTAN|||North Atlantic Treaty Organization|||Organizace Severoatlantické smlouvy|||Severoatlantický pakt
Q28	Hungary	Maďarsko	Q7184	NATO	Severoatlantická aliance	Hungary is a member of NATO .	Maďarsko je členem skupiny Severoatlantická aliance.	Maďarsko je členem skupiny 	 Maďarsko je členem NATO.	Maďarsko je členem Severoatlantické aliance.	ERROR	ERROR	Maďarsko je členem 	Severoatlantické aliance	NATO|||NATO|||OTAN|||North Atlantic Treaty Organization|||Organizace Severoatlantické smlouvy|||Severoatlantický pakt
Q189	Iceland	Island	Q7184	NATO	Severoatlantická aliance	Iceland is a member of NATO .	Island je členem skupiny Severoatlantická aliance.	Island je členem skupiny 	 Island je členem NATO.	Island je členem Severoatlantické aliance.	ERROR	ERROR	Island je členem 	Severoatlantické aliance	NATO|||NATO|||OTAN|||North Atlantic Treaty Organization|||Organizace Severoatlantické smlouvy|||Severoatlantický pakt
Q38	Italy	Itálie	Q7184	NATO	Severoatlantická aliance	Italy is a member of NATO .	Itálie je členem skupiny Severoatlantická aliance.	Itálie je členem skupiny 	 Itálie je členem NATO.	Itálie je členem Severoatlantické aliance.	ERROR	ERROR	Itálie je členem 	Severoatlantické aliance	NATO|||NATO|||OTAN|||North Atlantic Treaty Organization|||Organizace Severoatlantické smlouvy|||Severoatlantický pakt
Q676899	Italy national association football team	Italská fotbalová reprezentace	Q253414	FIFA	FIFA	Italy national association football team is a member of FIFA .	Italská fotbalová reprezentace je členem skupiny FIFA.	Italská fotbalová reprezentace je členem skupiny 	 Italská fotbalová reprezentace je členem FIFA.	Italská fotbalová reprezentace je členem FIFA.	 Italská fotbalová reprezentace je členem 	FIFA	Italská fotbalová reprezentace je členem 	FIFA	FIFA
Q211	Latvia	Lotyšsko	Q7184	NATO	Severoatlantická aliance	Latvia is a member of NATO .	Lotyšsko je členem skupiny Severoatlantická aliance.	Lotyšsko je členem skupiny 	 Lotyšsko je členem NATO.	Lotyšsko je členem Severoatlantické aliance.	ERROR	ERROR	Lotyšsko je členem 	Severoatlantické aliance	NATO|||NATO|||OTAN|||North Atlantic Treaty Organization|||Organizace Severoatlantické smlouvy|||Severoatlantický pakt
Q37	Lithuania	Litva	Q7184	NATO	Severoatlantická aliance	Lithuania is a member of NATO .	Litva je členem skupiny Severoatlantická aliance.	Litva je členem skupiny 	 Litva je členem NATO.	Litva je členem Severoatlantické aliance.	ERROR	ERROR	Litva je členem 	Severoatlantické aliance	NATO|||NATO|||OTAN|||North Atlantic Treaty Organization|||Organizace Severoatlantické smlouvy|||Severoatlantický pakt
Q41	Greece	Řecko	Q7184	NATO	Severoatlantická aliance	Greece is a member of NATO .	Řecko je členem skupiny Severoatlantická aliance.	Řecko je členem skupiny 	 Řecko je členem NATO.	Řecko je členem Severoatlantické aliance.	ERROR	ERROR	Řecko je členem 	Severoatlantické aliance	NATO|||NATO|||OTAN|||North Atlantic Treaty Organization|||Organizace Severoatlantické smlouvy|||Severoatlantický pakt
Q834621	Bono	Bono	Q396	U2	U2	Bono is a member of U2 .	Bono je členem skupiny U2.	Bono je členem skupiny 	 Bono je členem skupiny U2.	Bono je členem U2.	 Bono je členem skupiny 	U2	Bono je členem 	U2	U2
Q714845	The Edge	The Edge	Q396	U2	U2	The Edge is a member of U2 .	The Edge je členem skupiny U2.	The Edge je členem skupiny 	 The Edge je členem skupiny U2.	The Edge je členem U2.	 The Edge je členem skupiny 	U2	The Edge je členem 	U2	U2
Q83459	Brazil national football team	Brazilská fotbalová reprezentace	Q253414	FIFA	FIFA	Brazil national football team is a member of FIFA .	Brazilská fotbalová reprezentace je členem skupiny FIFA.	Brazilská fotbalová reprezentace je členem skupiny 	Brazilská fotbalová reprezentace je členem FIFA.	Brazilská fotbalová reprezentace je členem FIFA.	Brazilská fotbalová reprezentace je členem 	FIFA	Brazilská fotbalová reprezentace je členem 	FIFA	FIFA
Q218	Romania	Rumunsko	Q7184	NATO	Severoatlantická aliance	Romania is a member of NATO .	Rumunsko je členem skupiny Severoatlantická aliance.	Rumunsko je členem skupiny 	 Rumunsko je členem NATO.	Rumunsko je členem Severoatlantické aliance.	ERROR	ERROR	Rumunsko je členem 	Severoatlantické aliance	NATO|||NATO|||OTAN|||North Atlantic Treaty Organization|||Organizace Severoatlantické smlouvy|||Severoatlantický pakt
Q180704	Iron Man	Iron Man	Q322646	Avengers	Avengers	Iron Man is a member of Avengers .	Iron Man je členem skupiny Avengers.	Iron Man je členem skupiny 	 Iron Man je členem Avengers.	Iron Man je členem Avengers.	 Iron Man je členem 	Avengers	Iron Man je členem 	Avengers	Avengers|||The Avengers
Q43	Turkey	Turecko	Q7184	NATO	Severoatlantická aliance	Turkey is a member of NATO .	Turecko je členem skupiny Severoatlantická aliance.	Turecko je členem skupiny 	 Turecko je členem NATO.	Turecko je členem Severoatlantické aliance.	ERROR	ERROR	Turecko je členem 	Severoatlantické aliance	NATO|||NATO|||OTAN|||North Atlantic Treaty Organization|||Organizace Severoatlantické smlouvy|||Severoatlantický pakt
Q214	Slovakia	Slovensko	Q7184	NATO	Severoatlantická aliance	Slovakia is a member of NATO .	Slovensko je členem skupiny Severoatlantická aliance.	Slovensko je členem skupiny 	 Slovensko je členem NATO.	Slovensko je členem Severoatlantické aliance.	ERROR	ERROR	Slovensko je členem 	Severoatlantické aliance	NATO|||NATO|||OTAN|||North Atlantic Treaty Organization|||Organizace Severoatlantické smlouvy|||Severoatlantický pakt
Q3564675	WGBH-TV	WGBH-TV	Q215616	PBS	PBS	WGBH-TV is a member of PBS .	WGBH-TV je členem skupiny PBS.	WGBH-TV je členem skupiny 	 WGBH-TV je členem PBS.	WGBH-TV je členem PBS.	 WGBH-TV je členem 	PBS	WGBH-TV je členem 	PBS	PBS
Q164134	United States men's national soccer team	Fotbalová reprezentace Spojených států	Q253414	FIFA	FIFA	United States men's national soccer team is a member of FIFA .	Fotbalová reprezentace Spojených států je členem skupiny FIFA.	Fotbalová reprezentace Spojených států je členem skupiny 	 Mužská fotbalová reprezentace Spojených států je členem FIFA.	Fotbalová reprezentace Spojených států je členem FIFA.	 Mužská fotbalová reprezentace Spojených států je členem 	FIFA	Fotbalová reprezentace Spojených států je členem 	FIFA	FIFA
Q387655	Noddy Holder	Noddy Holder	Q156872	Slade	Slade	Noddy Holder is a member of Slade .	Noddy Holder je členem skupiny Slade.	Noddy Holder je členem skupiny 	 Noddy Holder je členem skupiny Slade.	Noddy Holder je členem Slade.	 Noddy Holder je členem skupiny 	Slade	Noddy Holder je členem 	Slade	Slade|||Ambrose Slade
Q483868	Czech Republic national football team	Česká fotbalová reprezentace	Q253414	FIFA	FIFA	Czech Republic national football team is a member of FIFA .	Česká fotbalová reprezentace je členem skupiny FIFA.	Česká fotbalová reprezentace je členem skupiny 	 Česká fotbalová reprezentace je členem FIFA.	Česká fotbalová reprezentace je členem FIFA.	 Česká fotbalová reprezentace je členem 	FIFA	Česká fotbalová reprezentace je členem 	FIFA	FIFA
Q9500	The Football Association	The Football Association	Q253414	FIFA	FIFA	The Football Association is a member of FIFA .	The Football Association je členem skupiny FIFA.	The Football Association je členem skupiny 	 Fotbalová asociace je členem FIFA.	The Football Association je členem FIFA.	 Fotbalová asociace je členem 	FIFA	The Football Association je členem 	FIFA	FIFA
Q208635	Canada men's national soccer team	Kanadská fotbalová reprezentace	Q253414	FIFA	FIFA	Canada men's national soccer team is a member of FIFA .	Kanadská fotbalová reprezentace je členem skupiny FIFA.	Kanadská fotbalová reprezentace je členem skupiny 	 Kanadský mužský národní fotbalový tým je členem FIFA.	Kanadská fotbalová reprezentace je členem FIFA.	 Kanadský mužský národní fotbalový tým je členem 	FIFA	Kanadská fotbalová reprezentace je členem 	FIFA	FIFA
Q299122	Jeff Hanneman	Jeff Hanneman	Q131231	Slayer	Slayer	Jeff Hanneman is a member of Slayer .	Jeff Hanneman je členem skupiny Slayer.	Jeff Hanneman je členem skupiny 	 Jeff Hanneman je členem Slayer.	Jeff Hanneman je členem Slayer.	 Jeff Hanneman je členem 	Slayer	Jeff Hanneman je členem 	Slayer	Slayer
Q20	Norway	Norsko	Q7184	NATO	Severoatlantická aliance	Norway is a member of NATO .	Norsko je členem skupiny Severoatlantická aliance.	Norsko je členem skupiny 	 Norsko je členem NATO.	Norsko je členem Severoatlantické aliance.	ERROR	ERROR	Norsko je členem 	Severoatlantické aliance	NATO|||NATO|||OTAN|||North Atlantic Treaty Organization|||Organizace Severoatlantické smlouvy|||Severoatlantický pakt
Q297210	Kerry King	Kerry King	Q131231	Slayer	Slayer	Kerry King is a member of Slayer .	Kerry King je členem skupiny Slayer.	Kerry King je členem skupiny 	 Kerry King je členkou skupiny Slayer.	Kerry King je členem Slayer.	 Kerry King je členkou skupiny 	Slayer	Kerry King je členem 	Slayer	Slayer
Q312292	Tom Araya	Tom Araya	Q131231	Slayer	Slayer	Tom Araya is a member of Slayer .	Tom Araya je členem skupiny Slayer.	Tom Araya je členem skupiny 	 Tom Araya je členem skupiny Slayer.	Tom Araya je členem Slayer.	 Tom Araya je členem skupiny 	Slayer	Tom Araya je členem 	Slayer	Slayer
Q2320801	Gilli Smyth	Gilli Smyth	Q544024	Gong	Gong	Gilli Smyth is a member of Gong .	Gilli Smyth je členem skupiny Gong.	Gilli Smyth je členem skupiny 	 Gilli Smyth je členkou skupiny Gong.	Gilli Smyth je členem Gong.	 Gilli Smyth je členkou skupiny 	Gong	Gilli Smyth je členem 	Gong	Gong
Q2341169	Geoff Rickly	Geoff Rickly	Q1433169	Thursday	Thursday	Geoff Rickly is a member of Thursday .	Geoff Rickly je členem skupiny Thursday.	Geoff Rickly je členem skupiny 	 Geoff Rickly je členem Thursday.	Geoff Rickly je členem Thursday.	 Geoff Rickly je členem 	Thursday	Geoff Rickly je členem 	Thursday	Thursday
Q2567581	Dave Hill	Dave Hill	Q156872	Slade	Slade	Dave Hill is a member of Slade .	Dave Hill je členem skupiny Slade.	Dave Hill je členem skupiny 	 Dave Hill je členem skupiny Slade.	Dave Hill je členem Slade.	 Dave Hill je členem skupiny 	Slade	Dave Hill je členem 	Slade	Slade|||Ambrose Slade
Q1042614	Football Federation Islamic Republic of Iran	Fotbalové federace Íránské islámské republiky	Q253414	FIFA	FIFA	Football Federation Islamic Republic of Iran is a member of FIFA .	Fotbalové federace Íránské islámské republiky je členem skupiny FIFA.	Fotbalové federace Íránské islámské republiky je členem skupiny 	 Fotbalová federace Íránské islámské republiky je členem FIFA.	Fotbalová federace Íránské islámské republiky je členem FIFA.	 Fotbalová federace Íránské islámské republiky je členem 	FIFA	Fotbalová federace Íránské islámské republiky je členem 	FIFA	FIFA
Q723294	Phil Mogg	Phil Mogg	Q251657	UFO	UFO	Phil Mogg is a member of UFO .	Phil Mogg je členem skupiny UFO.	Phil Mogg je členem skupiny 	 Phil Mogg je členem skupiny UFO.	Phil Mogg je členem UFO.	 Phil Mogg je členem skupiny 	UFO	Phil Mogg je členem 	UFO	UFO
Q2599	Paul McCartney	Paul McCartney	Q622988	Wings	Wings	Paul McCartney is a member of Wings .	Paul McCartney je členem skupiny Wings.	Paul McCartney je členem skupiny 	 Paul McCartney je členem skupiny Wings.	Paul McCartney je členem Wings.	 Paul McCartney je členem skupiny 	Wings	Paul McCartney je členem 	Wings	Wings|||The Wings
Q175907	Adam Clayton	Adam Clayton	Q396	U2	U2	Adam Clayton is a member of U2 .	Adam Clayton je členem skupiny U2.	Adam Clayton je členem skupiny 	 Adam Clayton je členem skupiny U2.	Adam Clayton je členem U2.	 Adam Clayton je členem skupiny 	U2	Adam Clayton je členem 	U2	U2
Q55	Netherlands	Nizozemsko	Q7809	UNESCO	UNESCO	Netherlands is a member of UNESCO .	Nizozemsko je členem skupiny UNESCO.	Nizozemsko je členem skupiny 	Nizozemsko je členem UNESCO.	Nizozemsko je členem UNESCO.	Nizozemsko je členem 	UNESCO	Nizozemsko je členem 	UNESCO	UNESCO
Q215	Slovenia	Slovinsko	Q7184	NATO	Severoatlantická aliance	Slovenia is a member of NATO .	Slovinsko je členem skupiny Severoatlantická aliance.	Slovinsko je členem skupiny 	 Slovinsko je členem NATO.	Slovinsko je členem Severoatlantické aliance.	ERROR	ERROR	Slovinsko je členem 	Severoatlantické aliance	NATO|||NATO|||OTAN|||North Atlantic Treaty Organization|||Organizace Severoatlantické smlouvy|||Severoatlantický pakt
Q36	Poland	Polsko	Q7184	NATO	Severoatlantická aliance	Poland is a member of NATO .	Polsko je členem skupiny Severoatlantická aliance.	Polsko je členem skupiny 	 Polsko je členem NATO.	Polsko je členem Severoatlantické aliance.	ERROR	ERROR	Polsko je členem 	Severoatlantické aliance	NATO|||NATO|||OTAN|||North Atlantic Treaty Organization|||Organizace Severoatlantické smlouvy|||Severoatlantický pakt
Q455413	Belize national football team	Fotbalová reprezentace Belize	Q253414	FIFA	FIFA	Belize national football team is a member of FIFA .	Fotbalová reprezentace Belize je členem skupiny FIFA.	Fotbalová reprezentace Belize je členem skupiny 	 Belizská fotbalová reprezentace je členem FIFA.	Fotbalová reprezentace Belize je členem FIFA.	 Belizská fotbalová reprezentace je členem 	FIFA	Fotbalová reprezentace Belize je členem 	FIFA	FIFA
Q186262	Albania national football team	Albánská fotbalová reprezentace	Q253414	FIFA	FIFA	Albania national football team is a member of FIFA .	Albánská fotbalová reprezentace je členem skupiny FIFA.	Albánská fotbalová reprezentace je členem skupiny 	 Albánská fotbalová reprezentace je členem FIFA.	Albánská fotbalová reprezentace je členem FIFA.	 Albánská fotbalová reprezentace je členem 	FIFA	Albánská fotbalová reprezentace je členem 	FIFA	FIFA
Q502018	Danish Football Union	Dánská fotbalová unie	Q253414	FIFA	FIFA	Danish Football Union is a member of FIFA .	Dánská fotbalová unie je členem skupiny FIFA.	Dánská fotbalová unie je členem skupiny 	 Dánská fotbalová unie je členem FIFA.	Dánská fotbalová unie je členem FIFA.	 Dánská fotbalová unie je členem 	FIFA	Dánská fotbalová unie je členem 	FIFA	FIFA
Q29	Spain	Španělsko	Q7184	NATO	Severoatlantická aliance	Spain is a member of NATO .	Španělsko je členem skupiny Severoatlantická aliance.	Španělsko je členem skupiny 	 Španělsko je členem NATO.	Španělsko je členem Severoatlantické aliance.	ERROR	ERROR	Španělsko je členem 	Severoatlantické aliance	NATO|||NATO|||OTAN|||North Atlantic Treaty Organization|||Organizace Severoatlantické smlouvy|||Severoatlantický pakt
Q708236	Ronnie Lane	Ronnie Lane	Q1136388	Faces	The Faces	Ronnie Lane is a member of Faces .	Ronnie Lane je členem skupiny The Faces.	Ronnie Lane je členem skupiny 	 Ronnie Lane je členem skupiny Faces.	Translation: Ronnie Lane je členem Faces.	 Ronnie Lane je 	členem skupiny Faces	Translation: Ronnie Lane je 	členem Faces	Faces|||Faces
Q201897	Italian Football Federation	Italská fotbalová federace	Q253414	FIFA	FIFA	Italian Football Federation is a member of FIFA .	Italská fotbalová federace je členem skupiny FIFA.	Italská fotbalová federace je členem skupiny 	 Italská fotbalová federace je členem FIFA.	Italská fotbalová federace je členem FIFA.	 Italská fotbalová federace je členem 	FIFA	Italská fotbalová federace je členem 	FIFA	FIFA
Q183	Germany	Německo	Q7809	UNESCO	UNESCO	Germany is a member of UNESCO .	Německo je členem skupiny UNESCO.	Německo je členem skupiny 	 Německo je členem UNESCO.	Německo je členem UNESCO.	 Německo je členem 	UNESCO	Německo je členem 	UNESCO	UNESCO
Q38	Italy	Itálie	Q7809	UNESCO	UNESCO	Italy is a member of UNESCO .	Itálie je členem skupiny UNESCO.	Itálie je členem skupiny 	 Itálie je členem UNESCO.	Itálie je členem UNESCO.	 Itálie je členem 	UNESCO	Itálie je členem 	UNESCO	UNESCO
Q45	Portugal	Portugalsko	Q7184	NATO	Severoatlantická aliance	Portugal is a member of NATO .	Portugalsko je členem skupiny Severoatlantická aliance.	Portugalsko je členem skupiny 	 Portugalsko je členem NATO.	Portugalsko je členem Severoatlantické aliance.	ERROR	ERROR	Portugalsko je členem 	Severoatlantické aliance	NATO|||NATO|||OTAN|||North Atlantic Treaty Organization|||Organizace Severoatlantické smlouvy|||Severoatlantický pakt
Q36	Poland	Polsko	Q7809	UNESCO	UNESCO	Poland is a member of UNESCO .	Polsko je členem skupiny UNESCO.	Polsko je členem skupiny 	 Polsko je členem UNESCO.	Polsko je členem UNESCO.	 Polsko je členem 	UNESCO	Polsko je členem 	UNESCO	UNESCO
Q727174	Ron Mael	Ron Mael	Q1344131	Sparks	Sparks	Ron Mael is a member of Sparks .	Ron Mael je členem skupiny Sparks.	Ron Mael je členem skupiny 	 Ron Mael je členem Sparks.	Ron Mael je členem Sparks.	 Ron Mael je členem 	Sparks	Ron Mael je členem 	Sparks	Sparks
Q2081623	Russell Mael	Russell Mael	Q1344131	Sparks	Sparks	Russell Mael is a member of Sparks .	Russell Mael je členem skupiny Sparks.	Russell Mael je členem skupiny 	 Russell Mael je členem Sparks.	Russell Mael je členem Sparks.	 Russell Mael je členem 	Sparks	Russell Mael je členem 	Sparks	Sparks
Q236006	Haiti national football team	Haitská fotbalová reprezentace	Q253414	FIFA	FIFA	Haiti national football team is a member of FIFA .	Haitská fotbalová reprezentace je členem skupiny FIFA.	Haitská fotbalová reprezentace je členem skupiny 	 Haitská fotbalová reprezentace je členem FIFA.	Haitská fotbalová reprezentace je členem FIFA.	 Haitská fotbalová reprezentace je členem 	FIFA	Haitská fotbalová reprezentace je členem 	FIFA	FIFA
Q316454	Don Henley	Don Henley	Q189635	Eagles	Eagles	Don Henley is a member of Eagles .	Don Henley je členem skupiny Eagles.	Don Henley je členem skupiny 	 Don Henley je členem Eagles.	Don Henley je členem Eagles.	 Don Henley je členem 	Eagles	Don Henley je členem 	Eagles	Eagles|||The Eagles
Q472051	Glenn Frey	Glenn Frey	Q189635	Eagles	Eagles	Glenn Frey is a member of Eagles .	Glenn Frey je členem skupiny Eagles.	Glenn Frey je členem skupiny 	 Glenn Frey je členem Eagles.	Glenn Frey je členem Eagles.	 Glenn Frey je členem 	Eagles	Glenn Frey je členem 	Eagles	Eagles|||The Eagles
Q2760347	Nate Ruess	Nate Ruess	Q838984	Fun	Fun.	Nate Ruess is a member of Fun .	Nate Ruess je členem skupiny Fun..	Nate Ruess je členem skupiny 	 Nate Ruess je členem skupiny Fun.	Nate Ruess je členem Fun.	 Nate Ruess je členem skupiny 	Fun.	Nate Ruess je členem 	Fun.	Fun|||Fun
Q354033	Joe Walsh	Joe Walsh	Q189635	Eagles	Eagles	Joe Walsh is a member of Eagles .	Joe Walsh je členem skupiny Eagles.	Joe Walsh je členem skupiny 	 Joe Walsh je členem Eagles.	Joe Walsh je členem Eagles.	 Joe Walsh je členem 	Eagles	Joe Walsh je členem 	Eagles	Eagles|||The Eagles
Q952491	Ian McLagan	Ian McLagan	Q1136388	Faces	The Faces	Ian McLagan is a member of Faces .	Ian McLagan je členem skupiny The Faces.	Ian McLagan je členem skupiny 	 Ian McLagan je členem skupiny Faces.	Ian McLagan je členem Faces.	 Ian McLagan je 	členem skupiny Faces	Ian McLagan je 	členem Faces	Faces|||Faces
Q309008	Polish Football Association	Polský fotbalový svaz	Q253414	FIFA	FIFA	Polish Football Association is a member of FIFA .	Polský fotbalový svaz je členem skupiny FIFA.	Polský fotbalový svaz je členem skupiny 	 Polský fotbalový svaz je členem FIFA.	Polský fotbalový svaz je členem FIFA.	 Polský fotbalový svaz je členem 	FIFA	Polský fotbalový svaz je členem 	FIFA	FIFA
Q145	United Kingdom	Spojené království	Q7184	NATO	Severoatlantická aliance	United Kingdom is a member of NATO .	Spojené království je členem skupiny Severoatlantická aliance.	Spojené království je členem skupiny 	 Spojené království je členem NATO.	Spojené království je členem Severoatlantické aliance.	ERROR	ERROR	Spojené království je členem 	Severoatlantické aliance	NATO|||NATO|||OTAN|||North Atlantic Treaty Organization|||Organizace Severoatlantické smlouvy|||Severoatlantický pakt
Q44137	Jeff Hardy	Jeff Hardy	Q35339	WWE	World Wrestling Entertainment	Jeff Hardy is a member of WWE .	Jeff Hardy je členem skupiny World Wrestling Entertainment.	Jeff Hardy je členem skupiny 	Jeff Hardy je členem WWE.	Jeff Hardy je členem World Wrestling Entertainment.	ERROR	ERROR	Jeff Hardy je členem 	World Wrestling Entertainment	WWE
Q1475056	Iraq Football Association	Irácký fotbalový svaz	Q253414	FIFA	FIFA	Iraq Football Association is a member of FIFA .	Irácký fotbalový svaz je členem skupiny FIFA.	Irácký fotbalový svaz je členem skupiny 	 Irácký fotbalový svaz je členem FIFA.	Irácký fotbalový svaz je členem FIFA.	 Irácký fotbalový svaz je členem 	FIFA	Irácký fotbalový svaz je členem 	FIFA	FIFA
Q2713723	Patrick Monahan	Patrick Monahan	Q282531	Train	Train	Patrick Monahan is a member of Train .	Patrick Monahan je členem skupiny Train.	Patrick Monahan je členem skupiny 	 Patrick Monahan je členem skupiny Train.	Patrick Monahan je členem Train.	 Patrick Monahan je členem skupiny 	Train	Patrick Monahan je členem 	Train	Train
Q304885	Chris Squire	Chris Squire	Q184386	Yes	Yes	Chris Squire is a member of Yes .	Chris Squire je členem skupiny Yes.	Chris Squire je členem skupiny 	 Chris Squire je členem skupiny Yes.	Chris Squire je členem Yes.	 Chris Squire je členem skupiny 	Yes	Chris Squire je členem 	Yes	Yes
Q473248	Cyprus Football Association	Kyperský fotbalový svaz	Q253414	FIFA	FIFA	Cyprus Football Association is a member of FIFA .	Kyperský fotbalový svaz je členem skupiny FIFA.	Kyperský fotbalový svaz je členem skupiny 	 Kyperský fotbalový svaz je členem FIFA.	Kyperský fotbalový svaz je členem FIFA.	 Kyperský fotbalový svaz je členem 	FIFA	Kyperský fotbalový svaz je členem 	FIFA	FIFA
Q337065	Football Association of the Czech Republic	Fotbalová asociace České republiky	Q253414	FIFA	FIFA	Football Association of the Czech Republic is a member of FIFA .	Fotbalová asociace České republiky je členem skupiny FIFA.	Fotbalová asociace České republiky je členem skupiny 	 Fotbalová asociace České republiky je členem FIFA.	Fotbalová asociace České republiky je členem FIFA.	 Fotbalová asociace České republiky je členem 	FIFA	Fotbalová asociace České republiky je členem 	FIFA	FIFA
Q313749	Jon Anderson	Jon Anderson	Q184386	Yes	Yes	Jon Anderson is a member of Yes .	Jon Anderson je členem skupiny Yes.	Jon Anderson je členem skupiny 	 Jon Anderson je členem skupiny Yes.	Jon Anderson je členem Yes.	 Jon Anderson je členem skupiny 	Yes	Jon Anderson je členem 	Yes	Yes
Q781890	Football Federation Australia	Fotbalová federace Austrálie	Q253414	FIFA	FIFA	Football Federation Australia is a member of FIFA .	Fotbalová federace Austrálie je členem skupiny FIFA.	Fotbalová federace Austrálie je členem skupiny 	 Fotbalová federace Austrálie je členem FIFA.	Fotbalová federace Austrálie je členem FIFA.	 Fotbalová federace Austrálie je členem 	FIFA	Fotbalová federace Austrálie je členem 	FIFA	FIFA
Q717588	Thor	Thor	Q322646	Avengers	Avengers	Thor is a member of Avengers .	Thor je členem skupiny Avengers.	Thor je členem skupiny 	 Thor je členem Avengers.	Thor je členem Avengers.	 Thor je členem 	Avengers	Thor je členem 	Avengers	Avengers|||The Avengers
Q81787	Scott Lang	Ant-Man	Q322646	Avengers	Avengers	Scott Lang is a member of Avengers .	Ant-Man je členem skupiny Avengers.	Ant-Man je členem skupiny 	 Scott Lang je členem Avengers.	Scott Lang je členem Avengers.	 Scott Lang je členem 	Avengers	Scott Lang je členem 	Avengers	Avengers|||The Avengers
Q423	North Korea	Severní Korea	Q7809	UNESCO	UNESCO	North Korea is a member of UNESCO .	Severní Korea je členem skupiny UNESCO.	Severní Korea je členem skupiny 	 Severní Korea je členem UNESCO.	Severní Korea je členem UNESCO.	 Severní Korea je členem 	UNESCO	Severní Korea je členem 	UNESCO	UNESCO
Q432743	Gavin Rossdale	Gavin Rossdale	Q247949	Bush	Bush	Gavin Rossdale is a member of Bush .	Gavin Rossdale je členem skupiny Bush.	Gavin Rossdale je členem skupiny 	 Gavin Rossdale je členem Bushovy strany.	Gavin Rossdale je členem Bush.	ERROR	ERROR	Gavin Rossdale je členem 	Bush	Bush
Q713807	Al Jourgensen	Al Jourgensen	Q425772	Ministry	Ministry	Al Jourgensen is a member of Ministry .	Al Jourgensen je členem skupiny Ministry.	Al Jourgensen je členem skupiny 	 Al Jourgensen je členem Ministry.	Al Jourgensen je členem Ministry.	 Al Jourgensen je členem 	Ministry	Al Jourgensen je členem 	Ministry	Ministry
Q266544	Chuck Schuldiner	Chuck Schuldiner	Q192843	Death	Death	Chuck Schuldiner is a member of Death .	Chuck Schuldiner je členem skupiny Death.	Chuck Schuldiner je členem skupiny 	 Chuck Schuldiner je členem skupiny Death.	Chuck Schuldiner je členem Death.	 Chuck Schuldiner je členem skupiny 	Death	Chuck Schuldiner je členem 	Death	Death
