sub_uri	en_sub_label	sub_label	obj_uri	en_obj_label	obj_label	en_template	template	template_prompt	gt_translation	chatgpt_translation	gt_prompt	gt_infl_object	chatgpt_prompt	chatgpt_infl_object	aliases
Q155476	The Fast and the Furious	Rychle a zběsile	Q1860	English	angličtina	The original language of The Fast and the Furious is English .	Původní jazyk Rychle a zběsile je angličtina.	Původní jazyk Rychle a zběsile je 	 Původním jazykem filmu Rychle a zběsile je angličtina.	Původním jazykem Rychle a zběsile je angličtina.	 Původním jazykem filmu Rychle a zběsile je 	angličtina	Původním jazykem Rychle a zběsile je 	angličtina	English|||anglicky|||angl.
Q191380	The Hunchback of Notre Dame	Chrám Matky Boží v Paříži	Q150	French	francouzština	The original language of The Hunchback of Notre Dame is French .	Původní jazyk Chrám Matky Boží v Paříži je francouzština.	Původní jazyk Chrám Matky Boží v Paříži je 	 Původním jazykem knihy Hrbáč u Matky Boží je francouzština.	Původním jazykem Chrámu Matky Boží v Paříži je francouzština.	 Původním jazykem knihy Hrbáč u Matky Boží je 	francouzština	Původním jazykem Chrámu Matky Boží v Paříži je 	francouzština	French|||francouzský jazyk
Q174626	The Immoralist	Imoralista	Q150	French	francouzština	The original language of The Immoralist is French .	Původní jazyk Imoralista je francouzština.	Původní jazyk Imoralista je 	 Původním jazykem knihy Immoralista je francouzština.	Původním jazykem Imoralisty je francouzština.	 Původním jazykem knihy Immoralista je 	francouzština	Původním jazykem Imoralisty je 	francouzština	French|||francouzský jazyk
Q837333	The Broken Ear	Ulomené ucho	Q150	French	francouzština	The original language of The Broken Ear is French .	Původní jazyk Ulomené ucho je francouzština.	Původní jazyk Ulomené ucho je 	 Původním jazykem knihy Zlomené ucho je francouzština.	Původním jazykem Ulomeného ucha je francouzština.	 Původním jazykem knihy Zlomené ucho je 	francouzština	Původním jazykem Ulomeného ucha je 	francouzština	French|||francouzský jazyk
Q245265	The God Delusion	Boží blud	Q1860	English	angličtina	The original language of The God Delusion is English .	Původní jazyk Boží blud je angličtina.	Původní jazyk Boží blud je 	 Původním jazykem knihy Boží klam je angličtina.	Původním jazykem Božího bludu je angličtina.	 Původním jazykem knihy Boží klam je 	angličtina	Původním jazykem Božího bludu je 	angličtina	English|||anglicky|||angl.
Q466062	Jack Holborn	Jack Holborn	Q1860	English	angličtina	The original language of Jack Holborn is English .	Původní jazyk Jack Holborn je angličtina.	Původní jazyk Jack Holborn je 	 Původním jazykem Jacka Holborna je angličtina.	Původním jazykem Jacka Holborna je angličtina.	 Původním jazykem Jacka Holborna je 	angličtina	Původním jazykem Jacka Holborna je 	angličtina	English|||anglicky|||angl.
Q467394	La favorite	Favoritka	Q150	French	francouzština	The original language of La favorite is French .	Původní jazyk Favoritka je francouzština.	Původní jazyk Favoritka je 	 Původním jazykem La favorite je francouzština.	Původním jazykem Favoritky je francouzština.	 Původním jazykem La favorite je 	francouzština	Původním jazykem Favoritky je 	francouzština	French|||francouzský jazyk
Q138174	Life is a Dream	Život je sen	Q1321	Spanish	španělština	The original language of Life is a Dream is Spanish .	Původní jazyk Život je sen je španělština.	Původní jazyk Život je sen je 	 Původním jazykem knihy Život je sen je španělština.	Původním jazykem Život je sen je španělština.	 Původním jazykem knihy Život je sen je 	španělština	Původním jazykem Život je sen je 	španělština	Spanish|||španělský jazyk|||es
Q574713	Jar City	Severní blata	Q294	Icelandic	islandština	The original language of Jar City is Icelandic .	Původní jazyk Severní blata je islandština.	Původní jazyk Severní blata je 	 Původním jazykem Jar City je islandština.	Původním jazykem Severních blat je islandština.	 Původním jazykem Jar City je 	islandština	Původním jazykem Severních blat je 	islandština	Icelandic
Q576763	Face Dances	Face Dances	Q1860	English	angličtina	The original language of Face Dances is English .	Původní jazyk Face Dances je angličtina.	Původní jazyk Face Dances je 	 Původním jazykem Face Dances je angličtina.	Původním jazykem Face Dances je angličtina.	 Původním jazykem Face Dances je 	angličtina	Původním jazykem Face Dances je 	angličtina	English|||anglicky|||angl.
Q3505056	I Am My Own Wife	Svou vlastní ženou	Q1860	English	angličtina	The original language of I Am My Own Wife is English .	Původní jazyk Svou vlastní ženou je angličtina.	Původní jazyk Svou vlastní ženou je 	 Původním jazykem knihy I Am My Own Wife je angličtina.	Původním jazykem Svou vlastní ženou je angličtina.	 Původním jazykem knihy I Am My Own Wife je 	angličtina	Původním jazykem Svou vlastní ženou je 	angličtina	English|||anglicky|||angl.
Q1180721	De Officiis	De Officiis	Q397	Latin	latina	The original language of De Officiis is Latin .	Původní jazyk De Officiis je latina.	Původní jazyk De Officiis je 	 Původní jazyk De Officiis je latina.	Původním jazykem De Officiis je latina.	 Původní jazyk De Officiis je 	latina	Původním jazykem De Officiis je 	latina	Latin
Q1327411	Around the Moon	Okolo Měsíce	Q150	French	francouzština	The original language of Around the Moon is French .	Původní jazyk Okolo Měsíce je francouzština.	Původní jazyk Okolo Měsíce je 	 Původním jazykem knihy Kolem Měsíce je francouzština.	Původním jazykem Okolo Měsíce je francouzština.	 Původním jazykem knihy Kolem Měsíce je 	francouzština	Původním jazykem Okolo Měsíce je 	francouzština	French|||francouzský jazyk
Q2063125	Le chalet	Chata v Alpách	Q150	French	francouzština	The original language of Le chalet is French .	Původní jazyk Chata v Alpách je francouzština.	Původní jazyk Chata v Alpách je 	 Původním jazykem Le Chalet je francouzština.	Původním jazykem Chaty v Alpách je francouzština.	 Původním jazykem Le Chalet je 	francouzština	Původním jazykem Chaty v Alpách je 	francouzština	French|||francouzský jazyk
Q5064	The Magic Flute	Kouzelná flétna	Q188	German	němčina	The original language of The Magic Flute is German .	Původní jazyk Kouzelná flétna je němčina.	Původní jazyk Kouzelná flétna je 	 Původním jazykem Kouzelné flétny je němčina.	Původním jazykem Kouzelné flétny je němčina.	 Původním jazykem Kouzelné flétny je 	němčina	Původním jazykem Kouzelné flétny je 	němčina	German|||německý jazyk|||de
Q3013	iCarly	iCarly	Q1860	English	angličtina	The original language of iCarly is English .	Původní jazyk iCarly je angličtina.	Původní jazyk iCarly je 	 Původním jazykem iCarly je angličtina.	Původním jazykem iCarly je angličtina.	 Původním jazykem iCarly je 	angličtina	Původním jazykem iCarly je 	angličtina	English|||anglicky|||angl.
Q36479	The Lion King	Lví král	Q1860	English	angličtina	The original language of The Lion King is English .	Původní jazyk Lví král je angličtina.	Původní jazyk Lví král je 	 Původním jazykem Lvího krále je angličtina.	Původním jazykem Lvího krále je angličtina.	 Původním jazykem Lvího krále je 	angličtina	Původním jazykem Lvího krále je 	angličtina	English|||anglicky|||angl.
Q319163	Jack Frost	Mrazík	Q7737	Russian	ruština	The original language of Jack Frost is Russian .	Původní jazyk Mrazík je ruština.	Původní jazyk Mrazík je 	Původním jazykem Jacka Frosta je ruština.	Původním jazykem Mrazíka je ruština.	Původním jazykem Jacka Frosta je 	ruština	Původním jazykem Mrazíka je 	ruština	Russian|||ruský jazyk|||ru
Q2418926	Planet of the Apes	Planeta opic	Q150	French	francouzština	The original language of Planet of the Apes is French .	Původní jazyk Planeta opic je francouzština.	Původní jazyk Planeta opic je 	 Původním jazykem Planety opic je francouzština.	Původním jazykem Planety opic je francouzština.	 Původním jazykem Planety opic je 	francouzština	Původním jazykem Planety opic je 	francouzština	French|||francouzský jazyk
Q1094519	The Tall Blond Man with One Black Shoe	Velký blondýn s černou botou	Q150	French	francouzština	The original language of The Tall Blond Man with One Black Shoe is French .	Původní jazyk Velký blondýn s černou botou je francouzština.	Původní jazyk Velký blondýn s černou botou je 	 Původním jazykem knihy Vysoký blondýn v jedné černé botě je francouzština.	Původním jazykem Velkého blondýna s černou botou je francouzština.	 Původním jazykem knihy Vysoký blondýn v jedné černé botě je 	francouzština	Původním jazykem Velkého blondýna s černou botou je 	francouzština	French|||francouzský jazyk
Q1123979	Voodoo Lounge	Voodoo Lounge	Q1860	English	angličtina	The original language of Voodoo Lounge is English .	Původní jazyk Voodoo Lounge je angličtina.	Původní jazyk Voodoo Lounge je 	 Původním jazykem Voodoo Lounge je angličtina.	Původním jazykem Voodoo Lounge je angličtina.	 Původním jazykem Voodoo Lounge je 	angličtina	Původním jazykem Voodoo Lounge je 	angličtina	English|||anglicky|||angl.
Q6350859	Ljubav je svuda	Ljubav je svuda	Q9299	Serbian	srbština	The original language of Ljubav je svuda is Serbian .	Původní jazyk Ljubav je svuda je srbština.	Původní jazyk Ljubav je svuda je 	 Původní jazyk Ljubav je svuda je srbština.	Původním jazykem Ljubav je svuda je srbština.	 Původní jazyk Ljubav je svuda je 	srbština	Původním jazykem Ljubav je svuda je 	srbština	Serbian|||sr|||srp
Q1194169	The Caretaker	Správce	Q1860	English	angličtina	The original language of The Caretaker is English .	Původní jazyk Správce je angličtina.	Původní jazyk Správce je 	 Původním jazykem knihy Správce je angličtina.	Původním jazykem Správce je angličtina.	 Původním jazykem knihy Správce je 	angličtina	Původním jazykem Správce je 	angličtina	English|||anglicky|||angl.
Q129929	The Amber Spyglass	Jantarové kukátko	Q1860	English	angličtina	The original language of The Amber Spyglass is English .	Původní jazyk Jantarové kukátko je angličtina.	Původní jazyk Jantarové kukátko je 	 Původním jazykem knihy Jantarový dalekohled je angličtina.	Původním jazykem Jantarového kukátka je angličtina.	 Původním jazykem knihy Jantarový dalekohled je 	angličtina	Původním jazykem Jantarového kukátka je 	angličtina	English|||anglicky|||angl.
Q1459255	Human Touch	Human Touch	Q1860	English	angličtina	The original language of Human Touch is English .	Původní jazyk Human Touch je angličtina.	Původní jazyk Human Touch je 	 Původním jazykem hry Human Touch je angličtina.	Původním jazykem Human Touch je angličtina.	 Původním jazykem hry Human Touch je 	angličtina	Původním jazykem Human Touch je 	angličtina	English|||anglicky|||angl.
Q825946	Good Morning America	Good Morning America	Q1860	English	angličtina	The original language of Good Morning America is English .	Původní jazyk Good Morning America je angličtina.	Původní jazyk Good Morning America je 	 Původním jazykem pořadu Good Morning America je angličtina.	Původním jazykem Good Morning America je angličtina.	 Původním jazykem pořadu Good Morning America je 	angličtina	Původním jazykem Good Morning America je 	angličtina	English|||anglicky|||angl.
Q161423	Die Tageszeitung	die tageszeitung	Q188	German	němčina	The original language of Die Tageszeitung is German .	Původní jazyk die tageszeitung je němčina.	Původní jazyk die tageszeitung je 	 Původní jazyk Die Tageszeitung je němčina.	Původním jazykem Die Tageszeitung je němčina.	 Původní jazyk Die Tageszeitung je 	němčina	Původním jazykem Die Tageszeitung je 	němčina	German|||německý jazyk|||de
Q3124000	The Perfect Kiss	The Perfect Kiss	Q1860	English	angličtina	The original language of The Perfect Kiss is English .	Původní jazyk The Perfect Kiss je angličtina.	Původní jazyk The Perfect Kiss je 	 Původním jazykem knihy Dokonalý polibek je angličtina.	Původním jazykem The Perfect Kiss je angličtina.	 Původním jazykem knihy Dokonalý polibek je 	angličtina	Původním jazykem The Perfect Kiss je 	angličtina	English|||anglicky|||angl.
Q2414756	The Last Wish	Poslední přání	Q809	Polish	polština	The original language of The Last Wish is Polish .	Původní jazyk Poslední přání je polština.	Původní jazyk Poslední přání je 	 Původním jazykem knihy Poslední přání je polština.	Původním jazykem Posledního přání je polština.	 Původním jazykem knihy Poslední přání je 	polština	Původním jazykem Posledního přání je 	polština	Polish|||polský jazyk|||pl
Q1165714	The Charterhouse of Parma	Kartouza parmská	Q150	French	francouzština	The original language of The Charterhouse of Parma is French .	Původní jazyk Kartouza parmská je francouzština.	Původní jazyk Kartouza parmská je 	 Původním jazykem Parmské charterové lóže je francouzština.	Původním jazykem Kartouzy parmské je francouzština.	 Původním jazykem Parmské charterové lóže je 	francouzština	Původním jazykem Kartouzy parmské je 	francouzština	French|||francouzský jazyk
Q595	The Intouchables	Nedotknutelní	Q150	French	francouzština	The original language of The Intouchables is French .	Původní jazyk Nedotknutelní je francouzština.	Původní jazyk Nedotknutelní je 	 Původním jazykem seriálu Nedotknutelní je francouzština.	Původním jazykem Nedotknutelných je francouzština.	 Původním jazykem seriálu Nedotknutelní je 	francouzština	Původním jazykem Nedotknutelných je 	francouzština	French|||francouzský jazyk
Q755171	The Young Victoria	Královna Viktorie	Q1860	English	angličtina	The original language of The Young Victoria is English .	Původní jazyk Královna Viktorie je angličtina.	Původní jazyk Královna Viktorie je 	 Původním jazykem knihy Mladá Viktorie je angličtina.	Původním jazykem Královny Viktorie je angličtina.	 Původním jazykem knihy Mladá Viktorie je 	angličtina	Původním jazykem Královny Viktorie je 	angličtina	English|||anglicky|||angl.
Q484709	A Frozen Flower	Ssang Hwajeom	Q9176	Korean	korejština	The original language of A Frozen Flower is Korean .	Původní jazyk Ssang Hwajeom je korejština.	Původní jazyk Ssang Hwajeom je 	 Původním jazykem filmu Zamrzlá květina je korejština.	Původním jazykem Ssang Hwajeom je korejština.	 Původním jazykem filmu Zamrzlá květina je 	korejština	Původním jazykem Ssang Hwajeom je 	korejština	Korean|||korejský jazyk|||ko
Q2524790	The Fatal Eggs	Osudná vejce	Q7737	Russian	ruština	The original language of The Fatal Eggs is Russian .	Původní jazyk Osudná vejce je ruština.	Původní jazyk Osudná vejce je 	Původním jazykem filmu Osudová vejce je ruština.	Původním jazykem Osudných vajec je ruština.	Původním jazykem filmu Osudová vejce je 	ruština	Původním jazykem Osudných vajec je 	ruština	Russian|||ruský jazyk|||ru
Q969469	Ma vie en rose	Můj růžový život	Q150	French	francouzština	The original language of Ma vie en rose is French .	Původní jazyk Můj růžový život je francouzština.	Původní jazyk Můj růžový život je 	 Původním jazykem knihy Ma vie en rose je francouzština.	Původním jazykem Mého růžového života je francouzština.	 Původním jazykem knihy Ma vie en rose je 	francouzština	Původním jazykem Mého růžového života je 	francouzština	French|||francouzský jazyk
Q723679	Star Trek Generations	Star Trek: Generace	Q1860	English	angličtina	The original language of Star Trek Generations is English .	Původní jazyk Star Trek: Generace je angličtina.	Původní jazyk Star Trek: Generace je 	 Původním jazykem Star Treku: Generace je angličtina.	Původním jazykem Star Trek: Generace je angličtina.	 Původním jazykem Star Treku: Generace je 	angličtina	Původním jazykem Star Trek: Generace je 	angličtina	English|||anglicky|||angl.
Q6470817	The New Science	Principi di Scienza Nuova d'intorno alla Comune Natura delle Nazioni	Q652	Italian	italština	The original language of The New Science is Italian .	Původní jazyk Principi di Scienza Nuova d'intorno alla Comune Natura delle Nazioni je italština.	Původní jazyk Principi di Scienza Nuova d'intorno alla Comune Natura delle Nazioni je 	 Původním jazykem knihy Nová věda je italština.	Původním jazykem Principi di Scienza Nuova d'intorno alla Comune Natura delle Nazioni je italština.	 Původním jazykem knihy Nová věda je 	italština	Původním jazykem Principi di Scienza Nuova d'intorno alla Comune Natura delle Nazioni je 	italština	Italian|||italský jazyk|||it
Q1134208	The Irish Times	The Irish Times	Q1860	English	angličtina	The original language of The Irish Times is English .	Původní jazyk The Irish Times je angličtina.	Původní jazyk The Irish Times je 	 Původním jazykem deníku The Irish Times je angličtina.	Původním jazykem The Irish Times je angličtina.	 Původním jazykem deníku The Irish Times je 	angličtina	Původním jazykem The Irish Times je 	angličtina	English|||anglicky|||angl.
Q3500517	Il trionfo di Clelia	Triumf Klélie	Q652	Italian	italština	The original language of Il trionfo di Clelia is Italian .	Původní jazyk Triumf Klélie je italština.	Původní jazyk Triumf Klélie je 	 Původní jazyk Il trionfo di Clelia je italština.	Původním jazykem Triumfu Klélie je italština.	 Původní jazyk Il trionfo di Clelia je 	italština	Původním jazykem Triumfu Klélie je 	italština	Italian|||italský jazyk|||it
Q190588	Love Actually	Láska nebeská	Q1860	English	angličtina	The original language of Love Actually is English .	Původní jazyk Láska nebeská je angličtina.	Původní jazyk Láska nebeská je 	 Původním jazykem seriálu Love Actually je angličtina.	Původním jazykem Lásky nebeské je angličtina.	 Původním jazykem seriálu Love Actually je 	angličtina	Původním jazykem Lásky nebeské je 	angličtina	English|||anglicky|||angl.
Q548161	Simon Boccanegra	Simon Boccanegra	Q652	Italian	italština	The original language of Simon Boccanegra is Italian .	Původní jazyk Simon Boccanegra je italština.	Původní jazyk Simon Boccanegra je 	 Původním jazykem Simona Boccanegry je italština.	Původním jazykem Simona Boccanegra je italština.	 Původním jazykem Simona Boccanegry je 	italština	Původním jazykem Simona Boccanegra je 	italština	Italian|||italský jazyk|||it
Q1137784	My Bloody Valentine 3D	Krvavý Valentýn	Q1860	English	angličtina	The original language of My Bloody Valentine 3D is English .	Původní jazyk Krvavý Valentýn je angličtina.	Původní jazyk Krvavý Valentýn je 	 Původním jazykem hry My Bloody Valentine 3D je angličtina.	Původním jazykem Krvavého Valentýna je angličtina.	 Původním jazykem hry My Bloody Valentine 3D je 	angličtina	Původním jazykem Krvavého Valentýna je 	angličtina	English|||anglicky|||angl.
Q234535	Great Soviet Encyclopedia	Velká sovětská encyklopedie	Q7737	Russian	ruština	The original language of Great Soviet Encyclopedia is Russian .	Původní jazyk Velká sovětská encyklopedie je ruština.	Původní jazyk Velká sovětská encyklopedie je 	 Původním jazykem Velké sovětské encyklopedie je ruština.	Původním jazykem Velké sovětské encyklopedie je ruština.	 Původním jazykem Velké sovětské encyklopedie je 	ruština	Původním jazykem Velké sovětské encyklopedie je 	ruština	Russian|||ruský jazyk|||ru
Q53093	Adventure Time	Čas na dobrodružství	Q1860	English	angličtina	The original language of Adventure Time is English .	Původní jazyk Čas na dobrodružství je angličtina.	Původní jazyk Čas na dobrodružství je 	 Původním jazykem hry Adventure Time je angličtina.	Původním jazykem Času na dobrodružství je angličtina.	 Původním jazykem hry Adventure Time je 	angličtina	Původním jazykem Času na dobrodružství je 	angličtina	English|||anglicky|||angl.
Q389933	The Miser	Lakomec	Q150	French	francouzština	The original language of The Miser is French .	Původní jazyk Lakomec je francouzština.	Původní jazyk Lakomec je 	 Původním jazykem Lakomce je francouzština.	Původním jazykem Lakomce je francouzština.	 Původním jazykem Lakomce je 	francouzština	Původním jazykem Lakomce je 	francouzština	French|||francouzský jazyk
Q661660	Mediterraneo	Středozemí	Q652	Italian	italština	The original language of Mediterraneo is Italian .	Původní jazyk Středozemí je italština.	Původní jazyk Středozemí je 	 Původním jazykem Mediterranea je italština.	Původním jazykem Středozemí je italština.	 Původním jazykem Mediterranea je 	italština	Původním jazykem Středozemí je 	italština	Italian|||italský jazyk|||it
Q1880650	Europa riconosciuta	Ľ Europa riconosciuta	Q652	Italian	italština	The original language of Europa riconosciuta is Italian .	Původní jazyk Ľ Europa riconosciuta je italština.	Původní jazyk Ľ Europa riconosciuta je 	 Původním jazykem Europa riconosciuta je italština.	Původním jazykem Ľ Europa riconosciuta je italština.	 Původním jazykem Europa riconosciuta je 	italština	Původním jazykem Ľ Europa riconosciuta je 	italština	Italian|||italský jazyk|||it
Q11834	Puss in Boots	Kocour v botách	Q652	Italian	italština	The original language of Puss in Boots is Italian .	Původní jazyk Kocour v botách je italština.	Původní jazyk Kocour v botách je 	 Původním jazykem Kocoura v botách je italština.	Původním jazykem Kocoura v botách je italština.	 Původním jazykem Kocoura v botách je 	italština	Původním jazykem Kocoura v botách je 	italština	Italian|||italský jazyk|||it
Q1044767	The Golden Ass	Metamorphoseon libri (L'asino d'oro)	Q397	Latin	latina	The original language of The Golden Ass is Latin .	Původní jazyk Metamorphoseon libri (L'asino d'oro) je latina.	Původní jazyk Metamorphoseon libri (L'asino d'oro) je 	 Původním jazykem Zlatého osla je latina.	Původním jazykem Metamorphoseon libri (L'asino d'oro) je latina.	 Původním jazykem Zlatého osla je 	latina	Původním jazykem Metamorphoseon libri (L'asino d'oro) je 	latina	Latin
Q181943	I Love Lucy	I Love Lucy	Q1860	English	angličtina	The original language of I Love Lucy is English .	Původní jazyk I Love Lucy je angličtina.	Původní jazyk I Love Lucy je 	 Původním jazykem knihy I Love Lucy je angličtina.	Původním jazykem I Love Lucy je angličtina.	 Původním jazykem knihy I Love Lucy je 	angličtina	Původním jazykem I Love Lucy je 	angličtina	English|||anglicky|||angl.
Q161953	Books of Chronicles	Knihy kronik	Q9288	Hebrew	hebrejština	The original language of Books of Chronicles is Hebrew .	Původní jazyk Knihy kronik je hebrejština.	Původní jazyk Knihy kronik je 	Původním jazykem Knihy kronik je hebrejština.	Původním jazykem Knih kronik je hebrejština.	Původním jazykem Knihy kronik je 	hebrejština	Původním jazykem Knih kronik je 	hebrejština	Hebrew|||ivrit|||Hebrejština
Q5990802	If Wishes Were Horses	Klamné představy	Q1860	English	angličtina	The original language of If Wishes Were Horses is English .	Původní jazyk Klamné představy je angličtina.	Původní jazyk Klamné představy je 	 Původním jazykem knihy Kdyby přání byla koně je angličtina.	Původním jazykem Klamných představ je angličtina.	 Původním jazykem knihy Kdyby přání byla koně je 	angličtina	Původním jazykem Klamných představ je 	angličtina	English|||anglicky|||angl.
Q383867	Africa Addio	Africa Addio	Q652	Italian	italština	The original language of Africa Addio is Italian .	Původní jazyk Africa Addio je italština.	Původní jazyk Africa Addio je 	 Původním jazykem Africa Addio je italština.	Původním jazykem Africa Addio je italština.	 Původním jazykem Africa Addio je 	italština	Původním jazykem Africa Addio je 	italština	Italian|||italský jazyk|||it
Q754687	Athalie	Athalie	Q150	French	francouzština	The original language of Athalie is French .	Původní jazyk Athalie je francouzština.	Původní jazyk Athalie je 	 Původním jazykem Athalie je francouzština.	Původním jazykem Athalie je francouzština.	 Původním jazykem Athalie je 	francouzština	Původním jazykem Athalie je 	francouzština	French|||francouzský jazyk
Q274895	8 Women	8 žen	Q150	French	francouzština	The original language of 8 Women is French .	Původní jazyk 8 žen je francouzština.	Původní jazyk 8 žen je 	 Původním jazykem seriálu 8 žen je francouzština.	Původním jazykem 8 žen je francouzština.	 Původním jazykem seriálu 8 žen je 	francouzština	Původním jazykem 8 žen je 	francouzština	French|||francouzský jazyk
Q240021	Their Satanic Majesties Request	Their Satanic Majesties Request	Q1860	English	angličtina	The original language of Their Satanic Majesties Request is English .	Původní jazyk Their Satanic Majesties Request je angličtina.	Původní jazyk Their Satanic Majesties Request je 	 Původním jazykem Žádosti Jejich Satanského Veličenstva je angličtina.	Původním jazykem Their Satanic Majesties Request je angličtina.	 Původním jazykem Žádosti Jejich Satanského Veličenstva je 	angličtina	Původním jazykem Their Satanic Majesties Request je 	angličtina	English|||anglicky|||angl.
Q732063	Cheers	Na zdraví	Q1860	English	angličtina	The original language of Cheers is English .	Původní jazyk Na zdraví je angličtina.	Původní jazyk Na zdraví je 	 Původním jazykem Cheers je angličtina.	Původním jazykem Na zdraví je angličtina.	 Původním jazykem Cheers je 	angličtina	ERROR	ERROR	English|||anglicky|||angl.
Q11336	Heart	Srdce	Q652	Italian	italština	The original language of Heart is Italian .	Původní jazyk Srdce je italština.	Původní jazyk Srdce je 	 Původním jazykem knihy Heart je italština.	Původním jazykem Srdce je italština.	 Původním jazykem knihy Heart je 	italština	Původním jazykem Srdce je 	italština	Italian|||italský jazyk|||it
Q53592	From the Earth to the Moon	Ze Země na Měsíc	Q150	French	francouzština	The original language of From the Earth to the Moon is French .	Původní jazyk Ze Země na Měsíc je francouzština.	Původní jazyk Ze Země na Měsíc je 	 Původním jazykem knihy Ze Země na Měsíc je francouzština.	Původním jazykem Ze Země na Měsíc je francouzština.	 Původním jazykem knihy Ze Země na Měsíc je 	francouzština	Původním jazykem Ze Země na Měsíc je 	francouzština	French|||francouzský jazyk
Q106199	Commentarii de Bello Gallico	Zápisky o válce galské	Q397	Latin	latina	The original language of Commentarii de Bello Gallico is Latin .	Původní jazyk Zápisky o válce galské je latina.	Původní jazyk Zápisky o válce galské je 	 Původní jazyk Commentarii de Bello Gallico je latina.	Původním jazykem Zápisů o válce galské je latina.	 Původní jazyk Commentarii de Bello Gallico je 	latina	Původním jazykem Zápisů o válce galské je 	latina	Latin
Q2724274	Invitation to the Castle	Pozvání na zámek	Q150	French	francouzština	The original language of Invitation to the Castle is French .	Původní jazyk Pozvání na zámek je francouzština.	Původní jazyk Pozvání na zámek je 	 Původním jazykem knihy Pozvání na hrad je francouzština.	Původním jazykem Pozvání na zámek je francouzština.	 Původním jazykem knihy Pozvání na hrad je 	francouzština	ERROR	ERROR	French|||francouzský jazyk
Q2783079	The Next Day	The Next Day	Q1860	English	angličtina	The original language of The Next Day is English .	Původní jazyk The Next Day je angličtina.	Původní jazyk The Next Day je 	 Původním jazykem knihy The Next Day je angličtina.	Původním jazykem The Next Day je angličtina.	 Původním jazykem knihy The Next Day je 	angličtina	Původním jazykem The Next Day je 	angličtina	English|||anglicky|||angl.
Q352431	Adaptation	Adaptace	Q1860	English	angličtina	The original language of Adaptation is English .	Původní jazyk Adaptace je angličtina.	Původní jazyk Adaptace je 	 Původním jazykem adaptace je angličtina.	Původním jazykem Adaptace je angličtina.	 Původním jazykem adaptace je 	angličtina	Původním jazykem Adaptace je 	angličtina	English|||anglicky|||angl.
Q1757196	Born in 68	Nés en 68	Q150	French	francouzština	The original language of Born in 68 is French .	Původní jazyk Nés en 68 je francouzština.	Původní jazyk Nés en 68 je 	 Původním jazykem knihy Born in 68 je francouzština.	Původním jazykem Nés en 68 je francouzština.	 Původním jazykem knihy Born in 68 je 	francouzština	Původním jazykem Nés en 68 je 	francouzština	French|||francouzský jazyk
Q1127167	Burnt by the Sun	Unaveni sluncem	Q7737	Russian	ruština	The original language of Burnt by the Sun is Russian .	Původní jazyk Unaveni sluncem je ruština.	Původní jazyk Unaveni sluncem je 	 Původním jazykem filmu Unavení sluncem je ruština.	Původním jazykem Unaveni sluncem je ruština.	 Původním jazykem filmu Unavení sluncem je 	ruština	Původním jazykem Unaveni sluncem je 	ruština	Russian|||ruský jazyk|||ru
Q1880621	L'Arianna	L'Arianna	Q652	Italian	italština	The original language of L'Arianna is Italian .	Původní jazyk L'Arianna je italština.	Původní jazyk L'Arianna je 	 Původním jazykem L'Arianny je italština.	Původním jazykem L'Arianny je italština.	 Původním jazykem L'Arianny je 	italština	Původním jazykem L'Arianny je 	italština	Italian|||italský jazyk|||it
Q578526	La clemenza di Tito	La clemenza di Tito	Q652	Italian	italština	The original language of La clemenza di Tito is Italian .	Původní jazyk La clemenza di Tito je italština.	Původní jazyk La clemenza di Tito je 	 Původním jazykem knihy La clemenza di Tito je italština.	Původním jazykem La clemenza di Tito je italština.	 Původním jazykem knihy La clemenza di Tito je 	italština	Původním jazykem La clemenza di Tito je 	italština	Italian|||italský jazyk|||it
Q369960	Evangelium Vitae	Evangelium vitae	Q397	Latin	latina	The original language of Evangelium Vitae is Latin .	Původní jazyk Evangelium vitae je latina.	Původní jazyk Evangelium vitae je 	Původním jazykem Evangelium Vitae je latina.	Původním jazykem Evangelium vitae je latina.	Původním jazykem Evangelium Vitae je 	latina	Původním jazykem Evangelium vitae je 	latina	Latin
Q772288	Gai pied	Gai pied	Q150	French	francouzština	The original language of Gai pied is French .	Původní jazyk Gai pied je francouzština.	Původní jazyk Gai pied je 	 Původním jazykem Gai pied je francouzština.	Původním jazykem Gai pied je francouzština.	 Původním jazykem Gai pied je 	francouzština	Původním jazykem Gai pied je 	francouzština	French|||francouzský jazyk
Q175482	Finnish Wikipedia	finská Wikipedie	Q1412	Finnish	finština	The original language of Finnish Wikipedia is Finnish .	Původní jazyk finská Wikipedie je finština.	Původní jazyk finská Wikipedie je 	 Původním jazykem finské Wikipedie je finština.	Původním jazykem finské Wikipedie je finština.	 Původním jazykem finské Wikipedie je 	finština	Původním jazykem finské Wikipedie je 	finština	Finnish|||finský jazyk|||fi
Q600038	Bryter Layter	Bryter Layter	Q1860	English	angličtina	The original language of Bryter Layter is English .	Původní jazyk Bryter Layter je angličtina.	Původní jazyk Bryter Layter je 	 Původním jazykem Brytera Laytera je angličtina.	Původním jazykem Bryter Layter je angličtina.	 Původním jazykem Brytera Laytera je 	angličtina	Původním jazykem Bryter Layter je 	angličtina	English|||anglicky|||angl.
Q1452666	The Star Diaries	Hvězdné deníky	Q1860	English	angličtina	The original language of The Star Diaries is English .	Původní jazyk Hvězdné deníky je angličtina.	Původní jazyk Hvězdné deníky je 	 Původním jazykem Hvězdných deníků je angličtina.	Původním jazykem Hvězdných deníků je angličtina.	 Původním jazykem Hvězdných deníků je 	angličtina	Původním jazykem Hvězdných deníků je 	angličtina	English|||anglicky|||angl.
Q150804	The Pianist	Pianista	Q1860	English	angličtina	The original language of The Pianist is English .	Původní jazyk Pianista je angličtina.	Původní jazyk Pianista je 	 Původním jazykem knihy Pianista je angličtina.	Původním jazykem Pianisty je angličtina.	 Původním jazykem knihy Pianista je 	angličtina	Původním jazykem Pianisty je 	angličtina	English|||anglicky|||angl.
Q865580	Children of Paradise	Děti ráje	Q150	French	francouzština	The original language of Children of Paradise is French .	Původní jazyk Děti ráje je francouzština.	Původní jazyk Děti ráje je 	 Původním jazykem Dětí ráje je francouzština.	Původním jazykem Dětí ráje je francouzština.	 Původním jazykem Dětí ráje je 	francouzština	Původním jazykem Dětí ráje je 	francouzština	French|||francouzský jazyk
Q311249	GQ	Gentlemen's Quarterly	Q1860	English	angličtina	The original language of GQ is English .	Původní jazyk Gentlemen's Quarterly je angličtina.	Původní jazyk Gentlemen's Quarterly je 	 Původním jazykem GQ je angličtina.	Původním jazykem Gentlemen's Quarterly je angličtina.	 Původním jazykem GQ je 	angličtina	Původním jazykem Gentlemen's Quarterly je 	angličtina	English|||anglicky|||angl.
Q1517519	The Book of the Courtier	Dvořan	Q652	Italian	italština	The original language of The Book of the Courtier is Italian .	Původní jazyk Dvořan je italština.	Původní jazyk Dvořan je 	 Původním jazykem Knihy dvořana je italština.	Původním jazykem Dvořana je italština.	 Původním jazykem Knihy dvořana je 	italština	Původním jazykem Dvořana je 	italština	Italian|||italský jazyk|||it
Q80660	A Short Film About Love	Krátký film o lásce	Q809	Polish	polština	The original language of A Short Film About Love is Polish .	Původní jazyk Krátký film o lásce je polština.	Původní jazyk Krátký film o lásce je 	 Původním jazykem filmu Krátký film o lásce je polština.	Původním jazykem Krátkého filmu o lásce je polština.	 Původním jazykem filmu Krátký film o lásce je 	polština	Původním jazykem Krátkého filmu o lásce je 	polština	Polish|||polský jazyk|||pl
Q284103	Water Drops on Burning Rocks	Kapky deště na rozpálených kamenech	Q150	French	francouzština	The original language of Water Drops on Burning Rocks is French .	Původní jazyk Kapky deště na rozpálených kamenech je francouzština.	Původní jazyk Kapky deště na rozpálených kamenech je 	 Původním jazykem knihy Kapky vody na hořících skalách je francouzština.	Původním jazykem Kapek deště na rozpálených kamenech je francouzština.	 Původním jazykem knihy Kapky vody na hořících skalách je 	francouzština	Původním jazykem Kapek deště na rozpálených kamenech je 	francouzština	French|||francouzský jazyk
Q916423	Metro 2033	Metro 2033	Q7737	Russian	ruština	The original language of Metro 2033 is Russian .	Původní jazyk Metro 2033 je ruština.	Původní jazyk Metro 2033 je 	 Původním jazykem hry Metro 2033 je ruština.	Původním jazykem Metro 2033 je ruština.	 Původním jazykem hry Metro 2033 je 	ruština	Původním jazykem Metro 2033 je 	ruština	Russian|||ruský jazyk|||ru
Q627333	The Time Machine	Stroj času	Q1860	English	angličtina	The original language of The Time Machine is English .	Původní jazyk Stroj času je angličtina.	Původní jazyk Stroj času je 	 Původním jazykem filmu Stroj času je angličtina.	Původním jazykem Stroje času je angličtina.	 Původním jazykem filmu Stroj času je 	angličtina	Původním jazykem Stroje času je 	angličtina	English|||anglicky|||angl.
Q131144	Tom and Jerry	Tom a Jerry	Q1860	English	angličtina	The original language of Tom and Jerry is English .	Původní jazyk Tom a Jerry je angličtina.	Původní jazyk Tom a Jerry je 	 Původním jazykem Toma a Jerryho je angličtina.	Původním jazykem Tom a Jerry je angličtina.	 Původním jazykem Toma a Jerryho je 	angličtina	Původním jazykem Tom a Jerry je 	angličtina	English|||anglicky|||angl.
Q1656834	Wild Reeds	Divoké rákosí	Q150	French	francouzština	The original language of Wild Reeds is French .	Původní jazyk Divoké rákosí je francouzština.	Původní jazyk Divoké rákosí je 	 Původním jazykem Wild Reeds je francouzština.	Původním jazykem Divokého rákosí je francouzština.	 Původním jazykem Wild Reeds je 	francouzština	Původním jazykem Divokého rákosí je 	francouzština	French|||francouzský jazyk
Q1063052	Heathen Chemistry	Heathen Chemistry	Q1860	English	angličtina	The original language of Heathen Chemistry is English .	Původní jazyk Heathen Chemistry je angličtina.	Původní jazyk Heathen Chemistry je 	 Původním jazykem knihy Heathen Chemistry je angličtina.	Původním jazykem Heathen Chemistry je angličtina.	 Původním jazykem knihy Heathen Chemistry je 	angličtina	Původním jazykem Heathen Chemistry je 	angličtina	English|||anglicky|||angl.
Q263257	Construction Time Again	Construction Time Again	Q1860	English	angličtina	The original language of Construction Time Again is English .	Původní jazyk Construction Time Again je angličtina.	Původní jazyk Construction Time Again je 	 Původním jazykem hry Construction Time Again je angličtina.	Původním jazykem Construction Time Again je angličtina.	 Původním jazykem hry Construction Time Again je 	angličtina	Původním jazykem Construction Time Again je 	angličtina	English|||anglicky|||angl.
Q470098	The Second Sex	Druhé pohlaví	Q150	French	francouzština	The original language of The Second Sex is French .	Původní jazyk Druhé pohlaví je francouzština.	Původní jazyk Druhé pohlaví je 	Původním jazykem knihy Druhé pohlaví je francouzština.	Původním jazykem Druhého pohlaví je francouzština.	ERROR	ERROR	Původním jazykem Druhého pohlaví je 	francouzština	French|||francouzský jazyk
Q3504975	The Missionary	Misionář	Q1860	English	angličtina	The original language of The Missionary is English .	Původní jazyk Misionář je angličtina.	Původní jazyk Misionář je 	 Původním jazykem knihy Misionář je angličtina.	Původním jazykem Misionáře je angličtina.	 Původním jazykem knihy Misionář je 	angličtina	Původním jazykem Misionáře je 	angličtina	English|||anglicky|||angl.
Q1142887	In Cold Blood	Chladnokrevná vražda	Q1860	English	angličtina	The original language of In Cold Blood is English .	Původní jazyk Chladnokrevná vražda je angličtina.	Původní jazyk Chladnokrevná vražda je 	 Původním jazykem filmu Chladnokrevně je angličtina.	Původním jazykem Chladnokrevné vraždy je angličtina.	 Původním jazykem filmu Chladnokrevně je 	angličtina	Původním jazykem Chladnokrevné vraždy je 	angličtina	English|||anglicky|||angl.
Q1261962	Bill Bergson	Kalle Blomkvist	Q9027	Swedish	švédština	The original language of Bill Bergson is Swedish .	Původní jazyk Kalle Blomkvist je švédština.	Původní jazyk Kalle Blomkvist je 	 Původním jazykem Billa Bergsona je švédština.	Původním jazykem Kalle Blomkvista je švédština.	 Původním jazykem Billa Bergsona je 	švédština	Původním jazykem Kalle Blomkvista je 	švédština	Swedish
Q130924	Kalevala	Kalevala	Q1412	Finnish	finština	The original language of Kalevala is Finnish .	Původní jazyk Kalevala je finština.	Původní jazyk Kalevala je 	 Původním jazykem Kalevaly je finština.	Původním jazykem Kalevaly je finština.	 Původním jazykem Kalevaly je 	finština	Původním jazykem Kalevaly je 	finština	Finnish|||finský jazyk|||fi
Q2938162	Caresses	Něžnosti	Q7026	Catalan	katalánština	The original language of Caresses is Catalan .	Původní jazyk Něžnosti je katalánština.	Původní jazyk Něžnosti je 	 Původním jazykem Caresses je katalánština.	Původním jazykem Něžností je katalánština.	 Původním jazykem Caresses je 	katalánština	Původním jazykem Něžností je 	katalánština	Catalan|||katalánský jazyk|||ca
Q1976498	The Young Guard	Mladá garda	Q7737	Russian	ruština	The original language of The Young Guard is Russian .	Původní jazyk Mladá garda je ruština.	Původní jazyk Mladá garda je 	 Původním jazykem Mladé gardy je ruština.	Původním jazykem Mladé gardy je ruština.	 Původním jazykem Mladé gardy je 	ruština	Původním jazykem Mladé gardy je 	ruština	Russian|||ruský jazyk|||ru
Q2334861	Little Games	Little Games	Q1860	English	angličtina	The original language of Little Games is English .	Původní jazyk Little Games je angličtina.	Původní jazyk Little Games je 	 Původním jazykem Little Games je angličtina.	Původním jazykem Little Games je angličtina.	 Původním jazykem Little Games je 	angličtina	Původním jazykem Little Games je 	angličtina	English|||anglicky|||angl.
Q221241	Pablo Honey	Pablo Honey	Q1860	English	angličtina	The original language of Pablo Honey is English .	Původní jazyk Pablo Honey je angličtina.	Původní jazyk Pablo Honey je 	 Původním jazykem Pabla Honeyho je angličtina.	Původním jazykem Pablo Honey je angličtina.	 Původním jazykem Pabla Honeyho je 	angličtina	Původním jazykem Pablo Honey je 	angličtina	English|||anglicky|||angl.
Q2870212	Beyond Hatred	Au-delà de la haine	Q150	French	francouzština	The original language of Beyond Hatred is French .	Původní jazyk Au-delà de la haine je francouzština.	Původní jazyk Au-delà de la haine je 	 Původním jazykem hry Beyond Hatred je francouzština.	Původním jazykem Au-delà de la haine je francouzština.	 Původním jazykem hry Beyond Hatred je 	francouzština	Původním jazykem Au-delà de la haine je 	francouzština	French|||francouzský jazyk
Q70069	District 13	Okrsek 13	Q150	French	francouzština	The original language of District 13 is French .	Původní jazyk Okrsek 13 je francouzština.	Původní jazyk Okrsek 13 je 	 Původním jazykem 13. distriktu je francouzština.	Původním jazykem Okrsku 13 je francouzština.	 Původním jazykem 13. distriktu je 	francouzština	Původním jazykem Okrsku 13 je 	francouzština	French|||francouzský jazyk
Q328993	Definitely Maybe	Definitely Maybe	Q1860	English	angličtina	The original language of Definitely Maybe is English .	Původní jazyk Definitely Maybe je angličtina.	Původní jazyk Definitely Maybe je 	 Původním jazykem hry Definitely Maybe je angličtina.	Původním jazykem Definitely Maybe je angličtina.	 Původním jazykem hry Definitely Maybe je 	angličtina	Původním jazykem Definitely Maybe je 	angličtina	English|||anglicky|||angl.
Q1039873	Stylus Magazine	Stylus Magazine	Q1860	English	angličtina	The original language of Stylus Magazine is English .	Původní jazyk Stylus Magazine je angličtina.	Původní jazyk Stylus Magazine je 	 Původním jazykem časopisu Stylus je angličtina.	Původním jazykem Stylus Magazine je angličtina.	 Původním jazykem časopisu Stylus je 	angličtina	Původním jazykem Stylus Magazine je 	angličtina	English|||anglicky|||angl.
Q700483	Atomised	Elementární částice	Q150	French	francouzština	The original language of Atomised is French .	Původní jazyk Elementární částice je francouzština.	Původní jazyk Elementární částice je 	 Původním jazykem Atomised je francouzština.	Původním jazykem Elementárních částic je francouzština.	 Původním jazykem Atomised je 	francouzština	Původním jazykem Elementárních částic je 	francouzština	French|||francouzský jazyk
Q1210343	Dictionary of National Biography	Dictionary of National Biography	Q1860	English	angličtina	The original language of Dictionary of National Biography is English .	Původní jazyk Dictionary of National Biography je angličtina.	Původní jazyk Dictionary of National Biography je 	 Původním jazykem Slovníku národních biografií je angličtina.	Původním jazykem Dictionary of National Biography je angličtina.	 Původním jazykem Slovníku národních biografií je 	angličtina	Původním jazykem Dictionary of National Biography je 	angličtina	English|||anglicky|||angl.
Q1470828	Hip Hop Is Dead	Hip Hop Is Dead	Q1860	English	angličtina	The original language of Hip Hop Is Dead is English .	Původní jazyk Hip Hop Is Dead je angličtina.	Původní jazyk Hip Hop Is Dead je 	 Původním jazykem Hip Hop Is Dead je angličtina.	Původním jazykem Hip Hop Is Dead je angličtina.	 Původním jazykem Hip Hop Is Dead je 	angličtina	Původním jazykem Hip Hop Is Dead je 	angličtina	English|||anglicky|||angl.
Q763758	Les brigands	Les Brigands (opéra bouffe)	Q150	French	francouzština	The original language of Les brigands is French .	Původní jazyk Les Brigands (opéra bouffe) je francouzština.	Původní jazyk Les Brigands (opéra bouffe) je 	 Původním jazykem Les bangands je francouzština.	Původním jazykem Les Brigands (opéra bouffe) je francouzština.	 Původním jazykem Les bangands je 	francouzština	Původním jazykem Les Brigands (opéra bouffe) je 	francouzština	French|||francouzský jazyk
Q176465	Hedda Gabler	Heda Gablerová	Q9043	Norwegian	norština	The original language of Hedda Gabler is Norwegian .	Původní jazyk Heda Gablerová je norština.	Původní jazyk Heda Gablerová je 	Původním jazykem Heddy Gablerové je norština.	Původním jazykem Hedy Gablerové je norština.	Původním jazykem Heddy Gablerové je 	norština	Původním jazykem Hedy Gablerové je 	norština	Norwegian
Q18049522	HuffPost	The Huffington Post	Q1860	English	angličtina	The original language of HuffPost is English .	Původní jazyk The Huffington Post je angličtina.	Původní jazyk The Huffington Post je 	 Původním jazykem HuffPostu je angličtina.	Původním jazykem The Huffington Post je angličtina.	 Původním jazykem HuffPostu je 	angličtina	Původním jazykem The Huffington Post je 	angličtina	English|||anglicky|||angl.
Q58419	Alright, Still	Alright, Still	Q1860	English	angličtina	The original language of Alright, Still is English .	Původní jazyk Alright, Still je angličtina.	Původní jazyk Alright, Still je 	 Původním jazykem Alright, Still je angličtina.	Původním jazykem Alright, Still je angličtina.	 Původním jazykem Alright, Still je 	angličtina	Původním jazykem Alright, Still je 	angličtina	English|||anglicky|||angl.
Q645882	Pyramid Texts	Texty pyramid	Q50868	Egyptian	Egyptština	The original language of Pyramid Texts is Egyptian .	Původní jazyk Texty pyramid je Egyptština.	Původní jazyk Texty pyramid je 	 Původním jazykem textů pyramid je egyptština.	Původním jazykem Textů pyramid je egyptština.	 Původním jazykem textů pyramid je 	egyptština	Původním jazykem Textů pyramid je 	egyptština	Egyptian
Q469862	The Naked Sun	Nahé slunce	Q1860	English	angličtina	The original language of The Naked Sun is English .	Původní jazyk Nahé slunce je angličtina.	Původní jazyk Nahé slunce je 	 Původním jazykem knihy Nahé slunce je angličtina.	Původním jazykem Nahého slunce je angličtina.	 Původním jazykem knihy Nahé slunce je 	angličtina	Původním jazykem Nahého slunce je 	angličtina	English|||anglicky|||angl.
Q1480806	Yossi & Jagger	Yossi & Jagger	Q9288	Hebrew	hebrejština	The original language of Yossi & Jagger is Hebrew .	Původní jazyk Yossi & Jagger je hebrejština.	Původní jazyk Yossi & Jagger je 	 Původním jazykem Yossiho a Jaggera je hebrejština.	Původním jazykem Yossi & Jagger je hebrejština.	 Původním jazykem Yossiho a Jaggera je 	hebrejština	Původním jazykem Yossi & Jagger je 	hebrejština	Hebrew|||ivrit|||Hebrejština
Q729659	William Tell	Vilém Tell	Q150	French	francouzština	The original language of William Tell is French .	Původní jazyk Vilém Tell je francouzština.	Původní jazyk Vilém Tell je 	 Původním jazykem Viléma Tella je francouzština.	Původním jazykem Viléma Tella je francouzština.	 Původním jazykem Viléma Tella je 	francouzština	Původním jazykem Viléma Tella je 	francouzština	French|||francouzský jazyk
Q219523	LiveJournal	LiveJournal	Q1860	English	angličtina	The original language of LiveJournal is English .	Původní jazyk LiveJournal je angličtina.	Původní jazyk LiveJournal je 	 Původním jazykem LiveJournalu je angličtina.	Původním jazykem LiveJournalu je angličtina.	 Původním jazykem LiveJournalu je 	angličtina	Původním jazykem LiveJournalu je 	angličtina	English|||anglicky|||angl.
Q3193676	De re metallica	De re metallica libri XII	Q397	Latin	latina	The original language of De re metallica is Latin .	Původní jazyk De re metallica libri XII je latina.	Původní jazyk De re metallica libri XII je 	 Původním jazykem alba De re metallica je latina.	Původním jazykem De re metallica libri XII je latina.	 Původním jazykem alba De re metallica je 	latina	ERROR	ERROR	Latin
Q6802741	McVicar	McVicar	Q1860	English	angličtina	The original language of McVicar is English .	Původní jazyk McVicar je angličtina.	Původní jazyk McVicar je 	 Původním jazykem McVicaru je angličtina.	Původním jazykem McVicara je angličtina.	 Původním jazykem McVicaru je 	angličtina	Původním jazykem McVicara je 	angličtina	English|||anglicky|||angl.
Q635960	Get Behind Me Satan	Get Behind Me Satan	Q1860	English	angličtina	The original language of Get Behind Me Satan is English .	Původní jazyk Get Behind Me Satan je angličtina.	Původní jazyk Get Behind Me Satan je 	 Původním jazykem hry Get Behind Me Satan je angličtina.	Původním jazykem Get Behind Me Satan je angličtina.	 Původním jazykem hry Get Behind Me Satan je 	angličtina	Původním jazykem Get Behind Me Satan je 	angličtina	English|||anglicky|||angl.
Q1219864	The Mountain of the Cannibal God	Kanibalové 2	Q1860	English	angličtina	The original language of The Mountain of the Cannibal God is English .	Původní jazyk Kanibalové 2 je angličtina.	Původní jazyk Kanibalové 2 je 	 Původním jazykem knihy Hora kanibalského boha je angličtina.	Původním jazykem Kanibalové 2 je angličtina.	 Původním jazykem knihy Hora kanibalského boha je 	angličtina	Původním jazykem Kanibalové 2 je 	angličtina	English|||anglicky|||angl.
Q18720579	Je suis Charlie	Je suis Charlie	Q150	French	francouzština	The original language of Je suis Charlie is French .	Původní jazyk Je suis Charlie je francouzština.	Původní jazyk Je suis Charlie je 	 Původním jazykem knihy Je suis Charlie je francouzština.	Původním jazykem Je suis Charlie je francouzština.	ERROR	ERROR	ERROR	ERROR	French|||francouzský jazyk
Q4186875	Zaporozhets za Dunayem	Záporožec za Dunajem	Q8798	Ukrainian	ukrajinština	The original language of Zaporozhets za Dunayem is Ukrainian .	Původní jazyk Záporožec za Dunajem je ukrajinština.	Původní jazyk Záporožec za Dunajem je 	 Původní jazyk Záporoží za Dunayem je ukrajinština.	Původním jazykem Záporožce za Dunajem je ukrajinština.	 Původní jazyk Záporoží za Dunayem je 	ukrajinština	Původním jazykem Záporožce za Dunajem je 	ukrajinština	Ukrainian|||ukrajinský jazyk
Q466186	A Fish Called Wanda	Ryba jménem Wanda	Q1860	English	angličtina	The original language of A Fish Called Wanda is English .	Původní jazyk Ryba jménem Wanda je angličtina.	Původní jazyk Ryba jménem Wanda je 	 Původním jazykem knihy Ryba jménem Wanda je angličtina.	Původním jazykem Ryby jménem Wanda je angličtina.	 Původním jazykem knihy Ryba jménem Wanda je 	angličtina	Původním jazykem Ryby jménem Wanda je 	angličtina	English|||anglicky|||angl.
Q189509	The Jungle Book	Knihy džunglí	Q1860	English	angličtina	The original language of The Jungle Book is English .	Původní jazyk Knihy džunglí je angličtina.	Původní jazyk Knihy džunglí je 	 Původním jazykem Knihy džunglí je angličtina.	Původním jazykem Knihy džunglí je angličtina.	 Původním jazykem Knihy džunglí je 	angličtina	Původním jazykem Knihy džunglí je 	angličtina	English|||anglicky|||angl.
Q478076	Law of Desire	Zákon touhy	Q1321	Spanish	španělština	The original language of Law of Desire is Spanish .	Původní jazyk Zákon touhy je španělština.	Původní jazyk Zákon touhy je 	 Původním jazykem knihy Zákon touhy je španělština.	Původním jazykem Zákona touhy je španělština.	 Původním jazykem knihy Zákon touhy je 	španělština	Původním jazykem Zákona touhy je 	španělština	Spanish|||španělský jazyk|||es
Q191949	Brave New World	Konec civilizace	Q1860	English	angličtina	The original language of Brave New World is English .	Původní jazyk Konec civilizace je angličtina.	Původní jazyk Konec civilizace je 	Původním jazykem seriálu Brave New World je angličtina.	Původním jazykem Konce civilizace je angličtina.	Původním jazykem seriálu Brave New World je 	angličtina	Původním jazykem Konce civilizace je 	angličtina	English|||anglicky|||angl.
Q1196439	The Umbrella Coup	Rána deštníkem	Q150	French	francouzština	The original language of The Umbrella Coup is French .	Původní jazyk Rána deštníkem je francouzština.	Původní jazyk Rána deštníkem je 	 Původním jazykem knihy Umbrella Coup je francouzština.	Původním jazykem Rány deštníkem je francouzština.	 Původním jazykem knihy Umbrella Coup je 	francouzština	Původním jazykem Rány deštníkem je 	francouzština	French|||francouzský jazyk
Q375063	Adriana Lecouvreur	Adriana Lecouvreur	Q652	Italian	italština	The original language of Adriana Lecouvreur is Italian .	Původní jazyk Adriana Lecouvreur je italština.	Původní jazyk Adriana Lecouvreur je 	 Původním jazykem Adriany Lecouvreurové je italština.	Původním jazykem Adriany Lecouvreur je italština.	 Původním jazykem Adriany Lecouvreurové je 	italština	Původním jazykem Adriany Lecouvreur je 	italština	Italian|||italský jazyk|||it
Q2603395	La Chienne	Fena	Q150	French	francouzština	The original language of La Chienne is French .	Původní jazyk Fena je francouzština.	Původní jazyk Fena je 	 Původním jazykem La Chienne je francouzština.	Původním jazykem Feny je francouzština.	 Původním jazykem La Chienne je 	francouzština	Původním jazykem Feny je 	francouzština	French|||francouzský jazyk
Q1785725	Mississippi Masala	Mississippi Masala	Q1860	English	angličtina	The original language of Mississippi Masala is English .	Původní jazyk Mississippi Masala je angličtina.	Původní jazyk Mississippi Masala je 	 Původním jazykem Mississippi Masala je angličtina.	Původním jazykem Mississippi Masala je angličtina.	 Původním jazykem Mississippi Masala je 	angličtina	Původním jazykem Mississippi Masala je 	angličtina	English|||anglicky|||angl.
Q2389340	Fire in the Steppe	Pan Wolodyjowski	Q809	Polish	polština	The original language of Fire in the Steppe is Polish .	Původní jazyk Pan Wolodyjowski je polština.	Původní jazyk Pan Wolodyjowski je 	 Původním jazykem knihy Oheň ve stepi je polština.	Původním jazykem Pana Wolodyjowského je polština.	 Původním jazykem knihy Oheň ve stepi je 	polština	Původním jazykem Pana Wolodyjowského je 	polština	Polish|||polský jazyk|||pl
Q191838	The Count of Monte Cristo	Hrabě Monte Cristo	Q150	French	francouzština	The original language of The Count of Monte Cristo is French .	Původní jazyk Hrabě Monte Cristo je francouzština.	Původní jazyk Hrabě Monte Cristo je 	 Původním jazykem Hraběte Monte Crista je francouzština.	Původním jazykem Hraběte Monte Crista je francouzština.	 Původním jazykem Hraběte Monte Crista je 	francouzština	Původním jazykem Hraběte Monte Crista je 	francouzština	French|||francouzský jazyk
Q3512165	Winter Holiday	Zamrzlá loď kapitána Flinta	Q1860	English	angličtina	The original language of Winter Holiday is English .	Původní jazyk Zamrzlá loď kapitána Flinta je angličtina.	Původní jazyk Zamrzlá loď kapitána Flinta je 	 Původním jazykem seriálu Zimní prázdniny je angličtina.	Původním jazykem Zamrzlé lodi kapitána Flinta je angličtina.	 Původním jazykem seriálu Zimní prázdniny je 	angličtina	Původním jazykem Zamrzlé lodi kapitána Flinta je 	angličtina	English|||anglicky|||angl.
Q333637	Well, Just You Wait!	Jen počkej, zajíci!	Q7737	Russian	ruština	The original language of Well, Just You Wait! is Russian .	Původní jazyk Jen počkej, zajíci! je ruština.	Původní jazyk Jen počkej, zajíci! je 	 Původním jazykem seriálu No, počkejte! je ruština.	Původním jazykem Jen počkej, zajíci! je ruština.	 Původním jazykem seriálu No, počkejte! je 	ruština	Původním jazykem Jen počkej, zajíci! je 	ruština	Russian|||ruský jazyk|||ru
Q72325	A Short Film About Killing	Krátký film o zabíjení	Q809	Polish	polština	The original language of A Short Film About Killing is Polish .	Původní jazyk Krátký film o zabíjení je polština.	Původní jazyk Krátký film o zabíjení je 	 Původním jazykem filmu Krátký film o zabíjení je polština.	Původním jazykem Krátkého filmu o zabíjení je polština.	 Původním jazykem filmu Krátký film o zabíjení je 	polština	Původním jazykem Krátkého filmu o zabíjení je 	polština	Polish|||polský jazyk|||pl
Q949863	The Shooting Star	Záhadná hvězda	Q150	French	francouzština	The original language of The Shooting Star is French .	Původní jazyk Záhadná hvězda je francouzština.	Původní jazyk Záhadná hvězda je 	 Původním jazykem Padající hvězdy je francouzština.	Původním jazykem Záhadné hvězdy je francouzština.	 Původním jazykem Padající hvězdy je 	francouzština	Původním jazykem Záhadné hvězdy je 	francouzština	French|||francouzský jazyk
Q2309964	Tetro	Tetro	Q1321	Spanish	španělština	The original language of Tetro is Spanish .	Původní jazyk Tetro je španělština.	Původní jazyk Tetro je 	 Původním jazykem Tetra je španělština.	Původním jazykem Tetra je španělština.	 Původním jazykem Tetra je 	španělština	Původním jazykem Tetra je 	španělština	Spanish|||španělský jazyk|||es
Q1537568	Turner & Hooch	Turner a Hooch	Q1860	English	angličtina	The original language of Turner & Hooch is English .	Původní jazyk Turner a Hooch je angličtina.	Původní jazyk Turner a Hooch je 	 Původním jazykem knihy Turner & Hooch je angličtina.	Původním jazykem Turnera a Hoocha je angličtina.	 Původním jazykem knihy Turner & Hooch je 	angličtina	Původním jazykem Turnera a Hoocha je 	angličtina	English|||anglicky|||angl.
Q11918	Greek Wikipedia	řecká Wikipedie	Q9129	Greek	řečtina	The original language of Greek Wikipedia is Greek .	Původní jazyk řecká Wikipedie je řečtina.	Původní jazyk řecká Wikipedie je 	 Původním jazykem řecké Wikipedie je řečtina.	Původním jazykem řecké Wikipedie je řečtina.	 Původním jazykem řecké Wikipedie je 	řečtina	Původním jazykem řecké Wikipedie je 	řečtina	Greek|||el
Q125076	Slumdog Millionaire	Milionář z chatrče	Q1860	English	angličtina	The original language of Slumdog Millionaire is English .	Původní jazyk Milionář z chatrče je angličtina.	Původní jazyk Milionář z chatrče je 	 Původním jazykem filmu Slumdog Millionaire je angličtina.	Původním jazykem Milionáře z chatrče je angličtina.	 Původním jazykem filmu Slumdog Millionaire je 	angličtina	Původním jazykem Milionáře z chatrče je 	angličtina	English|||anglicky|||angl.
Q4749911	An Englishman Abroad	An Englishman Abroad	Q1860	English	angličtina	The original language of An Englishman Abroad is English .	Původní jazyk An Englishman Abroad je angličtina.	Původní jazyk An Englishman Abroad je 	 Původním jazykem knihy Angličan v zahraničí je angličtina.	Původním jazykem An Englishman Abroad je angličtina.	 Původním jazykem knihy Angličan v zahraničí je 	angličtina	Původním jazykem An Englishman Abroad je 	angličtina	English|||anglicky|||angl.
Q2906639	Yalkut Yosef	Jalkut Josef	Q9288	Hebrew	hebrejština	The original language of Yalkut Yosef is Hebrew .	Původní jazyk Jalkut Josef je hebrejština.	Původní jazyk Jalkut Josef je 	Původním jazykem Yalkut Yosef je hebrejština.	Původním jazykem Jalkut Josefa je hebrejština.	Původním jazykem Yalkut Yosef je 	hebrejština	Původním jazykem Jalkut Josefa je 	hebrejština	Hebrew|||ivrit|||Hebrejština
Q2401518	Le Magnifique	Muž z Acapulca	Q150	French	francouzština	The original language of Le Magnifique is French .	Původní jazyk Muž z Acapulca je francouzština.	Původní jazyk Muž z Acapulca je 	 Původním jazykem Le Magnifique je francouzština.	Původním jazykem Muže z Acapulca je francouzština.	 Původním jazykem Le Magnifique je 	francouzština	Původním jazykem Muže z Acapulca je 	francouzština	French|||francouzský jazyk
Q1233795	Memoirs of Hadrian	Hadriánovy paměti	Q150	French	francouzština	The original language of Memoirs of Hadrian is French .	Původní jazyk Hadriánovy paměti je francouzština.	Původní jazyk Hadriánovy paměti je 	 Původním jazykem Hadriánových pamětí je francouzština.	Původním jazykem Hadriánových pamětí je francouzština.	 Původním jazykem Hadriánových pamětí je 	francouzština	Původním jazykem Hadriánových pamětí je 	francouzština	French|||francouzský jazyk
Q1192783	Le clan des siciliens	Sicilský klan	Q652	Italian	italština	The original language of Le clan des siciliens is Italian .	Původní jazyk Sicilský klan je italština.	Původní jazyk Sicilský klan je 	 Původním jazykem knihy Le Clan des Siciliens je italština.	Původním jazykem Sicilského klanu je italština.	 Původním jazykem knihy Le Clan des Siciliens je 	italština	Původním jazykem Sicilského klanu je 	italština	Italian|||italský jazyk|||it
Q1246289	The Cheat	The Cheat	Q1860	English	angličtina	The original language of The Cheat is English .	Původní jazyk The Cheat je angličtina.	Původní jazyk The Cheat je 	 Původním jazykem hry The Cheat je angličtina.	Původním jazykem The Cheat je angličtina.	 Původním jazykem hry The Cheat je 	angličtina	Původním jazykem The Cheat je 	angličtina	English|||anglicky|||angl.
Q2569575	Nico and Dani	Krámpack	Q1321	Spanish	španělština	The original language of Nico and Dani is Spanish .	Původní jazyk Krámpack je španělština.	Původní jazyk Krámpack je 	 Původním jazykem Nica a Daniho je španělština.	Původním jazykem Krámpack je španělština.	 Původním jazykem Nica a Daniho je 	španělština	Původním jazykem Krámpack je 	španělština	Spanish|||španělský jazyk|||es
Q3736125	Under the North Star	Täällä Pohjantähden alla	Q1412	Finnish	finština	The original language of Under the North Star is Finnish .	Původní jazyk Täällä Pohjantähden alla je finština.	Původní jazyk Täällä Pohjantähden alla je 	 Původním jazykem filmu Pod severní hvězdou je finština.	Původním jazykem Täällä Pohjantähden alla je finština.	 Původním jazykem filmu Pod severní hvězdou je 	finština	Původním jazykem Täällä Pohjantähden alla je 	finština	Finnish|||finský jazyk|||fi
Q161985	1 Maccabees	1. kniha Makabejská	Q9288	Hebrew	hebrejština	The original language of 1 Maccabees is Hebrew .	Původní jazyk 1. kniha Makabejská je hebrejština.	Původní jazyk 1. kniha Makabejská je 	 Původním jazykem 1. Makabejské je hebrejština.	Původním jazykem 1. knihy Makabejské je hebrejština.	 Původním jazykem 1. Makabejské je 	hebrejština	Původním jazykem 1. knihy Makabejské je 	hebrejština	Hebrew|||ivrit|||Hebrejština
Q705247	Delusions of Grandeur	Pošetilost mocných	Q150	French	francouzština	The original language of Delusions of Grandeur is French .	Původní jazyk Pošetilost mocných je francouzština.	Původní jazyk Pošetilost mocných je 	 Původním jazykem knihy Delusions of Grandeur je francouzština.	Původním jazykem Pošetilosti mocných je francouzština.	 Původním jazykem knihy Delusions of Grandeur je 	francouzština	Původním jazykem Pošetilosti mocných je 	francouzština	French|||francouzský jazyk
Q854635	The Crimson Rivers	Purpurové řeky	Q150	French	francouzština	The original language of The Crimson Rivers is French .	Původní jazyk Purpurové řeky je francouzština.	Původní jazyk Purpurové řeky je 	 Původním jazykem seriálu Karmínové řeky je francouzština.	Původním jazykem Purpurových řek je francouzština.	 Původním jazykem seriálu Karmínové řeky je 	francouzština	Původním jazykem Purpurových řek je 	francouzština	French|||francouzský jazyk
Q955389	Nine Months	Dva v tom	Q1860	English	angličtina	The original language of Nine Months is English .	Původní jazyk Dva v tom je angličtina.	Původní jazyk Dva v tom je 	 Původním jazykem Nine Months je angličtina.	Původním jazykem Dva v tom je angličtina.	 Původním jazykem Nine Months je 	angličtina	ERROR	ERROR	English|||anglicky|||angl.
Q157142	Die Zeit	Die Zeit	Q188	German	němčina	The original language of Die Zeit is German .	Původní jazyk Die Zeit je němčina.	Původní jazyk Die Zeit je 	 Původním jazykem Die Zeit je němčina.	Původním jazykem Die Zeit je němčina.	 Původním jazykem Die Zeit je 	němčina	Původním jazykem Die Zeit je 	němčina	German|||německý jazyk|||de
Q611745	Count Duckula	Hrabě Káčula	Q1860	English	angličtina	The original language of Count Duckula is English .	Původní jazyk Hrabě Káčula je angličtina.	Původní jazyk Hrabě Káčula je 	 Původním jazykem hraběte Duckuly je angličtina.	Původním jazykem Hraběte Káčuly je angličtina.	 Původním jazykem hraběte Duckuly je 	angličtina	Původním jazykem Hraběte Káčuly je 	angličtina	English|||anglicky|||angl.
Q2307875	Lucien Leuwen	Lucien Leuwen	Q150	French	francouzština	The original language of Lucien Leuwen is French .	Původní jazyk Lucien Leuwen je francouzština.	Původní jazyk Lucien Leuwen je 	 Původním jazykem Luciena Leuwena je francouzština.	Původním jazykem Luciena Leuwena je francouzština.	 Původním jazykem Luciena Leuwena je 	francouzština	Původním jazykem Luciena Leuwena je 	francouzština	French|||francouzský jazyk
Q429557	Gia	Gia	Q1860	English	angličtina	The original language of Gia is English .	Původní jazyk Gia je angličtina.	Původní jazyk Gia je 	 Původním jazykem Gia je angličtina.	Původním jazykem Gie je angličtina.	 Původním jazykem Gia je 	angličtina	Původním jazykem Gie je 	angličtina	English|||anglicky|||angl.
Q32816	The Sarah Jane Adventures	Dobrodružství Sarah Jane	Q1860	English	angličtina	The original language of The Sarah Jane Adventures is English .	Původní jazyk Dobrodružství Sarah Jane je angličtina.	Původní jazyk Dobrodružství Sarah Jane je 	 Původním jazykem knihy Dobrodružství Sarah Jane je angličtina.	Původním jazykem Dobrodružství Sarah Jane je angličtina.	 Původním jazykem knihy Dobrodružství Sarah Jane je 	angličtina	Původním jazykem Dobrodružství Sarah Jane je 	angličtina	English|||anglicky|||angl.
Q180445	Nature	Nature	Q1860	English	angličtina	The original language of Nature is English .	Původní jazyk Nature je angličtina.	Původní jazyk Nature je 	 Původním jazykem přírody je angličtina.	Původním jazykem Nature je angličtina.	 Původním jazykem přírody je 	angličtina	Původním jazykem Nature je 	angličtina	English|||anglicky|||angl.
Q465472	Full House	Plný dům	Q1860	English	angličtina	The original language of Full House is English .	Původní jazyk Plný dům je angličtina.	Původní jazyk Plný dům je 	Původním jazykem seriálu Plný dům je angličtina.	Původním jazykem Plného domu je angličtina.	Původním jazykem seriálu Plný dům je 	angličtina	Původním jazykem Plného domu je 	angličtina	English|||anglicky|||angl.
Q178338	Book of Haggai	Kniha Ageus	Q9288	Hebrew	hebrejština	The original language of Book of Haggai is Hebrew .	Původní jazyk Kniha Ageus je hebrejština.	Původní jazyk Kniha Ageus je 	 Původním jazykem knihy Aggeus je hebrejština.	Původním jazykem Knihy Ageus je hebrejština.	 Původním jazykem knihy Aggeus je 	hebrejština	Původním jazykem Knihy Ageus je 	hebrejština	Hebrew|||ivrit|||Hebrejština
Q923353	La Stampa	La Stampa	Q652	Italian	italština	The original language of La Stampa is Italian .	Původní jazyk La Stampa je italština.	Původní jazyk La Stampa je 	 Původním jazykem La Stampy je italština.	Původním jazykem La Stampy je italština.	 Původním jazykem La Stampy je 	italština	Původním jazykem La Stampy je 	italština	Italian|||italský jazyk|||it
Q503638	Easy Rider	Bezstarostná jízda	Q1860	English	angličtina	The original language of Easy Rider is English .	Původní jazyk Bezstarostná jízda je angličtina.	Původní jazyk Bezstarostná jízda je 	 Původním jazykem seriálu Easy Rider je angličtina.	Původním jazykem Bezstarostné jízdy je angličtina.	 Původním jazykem seriálu Easy Rider je 	angličtina	Původním jazykem Bezstarostné jízdy je 	angličtina	English|||anglicky|||angl.
Q1232053	The Mistress of the Inn	Mirandolina (La Locandiera)	Q652	Italian	italština	The original language of The Mistress of the Inn is Italian .	Původní jazyk Mirandolina (La Locandiera) je italština.	Původní jazyk Mirandolina (La Locandiera) je 	 Původním jazykem knihy Paní hostinské je italština.	Původním jazykem Mirandoliny (La Locandiera) je italština.	 Původním jazykem knihy Paní hostinské je 	italština	Původním jazykem Mirandoliny (La Locandiera) je 	italština	Italian|||italský jazyk|||it
Q1131283	The Red Sea Sharks	Koks na palubě	Q150	French	francouzština	The original language of The Red Sea Sharks is French .	Původní jazyk Koks na palubě je francouzština.	Původní jazyk Koks na palubě je 	 Původním jazykem seriálu Žraloci z Rudého moře je francouzština.	Původním jazykem Koks na palubě je francouzština.	 Původním jazykem seriálu Žraloci z Rudého moře je 	francouzština	Původním jazykem Koks na palubě je 	francouzština	French|||francouzský jazyk
Q1646474	The Blue Planet	Modrá planeta	Q1860	English	angličtina	The original language of The Blue Planet is English .	Původní jazyk Modrá planeta je angličtina.	Původní jazyk Modrá planeta je 	 Původním jazykem knihy Modrá planeta je angličtina.	Původním jazykem Modré planety je angličtina.	 Původním jazykem knihy Modrá planeta je 	angličtina	Původním jazykem Modré planety je 	angličtina	English|||anglicky|||angl.
Q1218731	The Bald Soprano	Plešatá zpěvačka	Q150	French	francouzština	The original language of The Bald Soprano is French .	Původní jazyk Plešatá zpěvačka je francouzština.	Původní jazyk Plešatá zpěvačka je 	 Původním jazykem hry Plešatá sopranistka je francouzština.	Původním jazykem Plešaté zpěvačky je francouzština.	 Původním jazykem hry Plešatá sopranistka je 	francouzština	Původním jazykem Plešaté zpěvačky je 	francouzština	French|||francouzský jazyk
Q2270093	Le Petit Nicolas	Mikulášovy patálie	Q150	French	francouzština	The original language of Le Petit Nicolas is French .	Původní jazyk Mikulášovy patálie je francouzština.	Původní jazyk Mikulášovy patálie je 	 Původním jazykem Le Petit Nicolas je francouzština.	Původním jazykem Mikulášových patálií je francouzština.	 Původním jazykem Le Petit Nicolas je 	francouzština	Původním jazykem Mikulášových patálií je 	francouzština	French|||francouzský jazyk
Q276415	A Cinderella Story	Moderní Popelka	Q1860	English	angličtina	The original language of A Cinderella Story is English .	Původní jazyk Moderní Popelka je angličtina.	Původní jazyk Moderní Popelka je 	 Původním jazykem Příběhu o Popelce je angličtina.	Původním jazykem Moderní Popelky je angličtina.	 Původním jazykem Příběhu o Popelce je 	angličtina	Původním jazykem Moderní Popelky je 	angličtina	English|||anglicky|||angl.
Q1415029	Your Highness	Princ a pruďas	Q1860	English	angličtina	The original language of Your Highness is English .	Původní jazyk Princ a pruďas je angličtina.	Původní jazyk Princ a pruďas je 	 Původním jazykem Vaší Výsosti je angličtina.	Původním jazykem Prince a prďase je angličtina.	 Původním jazykem Vaší Výsosti je 	angličtina	Původním jazykem Prince a prďase je 	angličtina	English|||anglicky|||angl.
Q735319	The Forsyte Saga	Sága rodu Forsytů	Q1860	English	angličtina	The original language of The Forsyte Saga is English .	Původní jazyk Sága rodu Forsytů je angličtina.	Původní jazyk Sága rodu Forsytů je 	 Původním jazykem Ságy o Forsytech je angličtina.	Původním jazykem Ságy rodu Forsytů je angličtina.	 Původním jazykem Ságy o Forsytech je 	angličtina	Původním jazykem Ságy rodu Forsytů je 	angličtina	English|||anglicky|||angl.
Q627047	Madeline	Madeline	Q1860	English	angličtina	The original language of Madeline is English .	Původní jazyk Madeline je angličtina.	Původní jazyk Madeline je 	 Původním jazykem Madeline je angličtina.	Původním jazykem Madeline je angličtina.	 Původním jazykem Madeline je 	angličtina	Původním jazykem Madeline je 	angličtina	English|||anglicky|||angl.
Q47703	The Godfather	Kmotr	Q1860	English	angličtina	The original language of The Godfather is English .	Původní jazyk Kmotr je angličtina.	Původní jazyk Kmotr je 	 Původním jazykem filmu Kmotr je angličtina.	Původním jazykem Kmotra je angličtina.	 Původním jazykem filmu Kmotr je 	angličtina	Původním jazykem Kmotra je 	angličtina	English|||anglicky|||angl.
Q1130167	Emotional Rescue	Emotional Rescue	Q1860	English	angličtina	The original language of Emotional Rescue is English .	Původní jazyk Emotional Rescue je angličtina.	Původní jazyk Emotional Rescue je 	 Původním jazykem knihy Emotional Rescue je angličtina.	Původním jazykem Emotional Rescue je angličtina.	 Původním jazykem knihy Emotional Rescue je 	angličtina	Původním jazykem Emotional Rescue je 	angličtina	English|||anglicky|||angl.
Q2029959	Organic Articles	Organické články	Q150	French	francouzština	The original language of Organic Articles is French .	Původní jazyk Organické články je francouzština.	Původní jazyk Organické články je 	 Původním jazykem Organic Articles je francouzština.	Původním jazykem Organických článků je francouzština.	 Původním jazykem Organic Articles je 	francouzština	Původním jazykem Organických článků je 	francouzština	French|||francouzský jazyk
Q221102	28 Weeks Later	28 týdnů poté	Q1860	English	angličtina	The original language of 28 Weeks Later is English .	Původní jazyk 28 týdnů poté je angličtina.	Původní jazyk 28 týdnů poté je 	 Původním jazykem filmu 28 týdnů poté je angličtina.	Původním jazykem 28 týdnů poté je angličtina.	 Původním jazykem filmu 28 týdnů poté je 	angličtina	Původním jazykem 28 týdnů poté je 	angličtina	English|||anglicky|||angl.
Q114640	The Flying Dutchman	Bludný Holanďan	Q188	German	němčina	The original language of The Flying Dutchman is German .	Původní jazyk Bludný Holanďan je němčina.	Původní jazyk Bludný Holanďan je 	Původním jazykem filmu Bludný Holanďan je němčina.	Původním jazykem Bludného Holanďana je němčina.	Původním jazykem filmu Bludný Holanďan je 	němčina	Původním jazykem Bludného Holanďana je 	němčina	German|||německý jazyk|||de
Q674851	My New Partner	Prohnilí	Q150	French	francouzština	The original language of My New Partner is French .	Původní jazyk Prohnilí je francouzština.	Původní jazyk Prohnilí je 	 Původním jazykem knihy Můj nový partner je francouzština.	Původním jazykem Prohnilých je francouzština.	 Původním jazykem knihy Můj nový partner je 	francouzština	Původním jazykem Prohnilých je 	francouzština	French|||francouzský jazyk
Q1164094	R.U.R.	R.U.R.	Q9056	Czech	čeština	The original language of R.U.R. is Czech .	Původní jazyk R.U.R. je čeština.	Původní jazyk R.U.R. je 	 Původním jazykem RUR je čeština.	Původním jazykem R.U.R. je čeština.	 Původním jazykem RUR je 	čeština	Původním jazykem R.U.R. je 	čeština	Czech|||český jazyk|||cs|||ces
Q2907320	Likkutei Sichos	Likutej sichot	Q9288	Hebrew	hebrejština	The original language of Likkutei Sichos is Hebrew .	Původní jazyk Likutej sichot je hebrejština.	Původní jazyk Likutej sichot je 	 Původním jazykem Likkutei Sichos je hebrejština.	Původním jazykem Likutej sichot je hebrejština.	 Původním jazykem Likkutei Sichos je 	hebrejština	Původním jazykem Likutej sichot je 	hebrejština	Hebrew|||ivrit|||Hebrejština
Q1127709	True Romance	Pravdivá romance	Q1860	English	angličtina	The original language of True Romance is English .	Původní jazyk Pravdivá romance je angličtina.	Původní jazyk Pravdivá romance je 	 Původním jazykem seriálu True Romance je angličtina.	Původním jazykem Pravdivé romance je angličtina.	 Původním jazykem seriálu True Romance je 	angličtina	Původním jazykem Pravdivé romance je 	angličtina	English|||anglicky|||angl.
Q539269	Bad Boys II Marvel	Mizerové II	Q1860	English	angličtina	The original language of Bad Boys II Marvel is English .	Původní jazyk Mizerové II je angličtina.	Původní jazyk Mizerové II je 	 Původním jazykem hry Bad Boys II od Marvelu je angličtina.	Původním jazykem Mizerů II je angličtina.	 Původním jazykem hry Bad Boys II od Marvelu je 	angličtina	Původním jazykem Mizerů II je 	angličtina	English|||anglicky|||angl.
Q108745	Ghostbusters	Krotitelé duchů	Q1860	English	angličtina	The original language of Ghostbusters is English .	Původní jazyk Krotitelé duchů je angličtina.	Původní jazyk Krotitelé duchů je 	 Původním jazykem Krotitelů duchů je angličtina.	Původním jazykem Krotitelů duchů je angličtina.	 Původním jazykem Krotitelů duchů je 	angličtina	Původním jazykem Krotitelů duchů je 	angličtina	English|||anglicky|||angl.
Q3295515	The Beatles	The Beatles	Q1860	English	angličtina	The original language of The Beatles is English .	Původní jazyk The Beatles je angličtina.	Původní jazyk The Beatles je 	 Původním jazykem Beatles je angličtina.	Původním jazykem The Beatles je angličtina.	 Původním jazykem Beatles je 	angličtina	Původním jazykem The Beatles je 	angličtina	English|||anglicky|||angl.
Q140527	The Three Musketeers	Tři mušketýři	Q150	French	francouzština	The original language of The Three Musketeers is French .	Původní jazyk Tři mušketýři je francouzština.	Původní jazyk Tři mušketýři je 	 Původním jazykem Tří mušketýrů je francouzština.	Původním jazykem Tří mušketýrů je francouzština.	 Původním jazykem Tří mušketýrů je 	francouzština	Původním jazykem Tří mušketýrů je 	francouzština	French|||francouzský jazyk
Q18428	Amarcord	Amarcord	Q652	Italian	italština	The original language of Amarcord is Italian .	Původní jazyk Amarcord je italština.	Původní jazyk Amarcord je 	 Původním jazykem Amarcordu je italština.	Původním jazykem Amarcord je italština.	 Původním jazykem Amarcordu je 	italština	Původním jazykem Amarcord je 	italština	Italian|||italský jazyk|||it
Q529999	Ready to Die	Ready to Die	Q1860	English	angličtina	The original language of Ready to Die is English .	Původní jazyk Ready to Die je angličtina.	Původní jazyk Ready to Die je 	 Původním jazykem hry Ready to Die je angličtina.	Původním jazykem Ready to Die je angličtina.	 Původním jazykem hry Ready to Die je 	angličtina	Původním jazykem Ready to Die je 	angličtina	English|||anglicky|||angl.
Q152232	Womanlight	Světlo ženy	Q150	French	francouzština	The original language of Womanlight is French .	Původní jazyk Světlo ženy je francouzština.	Původní jazyk Světlo ženy je 	 Původním jazykem Womanlight je francouzština.	Původním jazykem Světla ženy je francouzština.	 Původním jazykem Womanlight je 	francouzština	Původním jazykem Světla ženy je 	francouzština	French|||francouzský jazyk
Q10000	Dutch Wikipedia	nizozemská Wikipedie	Q7411	Dutch	nizozemština	The original language of Dutch Wikipedia is Dutch .	Původní jazyk nizozemská Wikipedie je nizozemština.	Původní jazyk nizozemská Wikipedie je 	 Původním jazykem nizozemské Wikipedie je holandština.	Původním jazykem nizozemské Wikipedie je nizozemština.	ERROR	ERROR	Původním jazykem nizozemské Wikipedie je 	nizozemština	Dutch|||nl
Q1585857	Hollyoaks	Hollyoaks	Q1860	English	angličtina	The original language of Hollyoaks is English .	Původní jazyk Hollyoaks je angličtina.	Původní jazyk Hollyoaks je 	 Původním jazykem Hollyoaks je angličtina.	Původním jazykem Hollyoaks je angličtina.	 Původním jazykem Hollyoaks je 	angličtina	Původním jazykem Hollyoaks je 	angličtina	English|||anglicky|||angl.
Q1043104	Charlie Hebdo	Charlie Hebdo	Q150	French	francouzština	The original language of Charlie Hebdo is French .	Původní jazyk Charlie Hebdo je francouzština.	Původní jazyk Charlie Hebdo je 	 Původním jazykem Charlie Hebdo je francouzština.	Původním jazykem Charlie Hebdo je francouzština.	 Původním jazykem Charlie Hebdo je 	francouzština	Původním jazykem Charlie Hebdo je 	francouzština	French|||francouzský jazyk
Q104123	Pulp Fiction	Pulp Fiction: Historky z podsvětí	Q1860	English	angličtina	The original language of Pulp Fiction is English .	Původní jazyk Pulp Fiction: Historky z podsvětí je angličtina.	Původní jazyk Pulp Fiction: Historky z podsvětí je 	 Původním jazykem Pulp Fiction je angličtina.	Původním jazykem Historek z podsvětí je angličtina.	 Původním jazykem Pulp Fiction je 	angličtina	Původním jazykem Historek z podsvětí je 	angličtina	English|||anglicky|||angl.
Q946849	L'Age d'Or	Zlatý věk	Q150	French	francouzština	The original language of L'Age d'Or is French .	Původní jazyk Zlatý věk je francouzština.	Původní jazyk Zlatý věk je 	 Původním jazykem L'Age d'Or je francouzština.	Původním jazykem Zlatého věku je francouzština.	 Původním jazykem L'Age d'Or je 	francouzština	Původním jazykem Zlatého věku je 	francouzština	French|||francouzský jazyk
Q430891	Y Gododdin	Y Gododdin	Q9309	Welsh	velština	The original language of Y Gododdin is Welsh .	Původní jazyk Y Gododdin je velština.	Původní jazyk Y Gododdin je 	Původním jazykem Y Gododdin je velština.	Původním jazykem Y Gododdin je velština.	Původním jazykem Y Gododdin je 	velština	Původním jazykem Y Gododdin je 	velština	Welsh
Q721140	Pitchfork	Pitchfork Media	Q1860	English	angličtina	The original language of Pitchfork is English .	Původní jazyk Pitchfork Media je angličtina.	Původní jazyk Pitchfork Media je 	 Původním jazykem Pitchforku je angličtina.	Původním jazykem Pitchfork Media je angličtina.	 Původním jazykem Pitchforku je 	angličtina	Původním jazykem Pitchfork Media je 	angličtina	English|||anglicky|||angl.
Q41483	The Good, the Bad and the Ugly	Hodný, zlý a ošklivý	Q652	Italian	italština	The original language of The Good, the Bad and the Ugly is Italian .	Původní jazyk Hodný, zlý a ošklivý je italština.	Původní jazyk Hodný, zlý a ošklivý je 	 Původním jazykem knihy Hodný, zlý, ošklivý je italština.	Původním jazykem Hodného, zlého a ošklivého je italština.	 Původním jazykem knihy Hodný, zlý, ošklivý je 	italština	Původním jazykem Hodného, zlého a ošklivého je 	italština	Italian|||italský jazyk|||it
