sub_uri	en_sub_label	sub_label	obj_uri	en_obj_label	obj_label	en_template	template	template_prompt	gt_translation	chatgpt_translation	gt_prompt	gt_infl_object	chatgpt_prompt	chatgpt_infl_object	aliases
Q2301119	Rich Kids	The Rich Kids	Q84	London	Londýn	Rich Kids was founded in London .	The Rich Kids byla založena v Londýn.	The Rich Kids byla založena v 	 Společnost Rich Kids byla založena v Londýně.	The Rich Kids byla založena v Londýně.	 Společnost Rich Kids byla založena v 	Londýně	The Rich Kids byla založena v 	Londýně	London
Q13646	SNCF	Société nationale des chemins de fer français	Q90	Paris	Paříž	SNCF was founded in Paris .	Société nationale des chemins de fer français byla založena v Paříž.	Société nationale des chemins de fer français byla založena v 	 Společnost SNCF byla založena v Paříži.	Société nationale des chemins de fer français byla založena v Paříži.	 Společnost SNCF byla založena v 	Paříži	Société nationale des chemins de fer français byla založena v 	Paříži	Paris|||Paris
Q748836	Simple Minds	Simple Minds	Q4093	Glasgow	Glasgow	Simple Minds was founded in Glasgow .	Simple Minds byla založena v Glasgow.	Simple Minds byla založena v 	 Společnost Simple Minds byla založena v Glasgow.	Simple Minds byla založena v Glasgowě.	 Společnost Simple Minds byla založena v 	Glasgow	Simple Minds byla založena v 	Glasgowě	Glasgow
Q588820	Cocteau Twins	Cocteau Twins	Q22	Scotland	Skotsko	Cocteau Twins was founded in Scotland .	Cocteau Twins byla založena v Skotsko.	Cocteau Twins byla založena v 	 Společnost Cocteau Twins byla založena ve Skotsku.	Cocteau Twins byli založeni ve Skotsku.	 Společnost Cocteau Twins byla založena ve 	Skotsku	Cocteau Twins byli založeni ve 	Skotsku	Scotland
Q83835	Swiss Federal Railways	Švýcarské spolkové dráhy	Q70	Bern	Bern	Swiss Federal Railways was founded in Bern .	Švýcarské spolkové dráhy byla založena v Bern.	Švýcarské spolkové dráhy byla založena v 	 Švýcarské federální dráhy byly založeny v Bernu.	Švýcarské spolkové dráhy byly založeny v Bernu.	 Švýcarské federální dráhy byly založeny v 	Bernu	Švýcarské spolkové dráhy byly založeny v 	Bernu	Bern
Q14799	Lenovo	Lenovo	Q956	Beijing	Peking	Lenovo was founded in Beijing .	Lenovo byla založena v Peking.	Lenovo byla založena v 	 Společnost Lenovo byla založena v Pekingu.	Lenovo byla založena v Pekingu.	 Společnost Lenovo byla založena v 	Pekingu	Lenovo byla založena v 	Pekingu	Beijing|||Pej-ťing
Q218255	Electric Light Orchestra	Electric Light Orchestra	Q2256	Birmingham	Birmingham	Electric Light Orchestra was founded in Birmingham .	Electric Light Orchestra byla založena v Birmingham.	Electric Light Orchestra byla založena v 	 V Birminghamu byl založen Electric Light Orchestra.	Electric Light Orchestra byla založena v Birminghamu.	 V 	Birminghamu	Electric Light Orchestra byla založena v 	Birminghamu	Birmingham
Q5118436	Chvrches	Chvrches	Q4093	Glasgow	Glasgow	Chvrches was founded in Glasgow .	Chvrches byla založena v Glasgow.	Chvrches byla založena v 	 Společnost Chvrches byla založena v Glasgow.	Chvrches byla založena v Glasgowě.	 Společnost Chvrches byla založena v 	Glasgow	Chvrches byla založena v 	Glasgowě	Glasgow
Q1255077	Dragonette	Dragonette	Q172	Toronto	Toronto	Dragonette was founded in Toronto .	Dragonette byla založena v Toronto.	Dragonette byla založena v 	 Společnost Dragonette byla založena v Torontu.	Dragonette byla založena v Torontu.	 Společnost Dragonette byla založena v 	Torontu	Dragonette byla založena v 	Torontu	Toronto
Q3666843	Chatto & Windus	Chatto & Windus	Q84	London	Londýn	Chatto & Windus was founded in London .	Chatto & Windus byla založena v Londýn.	Chatto & Windus byla založena v 	 Společnost Chatto & Windus byla založena v Londýně.	Chatto & Windus byla založena v Londýně.	 Společnost Chatto & Windus byla založena v 	Londýně	Chatto & Windus byla založena v 	Londýně	London
Q369524	Ganz Works	Ganz	Q1781	Budapest	Budapešť	Ganz Works was founded in Budapest .	Ganz byla založena v Budapešť.	Ganz byla založena v 	 V Budapešti byla založena společnost Ganz Works.	Ganz byla založena v Budapešti.	 V 	Budapešti	Ganz byla založena v 	Budapešti	Budapest|||Budapest
Q7941809	Vorkreist	Vorkreist	Q90	Paris	Paříž	Vorkreist was founded in Paris .	Vorkreist byla založena v Paříž.	Vorkreist byla založena v 	 Společnost Vorkreist byla založena v Paříži.	Vorkreist byla založena v Paříži.	 Společnost Vorkreist byla založena v 	Paříži	Vorkreist byla založena v 	Paříži	Paris|||Paris
Q513666	German Alpine Club	Deutscher Alpenverein	Q1726	Munich	Mnichov	German Alpine Club was founded in Munich .	Deutscher Alpenverein byla založena v Mnichov.	Deutscher Alpenverein byla založena v 	 V Mnichově byl založen Německý alpský klub.	Deutscher Alpenverein byl založen v Mnichově.	 V 	Mnichově	Deutscher Alpenverein byl založen v 	Mnichově	Munich
Q635484	Armani	Armani	Q490	Milan	Milán	Armani was founded in Milan .	Armani byla založena v Milán.	Armani byla založena v 	 Značka Armani byla založena v Miláně.	Armani byla založena v Miláně.	 Značka Armani byla založena v 	Miláně	Armani byla založena v 	Miláně	Milan|||Milano
Q671183	Mudvayne	Mudvayne	Q1204	Illinois	Illinois	Mudvayne was founded in Illinois .	Mudvayne byla založena v Illinois.	Mudvayne byla založena v 	 Společnost Mudvayne byla založena v Illinois.	Mudvayne byla založena v Illinois.	 Společnost Mudvayne byla založena v 	Illinois	Mudvayne byla založena v 	Illinois	Illinois|||State of Illinois|||IL
Q211965	The Moody Blues	The Moody Blues	Q2256	Birmingham	Birmingham	The Moody Blues was founded in Birmingham .	The Moody Blues byla založena v Birmingham.	The Moody Blues byla založena v 	 Moody Blues byla založena v Birminghamu.	The Moody Blues byla založena v Birminghamu.	 Moody Blues byla založena v 	Birminghamu	The Moody Blues byla založena v 	Birminghamu	Birmingham
Q984331	Kurt Vile	Kurt Vile	Q1345	Philadelphia	Filadelfie	Kurt Vile was founded in Philadelphia .	Kurt Vile byla založena v Filadelfie.	Kurt Vile byla založena v 	 Společnost Kurt Vile byla založena ve Filadelfii.	Kurt Vile byl založen ve Filadelfii.	 Společnost Kurt Vile byla založena ve 	Filadelfii	Kurt Vile byl založen ve 	Filadelfii	Philadelphia
Q193136	Prada	Prada	Q490	Milan	Milán	Prada was founded in Milan .	Prada byla založena v Milán.	Prada byla založena v 	 Prada byla založena v Miláně.	Prada byla založena v Miláně.	 Prada byla založena v 	Miláně	Prada byla založena v 	Miláně	Milan|||Milano
Q117684	The Exploited	The Exploited	Q23436	Edinburgh	Edinburgh	The Exploited was founded in Edinburgh .	The Exploited byla založena v Edinburgh.	The Exploited byla založena v 	 Skupina Exploited byla založena v Edinburghu.	The Exploited byla založena v Edinburghu.	 Skupina Exploited byla založena v 	Edinburghu	The Exploited byla založena v 	Edinburghu	Edinburgh|||Edinburg|||Edinburgh
Q521096	Pride Fighting Championships	Pride Fighting Championships	Q1490	Tokyo	prefektura Tokio	Pride Fighting Championships was founded in Tokyo .	Pride Fighting Championships byla založena v prefektura Tokio.	Pride Fighting Championships byla založena v 	 V Tokiu byl založen Pride Fighting Championships.	Pride Fighting Championships byla založena v Tokiu.	 V Tokiu byl založen 			Pride Fighting Championships byla založena v Tokiu	Tokyo|||prefektura Tokio|||Tokyo|||Tókjó
Q880610	Black Tide	Black Tide	Q8652	Miami	Miami	Black Tide was founded in Miami .	Black Tide byla založena v Miami.	Black Tide byla založena v 	 Společnost Black Tide byla založena v Miami.	Black Tide byla založena v Miami.	 Společnost Black Tide byla založena v 	Miami	Black Tide byla založena v 	Miami	Miami
Q1286395	I Am Kloot	I Am Kloot	Q18125	Manchester	Manchester	I Am Kloot was founded in Manchester .	I Am Kloot byla založena v Manchester.	I Am Kloot byla založena v 	 Společnost I Am Kloot byla založena v Manchesteru.	I Am Kloot byla založena v Manchesteru.	 Společnost I Am Kloot byla založena v 	Manchesteru	I Am Kloot byla založena v 	Manchesteru	Manchester
Q634227	Beechcraft	Beechcraft	Q49266	Wichita	Wichita	Beechcraft was founded in Wichita .	Beechcraft byla založena v Wichita.	Beechcraft byla založena v 	Společnost Beechcraft byla založena ve Wichitě.	Beechcraft byla založena ve Wichita.	Společnost Beechcraft byla založena ve 	Wichitě	Beechcraft byla založena ve 	Wichita	Wichita
Q1502037	Slowdive	Slowdive	Q161491	Reading	Reading	Slowdive was founded in Reading .	Slowdive byla založena v Reading.	Slowdive byla založena v 	 Společnost Slowdive byla založena v Readingu.	Slowdive byla založena v Readingu.	 Společnost Slowdive byla založena v 	Readingu	Slowdive byla založena v 	Readingu	Reading
Q2095846	Pink Fairies	Pink Fairies	Q84	London	Londýn	Pink Fairies was founded in London .	Pink Fairies byla založena v Londýn.	Pink Fairies byla založena v 	 Společnost Pink Fairies byla založena v Londýně.	Pink Fairies byla založena v Londýně.	 Společnost Pink Fairies byla založena v 	Londýně	Pink Fairies byla založena v 	Londýně	London
Q3295867	The Coca-Cola Company	The Coca-Cola Company	Q23556	Atlanta	Atlanta	The Coca-Cola Company was founded in Atlanta .	The Coca-Cola Company byla založena v Atlanta.	The Coca-Cola Company byla založena v 	 Společnost Coca-Cola byla založena v Atlantě.	The Coca-Cola Company byla založena v Atlantě.	 Společnost Coca-Cola byla založena v 	Atlantě	The Coca-Cola Company byla založena v 	Atlantě	Atlanta
Q1426945	Labelle	Labelle	Q1345	Philadelphia	Filadelfie	Labelle was founded in Philadelphia .	Labelle byla založena v Filadelfie.	Labelle byla založena v 	 Společnost Labelle byla založena ve Filadelfii.	Labelle byla založena ve Filadelfii.	 Společnost Labelle byla založena ve 	Filadelfii	Labelle byla založena ve 	Filadelfii	Philadelphia
Q2061634	The Presets	Presets	Q3130	Sydney	Sydney	The Presets was founded in Sydney .	Presets byla založena v Sydney.	Presets byla založena v 	 Společnost The Presets byla založena v Sydney.	Presets byla založena v Sydney.	 Společnost The Presets byla založena v 	Sydney	Presets byla založena v 	Sydney	Sydney
Q564960	Constantin Film	Constantin Film	Q1794	Frankfurt am Main	Frankfurt nad Mohanem	Constantin Film was founded in Frankfurt am Main .	Constantin Film byla založena v Frankfurt nad Mohanem.	Constantin Film byla založena v 	 Společnost Constantin Film byla založena ve Frankfurtu nad Mohanem.	Constantin Film byla založena ve Frankfurtu nad Mohanem.	 Společnost Constantin Film byla založena ve 	Frankfurtu nad Mohanem	Constantin Film byla založena ve 	Frankfurtu nad Mohanem	Frankfurt|||Frankfurt
Q231985	Hayley Westenra	Hayley Westenra	Q79990	Christchurch	Christchurch	Hayley Westenra was founded in Christchurch .	Hayley Westenra byla založena v Christchurch.	Hayley Westenra byla založena v 	 Společnost Hayley Westenra byla založena v Christchurchi.	Hayley Westenra byla založena v Christchurch.	 Společnost Hayley Westenra byla založena v 	Christchurchi	Hayley Westenra byla založena v 	Christchurch	Christchurch|||Chch
Q52618	Ericsson	Telefonaktiebolaget L. M. Ericsson	Q1754	Stockholm	Stockholm	Ericsson was founded in Stockholm .	Telefonaktiebolaget L. M. Ericsson byla založena v Stockholm.	Telefonaktiebolaget L. M. Ericsson byla založena v 	 Společnost Ericsson byla založena ve Stockholmu.	Telefonaktiebolaget L. M. Ericsson byla založena ve Stockholmu.	 Společnost Ericsson byla založena ve 	Stockholmu	Telefonaktiebolaget L. M. Ericsson byla založena ve 	Stockholmu	Stockholm
Q272517	Kasabian	Kasabian	Q83065	Leicester	Leicester	Kasabian was founded in Leicester .	Kasabian byla založena v Leicester.	Kasabian byla založena v 	 Společnost Kasabian byla založena v Leicesteru.	Kasabian byla založena v Leicesteru.	 Společnost Kasabian byla založena v 	Leicesteru	Kasabian byla založena v 	Leicesteru	Leicester
Q484255	Alice in Chains	Alice in Chains	Q5083	Seattle	Seattle	Alice in Chains was founded in Seattle .	Alice in Chains byla založena v Seattle.	Alice in Chains byla založena v 	 Skupina Alice in Chains byla založena v Seattlu.	Alice in Chains byla založena v Seattlu.	 Skupina Alice in Chains byla založena v 	Seattlu	Alice in Chains byla založena v 	Seattlu	Seattle
Q483140	Anaal Nathrakh	Anaal Nathrakh	Q2256	Birmingham	Birmingham	Anaal Nathrakh was founded in Birmingham .	Anaal Nathrakh byla založena v Birmingham.	Anaal Nathrakh byla založena v 	 Anaal Nathrakh byla založena v Birminghamu.	Anaal Nathrakh byla založena v Birminghamu.	 Anaal Nathrakh byla založena v 	Birminghamu	Anaal Nathrakh byla založena v 	Birminghamu	Birmingham
Q705715	RuPaul	RuPaul	Q23556	Atlanta	Atlanta	RuPaul was founded in Atlanta .	RuPaul byla založena v Atlanta.	RuPaul byla založena v 	 Společnost RuPaul byla založena v Atlantě.	RuPaul byla založena v Atlantě.	 Společnost RuPaul byla založena v 	Atlantě	RuPaul byla založena v 	Atlantě	Atlanta
Q714	Stevie Wonder	Stevie Wonder	Q12439	Detroit	Detroit	Stevie Wonder was founded in Detroit .	Stevie Wonder byla založena v Detroit.	Stevie Wonder byla založena v 	 Stevie Wonder byl založen v Detroitu.	Stevie Wonder byl založen v Detroitu.	 Stevie Wonder byl založen v 	Detroitu	Stevie Wonder byl založen v 	Detroitu	Detroit
Q403981	Aiden	Aiden	Q5083	Seattle	Seattle	Aiden was founded in Seattle .	Aiden byla založena v Seattle.	Aiden byla založena v 	 Společnost Aiden byla založena v Seattlu.	Aiden byla založena v Seattlu.	 Společnost Aiden byla založena v 	Seattlu	Aiden byla založena v 	Seattlu	Seattle
Q757307	Atlassian	Atlassian	Q3130	Sydney	Sydney	Atlassian was founded in Sydney .	Atlassian byla založena v Sydney.	Atlassian byla založena v 	 Společnost Atlassian byla založena v Sydney.	Atlassian byla založena v Sydney.	 Společnost Atlassian byla založena v 	Sydney	Atlassian byla založena v 	Sydney	Sydney
Q269836	SHINee	SHINee	Q8684	Seoul	Soul	SHINee was founded in Seoul .	SHINee byla založena v Soul.	SHINee byla založena v 	 Skupina SHINee byla založena v Soulu.	SHINee byla založena v Soulu.	 Skupina SHINee byla založena v 	Soulu	SHINee byla založena v 	Soulu	Seoul
Q204022	Bultaco	Bultaco	Q1492	Barcelona	Barcelona	Bultaco was founded in Barcelona .	Bultaco byla založena v Barcelona.	Bultaco byla založena v 	 Společnost Bultaco byla založena v Barceloně.	Bultaco byla založena v Barceloně.	 Společnost Bultaco byla založena v 	Barceloně	Bultaco byla založena v 	Barceloně	Barcelona
Q1141123	Rosneft	Rosněft	Q649	Moscow	Moskva	Rosneft was founded in Moscow .	Rosněft byla založena v Moskva.	Rosněft byla založena v 	 Rosněfť byla založena v Moskvě.	Rosněft byla založena v Moskvě.	 Rosněfť byla založena v 	Moskvě	Rosněft byla založena v 	Moskvě	Moscow|||Москва
Q611845	The Polyphonic Spree	The Polyphonic Spree	Q16557	Dallas	Dallas	The Polyphonic Spree was founded in Dallas .	The Polyphonic Spree byla založena v Dallas.	The Polyphonic Spree byla založena v 	 Skupina Polyphonic Spree byla založena v Dallasu.	The Polyphonic Spree byla založena v Dallasu.	 Skupina Polyphonic Spree byla založena v 	Dallasu	The Polyphonic Spree byla založena v 	Dallasu	Dallas
Q560841	Brain Records	Brain Records	Q1055	Hamburg	Hamburk	Brain Records was founded in Hamburg .	Brain Records byla založena v Hamburk.	Brain Records byla založena v 	 Společnost Brain Records byla založena v Hamburku.	Brain Records byla založena v Hamburku.	 Společnost Brain Records byla založena v 	Hamburku	Brain Records byla založena v 	Hamburku	Hamburg|||Hamburg
Q759210	Givenchy	Givenchy	Q90	Paris	Paříž	Givenchy was founded in Paris .	Givenchy byla založena v Paříž.	Givenchy byla založena v 	 Givenchy byla založena v Paříži.	Givenchy byla založena v Paříži.	 Givenchy byla založena v 	Paříži	Givenchy byla založena v 	Paříži	Paris|||Paris
Q1417704	The Agonist	The Agonist	Q340	Montreal	Montréal	The Agonist was founded in Montreal .	The Agonist byla založena v Montréal.	The Agonist byla založena v 	 Skupina Agonist byla založena v Montrealu.	The Agonist byla založena v Montréalu.	 Skupina Agonist byla založena v 	Montrealu	The Agonist byla založena v 	Montréalu	Montreal
Q1146764	The Cribs	The Cribs	Q216638	Wakefield	Wakefield	The Cribs was founded in Wakefield .	The Cribs byla založena v Wakefield.	The Cribs byla založena v 	Společnost Cribs byla založena ve Wakefieldu.	The Cribs byla založena ve Wakefieldu.	Společnost Cribs byla založena ve 	Wakefieldu	The Cribs byla založena ve 	Wakefieldu	Wakefield
Q1364657	The Pretty Things	The Pretty Things	Q84	London	Londýn	The Pretty Things was founded in London .	The Pretty Things byla založena v Londýn.	The Pretty Things byla založena v 	 Skupina The Pretty Things byla založena v Londýně.	The Pretty Things byla založena v Londýně.	 Skupina The Pretty Things byla založena v 	Londýně	The Pretty Things byla založena v 	Londýně	London
Q2143368	The Walkabouts	The Walkabouts	Q5083	Seattle	Seattle	The Walkabouts was founded in Seattle .	The Walkabouts byla založena v Seattle.	The Walkabouts byla založena v 	 Skupina Walkabouts byla založena v Seattlu.	The Walkabouts byla založena v Seattlu.	 Skupina Walkabouts byla založena v 	Seattlu	The Walkabouts byla založena v 	Seattlu	Seattle
Q489801	INXS	INXS	Q3130	Sydney	Sydney	INXS was founded in Sydney .	INXS byla založena v Sydney.	INXS byla založena v 	 Společnost INXS byla založena v Sydney.	INXS byla založena v Sydney.	 Společnost INXS byla založena v 	Sydney	INXS byla založena v 	Sydney	Sydney
Q1472759	Fudge Tunnel	Fudge Tunnel	Q41262	Nottingham	Nottingham	Fudge Tunnel was founded in Nottingham .	Fudge Tunnel byla založena v Nottingham.	Fudge Tunnel byla založena v 	 V Nottinghamu byl založen Fudge Tunnel.	Fudge Tunnel byla založena v Nottinghamu.	 V 	Nottinghamu	Fudge Tunnel byla založena v 	Nottinghamu	Nottingham
Q1043901	Fuck Buttons	Fuck Buttons	Q23154	Bristol	Bristol	Fuck Buttons was founded in Bristol .	Fuck Buttons byla založena v Bristol.	Fuck Buttons byla založena v 	 Společnost Fuck Buttons byla založena v Bristolu.	Fuck Buttons byla založena v Bristolu.	 Společnost Fuck Buttons byla založena v 	Bristolu	Fuck Buttons byla založena v 	Bristolu	Bristol
Q7272591	Quirk Books	Quirk Books	Q1345	Philadelphia	Filadelfie	Quirk Books was founded in Philadelphia .	Quirk Books byla založena v Filadelfie.	Quirk Books byla založena v 	 Nakladatelství Quirk Books bylo založeno ve Filadelfii.	Quirk Books byla založena ve Filadelfii.	 Nakladatelství Quirk Books bylo založeno ve 	Filadelfii	Quirk Books byla založena ve 	Filadelfii	Philadelphia
Q40971	Packard	Packard	Q862733	Warren	Warren	Packard was founded in Warren .	Packard byla založena v Warren.	Packard byla založena v 	 Společnost Packard byla založena ve Warrenu.	Packard byla založena ve Warrenu.	 Společnost Packard byla založena ve 	Warrenu	Packard byla založena ve 	Warrenu	Warren
Q758934	Alestorm	Alestorm	Q203000	Perth	Perth	Alestorm was founded in Perth .	Alestorm byla založena v Perth.	Alestorm byla založena v 	 Společnost Alestorm byla založena v Perthu.	Alestorm byla založena v Perth.	 Společnost Alestorm byla založena v 	Perthu	Alestorm byla založena v 	Perth	Perth
Q527466	Bremer Vulkan	Bremer Vulkan	Q24879	Bremen	Brémy	Bremer Vulkan was founded in Bremen .	Bremer Vulkan byla založena v Brémy.	Bremer Vulkan byla založena v 	 Společnost Bremer Vulkan byla založena v Brémách.	Bremer Vulkan byla založena v Brémách.	 Společnost Bremer Vulkan byla založena v 	Brémách	Bremer Vulkan byla založena v 	Brémách	Bremen|||Bremen
Q756669	Ikarus	Ikarus	Q1781	Budapest	Budapešť	Ikarus was founded in Budapest .	Ikarus byla založena v Budapešť.	Ikarus byla založena v 	 Ikarus byl založen v Budapešti.	Ikarus byla založena v Budapešti.	 Ikarus byl založen v 	Budapešti	Ikarus byla založena v 	Budapešti	Budapest|||Budapest
Q7766131	The Squirrels	The Squirrels	Q5083	Seattle	Seattle	The Squirrels was founded in Seattle .	The Squirrels byla založena v Seattle.	The Squirrels byla založena v 	 Skupina Squirrels byla založena v Seattlu.	The Squirrels byla založena v Seattlu.	 Skupina Squirrels byla založena v 	Seattlu	The Squirrels byla založena v 	Seattlu	Seattle
Q1127565	The Fratellis	The Fratellis	Q4093	Glasgow	Glasgow	The Fratellis was founded in Glasgow .	The Fratellis byla založena v Glasgow.	The Fratellis byla založena v 	 Fratellis byl založen v Glasgow.	The Fratellis byla založena v Glasgowě.	 Fratellis byl založen v 	Glasgow	The Fratellis byla založena v 	Glasgowě	Glasgow
Q1632762	Scritti Politti	Scritti Politti	Q39121	Leeds	Leeds	Scritti Politti was founded in Leeds .	Scritti Politti byla založena v Leeds.	Scritti Politti byla založena v 	 Společnost Scritti Politti byla založena v Leedsu.	Scritti Politti byla založena v Leedsu.	 Společnost Scritti Politti byla založena v 	Leedsu	Scritti Politti byla založena v 	Leedsu	Leeds
Q150750	KAT-TUN	KAT-TUN	Q1490	Tokyo	prefektura Tokio	KAT-TUN was founded in Tokyo .	KAT-TUN byla založena v prefektura Tokio.	KAT-TUN byla založena v 	 Společnost KAT-TUN byla založena v Tokiu.	KAT-TUN byla založena v Tokiu.	 Společnost KAT-	TUN byla založena v Tokiu	KAT-	TUN byla založena v Tokiu	Tokyo|||prefektura Tokio|||Tokyo|||Tókjó
Q105349	Oscar Peterson	Oscar Peterson	Q340	Montreal	Montréal	Oscar Peterson was founded in Montreal .	Oscar Peterson byla založena v Montréal.	Oscar Peterson byla založena v 	 Společnost Oscar Peterson byla založena v Montrealu.	Oscar Peterson byl založen v Montréalu.	 Společnost Oscar Peterson byla založena v 	Montrealu	Oscar Peterson byl založen v 	Montréalu	Montreal
Q35962	Maserati	Maserati	Q1891	Bologna	Bologna	Maserati was founded in Bologna .	Maserati byla založena v Bologna.	Maserati byla založena v 	 Společnost Maserati byla založena v Bologni.	Maserati byla založena v Boloně.	 Společnost Maserati byla založena v 	Bologni	ERROR	ERROR	Bologna|||Boloňa
Q2723182	Betsson	Betsson	Q34	Sweden	Švédsko	Betsson was founded in Sweden .	Betsson byla založena v Švédsko.	Betsson byla založena v 	 Společnost Betsson byla založena ve Švédsku.	Betsson byla založena ve Švédsku.	 Společnost Betsson byla založena ve 	Švédsku	Betsson byla založena ve 	Švédsku	Sweden|||Švédské království
Q263183	Sportfreunde Stiller	Sportfreunde Stiller	Q1726	Munich	Mnichov	Sportfreunde Stiller was founded in Munich .	Sportfreunde Stiller byla založena v Mnichov.	Sportfreunde Stiller byla založena v 	 Sportfreunde Stiller byla založena v Mnichově .	Sportfreunde Stiller byla založena v Mnichově.	 Sportfreunde Stiller byla založena v 	Mnichově	Sportfreunde Stiller byla založena v 	Mnichově	Munich
Q1006517	Off Course	Off Course	Q17	Japan	Japonsko	Off Course was founded in Japan .	Off Course byla založena v Japonsko.	Off Course byla založena v 	 Společnost Off Course byla založena v Japonsku.	Off Course byla založena v Japonsku.	 Společnost Off Course byla založena v 	Japonsku	Off Course byla založena v 	Japonsku	Japan|||Země vycházejícího slunce
Q53257	Mitsubishi Electric	Mitsubishi Electric	Q1490	Tokyo	prefektura Tokio	Mitsubishi Electric was founded in Tokyo .	Mitsubishi Electric byla založena v prefektura Tokio.	Mitsubishi Electric byla založena v 	 Společnost Mitsubishi Electric byla založena v Tokiu.	Mitsubishi Electric byla založena v Tokiu.	 Společnost Mitsubishi 	Electric byla založena v Tokiu	Mitsubishi 	Electric byla založena v Tokiu	Tokyo|||prefektura Tokio|||Tokyo|||Tókjó
Q1668695	The Big Pink	Big Pink	Q84	London	Londýn	The Big Pink was founded in London .	Big Pink byla založena v Londýn.	Big Pink byla založena v 	 Společnost Big Pink byla založena v Londýně.	Big Pink byla založena v Londýně.	 Společnost Big Pink byla založena v 	Londýně	Big Pink byla založena v 	Londýně	London
Q188464	Pixies	Pixies	Q100	Boston	Boston	Pixies was founded in Boston .	Pixies byla založena v Boston.	Pixies byla založena v 	 Společnost Pixies byla založena v Bostonu.	Pixies byla založena v Bostonu.	 Společnost Pixies byla založena v 	Bostonu	Pixies byla založena v 	Bostonu	Boston
Q565594	Eni	Eni	Q490	Milan	Milán	Eni was founded in Milan .	Eni byla založena v Milán.	Eni byla založena v 	 Společnost Eni byla založena v Miláně.	Eni byla založena v Miláně.	 Společnost Eni byla založena v 	Miláně	Eni byla založena v 	Miláně	Milan|||Milano
Q299132	Chamillionaire	Chamillionaire	Q16555	Houston	Houston	Chamillionaire was founded in Houston .	Chamillionaire byla založena v Houston.	Chamillionaire byla založena v 	Společnost Chamillionaire byla založena v Houstonu.	Chamillionaire byl založen v Houstonu.	Společnost Chamillionaire byla založena v 	Houstonu	Chamillionaire byl založen v 	Houstonu	Houston
Q578979	Slint	Slint	Q1603	Kentucky	Kentucky	Slint was founded in Kentucky .	Slint byla založena v Kentucky.	Slint byla založena v 	 Společnost Slint byla založena v Kentucky.	Slint byla založena v Kentucky.	 Společnost Slint byla založena v 	Kentucky	Slint byla založena v 	Kentucky	Kentucky|||Commonwealth of Kentucky
Q483718	Foo Fighters	Foo Fighters	Q5083	Seattle	Seattle	Foo Fighters was founded in Seattle .	Foo Fighters byla založena v Seattle.	Foo Fighters byla založena v 	 Skupina Foo Fighters byla založena v Seattlu.	Foo Fighters byla založena v Seattlu.	 Skupina Foo Fighters byla založena v 	Seattlu	Foo Fighters byla založena v 	Seattlu	Seattle
Q202314	Thin Lizzy	Thin Lizzy	Q1761	Dublin	Dublin	Thin Lizzy was founded in Dublin .	Thin Lizzy byla založena v Dublin.	Thin Lizzy byla založena v 	 Skupina Thin Lizzy byla založena v Dublinu.	Thin Lizzy byla založena v Dublinu.	 Skupina Thin Lizzy byla založena v 	Dublinu	Thin Lizzy byla založena v 	Dublinu	Dublin
Q1145899	Curved Air	Curved Air	Q84	London	Londýn	Curved Air was founded in London .	Curved Air byla založena v Londýn.	Curved Air byla založena v 	 Společnost Curved Air byla založena v Londýně.	Curved Air byla založena v Londýně.	 Společnost Curved Air byla založena v 	Londýně	Curved Air byla založena v 	Londýně	London
Q2984088	Thenewno2	Thenewno2	Q84	London	Londýn	Thenewno2 was founded in London .	Thenewno2 byla založena v Londýn.	Thenewno2 byla založena v 	 Společnost Thenewno2 byla založena v Londýně.	Thenewno2 byla založena v Londýně.	 Společnost Thenewno2 byla založena v 	Londýně	Thenewno2 byla založena v 	Londýně	London
Q93346	The Who	The Who	Q84	London	Londýn	The Who was founded in London .	The Who byla založena v Londýn.	The Who byla založena v 	 Skupina The Who byla založena v Londýně.	The Who byla založena v Londýně.	 Skupina The Who byla založena v 	Londýně	The Who byla založena v 	Londýně	London
Q20718	Samsung Electronics	Samsung Electronics	Q8684	Seoul	Soul	Samsung Electronics was founded in Seoul .	Samsung Electronics byla založena v Soul.	Samsung Electronics byla založena v 	 Společnost Samsung Electronics byla založena v Soulu.	Samsung Electronics byl založen v Soulu.	 Společnost Samsung Electronics byla založena v 	Soulu	Samsung Electronics byl založen v 	Soulu	Seoul
Q454930	Amaranthe	Amaranthe	Q25287	Gothenburg	Göteborg	Amaranthe was founded in Gothenburg .	Amaranthe byla založena v Göteborg.	Amaranthe byla založena v 	 Společnost Amaranthe byla založena v Göteborgu.	Amaranthe byla založena v Göteborgu.	 Společnost Amaranthe byla založena v 	Göteborgu	Amaranthe byla založena v 	Göteborgu	Gothenburg|||Gothenburg
Q8059371	Youthmovies	Youthmovies	Q34217	Oxford	Oxford	Youthmovies was founded in Oxford .	Youthmovies byla založena v Oxford.	Youthmovies byla založena v 	 Youthmovies byla založena v Oxfordu.	Youthmovies byla založena v Oxfordu.	 Youthmovies byla založena v 	Oxfordu	Youthmovies byla založena v 	Oxfordu	Oxford
Q15678788	Fiat Chrysler Automobiles	Fiat Chrysler Automobiles	Q495	Turin	Turín	Fiat Chrysler Automobiles was founded in Turin .	Fiat Chrysler Automobiles byla založena v Turín.	Fiat Chrysler Automobiles byla založena v 	 Společnost Fiat Chrysler Automobiles byla založena v Turíně.	Fiat Chrysler Automobiles byla založena v Turíně.	 Společnost Fiat Chrysler Automobiles byla založena v 	Turíně	Fiat Chrysler Automobiles byla založena v 	Turíně	Turin
Q134241	Feyenoord	Feyenoord	Q34370	Rotterdam	Rotterdam	Feyenoord was founded in Rotterdam .	Feyenoord byla založena v Rotterdam.	Feyenoord byla založena v 	 Feyenoord byl založen v Rotterdamu.	Feyenoord byl založen v Rotterdamu.	 Feyenoord byl založen v 	Rotterdamu	Feyenoord byl založen v 	Rotterdamu	Rotterdam
Q1575233	Red Lorry Yellow Lorry	Red Lorry Yellow Lorry	Q39121	Leeds	Leeds	Red Lorry Yellow Lorry was founded in Leeds .	Red Lorry Yellow Lorry byla založena v Leeds.	Red Lorry Yellow Lorry byla založena v 	 Společnost Red Lorry Yellow Lorry byla založena v Leedsu.	Red Lorry Yellow Lorry byla založena v Leedsu.	 Společnost Red Lorry Yellow Lorry byla založena v 	Leedsu	Red Lorry Yellow Lorry byla založena v 	Leedsu	Leeds
Q23901	Codemasters	Codemasters	Q23140	Warwickshire	Warwickshire	Codemasters was founded in Warwickshire .	Codemasters byla založena v Warwickshire.	Codemasters byla založena v 	 Společnost Codemasters byla založena ve Warwickshire.	Codemasters byla založena v Warwickshire.	 Společnost Codemasters byla založena ve 	Warwickshire	Codemasters byla založena v 	Warwickshire	Warwickshire
Q938889	Rotting Christ	Rotting Christ	Q1524	Athens	Athény	Rotting Christ was founded in Athens .	Rotting Christ byla založena v Athény.	Rotting Christ byla založena v 	 Rotting Christ byla založena v Aténách.	Rotting Christ byla založena v Athénách.	 Rotting Christ byla založena v 	Aténách	Rotting Christ byla založena v 	Athénách	Athens|||Atény
Q15935	Kanye West	Kanye West	Q1297	Chicago	Chicago	Kanye West was founded in Chicago .	Kanye West byla založena v Chicago.	Kanye West byla založena v 	 Kanye West byl založen v Chicagu.	Kanye West byl založen v Chicagu.	 Kanye West byl založen v 	Chicagu	Kanye West byl založen v 	Chicagu	Chicago
Q203223	Ciara	Ciara	Q23556	Atlanta	Atlanta	Ciara was founded in Atlanta .	Ciara byla založena v Atlanta.	Ciara byla založena v 	 Ciara byla založena v Atlantě.	Ciara byla založena v Atlantě.	 Ciara byla založena v 	Atlantě	Ciara byla založena v 	Atlantě	Atlanta
Q960061	Radiotelevizija Slovenija	Radiotelevizija Slovenija	Q437	Ljubljana	Lublaň	Radiotelevizija Slovenija was founded in Ljubljana .	Radiotelevizija Slovenija byla založena v Lublaň.	Radiotelevizija Slovenija byla založena v 	 Radiotelevizija Slovenija byla založena v Lublani .	Radiotelevizija Slovenija byla založena v Lublaň.	 Radiotelevizija Slovenija byla založena v 	Lublani	Radiotelevizija Slovenija byla založena v 	Lublaň	Ljubljana|||Ljubljana
Q514377	Bentvueghels	Bentvueghels	Q220	Rome	Řím	Bentvueghels was founded in Rome .	Bentvueghels byla založena v Řím.	Bentvueghels byla založena v 	 Společnost Bentvueghels byla založena v Římě.	Bentvueghels byla založena v Římě.	 Společnost Bentvueghels byla založena v 	Římě	Bentvueghels byla založena v 	Římě	Rome|||Roma
Q572077	La Bouche	La Bouche	Q1794	Frankfurt am Main	Frankfurt nad Mohanem	La Bouche was founded in Frankfurt am Main .	La Bouche byla založena v Frankfurt nad Mohanem.	La Bouche byla založena v 	 Společnost La Bouche byla založena ve Frankfurtu nad Mohanem.	La Bouche byla založena ve Frankfurtu nad Mohanem.	 Společnost La Bouche byla založena ve 	Frankfurtu nad Mohanem	La Bouche byla založena ve 	Frankfurtu nad Mohanem	Frankfurt|||Frankfurt
Q268160	The White Stripes	The White Stripes	Q12439	Detroit	Detroit	The White Stripes was founded in Detroit .	The White Stripes byla založena v Detroit.	The White Stripes byla založena v 	 Skupina White Stripes byla založena v Detroitu.	The White Stripes byla založena v Detroitu.	 Skupina White Stripes byla založena v 	Detroitu	The White Stripes byla založena v 	Detroitu	Detroit
Q2294659	Clickteam	Clickteam	Q90	Paris	Paříž	Clickteam was founded in Paris .	Clickteam byla založena v Paříž.	Clickteam byla založena v 	 Clickteam byl založen v Paříži.	Clickteam byla založena v Paříži.	 Clickteam byl založen v 	Paříži	Clickteam byla založena v 	Paříži	Paris|||Paris
Q2543938	While She Sleeps	While She Sleeps	Q42448	Sheffield	Sheffield	While She Sleeps was founded in Sheffield .	While She Sleeps byla založena v Sheffield.	While She Sleeps byla založena v 	Společnost While She Sleeps byla založena v Sheffieldu.	While She Sleeps byla založena v Sheffieldu.	Společnost While She Sleeps byla založena v 	Sheffieldu	While She Sleeps byla založena v 	Sheffieldu	Sheffield
Q1558952	Suntribe	Suntribe	Q191	Estonia	Estonsko	Suntribe was founded in Estonia .	Suntribe byla založena v Estonsko.	Suntribe byla založena v 	 Společnost Suntribe byla založena v Estonsku.	Suntribe byla založena v Estonsku.	 Společnost Suntribe byla založena v 	Estonsku	Suntribe byla založena v 	Estonsku	Estonia
Q483810	The Cranberries	The Cranberries	Q133315	Limerick	Limerick	The Cranberries was founded in Limerick .	The Cranberries byla založena v Limerick.	The Cranberries byla založena v 	 Skupina Cranberries byla založena v Limericku.	The Cranberries byla založena v Limericku.	 Skupina Cranberries byla založena v 	Limericku	The Cranberries byla založena v 	Limericku	Limerick|||Luimneach|||Limerik|||Limerick (město)
Q59186	Walter Aircraft Engines	Waltrovka	Q1085	Prague	Praha	Walter Aircraft Engines was founded in Prague .	Waltrovka byla založena v Praha.	Waltrovka byla založena v 	 Společnost Walter Aircraft Engines byla založena v Praze.	Waltrovka byla založena v Praze.	 Společnost Walter Aircraft Engines byla založena v 	Praze	Waltrovka byla založena v 	Praze	Prague|||okres Praha|||okres Hlavní město Praha|||kraj hlavní město Praha|||hlavní město Praha|||kraj Praha
Q1882185	M People	M People	Q18125	Manchester	Manchester	M People was founded in Manchester .	M People byla založena v Manchester.	M People byla založena v 	 Společnost M People byla založena v Manchesteru.	M People byla založena v Manchesteru.	 Společnost M People byla založena v 	Manchesteru	M People byla založena v 	Manchesteru	Manchester
Q1123938	The Dresden Dolls	The Dresden Dolls	Q100	Boston	Boston	The Dresden Dolls was founded in Boston .	The Dresden Dolls byla založena v Boston.	The Dresden Dolls byla založena v 	 Skupina Dresden Dolls byla založena v Bostonu.	The Dresden Dolls byla založena v Bostonu.	 Skupina Dresden Dolls byla založena v 	Bostonu	The Dresden Dolls byla založena v 	Bostonu	Boston
Q81888	AFC Ajax	AFC Ajax	Q727	Amsterdam	Amsterdam	AFC Ajax was founded in Amsterdam .	AFC Ajax byla založena v Amsterdam.	AFC Ajax byla založena v 	 V Amsterdamu byl založen AFC Ajax.	AFC Ajax byla založena v Amsterdamu.	 V 	Amsterdamu	AFC Ajax byla založena v 	Amsterdamu	Amsterdam|||Amsterodam
Q2319863	Gruntruck	Gruntruck	Q5083	Seattle	Seattle	Gruntruck was founded in Seattle .	Gruntruck byla založena v Seattle.	Gruntruck byla založena v 	 Společnost Gruntruck byla založena v Seattlu.	Gruntruck byla založena v Seattlu.	 Společnost Gruntruck byla založena v 	Seattlu	Gruntruck byla založena v 	Seattlu	Seattle
Q9322	Deutsche Bahn	Deutsche Bahn	Q64	Berlin	Berlín	Deutsche Bahn was founded in Berlin .	Deutsche Bahn byla založena v Berlín.	Deutsche Bahn byla založena v 	 V Berlíně byla založena společnost Deutsche Bahn.	Deutsche Bahn byla založena v Berlíně.	 V 	Berlíně	Deutsche Bahn byla založena v 	Berlíně	Berlin|||Berlin
Q313571	Daniel Diges	Daniel Diges	Q29	Spain	Španělsko	Daniel Diges was founded in Spain .	Daniel Diges byla založena v Španělsko.	Daniel Diges byla založena v 	 Společnost Daniel Diges byla založena ve Španělsku.	Daniel Diges byl založen ve Španělsku.	 Společnost Daniel Diges byla založena ve 	Španělsku	Daniel Diges byl založen ve 	Španělsku	Spain|||Španělské království
Q1674581	Isotta Fraschini	Isotta Fraschini	Q490	Milan	Milán	Isotta Fraschini was founded in Milan .	Isotta Fraschini byla založena v Milán.	Isotta Fraschini byla založena v 	 Isotta Fraschini byla založena v Miláně .	Isotta Fraschini byla založena v Miláně.	 Isotta Fraschini byla založena v 	Miláně	Isotta Fraschini byla založena v 	Miláně	Milan|||Milano
Q122741	Sega	Sega	Q1490	Tokyo	prefektura Tokio	Sega was founded in Tokyo .	Sega byla založena v prefektura Tokio.	Sega byla založena v 	 Společnost Sega byla založena v Tokiu.	Sega byla založena v Tokiu.	 Společnost 	Sega byla založena v Tokiu		Sega byla založena v Tokiu	Tokyo|||prefektura Tokio|||Tokyo|||Tókjó
Q5285086	Dizmas	Dizmas	Q494711	Lancaster	Lancaster	Dizmas was founded in Lancaster .	Dizmas byla založena v Lancaster.	Dizmas byla založena v 	 Společnost Dizmas byla založena v Lancasteru.	Dizmas byla založena v Lancasteru.	 Společnost Dizmas byla založena v 	Lancasteru	Dizmas byla založena v 	Lancasteru	Lancaster
Q619364	Realtek	Realtek	Q865	Taiwan	Tchaj-wan	Realtek was founded in Taiwan .	Realtek byla založena v Tchaj-wan.	Realtek byla založena v 	 Společnost Realtek byla založena na Tchaj-wanu.	Realtek byla založena v Tchaj-wanu.	 Společnost Realtek byla založena na 	Tchaj-wanu	Realtek byla založena v 	Tchaj-wanu	Taiwan|||Taiwan|||Čínská republika|||Tchajwan
Q163989	Arch Enemy	Arch Enemy	Q34	Sweden	Švédsko	Arch Enemy was founded in Sweden .	Arch Enemy byla založena v Švédsko.	Arch Enemy byla založena v 	 Skupina Arch Enemy byla založena ve Švédsku.	Arch Enemy byla založena ve Švédsku.	 Skupina Arch Enemy byla založena ve 	Švédsku	Arch Enemy byla založena ve 	Švédsku	Sweden|||Švédské království
Q736107	OK Go	OK Go	Q1297	Chicago	Chicago	OK Go was founded in Chicago .	OK Go byla založena v Chicago.	OK Go byla založena v 	 Společnost OK Go byla založena v Chicagu.	OK Go byla založena v Chicagu.	 Společnost OK Go byla založena v 	Chicagu	OK Go byla založena v 	Chicagu	Chicago
Q1798554	Adam and the Ants	Adam and the Ants	Q84	London	Londýn	Adam and the Ants was founded in London .	Adam and the Ants byla založena v Londýn.	Adam and the Ants byla založena v 	 Společnost Adam and the Ants byla založena v Londýně.	Adam and the Ants byla založena v Londýně.	 Společnost Adam and the Ants byla založena v 	Londýně	Adam and the Ants byla založena v 	Londýně	London
Q4409	Sinclair Research	Sinclair Research	Q350	Cambridge	Cambridge	Sinclair Research was founded in Cambridge .	Sinclair Research byla založena v Cambridge.	Sinclair Research byla založena v 	 Společnost Sinclair Research byla založena v Cambridge.	Sinclair Research byla založena v Cambridge.	 Společnost Sinclair Research byla založena v 	Cambridge	Sinclair Research byla založena v 	Cambridge	Cambridge
Q1186459	Demon Hunter	Demon Hunter	Q5083	Seattle	Seattle	Demon Hunter was founded in Seattle .	Demon Hunter byla založena v Seattle.	Demon Hunter byla založena v 	 Společnost Demon Hunter byla založena v Seattlu.	Demon Hunter byla založena v Seattlu.	 Společnost Demon Hunter byla založena v 	Seattlu	Demon Hunter byla založena v 	Seattlu	Seattle
Q1079001	The Wilde Flowers	The Wilde Flowers	Q29303	Canterbury	Canterbury	The Wilde Flowers was founded in Canterbury .	The Wilde Flowers byla založena v Canterbury.	The Wilde Flowers byla založena v 	 Společnost Wilde Flowers byla založena v Canterbury.	The Wilde Flowers byla založena v Canterbury.	 Společnost Wilde Flowers byla založena v 	Canterbury	The Wilde Flowers byla založena v 	Canterbury	Canterbury
Q3020722	Death Grips	Death Grips	Q18013	Sacramento	Sacramento	Death Grips was founded in Sacramento .	Death Grips byla založena v Sacramento.	Death Grips byla založena v 	 Společnost Death Grips byla založena v Sacramentu.	Death Grips byla založena v Sacramentu.	 Společnost Death Grips byla založena v 	Sacramentu	Death Grips byla založena v 	Sacramentu	Sacramento
Q1116554	Edison Lighthouse	Edison Lighthouse	Q84	London	Londýn	Edison Lighthouse was founded in London .	Edison Lighthouse byla založena v Londýn.	Edison Lighthouse byla založena v 	 Maják Edison byl založen v Londýně.	Edison Lighthouse byla založena v Londýně.	 Maják Edison byl založen v 	Londýně	Edison Lighthouse byla založena v 	Londýně	London
Q3546604	Canadian Film Development Corporation	Telefilm Canada	Q340	Montreal	Montréal	Canadian Film Development Corporation was founded in Montreal .	Telefilm Canada byla založena v Montréal.	Telefilm Canada byla založena v 	 Montrealu byla založena společnost Canadian Film Development Corporation.	Telefilm Canada byla založena v Montréalu.	 	Montrealu	Telefilm Canada byla založena v 	Montréalu	Montreal
Q912351	Caspian Airlines	Caspian Airlines	Q3616	Tehran	Teherán	Caspian Airlines was founded in Tehran .	Caspian Airlines byla založena v Teherán.	Caspian Airlines byla založena v 	 Společnost Caspian Airlines byla založena v Teheránu.	Caspian Airlines byla založena v Teheránu.	 Společnost Caspian Airlines byla založena v 	Teheránu	Caspian Airlines byla založena v 	Teheránu	Tehran
Q286650	Trenitalia	Trenitalia	Q220	Rome	Řím	Trenitalia was founded in Rome .	Trenitalia byla založena v Řím.	Trenitalia byla založena v 	 Trenitalia byla založena v Římě.	Trenitalia byla založena v Římě.	 Trenitalia byla založena v 	Římě	Trenitalia byla založena v 	Římě	Rome|||Roma
Q27074	Aston Martin Lagonda	Aston Martin	Q84	London	Londýn	Aston Martin Lagonda was founded in London .	Aston Martin byla založena v Londýn.	Aston Martin byla založena v 	 Aston Martin Lagonda byl založen v Londýně.	Aston Martin byla založena v Londýně.	 Aston Martin Lagonda byl založen v 	Londýně	Aston Martin byla založena v 	Londýně	London
Q45188	Coldplay	Coldplay	Q84	London	Londýn	Coldplay was founded in London .	Coldplay byla založena v Londýn.	Coldplay byla založena v 	 Skupina Coldplay byla založena v Londýně.	Coldplay byla založena v Londýně.	 Skupina Coldplay byla založena v 	Londýně	Coldplay byla založena v 	Londýně	London
Q1368609	Esselte	Esselte	Q1754	Stockholm	Stockholm	Esselte was founded in Stockholm .	Esselte byla založena v Stockholm.	Esselte byla založena v 	 Společnost Esselte byla založena ve Stockholmu.	Esselte byla založena ve Stockholmu.	 Společnost Esselte byla založena ve 	Stockholmu	Esselte byla založena ve 	Stockholmu	Stockholm
Q848553	Boucheron	Boucheron	Q90	Paris	Paříž	Boucheron was founded in Paris .	Boucheron byla založena v Paříž.	Boucheron byla založena v 	 Značka Boucheron byla založena v Paříži.	Boucheron byla založena v Paříži.	 Značka Boucheron byla založena v 	Paříži	Boucheron byla založena v 	Paříži	Paris|||Paris
Q368151	Mediaset S.p.A.	Mediaset	Q490	Milan	Milán	Mediaset S.p.A. was founded in Milan .	Mediaset byla založena v Milán.	Mediaset byla založena v 	 Společnost Mediaset SpA byla založena v Miláně.	Mediaset byla založena v Miláně.	 Společnost Mediaset SpA byla založena v 	Miláně	Mediaset byla založena v 	Miláně	Milan|||Milano
Q334648	Roxy Music	Roxy Music	Q84	London	Londýn	Roxy Music was founded in London .	Roxy Music byla založena v Londýn.	Roxy Music byla založena v 	 Společnost Roxy Music byla založena v Londýně.	Roxy Music byla založena v Londýně.	 Společnost Roxy Music byla založena v 	Londýně	Roxy Music byla založena v 	Londýně	London
Q1629031	Horslips	Horslips	Q1761	Dublin	Dublin	Horslips was founded in Dublin .	Horslips byla založena v Dublin.	Horslips byla založena v 	 Společnost Horslips byla založena v Dublinu.	Horslips byla založena v Dublinu.	 Společnost Horslips byla založena v 	Dublinu	Horslips byla založena v 	Dublinu	Dublin
Q152433	Xerox	Xerox	Q49218	Rochester	Rochester	Xerox was founded in Rochester .	Xerox byla založena v Rochester.	Xerox byla založena v 	 Společnost Xerox byla založena v Rochesteru.	Xerox byla založena v Rochesteru.	 Společnost Xerox byla založena v 	Rochesteru	Xerox byla založena v 	Rochesteru	Rochester
Q1151640	Mansun	Mansun	Q170263	Chester	Chester	Mansun was founded in Chester .	Mansun byla založena v Chester.	Mansun byla založena v 	 Společnost Mansun byla založena v Chesteru.	Mansun byla založena v Chesteru.	 Společnost Mansun byla založena v 	Chesteru	Mansun byla založena v 	Chesteru	Chester
Q547648	The Real Kids	The Real Kids	Q100	Boston	Boston	The Real Kids was founded in Boston .	The Real Kids byla založena v Boston.	The Real Kids byla založena v 	 Skupina The Real Kids byla založena v Bostonu.	The Real Kids byla založena v Bostonu.	 Skupina The Real Kids byla založena v 	Bostonu	The Real Kids byla založena v 	Bostonu	Boston
Q623921	Drowning Pool	Drowning Pool	Q16557	Dallas	Dallas	Drowning Pool was founded in Dallas .	Drowning Pool byla založena v Dallas.	Drowning Pool byla založena v 	 Drowning Pool byl založen v Dallasu.	Drowning Pool byla založena v Dallasu.	 Drowning Pool byl založen v 	Dallasu	Drowning Pool byla založena v 	Dallasu	Dallas
Q286724	MewithoutYou	MewithoutYou	Q1345	Philadelphia	Filadelfie	MewithoutYou was founded in Philadelphia .	MewithoutYou byla založena v Filadelfie.	MewithoutYou byla založena v 	 MewithoutYou byla založena ve Filadelfii.	MewithoutYou byla založena ve Filadelfii.	 MewithoutYou byla založena ve 	Filadelfii	MewithoutYou byla založena ve 	Filadelfii	Philadelphia
Q170599	Arctic Monkeys	Arctic Monkeys	Q42448	Sheffield	Sheffield	Arctic Monkeys was founded in Sheffield .	Arctic Monkeys byla založena v Sheffield.	Arctic Monkeys byla založena v 	 Společnost Arctic Monkeys byla založena v Sheffieldu.	Arctic Monkeys byla založena v Sheffieldu.	 Společnost Arctic Monkeys byla založena v 	Sheffieldu	Arctic Monkeys byla založena v 	Sheffieldu	Sheffield
Q184697	Gloria Estefan	Gloria Estefan	Q8652	Miami	Miami	Gloria Estefan was founded in Miami .	Gloria Estefan byla založena v Miami.	Gloria Estefan byla založena v 	 Společnost Gloria Estefan byla založena v Miami.	Gloria Estefan byla založena v Miami.	 Společnost Gloria Estefan byla založena v 	Miami	Gloria Estefan byla založena v 	Miami	Miami
Q1890473	Osibisa	Osibisa	Q84	London	Londýn	Osibisa was founded in London .	Osibisa byla založena v Londýn.	Osibisa byla založena v 	 Společnost Osibisa byla založena v Londýně.	Osibisa byla založena v Londýně.	 Společnost Osibisa byla založena v 	Londýně	Osibisa byla založena v 	Londýně	London
Q2006876	The Primitives	The Primitives	Q6225	Coventry	Coventry	The Primitives was founded in Coventry .	The Primitives byla založena v Coventry.	The Primitives byla založena v 	 Skupina The Primitives byla založena v Coventry.	The Primitives byla založena v Coventry.	 Skupina The Primitives byla založena v 	Coventry	The Primitives byla založena v 	Coventry	Coventry
Q944379	Kataklysm	Kataklysm	Q340	Montreal	Montréal	Kataklysm was founded in Montreal .	Kataklysm byla založena v Montréal.	Kataklysm byla založena v 	 Společnost Kataklysm byla založena v Montrealu.	Kataklysm byla založena v Montréalu.	 Společnost Kataklysm byla založena v 	Montrealu	Kataklysm byla založena v 	Montréalu	Montreal
Q81230	Siemens	Siemens	Q64	Berlin	Berlín	Siemens was founded in Berlin .	Siemens byla založena v Berlín.	Siemens byla založena v 	 Společnost Siemens byla založena v Berlíně.	Siemens byla založena v Berlíně.	 Společnost Siemens byla založena v 	Berlíně	Siemens byla založena v 	Berlíně	Berlin|||Berlin
Q64545	Hasselblad	Hasselblad	Q25287	Gothenburg	Göteborg	Hasselblad was founded in Gothenburg .	Hasselblad byla založena v Göteborg.	Hasselblad byla založena v 	 Společnost Hasselblad byla založena v Göteborgu.	Hasselblad byla založena v Göteborgu.	 Společnost Hasselblad byla založena v 	Göteborgu	Hasselblad byla založena v 	Göteborgu	Gothenburg|||Gothenburg
Q2523018	Arkhon Infaustus	Arkhon Infaustus	Q90	Paris	Paříž	Arkhon Infaustus was founded in Paris .	Arkhon Infaustus byla založena v Paříž.	Arkhon Infaustus byla založena v 	 Arkhon Infaustus byl založen v Paříži.	Arkhon Infaustus byla založena v Paříži.	 Arkhon Infaustus byl založen v 	Paříži	Arkhon Infaustus byla založena v 	Paříži	Paris|||Paris
Q295919	Sam Cooke	Sam Cooke	Q1297	Chicago	Chicago	Sam Cooke was founded in Chicago .	Sam Cooke byla založena v Chicago.	Sam Cooke byla založena v 	Společnost Sam Cooke byla založena v Chicagu.	Sam Cooke byl založen v Chicagu.	Společnost Sam Cooke byla založena v 	Chicagu	Sam Cooke byl založen v 	Chicagu	Chicago
Q2129943	Miami Horror	Miami Horror	Q3141	Melbourne	Melbourne	Miami Horror was founded in Melbourne .	Miami Horror byla založena v Melbourne.	Miami Horror byla založena v 	 Miami Horror byl založen v Melbourne.	Miami Horror byla založena v Melbourne.	 Miami Horror byl založen v 	Melbourne	Miami Horror byla založena v 	Melbourne	Melbourne
Q18158468	PVRIS	PVRIS	Q49162	Lowell	Lowell	PVRIS was founded in Lowell .	PVRIS byla založena v Lowell.	PVRIS byla založena v 	 Společnost PVRIS byla založena v Lowellu.	PVRIS byla založena v Lowell.	 Společnost PVRIS byla založena v 	Lowellu	PVRIS byla založena v 	Lowell	Lowell
Q81307	Greenpeace	Greenpeace	Q24639	Vancouver	Vancouver	Greenpeace was founded in Vancouver .	Greenpeace byla založena v Vancouver.	Greenpeace byla založena v 	 Greenpeace byl založen ve Vancouveru.	Greenpeace byla založena ve Vancouveru.	 Greenpeace byl založen ve 	Vancouveru	Greenpeace byla založena ve 	Vancouveru	Vancouver
Q679888	Rolls-Royce	Rolls-Royce	Q18125	Manchester	Manchester	Rolls-Royce was founded in Manchester .	Rolls-Royce byla založena v Manchester.	Rolls-Royce byla založena v 	 Společnost Rolls-Royce byla založena v Manchesteru.	Rolls-Royce byla založena v Manchesteru.	 Společnost Rolls-Royce byla založena v 	Manchesteru	Rolls-Royce byla založena v 	Manchesteru	Manchester
Q664420	Brown, Boveri & Cie	Brown, Boveri & Cie.	Q63939	Baden	Baden	Brown, Boveri & Cie was founded in Baden .	Brown, Boveri & Cie. byla založena v Baden.	Brown, Boveri & Cie. byla založena v 	 Společnost Brown, Boveri & Cie byla založena v Badenu.	Brown, Boveri & Cie byla založena v Badenu.	 Společnost Brown, Boveri & Cie byla založena v 	Badenu	ERROR	ERROR	Baden|||Baden (Switzerland)
Q18557	Opeth	Opeth	Q34	Sweden	Švédsko	Opeth was founded in Sweden .	Opeth byla založena v Švédsko.	Opeth byla založena v 	 Opeth byla založena ve Švédsku.	Opeth byla založena ve Švédsku.	 Opeth byla založena ve 	Švédsku	Opeth byla založena ve 	Švédsku	Sweden|||Švédské království
Q458625	Alex Kapranos	Alex Kapranos	Q4093	Glasgow	Glasgow	Alex Kapranos was founded in Glasgow .	Alex Kapranos byla založena v Glasgow.	Alex Kapranos byla založena v 	 Společnost Alex Kapranos byla založena v Glasgow.	Alex Kapranos byla založena v Glasgowě.	 Společnost Alex Kapranos byla založena v 	Glasgow	Alex Kapranos byla založena v 	Glasgowě	Glasgow
Q1636958	Xiaomi	Xiaomi	Q956	Beijing	Peking	Xiaomi was founded in Beijing .	Xiaomi byla založena v Peking.	Xiaomi byla založena v 	 Společnost Xiaomi byla založena v Pekingu.	Xiaomi byla založena v Pekingu.	 Společnost Xiaomi byla založena v 	Pekingu	Xiaomi byla založena v 	Pekingu	Beijing|||Pej-ťing
Q1054888	Cerebral Fix	Cerebral Fix	Q2256	Birmingham	Birmingham	Cerebral Fix was founded in Birmingham .	Cerebral Fix byla založena v Birmingham.	Cerebral Fix byla založena v 	 Společnost Cerebral Fix byla založena v Birminghamu.	Cerebral Fix byla založena v Birminghamu.	 Společnost Cerebral Fix byla založena v 	Birminghamu	Cerebral Fix byla založena v 	Birminghamu	Birmingham
Q3965367	Sound Transit	Sound Transit	Q5083	Seattle	Seattle	Sound Transit was founded in Seattle .	Sound Transit byla založena v Seattle.	Sound Transit byla založena v 	 Společnost Sound Transit byla založena v Seattlu.	Sound Transit byla založena v Seattlu.	 Společnost Sound Transit byla založena v 	Seattlu	Sound Transit byla založena v 	Seattlu	Seattle
Q34918	The Wanted	The Wanted	Q21	England	Anglie	The Wanted was founded in England .	The Wanted byla založena v Anglie.	The Wanted byla založena v 	 Společnost Wanted byla založena v Anglii.	The Wanted byla založena v Anglii.	 Společnost Wanted byla založena v 	Anglii	The Wanted byla založena v 	Anglii	England
Q29852	Itala	Itala	Q495	Turin	Turín	Itala was founded in Turin .	Itala byla založena v Turín.	Itala byla založena v 	 Itala byla založena v Turíně.	Itala byla založena v Turíně.	 Itala byla založena v 	Turíně	Itala byla založena v 	Turíně	Turin
Q532567	Olympia Press	Olympia Press	Q90	Paris	Paříž	Olympia Press was founded in Paris .	Olympia Press byla založena v Paříž.	Olympia Press byla založena v 	 V Paříži bylo založeno nakladatelství Olympia Press.	Olympia Press byla založena v Paříži.	 V 	Paříži	Olympia Press byla založena v 	Paříži	Paris|||Paris
Q605901	Swedish East India Company	Švédská Východoindická společnost	Q25287	Gothenburg	Göteborg	Swedish East India Company was founded in Gothenburg .	Švédská Východoindická společnost byla založena v Göteborg.	Švédská Východoindická společnost byla založena v 	 V Göteborgu byla založena Švédská východoindická společnost.	Švédská Východoindická společnost byla založena v Göteborgu.	 V 	Göteborgu	Švédská Východoindická společnost byla založena v 	Göteborgu	Gothenburg|||Gothenburg
Q32543	Test Icicles	Test Icicles	Q84	London	Londýn	Test Icicles was founded in London .	Test Icicles byla založena v Londýn.	Test Icicles byla založena v 	 Společnost Test Icicles byla založena v Londýně.	Test Icicles byla založena v Londýně.	 Společnost Test Icicles byla založena v 	Londýně	Test Icicles byla založena v 	Londýně	London
Q321762	Napalm Death	Napalm Death	Q2256	Birmingham	Birmingham	Napalm Death was founded in Birmingham .	Napalm Death byla založena v Birmingham.	Napalm Death byla založena v 	 Napalm Death byla založena v Birminghamu.	Napalm Death byla založena v Birminghamu.	 Napalm Death byla založena v 	Birminghamu	Napalm Death byla založena v 	Birminghamu	Birmingham
Q4992445	The Duke Spirit	Duke Spirit	Q84	London	Londýn	The Duke Spirit was founded in London .	Duke Spirit byla založena v Londýn.	Duke Spirit byla založena v 	 Společnost Duke Spirit byla založena v Londýně.	Duke Spirit byla založena v Londýně.	 Společnost Duke Spirit byla založena v 	Londýně	Duke Spirit byla založena v 	Londýně	London
Q310481	OSRAM Licht AG	Osram	Q1726	Munich	Mnichov	OSRAM Licht AG was founded in Munich .	Osram byla založena v Mnichov.	Osram byla založena v 	 Společnost OSRAM Licht AG byla založena v Mnichově.	Osram byla založena v Mnichově.	 Společnost OSRAM Licht AG byla založena v 	Mnichově	Osram byla založena v 	Mnichově	Munich
Q777721	Smirnoff	Smirnoff	Q649	Moscow	Moskva	Smirnoff was founded in Moscow .	Smirnoff byla založena v Moskva.	Smirnoff byla založena v 	 Společnost Smirnoff byla založena v Moskvě.	Smirnoff byla založena v Moskvě.	 Společnost Smirnoff byla založena v 	Moskvě	Smirnoff byla založena v 	Moskvě	Moscow|||Москва
Q1478918	Nippon Yusen	Nippon Júsen	Q1490	Tokyo	prefektura Tokio	Nippon Yusen was founded in Tokyo .	Nippon Júsen byla založena v prefektura Tokio.	Nippon Júsen byla založena v 	 Společnost Nippon Yusen byla založena v Tokiu.	Nippon Júsen byl založen v Tokiu.	 Společnost Nippon Yusen byla založena v 	Tokiu	Nippon Júsen byl založen v 	Tokiu	Tokyo|||prefektura Tokio|||Tokyo|||Tókjó
Q899341	Suicidal Tendencies	Suicidal Tendencies	Q773853	Venice	Venice	Suicidal Tendencies was founded in Venice .	Suicidal Tendencies byla založena v Venice.	Suicidal Tendencies byla založena v 	 V Benátkách byla založena skupina Suicidal Tendencies.	Suicidal Tendencies byla založena v Venice.	ERROR	ERROR	Suicidal Tendencies byla založena v 	Venice	Venice
Q253414	FIFA	FIFA	Q90	Paris	Paříž	FIFA was founded in Paris .	FIFA byla založena v Paříž.	FIFA byla založena v 	 FIFA byla založena v Paříži.	FIFA byla založena v Paříži.	 FIFA byla založena v 	Paříži	FIFA byla založena v 	Paříži	Paris|||Paris
Q745394	Gilera	Gilera	Q490	Milan	Milán	Gilera was founded in Milan .	Gilera byla založena v Milán.	Gilera byla založena v 	Gilera byla založena v Miláně.	Gilera byla založena v Miláně.	Gilera byla založena v 	Miláně	Gilera byla založena v 	Miláně	Milan|||Milano
Q370231	Mark Jansen	Mark Jansen	Q55	Netherlands	Nizozemsko	Mark Jansen was founded in Netherlands .	Mark Jansen byla založena v Nizozemsko.	Mark Jansen byla založena v 	 Společnost Mark Jansen byla založena v Nizozemsku.	Mark Jansen byl založen v Nizozemsku.	 Společnost Mark Jansen byla založena v 	Nizozemsku	Mark Jansen byl založen v 	Nizozemsku	Netherlands
Q173357	Simca	Simca	Q90	Paris	Paříž	Simca was founded in Paris .	Simca byla založena v Paříž.	Simca byla založena v 	 Společnost Simca byla založena v Paříži.	Simca byla založena v Paříži.	 Společnost Simca byla založena v 	Paříži	Simca byla založena v 	Paříži	Paris|||Paris
Q183412	EMI	EMI	Q84	London	Londýn	EMI was founded in London .	EMI byla založena v Londýn.	EMI byla založena v 	 Společnost EMI byla založena v Londýně.	EMI byla založena v Londýně.	 Společnost EMI byla založena v 	Londýně	EMI byla založena v 	Londýně	London
Q17560577	Gnarwolves	Gnarwolves	Q131491	Brighton	Brighton	Gnarwolves was founded in Brighton .	Gnarwolves byla založena v Brighton.	Gnarwolves byla založena v 	 Společnost Gnarwolves byla založena v Brightonu.	Gnarwolves byla založena v Brightonu.	 Společnost Gnarwolves byla založena v 	Brightonu	Gnarwolves byla založena v 	Brightonu	Brighton
Q931544	Half Japanese	Half Japanese	Q1391	Maryland	Maryland	Half Japanese was founded in Maryland .	Half Japanese byla založena v Maryland.	Half Japanese byla založena v 	 Společnost Half Japanese byla založena v Marylandu.	Half Japanese byla založena v Marylandu.	 Společnost Half Japanese byla založena v 	Marylandu	Half Japanese byla založena v 	Marylandu	Maryland|||State of Maryland
Q752170	Van der Graaf Generator	Van der Graaf Generator	Q18125	Manchester	Manchester	Van der Graaf Generator was founded in Manchester .	Van der Graaf Generator byla založena v Manchester.	Van der Graaf Generator byla založena v 	 Van der Graaf Generator byl založen v Manchesteru.	Van der Graaf Generator byla založena v Manchesteru.	 Van der Graaf Generator byl založen v 	Manchesteru	Van der Graaf Generator byla založena v 	Manchesteru	Manchester
Q842152	Madcon	Madcon	Q585	Oslo	Oslo	Madcon was founded in Oslo .	Madcon byla založena v Oslo.	Madcon byla založena v 	 Společnost Madcon byla založena v Oslu.	Madcon byla založena v Oslu.	 Společnost Madcon byla založena v 	Oslu	Madcon byla založena v 	Oslu	Oslo
Q3094840	Gallon Drunk	Gallon Drunk	Q84	London	Londýn	Gallon Drunk was founded in London .	Gallon Drunk byla založena v Londýn.	Gallon Drunk byla založena v 	 Společnost Gallon Drunk byla založena v Londýně.	Gallon Drunk byla založena v Londýně.	 Společnost Gallon Drunk byla založena v 	Londýně	Gallon Drunk byla založena v 	Londýně	London
Q282925	The Hollies	The Hollies	Q18125	Manchester	Manchester	The Hollies was founded in Manchester .	The Hollies byla založena v Manchester.	The Hollies byla založena v 	 Skupina Hollies byla založena v Manchesteru.	The Hollies byla založena v Manchesteru.	 Skupina Hollies byla založena v 	Manchesteru	The Hollies byla založena v 	Manchesteru	Manchester
Q963303	Union of Lublin	Lublinská unie	Q37333	Lublin	Lublin	Union of Lublin was founded in Lublin .	Lublinská unie byla založena v Lublin.	Lublinská unie byla založena v 	 V Lublinu byla založena Lublinská unie.	Lublinská unie byla založena v Lublinu.	 V 	Lublinu	Lublinská unie byla založena v 	Lublinu	Lublin
Q15911258	Eagulls	Eagulls	Q39121	Leeds	Leeds	Eagulls was founded in Leeds .	Eagulls byla založena v Leeds.	Eagulls byla založena v 	 Společnost Eagulls byla založena v Leedsu.	Eagulls byla založena v Leedsu.	 Společnost Eagulls byla založena v 	Leedsu	Eagulls byla založena v 	Leedsu	Leeds
Q464097	Lhasa de Sela	Lhasa de Sela	Q96	Mexico	Mexiko	Lhasa de Sela was founded in Mexico .	Lhasa de Sela byla založena v Mexiko.	Lhasa de Sela byla založena v 	 Lhasa de Sela byla založena v Mexiku.	Lhasa de Sela byla založena v Mexiku.	 Lhasa de Sela byla založena v 	Mexiku	Lhasa de Sela byla založena v 	Mexiku	Mexico|||Spojené státy mexické
Q543750	Lavazza	Lavazza	Q495	Turin	Turín	Lavazza was founded in Turin .	Lavazza byla založena v Turín.	Lavazza byla založena v 	 Společnost Lavazza byla založena v Turíně.	Lavazza byla založena v Turíně.	 Společnost Lavazza byla založena v 	Turíně	Lavazza byla založena v 	Turíně	Turin
Q2067701	The Qemists	The Qemists	Q131491	Brighton	Brighton	The Qemists was founded in Brighton .	The Qemists byla založena v Brighton.	The Qemists byla založena v 	 Skupina Qemists byla založena v Brightonu.	The Qemists byla založena v Brightonu.	 Skupina Qemists byla založena v 	Brightonu	The Qemists byla založena v 	Brightonu	Brighton
Q4356488	Ultrabeat	Ultrabeat	Q24826	Liverpool	Liverpool	Ultrabeat was founded in Liverpool .	Ultrabeat byla založena v Liverpool.	Ultrabeat byla založena v 	 Společnost Ultrabeat byla založena v Liverpoolu.	Ultrabeat byla založena v Liverpoolu.	 Společnost Ultrabeat byla založena v 	Liverpoolu	Ultrabeat byla založena v 	Liverpoolu	Liverpool
Q58381	Duran Duran	Duran Duran	Q2256	Birmingham	Birmingham	Duran Duran was founded in Birmingham .	Duran Duran byla založena v Birmingham.	Duran Duran byla založena v 	 Skupina Duran Duran byla založena v Birminghamu.	Duran Duran byla založena v Birminghamu.	 Skupina Duran Duran byla založena v 	Birminghamu	Duran Duran byla založena v 	Birminghamu	Birmingham
Q154815	Billy Talent	Billy Talent	Q16	Canada	Kanada	Billy Talent was founded in Canada .	Billy Talent byla založena v Kanada.	Billy Talent byla založena v 	 Společnost Billy Talent byla založena v Kanadě.	Billy Talent byl založen v Kanadě.	 Společnost Billy Talent byla založena v 	Kanadě	Billy Talent byl založen v 	Kanadě	Canada
Q1144015	Spiritualized	Spiritualized	Q623765	Rugby	Rugby	Spiritualized was founded in Rugby .	Spiritualized byla založena v Rugby.	Spiritualized byla založena v 	 Společnost Spiritualized byla založena v Rugby.	Spiritualized byla založena v Rugby.	 Společnost Spiritualized byla založena v 	Rugby	Spiritualized byla založena v 	Rugby	Rugby
Q966846	Rimmel	Rimmel	Q84	London	Londýn	Rimmel was founded in London .	Rimmel byla založena v Londýn.	Rimmel byla založena v 	 Značka Rimmel byla založena v Londýně.	Rimmel byla založena v Londýně.	 Značka Rimmel byla založena v 	Londýně	Rimmel byla založena v 	Londýně	London
Q2177339	Russo-Balt	Russo-Balt	Q1773	Riga	Riga	Russo-Balt was founded in Riga .	Russo-Balt byla založena v Riga.	Russo-Balt byla založena v 	 Společnost Russo-Balt byla založena v Rize.	Russo-Balt byla založena v Rize.	 Společnost Russo-Balt byla založena v 	Rize	Russo-Balt byla založena v 	Rize	Riga
Q587270	Games Workshop	Games Workshop	Q84	London	Londýn	Games Workshop was founded in London .	Games Workshop byla založena v Londýn.	Games Workshop byla založena v 	 Společnost Games Workshop byla založena v Londýně.	Games Workshop byla založena v Londýně.	 Společnost Games Workshop byla založena v 	Londýně	Games Workshop byla založena v 	Londýně	London
Q499071	East Japan Railway Company	JR East	Q1490	Tokyo	prefektura Tokio	East Japan Railway Company was founded in Tokyo .	JR East byla založena v prefektura Tokio.	JR East byla založena v 	 V Tokiu byla založena společnost East Japan Railway Company.	JR East byla založena v Tokiu.	 V Tokiu byla založena společnost 		JR 	East byla založena v Tokiu	Tokyo|||prefektura Tokio|||Tokyo|||Tókjó
Q666697	Primal Scream	Primal Scream	Q4093	Glasgow	Glasgow	Primal Scream was founded in Glasgow .	Primal Scream byla založena v Glasgow.	Primal Scream byla založena v 	 Společnost Primal Scream byla založena v Glasgow.	Primal Scream byla založena v Glasgowě.	 Společnost Primal Scream byla založena v 	Glasgow	Primal Scream byla založena v 	Glasgowě	Glasgow
Q505922	Electrolux	Electrolux	Q1754	Stockholm	Stockholm	Electrolux was founded in Stockholm .	Electrolux byla založena v Stockholm.	Electrolux byla založena v 	Společnost Electrolux byla založena ve Stockholmu.	Electrolux byla založena ve Stockholmu.	Společnost Electrolux byla založena ve 	Stockholmu	Electrolux byla založena ve 	Stockholmu	Stockholm
Q270724	Lykke Li	Lykke Li	Q34	Sweden	Švédsko	Lykke Li was founded in Sweden .	Lykke Li byla založena v Švédsko.	Lykke Li byla založena v 	 Společnost Lykke Li byla založena ve Švédsku.	Lykke Li byla založena ve Švédsku.	 Společnost Lykke Li byla založena ve 	Švédsku	Lykke Li byla založena ve 	Švédsku	Sweden|||Švédské království
Q573266	REWE Group	REWE Group	Q365	Cologne	Kolín nad Rýnem	REWE Group was founded in Cologne .	REWE Group byla založena v Kolín nad Rýnem.	REWE Group byla založena v 	 Skupina REWE byla založena v Kolíně nad Rýnem.	REWE Group byla založena v Kolíně nad Rýnem.	 Skupina REWE byla založena v 	Kolíně nad Rýnem	REWE Group byla založena v 	Kolíně nad Rýnem	Cologne|||Kolín
Q99633	Berliner Verkehrsbetriebe	Berliner Verkehrsbetriebe	Q64	Berlin	Berlín	Berliner Verkehrsbetriebe was founded in Berlin .	Berliner Verkehrsbetriebe byla založena v Berlín.	Berliner Verkehrsbetriebe byla založena v 	 Berliner Verkehrsbetriebe byla založena v Berlíně .	Berliner Verkehrsbetriebe byla založena v Berlíně.	 Berliner Verkehrsbetriebe byla založena v 	Berlíně	Berliner Verkehrsbetriebe byla založena v 	Berlíně	Berlin|||Berlin
Q1327973	The Mighty Mighty Bosstones	Mighty Mighty Bosstones	Q100	Boston	Boston	The Mighty Mighty Bosstones was founded in Boston .	Mighty Mighty Bosstones byla založena v Boston.	Mighty Mighty Bosstones byla založena v 	 Skupina Mighty Mighty Bosstones byla založena v Bostonu.	Mighty Mighty Bosstones byla založena v Bostonu.	 Skupina Mighty Mighty Bosstones byla založena v 	Bostonu	Mighty Mighty Bosstones byla založena v 	Bostonu	Boston
Q2005871	Pitchshifter	Pitchshifter	Q41262	Nottingham	Nottingham	Pitchshifter was founded in Nottingham .	Pitchshifter byla založena v Nottingham.	Pitchshifter byla založena v 	 Společnost Pitchshifter byla založena v Nottinghamu.	Pitchshifter byla založena v Nottinghamu.	 Společnost Pitchshifter byla založena v 	Nottinghamu	Pitchshifter byla založena v 	Nottinghamu	Nottingham
Q381779	Aerosvit Airlines	Aerosvit	Q1899	Kiev	Kyjev	Aerosvit Airlines was founded in Kiev .	Aerosvit byla založena v Kyjev.	Aerosvit byla založena v 	 V Kyjevě byla založena letecká společnost Aerosvit.	Aerosvit byla založena v Kyjevě.	 V 	Kyjevě	Aerosvit byla založena v 	Kyjevě	Kyiv|||Kyjiv|||Kijev
Q194393	SK Slavia Prague	SK Slavia Praha	Q1085	Prague	Praha	SK Slavia Prague was founded in Prague .	SK Slavia Praha byla založena v Praha.	SK Slavia Praha byla založena v 	 V Praze byl založen SK Slavia Praha.	SK Slavia Praha byla založena v Praze.	 V Praze byl založen SK Slavia 	Praha	SK Slavia Praha byla založena v 	Praze	Prague|||okres Praha|||okres Hlavní město Praha|||kraj hlavní město Praha|||hlavní město Praha|||kraj Praha
Q504998	LVMH	LVMH - Moët Hennessy Louis Vuitton	Q90	Paris	Paříž	LVMH was founded in Paris .	LVMH - Moët Hennessy Louis Vuitton byla založena v Paříž.	LVMH - Moët Hennessy Louis Vuitton byla založena v 	 Společnost LVMH byla založena v Paříži.	LVMH byla založena v Paříži.	 Společnost LVMH byla založena v 	Paříži	LVMH byla založena v 	Paříži	Paris|||Paris
Q926799	Strawbs	Strawbs	Q21	England	Anglie	Strawbs was founded in England .	Strawbs byla založena v Anglie.	Strawbs byla založena v 	 Společnost Strawbs byla založena v Anglii.	Strawbs byla založena v Anglii.	 Společnost Strawbs byla založena v 	Anglii	Strawbs byla založena v 	Anglii	England
Q707095	Culcha Candela	Culcha Candela	Q64	Berlin	Berlín	Culcha Candela was founded in Berlin .	Culcha Candela byla založena v Berlín.	Culcha Candela byla založena v 	 Společnost Culcha Candela byla založena v Berlíně.	Culcha Candela byla založena v Berlíně.	 Společnost Culcha Candela byla založena v 	Berlíně	Culcha Candela byla založena v 	Berlíně	Berlin|||Berlin
Q1891322	Sleater-Kinney	Sleater-Kinney	Q42735	Olympia	Olympia	Sleater-Kinney was founded in Olympia .	Sleater-Kinney byla založena v Olympia.	Sleater-Kinney byla založena v 	 Společnost Sleater-Kinney byla založena v Olympii.	Sleater-Kinney byla založena v Olympii.	 Společnost Sleater-Kinney byla založena v 	Olympii	Sleater-Kinney byla založena v 	Olympii	Olympia
Q513712	Pony Canyon	Pony Canyon	Q1490	Tokyo	prefektura Tokio	Pony Canyon was founded in Tokyo .	Pony Canyon byla založena v prefektura Tokio.	Pony Canyon byla založena v 	 Pony Canyon byl založen v Tokiu.	Pony Canyon byla založena v Tokiu.	 Pony Canyon byl založen v 	Tokiu	Pony Canyon byla založena v 	Tokiu	Tokyo|||prefektura Tokio|||Tokyo|||Tókjó
Q498448	Finntroll	Finntroll	Q1757	Helsinki	Helsinky	Finntroll was founded in Helsinki .	Finntroll byla založena v Helsinky.	Finntroll byla založena v 	 Společnost Finntroll byla založena v Helsinkách.	Finntroll byla založena v Helsinkách.	 Společnost Finntroll byla založena v 	Helsinkách	Finntroll byla založena v 	Helsinkách	Helsinki
Q743717	Irrational Games	Irrational Games	Q100	Boston	Boston	Irrational Games was founded in Boston .	Irrational Games byla založena v Boston.	Irrational Games byla založena v 	 Společnost Irrational Games byla založena v Bostonu.	Irrational Games byla založena v Bostonu.	 Společnost Irrational Games byla založena v 	Bostonu	Irrational Games byla založena v 	Bostonu	Boston
Q682520	Transport for London	Transport for London	Q84	London	Londýn	Transport for London was founded in London .	Transport for London byla založena v Londýn.	Transport for London byla založena v 	 V Londýně byla založena společnost Transport for London.	Transport for London byla založena v Londýně.	 V Londýně byla založena společnost Transport for 	London	Transport for London byla založena v 	Londýně	London
Q12009	Ell & Nikki	Ell & Nikki	Q9248	Baku	Baku	Ell & Nikki was founded in Baku .	Ell & Nikki byla založena v Baku.	Ell & Nikki byla založena v 	 Společnost Ell & Nikki byla založena v Baku.	Ell & Nikki byla založena v Baku.	 Společnost Ell & Nikki byla založena v 	Baku	Ell & Nikki byla založena v 	Baku	Baku
Q158895	Helloween	Helloween	Q1055	Hamburg	Hamburk	Helloween was founded in Hamburg .	Helloween byla založena v Hamburk.	Helloween byla založena v 	 Skupina Helloween byla založena v Hamburku.	Helloween byla založena v Hamburku.	 Skupina Helloween byla založena v 	Hamburku	Helloween byla založena v 	Hamburku	Hamburg|||Hamburg
Q5554149	Get Scared	Get Scared	Q52474	Layton	Layton	Get Scared was founded in Layton .	Get Scared byla založena v Layton.	Get Scared byla založena v 	 Společnost Get Scared byla založena v Laytonu.	Get Scared byla založena v Laytonu.	 Společnost Get Scared byla založena v 	Laytonu	Get Scared byla založena v 	Laytonu	Layton
Q1888514	Man Man	Man Man	Q1345	Philadelphia	Filadelfie	Man Man was founded in Philadelphia .	Man Man byla založena v Filadelfie.	Man Man byla založena v 	 Společnost Man Man byla založena ve Filadelfii.	Man Man byla založena ve Filadelfii.	 Společnost Man Man byla založena ve 	Filadelfii	Man Man byla založena ve 	Filadelfii	Philadelphia
Q925641	Echo & the Bunnymen	Echo & the Bunnymen	Q24826	Liverpool	Liverpool	Echo & the Bunnymen was founded in Liverpool .	Echo & the Bunnymen byla založena v Liverpool.	Echo & the Bunnymen byla založena v 	 Skupina Echo & the Bunnymen byla založena v Liverpoolu.	Echo & the Bunnymen byla založena v Liverpoolu.	 Skupina Echo & the Bunnymen byla založena v 	Liverpoolu	Echo & the Bunnymen byla založena v 	Liverpoolu	Liverpool
Q271283	808 State	808 State	Q18125	Manchester	Manchester	808 State was founded in Manchester .	808 State byla založena v Manchester.	808 State byla založena v 	 V Manchesteru byl založen stát 808.	808 State byla založena v Manchesteru.	 V 	Manchesteru	808 State byla založena v 	Manchesteru	Manchester
Q15044938	Tiger Please	Tiger Please	Q10690	Cardiff	Cardiff	Tiger Please was founded in Cardiff .	Tiger Please byla založena v Cardiff.	Tiger Please byla založena v 	Společnost Tiger Please byla založena v Cardiffu.	Tiger Please byla založena v Cardiffu.	Společnost Tiger Please byla založena v 	Cardiffu	Tiger Please byla založena v 	Cardiffu	Cardiff
Q426015	Wizzard	Wizzard	Q2256	Birmingham	Birmingham	Wizzard was founded in Birmingham .	Wizzard byla založena v Birmingham.	Wizzard byla založena v 	 Společnost Wizzard byla založena v Birminghamu.	Wizzard byla založena v Birminghamu.	 Společnost Wizzard byla založena v 	Birminghamu	Wizzard byla založena v 	Birminghamu	Birmingham
Q171240	London Stock Exchange	London Stock Exchange	Q84	London	Londýn	London Stock Exchange was founded in London .	London Stock Exchange byla založena v Londýn.	London Stock Exchange byla založena v 	 V Londýně byla založena Londýnská burza cenných papírů.	London Stock Exchange byla založena v Londýně.	 V 	Londýně	London Stock Exchange byla založena v 	Londýně	London
Q947955	The Residents	The Residents	Q80517	Shreveport	Shreveport	The Residents was founded in Shreveport .	The Residents byla založena v Shreveport.	The Residents byla založena v 	 Skupina The Residents byla založena ve Shreveportu.	The Residents byla založena v Shreveportu.	 Skupina The Residents byla založena ve 	Shreveportu	The Residents byla založena v 	Shreveportu	Shreveport
Q115095	Institut de Droit International	Institut de droit international	Q1296	Ghent	Gent	Institut de Droit International was founded in Ghent .	Institut de droit international byla založena v Gent.	Institut de droit international byla založena v 	 V Gentu byl založen Institut de Droit International.	Institut de droit international byl založen v Gentu.	 V 	Gentu	Institut de droit international byl založen v 	Gentu	Ghent
Q29606	The Stone Roses	The Stone Roses	Q18125	Manchester	Manchester	The Stone Roses was founded in Manchester .	The Stone Roses byla založena v Manchester.	The Stone Roses byla založena v 	 Skupina Stone Roses byla založena v Manchesteru.	The Stone Roses byla založena v Manchesteru.	 Skupina Stone Roses byla založena v 	Manchesteru	The Stone Roses byla založena v 	Manchesteru	Manchester
Q12831	Gossip	Gossip	Q42735	Olympia	Olympia	Gossip was founded in Olympia .	Gossip byla založena v Olympia.	Gossip byla založena v 	 Gossip byl založen v Olympii.	Gossip byla založena v Olympii.	 Gossip byl založen v 	Olympii	Gossip byla založena v 	Olympii	Olympia
Q1472350	Miranda Sex Garden	Miranda Sex Garden	Q84	London	Londýn	Miranda Sex Garden was founded in London .	Miranda Sex Garden byla založena v Londýn.	Miranda Sex Garden byla založena v 	 Miranda Sex Garden byla založena v Londýně.	Miranda Sex Garden byla založena v Londýně.	 Miranda Sex Garden byla založena v 	Londýně	Miranda Sex Garden byla založena v 	Londýně	London
Q741801	Sevendust	Sevendust	Q23556	Atlanta	Atlanta	Sevendust was founded in Atlanta .	Sevendust byla založena v Atlanta.	Sevendust byla založena v 	 Společnost Sevendust byla založena v Atlantě.	Sevendust byla založena v Atlantě.	 Společnost Sevendust byla založena v 	Atlantě	Sevendust byla založena v 	Atlantě	Atlanta
Q271812	Ducati Motor Holding S.p.A.	Ducati	Q1891	Bologna	Bologna	Ducati Motor Holding S.p.A. was founded in Bologna .	Ducati byla založena v Bologna.	Ducati byla založena v 	 Společnost Ducati Motor Holding SpA byla založena v Bologni.	Ducati byla založena v Boloni.	 Společnost Ducati Motor Holding SpA byla založena v 	Bologni	ERROR	ERROR	Bologna|||Boloňa
Q151843	Frankfurt School	Frankfurtská škola	Q1794	Frankfurt am Main	Frankfurt nad Mohanem	Frankfurt School was founded in Frankfurt am Main .	Frankfurtská škola byla založena v Frankfurt nad Mohanem.	Frankfurtská škola byla založena v 	 Frankfurtská škola byla založena ve Frankfurtu nad Mohanem.	Frankfurtská škola byla založena ve Frankfurtu nad Mohanem.	 Frankfurtská škola byla založena ve 	Frankfurtu nad Mohanem	Frankfurtská škola byla založena ve 	Frankfurtu nad Mohanem	Frankfurt|||Frankfurt
Q623459	Silicon Graphics	Silicon Graphics	Q99	California	Kalifornie	Silicon Graphics was founded in California .	Silicon Graphics byla založena v Kalifornie.	Silicon Graphics byla založena v 	 Společnost Silicon Graphics byla založena v Kalifornii.	Silicon Graphics byla založena v Kalifornii.	 Společnost Silicon Graphics byla založena v 	Kalifornii	Silicon Graphics byla založena v 	Kalifornii	California|||California|||State of California
Q247259	Dexys Midnight Runners	Dexys Midnight Runners	Q2256	Birmingham	Birmingham	Dexys Midnight Runners was founded in Birmingham .	Dexys Midnight Runners byla založena v Birmingham.	Dexys Midnight Runners byla založena v 	 Společnost Dexys Midnight Runners byla založena v Birminghamu.	Dexys Midnight Runners byla založena v Birminghamu.	 Společnost Dexys Midnight Runners byla založena v 	Birminghamu	Dexys Midnight Runners byla založena v 	Birminghamu	Birmingham
Q156872	Slade	Slade	Q126269	Wolverhampton	Wolverhampton	Slade was founded in Wolverhampton .	Slade byla založena v Wolverhampton.	Slade byla založena v 	 Společnost Slade byla založena ve Wolverhamptonu.	Slade byla založena ve Wolverhamptonu.	 Společnost Slade byla založena ve 	Wolverhamptonu	Slade byla založena ve 	Wolverhamptonu	Wolverhampton
Q218115	Chanel	Chanel	Q90	Paris	Paříž	Chanel was founded in Paris .	Chanel byla založena v Paříž.	Chanel byla založena v 	 Chanel byla založena v Paříži.	Chanel byla založena v Paříži.	 Chanel byla založena v 	Paříži	Chanel byla založena v 	Paříži	Paris|||Paris
Q2415769	Heyday Films	Heyday Films	Q84	London	Londýn	Heyday Films was founded in London .	Heyday Films byla založena v Londýn.	Heyday Films byla založena v 	 Společnost Heyday Films byla založena v Londýně.	Heyday Films byla založena v Londýně.	 Společnost Heyday Films byla založena v 	Londýně	Heyday Films byla založena v 	Londýně	London
Q117522	Groove Armada	Groove Armada	Q84	London	Londýn	Groove Armada was founded in London .	Groove Armada byla založena v Londýn.	Groove Armada byla založena v 	 Skupina Groove Armada byla založena v Londýně.	Groove Armada byla založena v Londýně.	 Skupina Groove Armada byla založena v 	Londýně	Groove Armada byla založena v 	Londýně	London
Q156391	Steinway & Sons	Steinway & Sons	Q11299	Manhattan	Manhattan	Steinway & Sons was founded in Manhattan .	Steinway & Sons byla založena v Manhattan.	Steinway & Sons byla založena v 	 Společnost Steinway & Sons byla založena na Manhattanu.	Steinway & Sons byl založen v Manhattanu.	 Společnost Steinway & Sons byla založena na 	Manhattanu	Steinway & Sons byl založen v 	Manhattanu	Manhattan|||Manhattan, New York|||Manhattan (New York)
Q485679	The Rasmus	The Rasmus	Q1757	Helsinki	Helsinky	The Rasmus was founded in Helsinki .	The Rasmus byla založena v Helsinky.	The Rasmus byla založena v 	 Rasmus byl založen v Helsinkách.	The Rasmus byla založena v Helsinkách.	 Rasmus byl založen v 	Helsinkách	The Rasmus byla založena v 	Helsinkách	Helsinki
Q872181	scouting	skauting	Q21	England	Anglie	scouting was founded in England .	skauting byla založena v Anglie.	skauting byla založena v 	 Skauting byl založen v Anglii.	Skauting byl založen v Anglii.	 Skauting byl založen v 	Anglii	Skauting byl založen v 	Anglii	England
Q218178	Ensiferum	Ensiferum	Q1757	Helsinki	Helsinky	Ensiferum was founded in Helsinki .	Ensiferum byla založena v Helsinky.	Ensiferum byla založena v 	 Společnost Ensiferum byla založena v Helsinkách.	Ensiferum byla založena v Helsinkách.	 Společnost Ensiferum byla založena v 	Helsinkách	Ensiferum byla založena v 	Helsinkách	Helsinki
Q193697	Sugababes	Sugababes	Q84	London	Londýn	Sugababes was founded in London .	Sugababes byla založena v Londýn.	Sugababes byla založena v 	Skupina Sugababes byla založena v Londýně.	Sugababes byla založena v Londýně.	Skupina Sugababes byla založena v 	Londýně	Sugababes byla založena v 	Londýně	London
Q875920	Tōhō	Tóhó	Q1490	Tokyo	prefektura Tokio	Tōhō was founded in Tokyo .	Tóhó byla založena v prefektura Tokio.	Tóhó byla založena v 	 Společnost Tōhō byla založena v Tokiu.	Tóhó byla založena v Tokiu.	 Společnost Tōhō byla založena v 	Tokiu	Tóhó byla založena v 	Tokiu	Tokyo|||prefektura Tokio|||Tokyo|||Tókjó
Q59179	Vignale	Vignale	Q495	Turin	Turín	Vignale was founded in Turin .	Vignale byla založena v Turín.	Vignale byla založena v 	 Společnost Vignale byla založena v Turíně.	Vignale byla založena v Turíně.	 Společnost Vignale byla založena v 	Turíně	Vignale byla založena v 	Turíně	Turin
Q376035	American Hi-Fi	American Hi-Fi	Q100	Boston	Boston	American Hi-Fi was founded in Boston .	American Hi-Fi byla založena v Boston.	American Hi-Fi byla založena v 	 Společnost American Hi-Fi byla založena v Bostonu.	American Hi-Fi byla založena v Bostonu.	 Společnost American Hi-Fi byla založena v 	Bostonu	American Hi-Fi byla založena v 	Bostonu	Boston
Q1145059	Hellenic Broadcasting Corporation	ERT	Q1524	Athens	Athény	Hellenic Broadcasting Corporation was founded in Athens .	ERT byla založena v Athény.	ERT byla založena v 	 V Aténách byla založena Řecká vysílací společnost.	ERT byla založena v Athénách.	 V 	Aténách	ERT byla založena v 	Athénách	Athens|||Atény
Q593733	National Iranian Oil Company	Národní íránská ropná společnost	Q3616	Tehran	Teherán	National Iranian Oil Company was founded in Tehran .	Národní íránská ropná společnost byla založena v Teherán.	Národní íránská ropná společnost byla založena v 	 V Teheránu byla založena Národní íránská ropná společnost.	Národní íránská ropná společnost byla založena v Teheránu.	 V 	Teheránu	Národní íránská ropná společnost byla založena v 	Teheránu	Tehran
Q1180767	Deacon Blue	Deacon Blue	Q4093	Glasgow	Glasgow	Deacon Blue was founded in Glasgow .	Deacon Blue byla založena v Glasgow.	Deacon Blue byla založena v 	 Společnost Deacon Blue byla založena v Glasgow.	Deacon Blue byla založena v Glasgowě.	 Společnost Deacon Blue byla založena v 	Glasgow	Deacon Blue byla založena v 	Glasgowě	Glasgow
Q182890	Def Leppard	Def Leppard	Q42448	Sheffield	Sheffield	Def Leppard was founded in Sheffield .	Def Leppard byla založena v Sheffield.	Def Leppard byla založena v 	 Skupina Def Leppard byla založena v Sheffieldu.	Def Leppard byla založena v Sheffieldu.	 Skupina Def Leppard byla založena v 	Sheffieldu	Def Leppard byla založena v 	Sheffieldu	Sheffield
Q20153	Girls' Generation	Girls' Generation	Q8684	Seoul	Soul	Girls' Generation was founded in Seoul .	Girls' Generation byla založena v Soul.	Girls' Generation byla založena v 	 Skupina Girls' Generation byla založena v Soulu.	Girls' Generation byla založena v Soulu.	 Skupina Girls' Generation byla založena v 	Soulu	Girls' Generation byla založena v 	Soulu	Seoul
Q912909	The Raconteurs	The Raconteurs	Q12439	Detroit	Detroit	The Raconteurs was founded in Detroit .	The Raconteurs byla založena v Detroit.	The Raconteurs byla založena v 	 Skupina Raconteurs byla založena v Detroitu.	The Raconteurs byla založena v Detroitu.	 Skupina Raconteurs byla založena v 	Detroitu	The Raconteurs byla založena v 	Detroitu	Detroit
Q133405	Bee Gees	Bee Gees	Q18125	Manchester	Manchester	Bee Gees was founded in Manchester .	Bee Gees byla založena v Manchester.	Bee Gees byla založena v 	 Skupina Bee Gees byla založena v Manchesteru.	Bee Gees byla založena v Manchesteru.	 Skupina Bee Gees byla založena v 	Manchesteru	Bee Gees byla založena v 	Manchesteru	Manchester
Q1218180	Nikon	Nikon	Q1490	Tokyo	prefektura Tokio	Nikon was founded in Tokyo .	Nikon byla založena v prefektura Tokio.	Nikon byla založena v 	 Společnost Nikon byla založena v Tokiu.	Nikon byl založen v Tokiu.	 Společnost Nikon byla založena v 	Tokiu	Nikon byl založen v 	Tokiu	Tokyo|||prefektura Tokio|||Tokyo|||Tókjó
Q2834192	Dark Funeral	Dark Funeral	Q1754	Stockholm	Stockholm	Dark Funeral was founded in Stockholm .	Dark Funeral byla založena v Stockholm.	Dark Funeral byla založena v 	 Skupina Dark Funeral byla založena ve Stockholmu.	Dark Funeral byla založena ve Stockholmu.	 Skupina Dark Funeral byla založena ve 	Stockholmu	Dark Funeral byla založena ve 	Stockholmu	Stockholm
Q756704	Cake	Cake	Q18013	Sacramento	Sacramento	Cake was founded in Sacramento .	Cake byla založena v Sacramento.	Cake byla založena v 	 Společnost Cake byla založena v Sacramentu.	Cake byla založena v Sacramentu.	 Společnost Cake byla založena v 	Sacramentu	Cake byla založena v 	Sacramentu	Sacramento
Q141336	Mosfilm	Mosfilm	Q649	Moscow	Moskva	Mosfilm was founded in Moscow .	Mosfilm byla založena v Moskva.	Mosfilm byla založena v 	 V Moskvě byl založen Mosfilm.	Mosfilm byla založena v Moskvě.	 V 	Moskvě	Mosfilm byla založena v 	Moskvě	Moscow|||Москва
Q877512	Hot Chip	Hot Chip	Q84	London	Londýn	Hot Chip was founded in London .	Hot Chip byla založena v Londýn.	Hot Chip byla založena v 	 Společnost Hot Chip byla založena v Londýně.	Hot Chip byla založena v Londýně.	 Společnost Hot Chip byla založena v 	Londýně	Hot Chip byla založena v 	Londýně	London
Q66	Boeing	Boeing	Q5083	Seattle	Seattle	Boeing was founded in Seattle .	Boeing byla založena v Seattle.	Boeing byla založena v 	 Společnost Boeing byla založena v Seattlu.	Boeing byla založena v Seattlu.	 Společnost Boeing byla založena v 	Seattlu	Boeing byla založena v 	Seattlu	Seattle
Q794353	Azure Ray	Azure Ray	Q203263	Athens	Athens	Azure Ray was founded in Athens .	Azure Ray byla založena v Athens.	Azure Ray byla založena v 	 Společnost Azure Ray byla založena v Aténách.	Azure Ray byla založena v Aténách.	ERROR	ERROR	ERROR	ERROR	Athens
Q46573	Lacuna Coil	Lacuna Coil	Q490	Milan	Milán	Lacuna Coil was founded in Milan .	Lacuna Coil byla založena v Milán.	Lacuna Coil byla založena v 	 Společnost Lacuna Coil byla založena v Miláně.	Lacuna Coil byla založena v Miláně.	 Společnost Lacuna Coil byla založena v 	Miláně	Lacuna Coil byla založena v 	Miláně	Milan|||Milano
Q668735	Big Fish Games	Big Fish Games	Q5083	Seattle	Seattle	Big Fish Games was founded in Seattle .	Big Fish Games byla založena v Seattle.	Big Fish Games byla založena v 	 Společnost Big Fish Games byla založena v Seattlu.	Big Fish Games byla založena v Seattlu.	 Společnost Big Fish Games byla založena v 	Seattlu	Big Fish Games byla založena v 	Seattlu	Seattle
Q1102645	Cloud Nothings	Cloud Nothings	Q37320	Cleveland	Cleveland	Cloud Nothings was founded in Cleveland .	Cloud Nothings byla založena v Cleveland.	Cloud Nothings byla založena v 	 Společnost Cloud Nothings byla založena v Clevelandu.	Cloud Nothings byla založena v Clevelandu.	 Společnost Cloud Nothings byla založena v 	Clevelandu	Cloud Nothings byla založena v 	Clevelandu	Cleveland
Q254371	Papa Roach	Papa Roach	Q99	California	Kalifornie	Papa Roach was founded in California .	Papa Roach byla založena v Kalifornie.	Papa Roach byla založena v 	 Značka Papa Roach byla založena v Kalifornii.	Papa Roach byla založena v Kalifornii.	 Značka Papa Roach byla založena v 	Kalifornii	Papa Roach byla založena v 	Kalifornii	California|||California|||State of California
Q172740	Cosworth	Cosworth	Q84	London	Londýn	Cosworth was founded in London .	Cosworth byla založena v Londýn.	Cosworth byla založena v 	 Společnost Cosworth byla založena v Londýně.	Cosworth byla založena v Londýně.	 Společnost Cosworth byla založena v 	Londýně	Cosworth byla založena v 	Londýně	London
Q23471	Lordi	Lordi	Q1757	Helsinki	Helsinky	Lordi was founded in Helsinki .	Lordi byla založena v Helsinky.	Lordi byla založena v 	Společnost Lordi byla založena v Helsinkách.	Lordi byla založena v Helsinkách.	Společnost Lordi byla založena v 	Helsinkách	Lordi byla založena v 	Helsinkách	Helsinki
Q478629	The Dubliners	The Dubliners	Q1761	Dublin	Dublin	The Dubliners was founded in Dublin .	The Dubliners byla založena v Dublin.	The Dubliners byla založena v 	 Skupina The Dubliners byla založena v Dublinu.	The Dubliners byla založena v Dublinu.	 Skupina The Dubliners byla založena v 	Dublinu	The Dubliners byla založena v 	Dublinu	Dublin
Q507269	Bandai Co., Ltd.	Bandai	Q1490	Tokyo	prefektura Tokio	Bandai Co., Ltd. was founded in Tokyo .	Bandai byla založena v prefektura Tokio.	Bandai byla založena v 	 Společnost Bandai Co., Ltd. byla založena v Tokiu.	Bandai byla založena v Tokiu.	 Společnost Bandai Co., Ltd. byla založena v 	Tokiu	Bandai byla založena v 	Tokiu	Tokyo|||prefektura Tokio|||Tokyo|||Tókjó
Q2166634	The Pop Group	The Pop Group	Q23154	Bristol	Bristol	The Pop Group was founded in Bristol .	The Pop Group byla založena v Bristol.	The Pop Group byla založena v 	 Pop Group byla založena v Bristolu.	The Pop Group byla založena v Bristolu.	 Pop Group byla založena v 	Bristolu	The Pop Group byla založena v 	Bristolu	Bristol
Q692631	Revolverheld	Revolverheld	Q1055	Hamburg	Hamburk	Revolverheld was founded in Hamburg .	Revolverheld byla založena v Hamburk.	Revolverheld byla založena v 	 Společnost Revolverheld byla založena v Hamburku.	Revolverheld byla založena v Hamburku.	 Společnost Revolverheld byla založena v 	Hamburku	Revolverheld byla založena v 	Hamburku	Hamburg|||Hamburg
Q389870	Lady A	Lady A	Q23197	Nashville	Nashville	Lady A was founded in Nashville .	Lady A byla založena v Nashville.	Lady A byla založena v 	 Lady A byla založena v Nashvillu.	Lady A byla založena v Nashvillu.	 Lady A byla založena v 	Nashvillu	Lady A byla založena v 	Nashvillu	Nashville
Q128220	The Jezabels	The Jezabels	Q3130	Sydney	Sydney	The Jezabels was founded in Sydney .	The Jezabels byla založena v Sydney.	The Jezabels byla založena v 	 Skupina Jezabels byla založena v Sydney.	The Jezabels byla založena v Sydney.	 Skupina Jezabels byla založena v 	Sydney	The Jezabels byla založena v 	Sydney	Sydney
Q177054	Burger King	Burger King	Q8652	Miami	Miami	Burger King was founded in Miami .	Burger King byla založena v Miami.	Burger King byla založena v 	 Burger King byl založen v Miami.	Burger King byl založen v Miami.	 Burger King byl založen v 	Miami	Burger King byl založen v 	Miami	Miami
Q1550383	Ozric Tentacles	Ozric Tentacles	Q23157	Somerset	Somerset	Ozric Tentacles was founded in Somerset .	Ozric Tentacles byla založena v Somerset.	Ozric Tentacles byla založena v 	 Společnost Ozric Tentacles byla založena v Somersetu.	Ozric Tentacles byla založena v Somerset.	 Společnost Ozric Tentacles byla založena v 	Somersetu	Ozric Tentacles byla založena v 	Somerset	Somerset
Q594855	Sunn O)))	Sunn O)))	Q5083	Seattle	Seattle	Sunn O))) was founded in Seattle .	Sunn O))) byla založena v Seattle.	Sunn O))) byla založena v 	 Společnost Sunn O))) byla založena v Seattlu.	Sunn O))) byla založena v Seattlu.	 Společnost Sunn O))) byla založena v 	Seattlu	Sunn O))) byla založena v 	Seattlu	Seattle
Q3483312	Sidley Austin	Sidley Austin	Q1297	Chicago	Chicago	Sidley Austin was founded in Chicago .	Sidley Austin byla založena v Chicago.	Sidley Austin byla založena v 	 Společnost Sidley Austin byla založena v Chicagu.	Sidley Austin byla založena v Chicagu.	 Společnost Sidley Austin byla založena v 	Chicagu	Sidley Austin byla založena v 	Chicagu	Chicago
Q714491	Marks & Spencer	Marks & Spencer	Q39121	Leeds	Leeds	Marks & Spencer was founded in Leeds .	Marks & Spencer byla založena v Leeds.	Marks & Spencer byla založena v 	 Společnost Marks & Spencer byla založena v Leedsu.	Marks & Spencer byla založena v Leedsu.	 Společnost Marks & Spencer byla založena v 	Leedsu	Marks & Spencer byla založena v 	Leedsu	Leeds
Q25177	Rammstein	Rammstein	Q64	Berlin	Berlín	Rammstein was founded in Berlin .	Rammstein byla založena v Berlín.	Rammstein byla založena v 	 Rammstein byla založena v Berlíně .	Rammstein byla založena v Berlíně.	 Rammstein byla založena v 	Berlíně	Rammstein byla založena v 	Berlíně	Berlin|||Berlin
Q893858	Borknagar	Borknagar	Q26793	Bergen	Bergen	Borknagar was founded in Bergen .	Borknagar byla založena v Bergen.	Borknagar byla založena v 	 Borknagar byl založen v Bergenu.	Borknagar byla založena v Bergenu.	 Borknagar byl založen v 	Bergenu	Borknagar byla založena v 	Bergenu	Bergen
