sub_uri	en_sub_label	sub_label	obj_uri	en_obj_label	obj_label	en_template	template	template_prompt	gt_translation	chatgpt_translation	gt_prompt	gt_infl_object	chatgpt_prompt	chatgpt_infl_object	aliases
Q19837	Steve Jobs	Steve Jobs	Q312	Apple Inc.	Apple	Steve Jobs works for Apple Inc. .	Steve Jobs funguje pro Apple.	Steve Jobs funguje pro 	 Steve Jobs pracuje pro Apple Inc.	Steve Jobs pracuje v Apple.	 Steve Jobs pracuje pro 	Apple	Steve Jobs pracuje v 	Apple	Apple
Q483382	Steve Wozniak	Steve Wozniak	Q312	Apple Inc.	Apple	Steve Wozniak works for Apple Inc. .	Steve Wozniak funguje pro Apple.	Steve Wozniak funguje pro 	 Steve Wozniak pracuje pro Apple Inc.	Steve Wozniak pracuje v Apple.	 Steve Wozniak pracuje pro 	Apple	Steve Wozniak pracuje v 	Apple	Apple
Q162005	Paul G. Allen	Paul Allen	Q2283	Microsoft	Microsoft	Paul G. Allen works for Microsoft .	Paul Allen funguje pro Microsoft.	Paul Allen funguje pro 	 Paul G. Allen pracuje pro Microsoft.	Paul Allen pracuje v Microsoftu.	 Paul G. Allen pracuje pro 	Microsoft	Paul Allen pracuje v 	Microsoftu	Microsoft|||MS
Q7426870	Satya Nadella	Satya Nadella	Q2283	Microsoft	Microsoft	Satya Nadella works for Microsoft .	Satya Nadella funguje pro Microsoft.	Satya Nadella funguje pro 	 Satya Nadella pracuje pro Microsoft.	Satya Nadella pracuje v Microsoftu.	 Satya Nadella pracuje pro 	Microsoft	Satya Nadella pracuje v 	Microsoftu	Microsoft|||MS
Q1942003	Jeremy Paxman	Jeremy Paxman	Q9531	British Broadcasting Corporation	BBC	Jeremy Paxman works for British Broadcasting Corporation .	Jeremy Paxman funguje pro BBC.	Jeremy Paxman funguje pro 	 Jeremy Paxman pracuje pro British Broadcasting Corporation.	Jeremy Paxman pracuje v BBC.	ERROR	ERROR	Jeremy Paxman pracuje v 	BBC	BBC|||British Broadcasting Corporation
Q5284	Bill Gates	Bill Gates	Q2283	Microsoft	Microsoft	Bill Gates works for Microsoft .	Bill Gates funguje pro Microsoft.	Bill Gates funguje pro 	 Bill Gates pracuje pro Microsoft.	Bill Gates pracuje v Microsoftu.	 Bill Gates pracuje pro 	Microsoft	Bill Gates pracuje v 	Microsoftu	Microsoft|||MS
Q181162	Steve Ballmer	Steve Ballmer	Q2283	Microsoft	Microsoft	Steve Ballmer works for Microsoft .	Steve Ballmer funguje pro Microsoft.	Steve Ballmer funguje pro 	 Steve Ballmer pracuje pro Microsoft.	Steve Ballmer pracuje v Microsoftu.	 Steve Ballmer pracuje pro 	Microsoft	Steve Ballmer pracuje v 	Microsoftu	Microsoft|||MS
Q14086	Marissa Mayer	Marissa Mayer	Q95	Google	Google	Marissa Mayer works for Google .	Marissa Mayer funguje pro Google.	Marissa Mayer funguje pro 	 Marissa Mayer pracuje pro Google.	Marissa Mayer pracuje v Google.	 Marissa Mayer pracuje pro 	Google	Marissa Mayer pracuje v 	Google	Google|||Google Inc.|||Google LLC
Q558130	Dave Hyatt	Dave Hyatt	Q312	Apple Inc.	Apple	Dave Hyatt works for Apple Inc. .	Dave Hyatt funguje pro Apple.	Dave Hyatt funguje pro 	 Dave Hyatt pracuje pro Apple Inc.	Dave Hyatt pracuje v Apple.	 Dave Hyatt pracuje pro 	Apple	Dave Hyatt pracuje v 	Apple	Apple
Q76766	Gerd Binnig	Gerd Binnig	Q37156	IBM	IBM	Gerd Binnig works for IBM .	Gerd Binnig funguje pro IBM.	Gerd Binnig funguje pro 	 Gerd Binnig pracuje pro IBM.	Gerd Binnig pracuje v IBM.	 Gerd Binnig pracuje pro 	IBM	Gerd Binnig pracuje v 	IBM	IBM|||International Business Machines Corporation|||Big Blue|||Velká modrá
Q123029	Heinrich Rohrer	Heinrich Rohrer	Q37156	IBM	IBM	Heinrich Rohrer works for IBM .	Heinrich Rohrer funguje pro IBM.	Heinrich Rohrer funguje pro 	 Heinrich Rohrer pracuje pro IBM.	Heinrich Rohrer pracuje v IBM.	 Heinrich Rohrer pracuje pro 	IBM	Heinrich Rohrer pracuje v 	IBM	IBM|||International Business Machines Corporation|||Big Blue|||Velká modrá
Q316013	Satoru Iwata	Satoru Iwata	Q8093	Nintendo	Nintendo	Satoru Iwata works for Nintendo .	Satoru Iwata funguje pro Nintendo.	Satoru Iwata funguje pro 	 Satoru Iwata pracuje pro Nintendo.	Satoru Iwata pracuje v Nintendo.	 Satoru Iwata pracuje pro 	Nintendo	Satoru Iwata pracuje v 	Nintendo	Nintendo
Q216160	Jeremy Clarkson	Jeremy Clarkson	Q9531	British Broadcasting Corporation	BBC	Jeremy Clarkson works for British Broadcasting Corporation .	Jeremy Clarkson funguje pro BBC.	Jeremy Clarkson funguje pro 	 Jeremy Clarkson pracuje pro British Broadcasting Corporation.	Jeremy Clarkson pracuje v BBC.	ERROR	ERROR	Jeremy Clarkson pracuje v 	BBC	BBC|||British Broadcasting Corporation
Q270648	P. D. James	P. D. Jamesová	Q9531	British Broadcasting Corporation	BBC	P. D. James works for British Broadcasting Corporation .	P. D. Jamesová funguje pro BBC.	P. D. Jamesová funguje pro 	 PD James pracuje pro British Broadcasting Corporation.	P. D. Jamesová pracuje v BBC.	ERROR	ERROR	P. D. Jamesová pracuje v 	BBC	BBC|||British Broadcasting Corporation
Q349069	Adam Curtis	Adam Curtis	Q9531	British Broadcasting Corporation	BBC	Adam Curtis works for British Broadcasting Corporation .	Adam Curtis funguje pro BBC.	Adam Curtis funguje pro 	 Adam Curtis pracuje pro British Broadcasting Corporation.	Adam Curtis pracuje v BBC.	ERROR	ERROR	Adam Curtis pracuje v 	BBC	BBC|||British Broadcasting Corporation
Q55238	Ken Loach	Ken Loach	Q9531	British Broadcasting Corporation	BBC	Ken Loach works for British Broadcasting Corporation .	Ken Loach funguje pro BBC.	Ken Loach funguje pro 	 Ken Loach pracuje pro British Broadcasting Corporation.	Ken Loach pracuje v BBC.	ERROR	ERROR	Ken Loach pracuje v 	BBC	BBC|||British Broadcasting Corporation
Q49819	Charles Simonyi	Charles Simonyi	Q2283	Microsoft	Microsoft	Charles Simonyi works for Microsoft .	Charles Simonyi funguje pro Microsoft.	Charles Simonyi funguje pro 	 Charles Simonyi pracuje pro Microsoft.	Charles Simonyi pracuje v Microsoftu.	 Charles Simonyi pracuje pro 	Microsoft	Charles Simonyi pracuje v 	Microsoftu	Microsoft|||MS
Q182408	Glenda Jackson	Glenda Jacksonová	Q9531	British Broadcasting Corporation	BBC	Glenda Jackson works for British Broadcasting Corporation .	Glenda Jacksonová funguje pro BBC.	Glenda Jacksonová funguje pro 	 Glenda Jackson pracuje pro British Broadcasting Corporation.	Glenda Jacksonová pracuje v BBC.	ERROR	ERROR	Glenda Jacksonová pracuje v 	BBC	BBC|||British Broadcasting Corporation
Q380865	David Frost	David Frost	Q9531	British Broadcasting Corporation	BBC	David Frost works for British Broadcasting Corporation .	David Frost funguje pro BBC.	David Frost funguje pro 	 David Frost pracuje pro British Broadcasting Corporation.	David Frost pracuje v BBC.	ERROR	ERROR	David Frost pracuje v 	BBC	BBC|||British Broadcasting Corporation
Q5623430	Gwen Ifill	Gwen Ifill	Q215616	PBS	PBS	Gwen Ifill works for PBS .	Gwen Ifill funguje pro PBS.	Gwen Ifill funguje pro 	 Gwen Ifill pracuje pro PBS.	Gwen Ifill pracuje v PBS.	 Gwen Ifill pracuje pro 	PBS	Gwen Ifill pracuje v 	PBS	PBS
Q3398699	Ernie Wise	Ernie Wise	Q9531	British Broadcasting Corporation	BBC	Ernie Wise works for British Broadcasting Corporation .	Ernie Wise funguje pro BBC.	Ernie Wise funguje pro 	Ernie Wise pracuje pro British Broadcasting Corporation.	Ernie Wise pracuje v BBC.	ERROR	ERROR	Ernie Wise pracuje v 	BBC	BBC|||British Broadcasting Corporation
Q2514	Willy Brandt	Willy Brandt	Q64	Berlin	Berlín	Willy Brandt works for Berlin .	Willy Brandt funguje pro Berlín.	Willy Brandt funguje pro 	 Willy Brandt pracuje pro Berlín.	Willy Brandt pracuje v Berlíně.	 Willy Brandt pracuje pro 	Berlín	Willy Brandt pracuje v 	Berlíně	Berlin|||Berlin
Q14086	Marissa Mayer	Marissa Mayer	Q37093	Yahoo	Yahoo!	Marissa Mayer works for Yahoo .	Marissa Mayer funguje pro Yahoo!.	Marissa Mayer funguje pro 	 Marissa Mayer pracuje pro Yahoo.	Marissa Mayer pracuje v Yahoo!.	ERROR	ERROR	Marissa Mayer pracuje v 	Yahoo!	Yahoo!|||Yahoo.com
Q110294	Jan Pieterszoon Sweelinck	Jan Pietrszoon Sweelinck	Q727	Amsterdam	Amsterdam	Jan Pieterszoon Sweelinck works for Amsterdam .	Jan Pietrszoon Sweelinck funguje pro Amsterdam.	Jan Pietrszoon Sweelinck funguje pro 	 Jan Pieterszoon Sweelinck pracuje pro Amsterdam.	Jan Pieterszoon Sweelinck pracuje v Amsterdamu.	 Jan Pieterszoon Sweelinck pracuje pro 	Amsterdam	Jan Pieterszoon Sweelinck pracuje v 	Amsterdamu	Amsterdam|||Amsterodam
Q62890	Gene Amdahl	Gene Amdahl	Q37156	IBM	IBM	Gene Amdahl works for IBM .	Gene Amdahl funguje pro IBM.	Gene Amdahl funguje pro 	 Gene Amdahl pracuje pro IBM.	Gene Amdahl pracuje v IBM.	 Gene Amdahl pracuje pro 	IBM	Gene Amdahl pracuje v 	IBM	IBM|||International Business Machines Corporation|||Big Blue|||Velká modrá
Q313908	Geert Hofstede	Geert Hofstede	Q37156	IBM	IBM	Geert Hofstede works for IBM .	Geert Hofstede funguje pro IBM.	Geert Hofstede funguje pro 	 Geert Hofstede pracuje pro IBM.	Geert Hofstede pracuje v IBM.	 Geert Hofstede pracuje pro 	IBM	Geert Hofstede pracuje v 	IBM	IBM|||International Business Machines Corporation|||Big Blue|||Velká modrá
Q14798562	Margarita Luti	Margherita Luti	Q5597	Raphael	Rafael Santi	Margarita Luti works for Raphael .	Margherita Luti funguje pro Rafael Santi.	Margherita Luti funguje pro 	 Margarita Luti pracuje pro Raphaela.	Translation: Margherita Luti pracuje u Rafaela Sanzi.	ERROR	ERROR	Translation: Margherita Luti pracuje u 	Rafaela Sanzi	Raphael|||Raphael|||Rafael'|||Raffaello Sanzio|||Raffaello Santi|||Raffael Santi
Q861110	Shane McMahon	Shane McMahon	Q35339	WWE	World Wrestling Entertainment	Shane McMahon works for WWE .	Shane McMahon funguje pro World Wrestling Entertainment.	Shane McMahon funguje pro 	 Shane McMahon pracuje pro WWE.	Shane McMahon pracuje ve World Wrestling Entertainment.	ERROR	ERROR	Shane McMahon pracuje ve 	World Wrestling Entertainment	WWE
Q325487	Mike Wallace	Mike Wallace	Q43380	CBS	CBS	Mike Wallace works for CBS .	Mike Wallace funguje pro CBS.	Mike Wallace funguje pro 	 Mike Wallace pracuje pro CBS.	Mike Wallace pracuje v CBS.	 Mike Wallace pracuje pro 	CBS	Mike Wallace pracuje v 	CBS	CBS|||Columbia Broadcasting System
Q4758108	Andrew Neil	Andrew Neil	Q9531	British Broadcasting Corporation	BBC	Andrew Neil works for British Broadcasting Corporation .	Andrew Neil funguje pro BBC.	Andrew Neil funguje pro 	 Andrew Neil pracuje pro British Broadcasting Corporation.	Andrew Neil pracuje v BBC.	ERROR	ERROR	Andrew Neil pracuje v 	BBC	BBC|||British Broadcasting Corporation
Q12382	Shigeru Miyamoto	Šigeru Mijamoto	Q8093	Nintendo	Nintendo	Shigeru Miyamoto works for Nintendo .	Šigeru Mijamoto funguje pro Nintendo.	Šigeru Mijamoto funguje pro 	 Shigeru Miyamoto pracuje pro Nintendo.	Šigeru Mijamoto pracuje v Nintendo.	 Shigeru Miyamoto pracuje pro 	Nintendo	Šigeru Mijamoto pracuje v 	Nintendo	Nintendo
Q44567	Triple H	Triple H	Q35339	WWE	World Wrestling Entertainment	Triple H works for WWE .	Triple H funguje pro World Wrestling Entertainment.	Triple H funguje pro 	 Triple H funguje pro WWE.	Translation: Triple H pracuje ve World Wrestling Entertainment.	ERROR	ERROR	Translation: Triple H pracuje ve 	World Wrestling Entertainment	WWE
Q95452	Klaus Tschira	Klaus Tschira	Q37156	IBM	IBM	Klaus Tschira works for IBM .	Klaus Tschira funguje pro IBM.	Klaus Tschira funguje pro 	 Klaus Tschira pracuje pro IBM.	Klaus Tschira pracuje v IBM.	 Klaus Tschira pracuje pro 	IBM	Klaus Tschira pracuje v 	IBM	IBM|||International Business Machines Corporation|||Big Blue|||Velká modrá
Q313697	Ross Perot	Ross Perot	Q37156	IBM	IBM	Ross Perot works for IBM .	Ross Perot funguje pro IBM.	Ross Perot funguje pro 	 Ross Perot pracuje pro IBM.	Ross Perot pracuje v IBM.	 Ross Perot pracuje pro 	IBM	Ross Perot pracuje v 	IBM	IBM|||International Business Machines Corporation|||Big Blue|||Velká modrá
Q265852	Tim Cook	Tim Cook	Q312	Apple Inc.	Apple	Tim Cook works for Apple Inc. .	Tim Cook funguje pro Apple.	Tim Cook funguje pro 	 Tim Cook pracuje pro Apple Inc.	Tim Cook pracuje v Apple.	 Tim Cook pracuje pro 	Apple	Tim Cook pracuje v 	Apple	Apple
Q646929	Armando Iannucci	Armando Iannucci	Q9531	British Broadcasting Corporation	BBC	Armando Iannucci works for British Broadcasting Corporation .	Armando Iannucci funguje pro BBC.	Armando Iannucci funguje pro 	 Armando Iannucci pracuje pro British Broadcasting Corporation.	Armando Iannucci pracuje v BBC.	ERROR	ERROR	Armando Iannucci pracuje v 	BBC	BBC|||British Broadcasting Corporation
Q52680	Matthew Pinsent	Matthew Pinsent	Q9531	British Broadcasting Corporation	BBC	Matthew Pinsent works for British Broadcasting Corporation .	Matthew Pinsent funguje pro BBC.	Matthew Pinsent funguje pro 	 Matthew Pinsent pracuje pro British Broadcasting Corporation.	Matthew Pinsent pracuje v BBC.	ERROR	ERROR	Matthew Pinsent pracuje v 	BBC	BBC|||British Broadcasting Corporation
Q92600	Alexey Pajitnov	Alexej Pažitnov	Q2283	Microsoft	Microsoft	Alexey Pajitnov works for Microsoft .	Alexej Pažitnov funguje pro Microsoft.	Alexej Pažitnov funguje pro 	 Alexey Pajitnov pracuje pro Microsoft.	Alexej Pažitnov pracuje v Microsoftu.	 Alexey Pajitnov pracuje pro 	Microsoft	Alexej Pažitnov pracuje v 	Microsoftu	Microsoft|||MS
Q702921	Chris Bangle	Chris Bangle	Q26678	BMW	BMW	Chris Bangle works for BMW .	Chris Bangle funguje pro BMW.	Chris Bangle funguje pro 	 Chris Bangle pracuje pro BMW.	Chris Bangle pracuje v BMW.	 Chris Bangle pracuje pro 	BMW	Chris Bangle pracuje v 	BMW	BMW|||BMW AG|||BMW Group
Q14945635	Ned Sherrin	Ned Sherrin	Q9531	British Broadcasting Corporation	BBC	Ned Sherrin works for British Broadcasting Corporation .	Ned Sherrin funguje pro BBC.	Ned Sherrin funguje pro 	 Ned Sherrin pracuje pro British Broadcasting Corporation.	Ned Sherrin pracuje v BBC.	ERROR	ERROR	Ned Sherrin pracuje v 	BBC	BBC|||British Broadcasting Corporation
Q155914	Peter Simon Pallas	Peter Simon Pallas	Q159	Russia	Rusko	Peter Simon Pallas works for Russia .	Peter Simon Pallas funguje pro Rusko.	Peter Simon Pallas funguje pro 	 Peter Simon Pallas pracuje pro Rusko.	Peter Simon Pallas pracuje v Rusku.	 Peter Simon Pallas pracuje pro 	Rusko	Peter Simon Pallas pracuje v 	Rusku	Russia|||Ruská federace|||RF
Q192912	Stephen Fry	Stephen Fry	Q9531	British Broadcasting Corporation	BBC	Stephen Fry works for British Broadcasting Corporation .	Stephen Fry funguje pro BBC.	Stephen Fry funguje pro 	 Stephen Fry pracuje pro British Broadcasting Corporation.	Stephen Fry pracuje v BBC.	ERROR	ERROR	Stephen Fry pracuje v 	BBC	BBC|||British Broadcasting Corporation
Q3040082	Jim Allchin	James Allchin	Q2283	Microsoft	Microsoft	Jim Allchin works for Microsoft .	James Allchin funguje pro Microsoft.	James Allchin funguje pro 	Jim Allchin pracuje pro Microsoft.	James Allchin pracuje v Microsoftu.	Jim Allchin pracuje pro 	Microsoft	James Allchin pracuje v 	Microsoftu	Microsoft|||MS
Q5568842	Glenn Greenwald	Glenn Greenwald	Q1150423	Salon	Salon	Glenn Greenwald works for Salon .	Glenn Greenwald funguje pro Salon.	Glenn Greenwald funguje pro 	 Glenn Greenwald pracuje pro Salon.	Glenn Greenwald pracuje v Salon.	 Glenn Greenwald pracuje pro 	Salon	Glenn Greenwald pracuje v 	Salon	Salon.com
Q435716	Thomas J. Watson	Thomas J. Watson	Q37156	IBM	IBM	Thomas J. Watson works for IBM .	Thomas J. Watson funguje pro IBM.	Thomas J. Watson funguje pro 	 Thomas J. Watson pracuje pro IBM.	Thomas J. Watson pracuje v IBM.	 Thomas J. Watson pracuje pro 	IBM	Thomas J. Watson pracuje v 	IBM	IBM|||International Business Machines Corporation|||Big Blue|||Velká modrá
Q34943	Ptolemy	Klaudios Ptolemaios	Q87	Alexandria	Alexandrie	Ptolemy works for Alexandria .	Klaudios Ptolemaios funguje pro Alexandrie.	Klaudios Ptolemaios funguje pro 	 Ptolemaios pracuje pro Alexandrii.	Klaudios Ptolemaios pracuje v Alexandrii.	 Ptolemaios pracuje pro 	Alexandrii	Klaudios Ptolemaios pracuje v 	Alexandrii	Alexandria
Q1849861	Aled Jones	Aled Jones	Q9531	British Broadcasting Corporation	BBC	Aled Jones works for British Broadcasting Corporation .	Aled Jones funguje pro BBC.	Aled Jones funguje pro 	 Aled Jones pracuje pro British Broadcasting Corporation.	Aled Jones pracuje v BBC.	ERROR	ERROR	Aled Jones pracuje v 	BBC	BBC|||British Broadcasting Corporation
Q3395525	Jo Brand	Jo Brandová	Q9531	British Broadcasting Corporation	BBC	Jo Brand works for British Broadcasting Corporation .	Jo Brandová funguje pro BBC.	Jo Brandová funguje pro 	 Jo Brand pracuje pro British Broadcasting Corporation.	Jo Brandová pracuje v BBC.	ERROR	ERROR	Jo Brandová pracuje v 	BBC	BBC|||British Broadcasting Corporation
Q507574	Scott Mills	Scott Mills	Q9531	British Broadcasting Corporation	BBC	Scott Mills works for British Broadcasting Corporation .	Scott Mills funguje pro BBC.	Scott Mills funguje pro 	 Scott Mills pracuje pro British Broadcasting Corporation.	Scott Mills pracuje v BBC.	ERROR	ERROR	Scott Mills pracuje v 	BBC	BBC|||British Broadcasting Corporation
Q3503829	Sundar Pichai	Sundar Pichai	Q95	Google	Google	Sundar Pichai works for Google .	Sundar Pichai funguje pro Google.	Sundar Pichai funguje pro 	 Sundar Pichai pracuje pro Google.	Sundar Pichai pracuje v Google.	 Sundar Pichai pracuje pro 	Google	Sundar Pichai pracuje v 	Google	Google|||Google Inc.|||Google LLC
Q5236967	David M. Thompson	David M. Thompson	Q9531	British Broadcasting Corporation	BBC	David M. Thompson works for British Broadcasting Corporation .	David M. Thompson funguje pro BBC.	David M. Thompson funguje pro 	 David M. Thompson pracuje pro British Broadcasting Corporation.	David M. Thompson pracuje v BBC.	ERROR	ERROR	David M. Thompson pracuje v 	BBC	BBC|||British Broadcasting Corporation
Q529233	Angela Ahrendts	Angela Ahrendts	Q312	Apple Inc.	Apple	Angela Ahrendts works for Apple Inc. .	Angela Ahrendts funguje pro Apple.	Angela Ahrendts funguje pro 	 Angela Ahrendts pracuje pro Apple Inc.	Angela Ahrendts pracuje v Apple.	 Angela Ahrendts pracuje pro 	Apple	Angela Ahrendts pracuje v 	Apple	Apple
Q3507045	Ian Hickson	Ian Hickson	Q95	Google	Google	Ian Hickson works for Google .	Ian Hickson funguje pro Google.	Ian Hickson funguje pro 	 Ian Hickson pracuje pro Google.	Ian Hickson pracuje v Google.	 Ian Hickson pracuje pro 	Google	Ian Hickson pracuje v 	Google	Google|||Google Inc.|||Google LLC
Q3047191	Ed Logg	Ed Logg	Q207922	Atari	Atari	Ed Logg works for Atari .	Ed Logg funguje pro Atari.	Ed Logg funguje pro 	 Ed Logg pracuje pro Atari.	Ed Logg pracuje v Atari.	 Ed Logg pracuje pro 	Atari	Ed Logg pracuje v 	Atari	Atari|||Atari Corporation
Q42	Douglas Adams	Douglas Adams	Q9531	British Broadcasting Corporation	BBC	Douglas Adams works for British Broadcasting Corporation .	Douglas Adams funguje pro BBC.	Douglas Adams funguje pro 	 Douglas Adams pracuje pro British Broadcasting Corporation.	Douglas Adams pracuje v BBC.	ERROR	ERROR	Douglas Adams pracuje v 	BBC	BBC|||British Broadcasting Corporation
Q1174689	David Hatch	David Hatch	Q9531	British Broadcasting Corporation	BBC	David Hatch works for British Broadcasting Corporation .	David Hatch funguje pro BBC.	David Hatch funguje pro 	 David Hatch pracuje pro British Broadcasting Corporation.	David Hatch pracuje v BBC.	ERROR	ERROR	David Hatch pracuje v 	BBC	BBC|||British Broadcasting Corporation
Q6114554	Jack Pease, 1st Baron Gainford	Jack Pease	Q9531	British Broadcasting Corporation	BBC	Jack Pease, 1st Baron Gainford works for British Broadcasting Corporation .	Jack Pease funguje pro BBC.	Jack Pease funguje pro 	 Jack Pease, 1. baron Gainford pracuje pro British Broadcasting Corporation.	Jack Pease pracuje v BBC.	ERROR	ERROR	Jack Pease pracuje v 	BBC	BBC|||British Broadcasting Corporation
Q239774	Sue Barker	Sue Barkerová	Q9531	British Broadcasting Corporation	BBC	Sue Barker works for British Broadcasting Corporation .	Sue Barkerová funguje pro BBC.	Sue Barkerová funguje pro 	 Sue Barker pracuje pro British Broadcasting Corporation.	Sue Barkerová pracuje v BBC.	ERROR	ERROR	Sue Barkerová pracuje v 	BBC	BBC|||British Broadcasting Corporation
Q30942	Guido van Rossum	Guido van Rossum	Q95	Google	Google	Guido van Rossum works for Google .	Guido van Rossum funguje pro Google.	Guido van Rossum funguje pro 	 Guido van Rossum pracuje pro Google.	Guido van Rossum pracuje v Google.	 Guido van Rossum pracuje pro 	Google	Guido van Rossum pracuje v 	Google	Google|||Google Inc.|||Google LLC
Q557305	Phil Knight	Phil Knight	Q483915	Nike	Nike	Phil Knight works for Nike .	Phil Knight funguje pro Nike.	Phil Knight funguje pro 	 Phil Knight pracuje pro Nike.	Phil Knight pracuje v Nike.	 Phil Knight pracuje pro 	Nike	Phil Knight pracuje v 	Nike	Nike|||Nike, Inc.
Q7171832	Pete Atkin	Pete Atkin	Q9531	British Broadcasting Corporation	BBC	Pete Atkin works for British Broadcasting Corporation .	Pete Atkin funguje pro BBC.	Pete Atkin funguje pro 	 Pete Atkin pracuje pro British Broadcasting Corporation.	Pete Atkin pracuje v BBC.	ERROR	ERROR	Pete Atkin pracuje v 	BBC	BBC|||British Broadcasting Corporation
Q173175	Eddie Jordan	Eddie Jordan	Q9531	British Broadcasting Corporation	BBC	Eddie Jordan works for British Broadcasting Corporation .	Eddie Jordan funguje pro BBC.	Eddie Jordan funguje pro 	Eddie Jordan pracuje pro British Broadcasting Corporation.	Eddie Jordan pracuje v BBC.	ERROR	ERROR	Eddie Jordan pracuje v 	BBC	BBC|||British Broadcasting Corporation
Q57660	John Rabe	John Rabe	Q81230	Siemens	Siemens	John Rabe works for Siemens .	John Rabe funguje pro Siemens.	John Rabe funguje pro 	 John Rabe pracuje pro Siemens.	John Rabe pracuje v Siemensu.	 John Rabe pracuje pro 	Siemens	John Rabe pracuje v 	Siemensu	Siemens|||Siemens AG
Q230744	Anna Wintour	Anna Wintourová	Q154008	Vogue	Vogue	Anna Wintour works for Vogue .	Anna Wintourová funguje pro Vogue.	Anna Wintourová funguje pro 	 Anna Wintour pracuje pro Vogue.	Anna Wintourová pracuje ve Vogue.	 Anna Wintour pracuje pro 	Vogue	Anna Wintourová pracuje ve 	Vogue	Vogue
Q350165	Simon Brett	Simon Brett	Q9531	British Broadcasting Corporation	BBC	Simon Brett works for British Broadcasting Corporation .	Simon Brett funguje pro BBC.	Simon Brett funguje pro 	 Simon Brett pracuje pro British Broadcasting Corporation.	Simon Brett pracuje v BBC.	ERROR	ERROR	Simon Brett pracuje v 	BBC	BBC|||British Broadcasting Corporation
Q230850	Irina Bokova	Irina Bokovová	Q7809	UNESCO	UNESCO	Irina Bokova works for UNESCO .	Irina Bokovová funguje pro UNESCO.	Irina Bokovová funguje pro 	 Irina Bokova pracuje pro UNESCO .	Irina Bokovová pracuje v UNESCO.	 Irina Bokova pracuje pro 	UNESCO	Irina Bokovová pracuje v 	UNESCO	UNESCO
Q336520	Alan Sugar	Alan Sugar	Q9531	British Broadcasting Corporation	BBC	Alan Sugar works for British Broadcasting Corporation .	Alan Sugar funguje pro BBC.	Alan Sugar funguje pro 	 Alan Sugar pracuje pro British Broadcasting Corporation.	Alan Sugar pracuje v BBC.	ERROR	ERROR	Alan Sugar pracuje v 	BBC	BBC|||British Broadcasting Corporation
Q236804	Lionel Messi	Elizabeth Carolan	Q35339	WWE	World Wrestling Entertainment	Lionel Messi works for WWE .	Elizabeth Carolan funguje pro World Wrestling Entertainment.	Elizabeth Carolan funguje pro 	 Lionel Messi pracuje pro WWE.	Translation: Lionel Messi pracuje ve World Wrestling Entertainment.	ERROR	ERROR	Translation: Lionel Messi pracuje ve 	World Wrestling Entertainment	WWE
Q517764	Rob Pike	Rob Pike	Q95	Google	Google	Rob Pike works for Google .	Rob Pike funguje pro Google.	Rob Pike funguje pro 	 Rob Pike pracuje pro Google.	Rob Pike pracuje v Google.	 Rob Pike pracuje pro 	Google	Rob Pike pracuje v 	Google	Google|||Google Inc.|||Google LLC
Q92740	Jef Raskin	Jef Raskin	Q312	Apple Inc.	Apple	Jef Raskin works for Apple Inc. .	Jef Raskin funguje pro Apple.	Jef Raskin funguje pro 	 Jef Raskin pracuje pro Apple Inc.	Jef Raskin pracuje v Apple.	 Jef Raskin pracuje pro 	Apple	Jef Raskin pracuje v 	Apple	Apple
Q47778	Gary Lineker	Gary Lineker	Q9531	British Broadcasting Corporation	BBC	Gary Lineker works for British Broadcasting Corporation .	Gary Lineker funguje pro BBC.	Gary Lineker funguje pro 	 Gary Lineker pracuje pro British Broadcasting Corporation.	Gary Lineker pracuje v BBC.	ERROR	ERROR	Gary Lineker pracuje v 	BBC	BBC|||British Broadcasting Corporation
Q702921	Chris Bangle	Chris Bangle	Q27597	Fiat	Fiat	Chris Bangle works for Fiat .	Chris Bangle funguje pro Fiat.	Chris Bangle funguje pro 	 Chris Bangle pracuje pro Fiat.	Chris Bangle pracuje ve Fiatu.	 Chris Bangle pracuje pro 	Fiat	Chris Bangle pracuje ve 	Fiatu	Fiat
Q48971	Susan Kare	Susan Kare	Q312	Apple Inc.	Apple	Susan Kare works for Apple Inc. .	Susan Kare funguje pro Apple.	Susan Kare funguje pro 	 Susan Kare pracuje pro Apple Inc.	Susan Kare pracuje v Apple.	 Susan Kare pracuje pro 	Apple	Susan Kare pracuje v 	Apple	Apple
Q29024	Esko Aho	Esko Aho	Q1418	Nokia	Nokia	Esko Aho works for Nokia .	Esko Aho funguje pro Nokia.	Esko Aho funguje pro 	 Esko Aho pracuje pro Nokii.	Esko Aho pracuje v Nokii.	 Esko Aho pracuje pro 	Nokii	Esko Aho pracuje v 	Nokii	Nokia|||Nokia (firma)
Q2514	Willy Brandt	Willy Brandt	Q183	Germany	Německo	Willy Brandt works for Germany .	Willy Brandt funguje pro Německo.	Willy Brandt funguje pro 	 Willy Brandt pracuje pro Německo.	Willy Brandt pracuje v Německu.	 Willy Brandt pracuje pro 	Německo	Willy Brandt pracuje v 	Německu	Germany|||Spolková republika Německo|||SRN|||NSR|||BRD
Q6735137	Mai Jones	Mai Jones	Q9531	British Broadcasting Corporation	BBC	Mai Jones works for British Broadcasting Corporation .	Mai Jones funguje pro BBC.	Mai Jones funguje pro 	 Mai Jones pracuje pro British Broadcasting Corporation.	Mai Jones pracuje v BBC.	ERROR	ERROR	Mai Jones pracuje v 	BBC	BBC|||British Broadcasting Corporation
Q618558	Craig Federighi	Craig Federighi	Q312	Apple Inc.	Apple	Craig Federighi works for Apple Inc. .	Craig Federighi funguje pro Apple.	Craig Federighi funguje pro 	 Craig Federighi pracuje pro Apple Inc.	Craig Federighi pracuje v Apple.	 Craig Federighi pracuje pro 	Apple	Craig Federighi pracuje v 	Apple	Apple
Q298341	Raymond Kurzweil	Ray Kurzweil	Q95	Google	Google	Raymond Kurzweil works for Google .	Ray Kurzweil funguje pro Google.	Ray Kurzweil funguje pro 	 Raymond Kurzweil pracuje pro Google.	Ray Kurzweil pracuje v Google.	 Raymond Kurzweil pracuje pro 	Google	Ray Kurzweil pracuje v 	Google	Google|||Google Inc.|||Google LLC
Q3500447	Mark Penn	Mark Penn	Q2283	Microsoft	Microsoft	Mark Penn works for Microsoft .	Mark Penn funguje pro Microsoft.	Mark Penn funguje pro 	 Mark Penn pracuje pro Microsoft.	Mark Penn pracuje v Microsoftu.	 Mark Penn pracuje pro 	Microsoft	Mark Penn pracuje v 	Microsoftu	Microsoft|||MS
Q92743	Vint Cerf	Vint Cerf	Q95	Google	Google	Vint Cerf works for Google .	Vint Cerf funguje pro Google.	Vint Cerf funguje pro 	 Vint Cerf pracuje pro Google.	Vint Cerf pracuje v Google.	 Vint Cerf pracuje pro 	Google	Vint Cerf pracuje v 	Google	Google|||Google Inc.|||Google LLC
Q7637	Ward Cunningham	Ward Cunningham	Q2283	Microsoft	Microsoft	Ward Cunningham works for Microsoft .	Ward Cunningham funguje pro Microsoft.	Ward Cunningham funguje pro 	 Ward Cunningham pracuje pro Microsoft.	Ward Cunningham pracuje v Microsoftu.	 Ward Cunningham pracuje pro 	Microsoft	Ward Cunningham pracuje v 	Microsoftu	Microsoft|||MS
Q92609	Fred Brooks	Frederick Brooks	Q37156	IBM	IBM	Fred Brooks works for IBM .	Frederick Brooks funguje pro IBM.	Frederick Brooks funguje pro 	 Fred Brooks pracuje pro IBM.	Frederick Brooks pracuje v IBM.	 Fred Brooks pracuje pro 	IBM	Frederick Brooks pracuje v 	IBM	IBM|||International Business Machines Corporation|||Big Blue|||Velká modrá
Q3441802	Ronnie Waldman	Ronnie Waldman	Q9531	British Broadcasting Corporation	BBC	Ronnie Waldman works for British Broadcasting Corporation .	Ronnie Waldman funguje pro BBC.	Ronnie Waldman funguje pro 	 Ronnie Waldman pracuje pro British Broadcasting Corporation.	Ronnie Waldman pracuje v BBC.	ERROR	ERROR	Ronnie Waldman pracuje v 	BBC	BBC|||British Broadcasting Corporation
Q317730	Jean-Dominique Bauby	Jean-Dominique Bauby	Q154020	Elle	Elle	Jean-Dominique Bauby works for Elle .	Jean-Dominique Bauby funguje pro Elle.	Jean-Dominique Bauby funguje pro 	 Jean-Dominique Bauby pracuje pro Elle.	Jean-Dominique Bauby pracuje v Elle.	 Jean-Dominique Bauby pracuje pro 	Elle	Jean-Dominique Bauby pracuje v 	Elle	Elle
Q80390	Tony Hall, Baron Hall of Birkenhead	Tony Hall	Q9531	British Broadcasting Corporation	BBC	Tony Hall, Baron Hall of Birkenhead works for British Broadcasting Corporation .	Tony Hall funguje pro BBC.	Tony Hall funguje pro 	Tony Hall, Baron Hall of Birkenhead pracuje pro British Broadcasting Corporation.	Tony Hall pracuje v BBC.	ERROR	ERROR	Tony Hall pracuje v 	BBC	BBC|||British Broadcasting Corporation
Q5107190	Chris Langham	Chris Langham	Q9531	British Broadcasting Corporation	BBC	Chris Langham works for British Broadcasting Corporation .	Chris Langham funguje pro BBC.	Chris Langham funguje pro 	 Chris Langham pracuje pro British Broadcasting Corporation.	Chris Langham pracuje v BBC.	ERROR	ERROR	Chris Langham pracuje v 	BBC	BBC|||British Broadcasting Corporation
Q15052597	John Timpson	John Timpson	Q9531	British Broadcasting Corporation	BBC	John Timpson works for British Broadcasting Corporation .	John Timpson funguje pro BBC.	John Timpson funguje pro 	 John Timpson pracuje pro British Broadcasting Corporation.	John Timpson pracuje v BBC.	ERROR	ERROR	John Timpson pracuje v 	BBC	BBC|||British Broadcasting Corporation
Q434105	Steve Cram	Steve Cram	Q9531	British Broadcasting Corporation	BBC	Steve Cram works for British Broadcasting Corporation .	Steve Cram funguje pro BBC.	Steve Cram funguje pro 	 Steve Cram pracuje pro British Broadcasting Corporation.	Steve Cram pracuje v BBC.	ERROR	ERROR	Steve Cram pracuje v 	BBC	BBC|||British Broadcasting Corporation
Q5076227	Charles Chilton	Charles Chilton	Q9531	British Broadcasting Corporation	BBC	Charles Chilton works for British Broadcasting Corporation .	Charles Chilton funguje pro BBC.	Charles Chilton funguje pro 	 Charles Chilton pracuje pro British Broadcasting Corporation.	Charles Chilton pracuje v BBC.	ERROR	ERROR	Charles Chilton pracuje v 	BBC	BBC|||British Broadcasting Corporation
