sub_uri	en_sub_label	sub_label	obj_uri	en_obj_label	obj_label	en_template	template	template_prompt	gt_translation	chatgpt_translation	gt_prompt	gt_infl_object	chatgpt_prompt	chatgpt_infl_object	aliases
Q2096	Edmonton	Edmonton	Q1951	Alberta	Alberta	Edmonton is the capital of Alberta .	Edmonton je kapitál Alberta.	Edmonton je kapitál 	 Edmonton je hlavním městem Alberty.	Edmonton je hlavním městem Alberty.	 Edmonton je hlavním městem 	Alberty	Edmonton je hlavním městem 	Alberty	Alberta
Q3640	Ankara	Ankara	Q43	Turkey	Turecko	Ankara is the capital of Turkey .	Ankara je kapitál Turecko.	Ankara je kapitál 	 Ankara je hlavním městem Turecka.	Ankara je hlavním městem Turecka.	 Ankara je hlavním městem 	Turecka	Ankara je hlavním městem 	Turecka	Turkey
Q727	Amsterdam	Amsterdam	Q55	Netherlands	Nizozemsko	Amsterdam is the capital of Netherlands .	Amsterdam je kapitál Nizozemsko.	Amsterdam je kapitál 	 Amsterdam je hlavním městem Nizozemska.	Amsterdam je hlavním městem Nizozemska.	 Amsterdam je hlavním městem 	Nizozemska	Amsterdam je hlavním městem 	Nizozemska	Netherlands
Q9248	Baku	Baku	Q227	Azerbaijan	Ázerbájdžán	Baku is the capital of Azerbaijan .	Baku je kapitál Ázerbájdžán.	Baku je kapitál 	 Baku je hlavním městem Ázerbájdžánu.	Baku je hlavním městem Ázerbájdžánu.	 Baku je hlavním městem 	Ázerbájdžánu	Baku je hlavním městem 	Ázerbájdžánu	Azerbaijan
Q85	Cairo	Káhira	Q79	Egypt	Egypt	Cairo is the capital of Egypt .	Káhira je kapitál Egypt.	Káhira je kapitál 	 Káhira je hlavní město Egypta.	Káhira je hlavním městem Egypta.	 Káhira je hlavní město 	Egypta	Káhira je hlavním městem 	Egypta	Egypt|||Egyptská arabská republika
Q1748	Copenhagen	Kodaň	Q35	Denmark	Dánsko	Copenhagen is the capital of Denmark .	Kodaň je kapitál Dánsko.	Kodaň je kapitál 	 Kodaň je hlavním městem Dánska.	Kodaň je hlavním městem Dánska.	 Kodaň je hlavním městem 	Dánska	Kodaň je hlavním městem 	Dánska	Denmark|||Dánské království
Q1492	Barcelona	Barcelona	Q5705	Catalonia	Katalánsko	Barcelona is the capital of Catalonia .	Barcelona je kapitál Katalánsko.	Barcelona je kapitál 	 Barcelona je hlavním městem Katalánska.	Barcelona je hlavním městem Katalánska.	 Barcelona je hlavním městem 	Katalánska	Barcelona je hlavním městem 	Katalánska	Catalonia|||Catalunya
Q1486	Buenos Aires	Buenos Aires	Q414	Argentina	Argentina	Buenos Aires is the capital of Argentina .	Buenos Aires je kapitál Argentina.	Buenos Aires je kapitál 	 Buenos Aires je hlavní město Argentiny.	Buenos Aires je hlavním městem Argentiny.	 Buenos Aires je hlavní město 	Argentiny	Buenos Aires je hlavním městem 	Argentiny	Argentina
Q1726	Munich	Mnichov	Q980	Bavaria	Bavorsko	Munich is the capital of Bavaria .	Mnichov je kapitál Bavorsko.	Mnichov je kapitál 	 Mnichov je hlavním městem Bavorska.	Mnichov je hlavním městem Bavorska.	 Mnichov je hlavním městem 	Bavorska	Mnichov je hlavním městem 	Bavorska	Bavaria|||Svobodný stát Bavorsko|||Bavory
Q2044	Florence	Florencie	Q1273	Tuscany	Toskánsko	Florence is the capital of Tuscany .	Florencie je kapitál Toskánsko.	Florencie je kapitál 	 Florencie je hlavním městem Toskánska.	Florencie je hlavním městem Toskánska.	 Florencie je hlavním městem 	Toskánska	Florencie je hlavním městem 	Toskánska	Tuscany
Q220	Rome	Řím	Q38	Italy	Itálie	Rome is the capital of Italy .	Řím je kapitál Itálie.	Řím je kapitál 	 Řím je hlavním městem Itálie.	Řím je hlavním městem Itálie.	 Řím je hlavním městem 	Itálie	Řím je hlavním městem 	Itálie	Italy|||Italská republika
Q3561	Algiers	Alžír	Q262	Algeria	Alžírsko	Algiers is the capital of Algeria .	Alžír je kapitál Alžírsko.	Alžír je kapitál 	 Alžír je hlavním městem Alžírska.	Alžír je hlavním městem Alžírska.	 Alžír je hlavním městem 	Alžírska	Alžír je hlavním městem 	Alžírska	Algeria|||Alžírská demokratická a lidová republika
Q3579	Tripoli	Tripolis	Q1016	Libya	Libye	Tripoli is the capital of Libya .	Tripolis je kapitál Libye.	Tripolis je kapitál 	 Tripolis je hlavním městem Libye.	Tripolis je hlavním městem Libye.	 Tripolis je hlavním městem 	Libye	Tripolis je hlavním městem 	Libye	Libya
Q12892	Antwerp	Antverpy	Q1116	Antwerp	Antverpy	Antwerp is the capital of Antwerp .	Antverpy je kapitál Antverpy.	Antverpy je kapitál 	 Antverpy jsou hlavním městem Antverp.	Antverpy je hlavním městem Antverp.	 Antverpy jsou hlavním městem 	Antverp	Antverpy je hlavním městem 	Antverp	Province of Antwerp
Q3114	Canberra	Canberra	Q408	Australia	Austrálie	Canberra is the capital of Australia .	Canberra je kapitál Austrálie.	Canberra je kapitál 	 Canberra je hlavním městem Austrálie.	Canberra je hlavním městem Austrálie.	 Canberra je hlavním městem 	Austrálie	Canberra je hlavním městem 	Austrálie	Australia|||Australské společenství|||Australský svaz
Q3935	Windhoek	Windhoek	Q1030	Namibia	Namibie	Windhoek is the capital of Namibia .	Windhoek je kapitál Namibie.	Windhoek je kapitál 	 Windhoek je hlavní město Namibie.	Windhoek je hlavním městem Namibie.	 Windhoek je hlavní město 	Namibie	Windhoek je hlavním městem 	Namibie	Namibia
Q160544	Heraklion	Iraklio	Q34374	Crete	Kréta	Heraklion is the capital of Crete .	Iraklio je kapitál Kréta.	Iraklio je kapitál 	 Heraklion je hlavním městem Kréty.	Iraklio je hlavním městem Kréty.	 Heraklion je hlavním městem 	Kréty	Iraklio je hlavním městem 	Kréty	Crete|||Kriti
Q1530	Baghdad	Bagdád	Q796	Iraq	Irák	Baghdad is the capital of Iraq .	Bagdád je kapitál Irák.	Bagdád je kapitál 	 Bagdád je hlavním městem Iráku.	Bagdád je hlavním městem Iráku.	 Bagdád je hlavním městem 	Iráku	Bagdád je hlavním městem 	Iráku	Iraq|||Irácká republika
Q23436	Edinburgh	Edinburgh	Q22	Scotland	Skotsko	Edinburgh is the capital of Scotland .	Edinburgh je kapitál Skotsko.	Edinburgh je kapitál 	 Edinburgh je hlavním městem Skotska.	Edinburgh je hlavním městem Skotska.	 Edinburgh je hlavním městem 	Skotska	Edinburgh je hlavním městem 	Skotska	Scotland
Q5838	Kabul	Kábul	Q889	Afghanistan	Afghánistán	Kabul is the capital of Afghanistan .	Kábul je kapitál Afghánistán.	Kábul je kapitál 	 Kábul je hlavním městem Afghánistánu.	Kábul je hlavním městem Afghánistánu.	 Kábul je hlavním městem 	Afghánistánu	Kábul je hlavním městem 	Afghánistánu	Afghanistan|||Afganistan
Q586	Bonn	Bonn	Q183	Germany	Německo	Bonn is the capital of Germany .	Bonn je kapitál Německo.	Bonn je kapitál 	 Bonn je hlavní město Německa.	Bonn je hlavním městem Německa.	 Bonn je hlavní město 	Německa	Bonn je hlavním městem 	Německa	Germany|||Spolková republika Německo|||SRN|||NSR|||BRD
Q64	Berlin	Berlín	Q183	Germany	Německo	Berlin is the capital of Germany .	Berlín je kapitál Německo.	Berlín je kapitál 	 Berlín je hlavním městem Německa.	Berlín je hlavním městem Německa.	 Berlín je hlavním městem 	Německa	Berlín je hlavním městem 	Německa	Germany|||Spolková republika Německo|||SRN|||NSR|||BRD
Q3799	Porto-Novo	Porto Novo	Q962	Benin	Benin	Porto-Novo is the capital of Benin .	Porto Novo je kapitál Benin.	Porto Novo je kapitál 	 Porto Novo je hlavní město Beninu.	Porto-Novo je hlavním městem Beninu.	 Porto Novo je hlavní město 	Beninu	ERROR	ERROR	Benin|||Bénin
Q3919	Gaborone	Gaborone	Q963	Botswana	Botswana	Gaborone is the capital of Botswana .	Gaborone je kapitál Botswana.	Gaborone je kapitál 	Gaborone je hlavním městem Botswany.	Gaborone je hlavním městem Botswany.	Gaborone je hlavním městem 	Botswany	Gaborone je hlavním městem 	Botswany	Botswana
Q90	Paris	Paříž	Q142	France	Francie	Paris is the capital of France .	Paříž je kapitál Francie.	Paříž je kapitál 	 Paříž je hlavním městem Francie.	Paříž je hlavním městem Francie.	 Paříž je hlavním městem 	Francie	Paříž je hlavním městem 	Francie	France|||Francouzská republika
Q1156	Mumbai	Bombaj	Q1191	Maharashtra	Maháráštra	Mumbai is the capital of Maharashtra .	Bombaj je kapitál Maháráštra.	Bombaj je kapitál 	 Bombaj je hlavním městem Maháráštry.	Bombaj je hlavním městem Maháráštry.	 Bombaj je hlavním městem 	Maháráštry	Bombaj je hlavním městem 	Maháráštry	Maharashtra
Q585	Oslo	Oslo	Q20	Norway	Norsko	Oslo is the capital of Norway .	Oslo je kapitál Norsko.	Oslo je kapitál 	 Oslo je hlavním městem Norska.	Oslo je hlavním městem Norska.	 Oslo je hlavním městem 	Norska	Oslo je hlavním městem 	Norska	Norway|||Norské království
Q1218	Jerusalem	Jeruzalém	Q48685	Judah	Judské království	Jerusalem is the capital of Judah .	Jeruzalém je kapitál Judské království.	Jeruzalém je kapitál 	 Jeruzalém je hlavním městem Judy.	Jeruzalém je hlavním městem Judského království.	ERROR	ERROR	Jeruzalém je hlavním městem 	Judského království	Kingdom of Judah
Q9361	Bishkek	Biškek	Q813	Kyrgyzstan	Kyrgyzstán	Bishkek is the capital of Kyrgyzstan .	Biškek je kapitál Kyrgyzstán.	Biškek je kapitál 	 Biškek je hlavním městem Kyrgyzstánu.	Biškek je hlavním městem Kyrgyzstánu.	 Biškek je hlavním městem 	Kyrgyzstánu	Biškek je hlavním městem 	Kyrgyzstánu	Kyrgyzstan
Q19660	Bucharest	Bukurešť	Q218	Romania	Rumunsko	Bucharest is the capital of Romania .	Bukurešť je kapitál Rumunsko.	Bukurešť je kapitál 	 Bukurešť je hlavním městem Rumunska.	Bukurešť je hlavním městem Rumunska.	 Bukurešť je hlavním městem 	Rumunska	Bukurešť je hlavním městem 	Rumunska	Romania
Q3141	Melbourne	Melbourne	Q36687	Victoria	Victoria	Melbourne is the capital of Victoria .	Melbourne je kapitál Victoria.	Melbourne je kapitál 	 Melbourne je hlavním městem Viktorie.	Melbourne je hlavním městem Victorie.	 Melbourne je hlavním městem 	Viktorie	Melbourne je hlavním městem 	Victorie	Victoria|||ISO 3166-2:AU-VIC|||Stát Victoria
Q956	Beijing	Peking	Q865	Taiwan	Tchaj-wan	Beijing is the capital of Taiwan .	Peking je kapitál Tchaj-wan.	Peking je kapitál 	 Peking je hlavním městem Tchaj-wanu.	Peking je hlavním městem Tchaj-wanu.	 Peking je hlavním městem 	Tchaj-wanu	Peking je hlavním městem 	Tchaj-wanu	Taiwan|||Taiwan|||Čínská republika|||Tchajwan
Q11725	Chongqing	Čchung-čching	Q865	Taiwan	Tchaj-wan	Chongqing is the capital of Taiwan .	Čchung-čching je kapitál Tchaj-wan.	Čchung-čching je kapitál 	 Čchung-čching je hlavním městem Tchaj-wanu.	Čchung-čching je hlavním městem Tchaj-wanu.	 Čchung-čching je hlavním městem 	Tchaj-wanu	Čchung-čching je hlavním městem 	Tchaj-wanu	Taiwan|||Taiwan|||Čínská republika|||Tchajwan
Q1563	Havana	Havana	Q241	Cuba	Kuba	Havana is the capital of Cuba .	Havana je kapitál Kuba.	Havana je kapitál 	 Havana je hlavním městem Kuby.	Havana je hlavním městem Kuby.	 Havana je hlavním městem 	Kuby	Havana je hlavním městem 	Kuby	Cuba|||Kubánská republika|||Cuba
Q16554	Denver	Denver	Q1261	Colorado	Colorado	Denver is the capital of Colorado .	Denver je kapitál Colorado.	Denver je kapitál 	 Denver je hlavním městem Colorada.	Denver je hlavním městem Colorada.	 Denver je hlavním městem 	Colorada	Denver je hlavním městem 	Colorada	Colorado|||State of Colorado
Q2449	Mogadishu	Mogadišo	Q1045	Somalia	Somálsko	Mogadishu is the capital of Somalia .	Mogadišo je kapitál Somálsko.	Mogadišo je kapitál 	 Mogadišo je hlavním městem Somálska.	Mogadišo je hlavním městem Somálska.	 Mogadišo je hlavním městem 	Somálska	Mogadišo je hlavním městem 	Somálska	Somalia|||Somálská federativní republika
Q10690	Cardiff	Cardiff	Q25	Wales	Wales	Cardiff is the capital of Wales .	Cardiff je kapitál Wales.	Cardiff je kapitál 	 Cardiff je hlavním městem Walesu.	Cardiff je hlavním městem Walesu.	 Cardiff je hlavním městem 	Walesu	Cardiff je hlavním městem 	Walesu	Wales
Q1761	Dublin	Dublin	Q27	Ireland	Irsko	Dublin is the capital of Ireland .	Dublin je kapitál Irsko.	Dublin je kapitál 	 Dublin je hlavním městem Irska.	Dublin je hlavním městem Irska.	 Dublin je hlavním městem 	Irska	Dublin je hlavním městem 	Irska	Ireland|||Éire|||Irská republika|||Ireland|||Poblacht na hÉireann|||Republic of Ireland
Q3572	Tunis	Tunis	Q948	Tunisia	Tunisko	Tunis is the capital of Tunisia .	Tunis je kapitál Tunisko.	Tunis je kapitál 	 Tunis je hlavním městem Tuniska.	Tunis je hlavním městem Tuniska.	 Tunis je hlavním městem 	Tuniska	Tunis je hlavním městem 	Tuniska	Tunisia
Q8678	Rio de Janeiro	Rio de Janeiro	Q155	Brazil	Brazílie	Rio de Janeiro is the capital of Brazil .	Rio de Janeiro je kapitál Brazílie.	Rio de Janeiro je kapitál 	 Rio de Janeiro je hlavním městem Brazílie.	Rio de Janeiro je hlavním městem Brazílie.	 Rio de Janeiro je hlavním městem 	Brazílie	Rio de Janeiro je hlavním městem 	Brazílie	Brazil|||Brazilská federativní republika
Q23800	Valletta	Valletta	Q233	Malta	Malta	Valletta is the capital of Malta .	Valletta je kapitál Malta.	Valletta je kapitál 	 Valletta je hlavním městem Malty.	Valletta je hlavním městem Malty.	 Valletta je hlavním městem 	Malty	Valletta je hlavním městem 	Malty	Malta
Q84	London	Londýn	Q21	England	Anglie	London is the capital of England .	Londýn je kapitál Anglie.	Londýn je kapitál 	 Londýn je hlavním městem Anglie.	Londýn je hlavním městem Anglie.	 Londýn je hlavním městem 	Anglie	Londýn je hlavním městem 	Anglie	England
Q3551	Rabat	Rabat	Q1028	Morocco	Maroko	Rabat is the capital of Morocco .	Rabat je kapitál Maroko.	Rabat je kapitál 	 Rabat je hlavní město Maroka.	Rabat je hlavním městem Maroka.	 Rabat je hlavní město 	Maroka	Rabat je hlavním městem 	Maroka	Morocco
Q1773	Riga	Riga	Q211	Latvia	Lotyšsko	Riga is the capital of Latvia .	Riga je kapitál Lotyšsko.	Riga je kapitál 	 Riga je hlavním městem Lotyšska.	Riga je hlavním městem Lotyšska.	 Riga je hlavním městem 	Lotyšska	Riga je hlavním městem 	Lotyšska	Latvia
Q3766	Damascus	Damašek	Q858	Syria	Sýrie	Damascus is the capital of Syria .	Damašek je kapitál Sýrie.	Damašek je kapitál 	 Damašek je hlavním městem Sýrie.	Damašek je hlavním městem Sýrie.	 Damašek je hlavním městem 	Sýrie	Damašek je hlavním městem 	Sýrie	Syria|||Syrská arabská republika
Q1960	Dar es Salaam	Dar es Salaam	Q924	Tanzania	Tanzanie	Dar es Salaam is the capital of Tanzania .	Dar es Salaam je kapitál Tanzanie.	Dar es Salaam je kapitál 	 Dar es Salaam je hlavním městem Tanzanie.	Dar es Salaam je hlavním městem Tanzanie.	 Dar es Salaam je hlavním městem 	Tanzanie	Dar es Salaam je hlavním městem 	Tanzanie	Tanzania
Q84	London	Londýn	Q179876	Kingdom of England	Anglické království	London is the capital of Kingdom of England .	Londýn je kapitál Anglické království.	Londýn je kapitál 	 Londýn je hlavním městem Anglického království.	Londýn je hlavním městem Anglického království.	 Londýn je hlavním městem 	Anglického království	Londýn je hlavním městem 	Anglického království	Kingdom of England
Q1754	Stockholm	Stockholm	Q34	Sweden	Švédsko	Stockholm is the capital of Sweden .	Stockholm je kapitál Švédsko.	Stockholm je kapitál 	Stockholm je hlavním městem Švédska.	Stockholm je hlavním městem Švédska.	Stockholm je hlavním městem 	Švédska	Stockholm je hlavním městem 	Švédska	Sweden|||Švédské království
Q1757	Helsinki	Helsinky	Q33	Finland	Finsko	Helsinki is the capital of Finland .	Helsinky je kapitál Finsko.	Helsinky je kapitál 	 Helsinky jsou hlavním městem Finska.	Helsinky jsou hlavním městem Finska.	 Helsinky jsou hlavním městem 	Finska	Helsinky jsou hlavním městem 	Finska	Finland
Q1085	Prague	Praha	Q39193	Bohemia	Čechy	Prague is the capital of Bohemia .	Praha je kapitál Čechy.	Praha je kapitál 	 Praha je hlavním městem Čech.	Praha je hlavním městem Čech.	 Praha je hlavním městem 	Čech	Praha je hlavním městem 	Čech	Bohemia|||Bohemie|||Bohemia
Q6346	Indianapolis	Indianapolis	Q1415	Indiana	Indiana	Indianapolis is the capital of Indiana .	Indianapolis je kapitál Indiana.	Indianapolis je kapitál 	 Indianapolis je hlavním městem Indiany.	Indianapolis je hlavním městem Indiany.	 Indianapolis je hlavním městem 	Indiany	Indianapolis je hlavním městem 	Indiany	Indiana|||State of Indiana
Q2807	Madrid	Madrid	Q29	Spain	Španělsko	Madrid is the capital of Spain .	Madrid je kapitál Španělsko.	Madrid je kapitál 	 Madrid je hlavním městem Španělska.	Madrid je hlavním městem Španělska.	 Madrid je hlavním městem 	Španělska	Madrid je hlavním městem 	Španělska	Spain|||Španělské království
Q1555	Guatemala City	Ciudad de Guatemala	Q774	Guatemala	Guatemala	Guatemala City is the capital of Guatemala .	Ciudad de Guatemala je kapitál Guatemala.	Ciudad de Guatemala je kapitál 	 Guatemala City je hlavním městem Guatemaly.	Ciudad de Guatemala je hlavním městem Guatemaly.	 Guatemala City je hlavním městem 	Guatemaly	Ciudad de Guatemala je hlavním městem 	Guatemaly	Guatemala
Q270	Warsaw	Varšava	Q36	Poland	Polsko	Warsaw is the capital of Poland .	Varšava je kapitál Polsko.	Varšava je kapitál 	 Varšava je hlavní město Polska.	Varšava je hlavním městem Polska.	 Varšava je hlavní město 	Polska	Varšava je hlavním městem 	Polska	Poland|||Polská republika
Q16572	Guangzhou	Kanton	Q15175	Guangdong	Kuang-tung	Guangzhou is the capital of Guangdong .	Kanton je kapitál Kuang-tung.	Kanton je kapitál 	 Kanton je hlavním městem Kuang-tungu.	Kanton je hlavním městem Kuang-tungu.	 Kanton je hlavním městem 	Kuang-tungu	Kanton je hlavním městem 	Kuang-tungu	Guangdong|||Guangdong
Q1731	Dresden	Drážďany	Q1202	Saxony	Sasko	Dresden is the capital of Saxony .	Drážďany je kapitál Sasko.	Drážďany je kapitál 	 Drážďany jsou hlavním městem Saska.	Drážďany jsou hlavním městem Saska.	ERROR	ERROR	ERROR	ERROR	Saxony|||Freistaat Sachsen
Q34261	Port-au-Prince	Port-au-Prince	Q790	Haiti	Haiti	Port-au-Prince is the capital of Haiti .	Port-au-Prince je kapitál Haiti.	Port-au-Prince je kapitál 	 Port-au-Prince je hlavním městem Haiti.	Port-au-Prince je hlavním městem Haiti.	 Port-au-Prince je hlavním městem 	Haiti	Port-au-Prince je hlavním městem 	Haiti	Haiti
Q1524	Athens	Athény	Q41	Greece	Řecko	Athens is the capital of Greece .	Athény je kapitál Řecko.	Athény je kapitál 	 Atény jsou hlavním městem Řecka.	Athény jsou hlavním městem Řecka.	 Atény jsou hlavním městem 	Řecka	Athény jsou hlavním městem 	Řecka	Greece
Q40191	Hobart	Hobart	Q34366	Tasmania	Tasmánie	Hobart is the capital of Tasmania .	Hobart je kapitál Tasmánie.	Hobart je kapitál 	 Hobart je hlavním městem Tasmánie.	Hobart je hlavním městem Tasmánie.	 Hobart je hlavním městem 	Tasmánie	Hobart je hlavním městem 	Tasmánie	Tasmania|||Van Diemenova země|||Země Van Diemena|||ISO 3166-2:AU-TAS
Q1770	Tallinn	Tallinn	Q191	Estonia	Estonsko	Tallinn is the capital of Estonia .	Tallinn je kapitál Estonsko.	Tallinn je kapitál 	 Tallinn je hlavním městem Estonska.	Tallinn je hlavním městem Estonska.	 Tallinn je hlavním městem 	Estonska	Tallinn je hlavním městem 	Estonska	Estonia
Q1490	Tokyo	prefektura Tokio	Q17	Japan	Japonsko	Tokyo is the capital of Japan .	prefektura Tokio je kapitál Japonsko.	prefektura Tokio je kapitál 	 Tokio je hlavní město Japonska.	Prefektura Tokio je hlavním městem Japonska.	 Tokio je hlavní město 	Japonska	ERROR	ERROR	Japan|||Země vycházejícího slunce
Q1741	Vienna	Vídeň	Q40	Austria	Rakousko	Vienna is the capital of Austria .	Vídeň je kapitál Rakousko.	Vídeň je kapitál 	 Vídeň je hlavním městem Rakouska.	Vídeň je hlavním městem Rakouska.	 Vídeň je hlavním městem 	Rakouska	Vídeň je hlavním městem 	Rakouska	Austria
Q437	Ljubljana	Lublaň	Q215	Slovenia	Slovinsko	Ljubljana is the capital of Slovenia .	Lublaň je kapitál Slovinsko.	Lublaň je kapitál 	 Lublaň je hlavní město Slovinska.	Lublaň je hlavním městem Slovinska.	 Lublaň je hlavní město 	Slovinska	Lublaň je hlavním městem 	Slovinska	Slovenia|||Slovinská republika
Q1218	Jerusalem	Jeruzalém	Q801	Israel	Izrael	Jerusalem is the capital of Israel .	Jeruzalém je kapitál Izrael.	Jeruzalém je kapitál 	 Jeruzalém je hlavní město Izraele.	Jeruzalém je hlavním městem Izraele.	 Jeruzalém je hlavní město 	Izraele	Jeruzalém je hlavním městem 	Izraele	Israel|||Stát Izrael|||stát Izrael|||Israel|||Jisra'el
Q3630	Jakarta	Jakarta	Q252	Indonesia	Indonésie	Jakarta is the capital of Indonesia .	Jakarta je kapitál Indonésie.	Jakarta je kapitál 	 Jakarta je hlavní město Indonésie.	Jakarta je hlavním městem Indonésie.	 Jakarta je hlavní město 	Indonésie	Jakarta je hlavním městem 	Indonésie	Indonesia|||Indonéská republika
Q495	Turin	Turín	Q1216	Piedmont	Piemont	Turin is the capital of Piedmont .	Turín je kapitál Piemont.	Turín je kapitál 	 Turín je hlavním městem Piemontu.	Turín je hlavním městem Piemontu.	 Turín je hlavním městem 	Piemontu	Turín je hlavním městem 	Piemontu	Piedmont
Q3870	Nairobi	Nairobi	Q114	Kenya	Keňa	Nairobi is the capital of Kenya .	Nairobi je kapitál Keňa.	Nairobi je kapitál 	 Nairobi je hlavní město Keni.	Nairobi je hlavním městem Keni.	 Nairobi je hlavní město 	Keni	Nairobi je hlavním městem 	Keni	Kenya
Q1865	Kuala Lumpur	Kuala Lumpur	Q833	Malaysia	Malajsie	Kuala Lumpur is the capital of Malaysia .	Kuala Lumpur je kapitál Malajsie.	Kuala Lumpur je kapitál 	 Kuala Lumpur je hlavním městem Malajsie.	Kuala Lumpur je hlavním městem Malajsie.	 Kuala Lumpur je hlavním městem 	Malajsie	Kuala Lumpur je hlavním městem 	Malajsie	Malaysia
Q1362	Islamabad	Islámábád	Q843	Pakistan	Pákistán	Islamabad is the capital of Pakistan .	Islámábád je kapitál Pákistán.	Islámábád je kapitál 	 Islámábád je hlavním městem Pákistánu.	Islámábád je hlavním městem Pákistánu.	 Islámábád je hlavním městem 	Pákistánu	Islámábád je hlavním městem 	Pákistánu	Pakistan|||Islámská republika Pákistán
Q3037	Kathmandu	Káthmándú	Q837	Nepal	Nepál	Kathmandu is the capital of Nepal .	Káthmándú je kapitál Nepál.	Káthmándú je kapitál 	 Káthmándú je hlavním městem Nepálu.	Káthmándú je hlavním městem Nepálu.	 Káthmándú je hlavním městem 	Nepálu	Káthmándú je hlavním městem 	Nepálu	Nepal|||Nepálská federativní demokratická republika
Q1963	Khartoum	Chartúm	Q1049	Sudan	Súdán	Khartoum is the capital of Sudan .	Chartúm je kapitál Súdán.	Chartúm je kapitál 	 Chartúm je hlavním městem Súdánu.	Chartúm je hlavním městem Súdánu.	 Chartúm je hlavním městem 	Súdánu	Chartúm je hlavním městem 	Súdánu	Sudan|||Súdánská republika
Q216	Vilnius	Vilnius	Q37	Lithuania	Litva	Vilnius is the capital of Lithuania .	Vilnius je kapitál Litva.	Vilnius je kapitál 	Vilnius je hlavní město Litvy.	Vilnius je hlavním městem Litvy.	Vilnius je hlavní město 	Litvy	Vilnius je hlavním městem 	Litvy	Lithuania
Q3820	Beirut	Bejrút	Q822	Lebanon	Libanon	Beirut is the capital of Lebanon .	Bejrút je kapitál Libanon.	Bejrút je kapitál 	 Bejrút je hlavním městem Libanonu.	Bejrút je hlavním městem Libanonu.	 Bejrút je hlavním městem 	Libanonu	Bejrút je hlavním městem 	Libanonu	Lebanon|||Libanonská republika
Q597	Lisbon	Lisabon	Q45	Portugal	Portugalsko	Lisbon is the capital of Portugal .	Lisabon je kapitál Portugalsko.	Lisabon je kapitál 	 Lisabon je hlavním městem Portugalska.	Lisabon je hlavním městem Portugalska.	 Lisabon je hlavním městem 	Portugalska	Lisabon je hlavním městem 	Portugalska	Portugal
Q3897	Luanda	Luanda	Q916	Angola	Angola	Luanda is the capital of Angola .	Luanda je kapitál Angola.	Luanda je kapitál 	 Luanda je hlavním městem Angoly.	Luanda je hlavním městem Angoly.	 Luanda je hlavním městem 	Angoly	Luanda je hlavním městem 	Angoly	Angola|||Angolská republika
Q649	Moscow	Moskva	Q159	Russia	Rusko	Moscow is the capital of Russia .	Moskva je kapitál Rusko.	Moskva je kapitál 	 Moskva je hlavním městem Ruska.	Moskva je hlavním městem Ruska.	 Moskva je hlavním městem 	Ruska	Moskva je hlavním městem 	Ruska	Russia|||Ruská federace|||RF
Q2135	Winnipeg	Winnipeg	Q1948	Manitoba	Manitoba	Winnipeg is the capital of Manitoba .	Winnipeg je kapitál Manitoba.	Winnipeg je kapitál 	 Winnipeg je hlavním městem Manitoby.	Winnipeg je hlavním městem Manitoby.	 Winnipeg je hlavním městem 	Manitoby	Winnipeg je hlavním městem 	Manitoby	Manitoba
Q3876	Lilongwe	Lilongwe	Q1020	Malawi	Malawi	Lilongwe is the capital of Malawi .	Lilongwe je kapitál Malawi.	Lilongwe je kapitál 	 Lilongwe je hlavní město Malawi.	Lilongwe je hlavním městem Malawi.	 Lilongwe je hlavní město 	Malawi	Lilongwe je hlavním městem 	Malawi	Malawi|||Ňasko
Q1489	Mexico City	Ciudad de México	Q96	Mexico	Mexiko	Mexico City is the capital of Mexico .	Ciudad de México je kapitál Mexiko.	Ciudad de México je kapitál 	 Mexico City je hlavním městem Mexika.	Ciudad de México je hlavním městem Mexika.	 Mexico City je hlavním městem 	Mexika	Ciudad de México je hlavním městem 	Mexika	Mexico|||Spojené státy mexické
Q3889	Maputo	Maputo	Q1029	Mozambique	Mosambik	Maputo is the capital of Mozambique .	Maputo je kapitál Mosambik.	Maputo je kapitál 	 Maputo je hlavním městem Mosambiku.	Maputo je hlavním městem Mosambiku.	 Maputo je hlavním městem 	Mosambiku	Maputo je hlavním městem 	Mosambiku	Mozambique
Q100	Boston	Boston	Q771	Massachusetts	Massachusetts	Boston is the capital of Massachusetts .	Boston je kapitál Massachusetts.	Boston je kapitál 	 Boston je hlavním městem státu Massachusetts.	Boston je hlavním městem Massachusetts.	 Boston je hlavním městem státu 	Massachusetts	Boston je hlavním městem 	Massachusetts	Massachusetts|||Commonwealth of Massachusetts
Q1930	Ottawa	Ottawa	Q16	Canada	Kanada	Ottawa is the capital of Canada .	Ottawa je kapitál Kanada.	Ottawa je kapitál 	 Ottawa je hlavní město Kanady.	Ottawa je hlavním městem Kanady.	 Ottawa je hlavní město 	Kanady	Ottawa je hlavním městem 	Kanady	Canada
Q1335	Montevideo	Montevideo	Q77	Uruguay	Uruguay	Montevideo is the capital of Uruguay .	Montevideo je kapitál Uruguay.	Montevideo je kapitál 	 Montevideo je hlavním městem Uruguaye.	Montevideo je hlavním městem Uruguaye.	 Montevideo je hlavním městem 	Uruguaye	Montevideo je hlavním městem 	Uruguaye	Uruguay
Q3882	Manama	Manáma	Q398	Bahrain	Bahrajn	Manama is the capital of Bahrain .	Manáma je kapitál Bahrajn.	Manáma je kapitál 	 Manáma je hlavním městem Bahrajnu.	Manáma je hlavním městem Bahrajnu.	 Manáma je hlavním městem 	Bahrajnu	Manáma je hlavním městem 	Bahrajnu	Bahrain
Q1355	Bengaluru	Bengalúru	Q1185	Karnataka	Karnátaka	Bengaluru is the capital of Karnataka .	Bengalúru je kapitál Karnátaka.	Bengalúru je kapitál 	 Bengalúru je hlavním městem Karnátaky.	Bengalúru je hlavním městem Karnátaky.	 Bengalúru je hlavním městem 	Karnátaky	Bengalúru je hlavním městem 	Karnátaky	Karnataka
Q1781	Budapest	Budapešť	Q28	Hungary	Maďarsko	Budapest is the capital of Hungary .	Budapešť je kapitál Maďarsko.	Budapešť je kapitál 	 Budapešť je hlavním městem Maďarska.	Budapešť je hlavním městem Maďarska.	 Budapešť je hlavním městem 	Maďarska	Budapešť je hlavním městem 	Maďarska	Hungary
Q3238	Tegucigalpa	Tegucigalpa	Q783	Honduras	Honduras	Tegucigalpa is the capital of Honduras .	Tegucigalpa je kapitál Honduras.	Tegucigalpa je kapitál 	 Tegucigalpa je hlavním městem Hondurasu.	Tegucigalpa je hlavním městem Hondurasu.	 Tegucigalpa je hlavním městem 	Hondurasu	Tegucigalpa je hlavním městem 	Hondurasu	Honduras
Q11910	Gandhinagar	Gándhínagar	Q1061	Gujarat	Gudžarát	Gandhinagar is the capital of Gujarat .	Gándhínagar je kapitál Gudžarát.	Gándhínagar je kapitál 	 Gándhínagar je hlavním městem Gudžarátu.	Gándhínagar je hlavním městem Gudžarátu.	 Gándhínagar je hlavním městem 	Gudžarátu	Gándhínagar je hlavním městem 	Gudžarátu	Gujarat
Q23564	Podgorica	Podgorica	Q236	Montenegro	Černá Hora	Podgorica is the capital of Montenegro .	Podgorica je kapitál Černá Hora.	Podgorica je kapitál 	 Podgorica je hlavní město Černé Hory.	Podgorica je hlavním městem Černé Hory.	 Podgorica je hlavní město 	Černé Hory	Podgorica je hlavním městem 	Černé Hory	Montenegro
Q172	Toronto	Toronto	Q1904	Ontario	Ontario	Toronto is the capital of Ontario .	Toronto je kapitál Ontario.	Toronto je kapitál 	 Toronto je hlavním městem Ontaria.	Toronto je hlavním městem Ontaria.	 Toronto je hlavním městem 	Ontaria	Toronto je hlavním městem 	Ontaria	Ontario
Q3306	Panama City	Panamá	Q804	Panama	Panama	Panama City is the capital of Panama .	Panamá je kapitál Panama.	Panamá je kapitál 	 Panama City je hlavním městem Panamy.	Panamá je hlavním městem Panamy.	 Panama City je hlavním městem 	Panamy	Panamá je hlavním městem 	Panamy	Panama
Q3718	Dakar	Dakar	Q1041	Senegal	Senegal	Dakar is the capital of Senegal .	Dakar je kapitál Senegal.	Dakar je kapitál 	 Dakar je hlavním městem Senegalu.	Dakar je hlavním městem Senegalu.	 Dakar je hlavním městem 	Senegalu	Dakar je hlavním městem 	Senegalu	Senegal
Q8673	Lagos	Lagos	Q1033	Nigeria	Nigérie	Lagos is the capital of Nigeria .	Lagos je kapitál Nigérie.	Lagos je kapitál 	 Lagos je hlavním městem Nigérie.	Lagos je hlavním městem Nigérie.	 Lagos je hlavním městem 	Nigérie	Lagos je hlavním městem 	Nigérie	Nigeria
Q1861	Bangkok	Bangkok	Q869	Thailand	Thajsko	Bangkok is the capital of Thailand .	Bangkok je kapitál Thajsko.	Bangkok je kapitál 	 Bangkok je hlavním městem Thajska.	Bangkok je hlavním městem Thajska.	 Bangkok je hlavním městem 	Thajska	Bangkok je hlavním městem 	Thajska	Thailand|||Thajské království
Q2887	Santiago	Santiago de Chile	Q298	Chile	Chile	Santiago is the capital of Chile .	Santiago de Chile je kapitál Chile.	Santiago de Chile je kapitál 	Santiago je hlavní město Chile.	Santiago de Chile je hlavním městem Chile.	Santiago je hlavní město 	Chile	Santiago de Chile je hlavním městem 	Chile	Chile
Q987	New Delhi	Nové Dillí	Q668	India	Indie	New Delhi is the capital of India .	Nové Dillí je kapitál Indie.	Nové Dillí je kapitál 	 Nové Dillí je hlavním městem Indie.	Nové Dillí je hlavním městem Indie.	 Nové Dillí je hlavním městem 	Indie	Nové Dillí je hlavním městem 	Indie	India|||Indická republika
Q3711	Belgrade	Bělehrad	Q403	Serbia	Srbsko	Belgrade is the capital of Serbia .	Bělehrad je kapitál Srbsko.	Bělehrad je kapitál 	 Bělehrad je hlavním městem Srbska.	Bělehrad je hlavním městem Srbska.	 Bělehrad je hlavním městem 	Srbska	Bělehrad je hlavním městem 	Srbska	Serbia|||SRB|||RS
Q1897	Cagliari	Cagliari	Q1462	Sardinia	Sardinie	Cagliari is the capital of Sardinia .	Cagliari je kapitál Sardinie.	Cagliari je kapitál 	 Cagliari je hlavním městem Sardinie.	Cagliari je hlavním městem Sardinie.	 Cagliari je hlavním městem 	Sardinie	Cagliari je hlavním městem 	Sardinie	Sardinia
Q1533	Caracas	Caracas	Q717	Venezuela	Venezuela	Caracas is the capital of Venezuela .	Caracas je kapitál Venezuela.	Caracas je kapitál 	 Caracas je hlavní město Venezuely.	Caracas je hlavním městem Venezuely.	 Caracas je hlavní město 	Venezuely	Caracas je hlavním městem 	Venezuely	Venezuela
Q3856	Nicosia	Nikósie	Q229	Cyprus	Kypr	Nicosia is the capital of Cyprus .	Nikósie je kapitál Kypr.	Nikósie je kapitál 	 Nikósie je hlavním městem Kypru.	Nikósie je hlavním městem Kypru.	 Nikósie je hlavním městem 	Kypru	Nikósie je hlavním městem 	Kypru	Cyprus|||Kyperská republika|||CY
Q1899	Kiev	Kyjev	Q212	Ukraine	Ukrajina	Kiev is the capital of Ukraine .	Kyjev je kapitál Ukrajina.	Kyjev je kapitál 	 Kyjev je hlavním městem Ukrajiny.	Kyjev je hlavním městem Ukrajiny.	 Kyjev je hlavním městem 	Ukrajiny	Kyjev je hlavním městem 	Ukrajiny	Ukraine
Q1867	Taipei	Tchaj-pej	Q865	Taiwan	Tchaj-wan	Taipei is the capital of Taiwan .	Tchaj-pej je kapitál Tchaj-wan.	Tchaj-pej je kapitál 	 Tchaj-pej je hlavním městem Tchaj-wanu.	Tchaj-pej je hlavním městem Tchaj-wanu.	 Tchaj-pej je hlavním městem 	Tchaj-wanu	Tchaj-pej je hlavním městem 	Tchaj-wanu	Taiwan|||Taiwan|||Čínská republika|||Tchajwan
Q3787	Abuja	Abuja	Q1033	Nigeria	Nigérie	Abuja is the capital of Nigeria .	Abuja je kapitál Nigérie.	Abuja je kapitál 	 Abuja je hlavní město Nigérie.	Abuja je hlavním městem Nigérie.	 Abuja je hlavní město 	Nigérie	Abuja je hlavním městem 	Nigérie	Nigeria
Q472	Sofia	Sofie	Q219	Bulgaria	Bulharsko	Sofia is the capital of Bulgaria .	Sofie je kapitál Bulharsko.	Sofie je kapitál 	 Sofie je hlavní město Bulharska.	Sofie je hlavním městem Bulharska.	 Sofie je hlavní město 	Bulharska	Sofie je hlavním městem 	Bulharska	Bulgaria|||Bulharská republika
Q23337	Salt Lake City	Salt Lake City	Q829	Utah	Utah	Salt Lake City is the capital of Utah .	Salt Lake City je kapitál Utah.	Salt Lake City je kapitál 	 Salt Lake City je hlavním městem Utahu.	Salt Lake City je hlavním městem Utahu.	 Salt Lake City je hlavním městem 	Utahu	Salt Lake City je hlavním městem 	Utahu	Utah|||State of Utah
Q2656	Palermo	Palermo	Q1460	Sicily	Sicílie	Palermo is the capital of Sicily .	Palermo je kapitál Sicílie.	Palermo je kapitál 	 Palermo je hlavním městem Sicílie.	Palermo je hlavním městem Sicílie.	 Palermo je hlavním městem 	Sicílie	Palermo je hlavním městem 	Sicílie	Sicily
Q3616	Tehran	Teherán	Q794	Iran	Írán	Tehran is the capital of Iran .	Teherán je kapitál Írán.	Teherán je kapitál 	 Teherán je hlavním městem Íránu.	Teherán je hlavním městem Íránu.	 Teherán je hlavním městem 	Íránu	Teherán je hlavním městem 	Íránu	Iran|||Íránská islámská republika|||Persie
Q2145	Quebec City	Québec	Q176	Quebec	Quebec	Quebec City is the capital of Quebec .	Québec je kapitál Quebec.	Québec je kapitál 	 Quebec City je hlavním městem Quebecu.	Québec je hlavním městem Quebecu.	 Quebec City je hlavním městem 	Quebecu	Québec je hlavním městem 	Quebecu	Quebec|||Quebéc|||Quebec
Q1085	Prague	Praha	Q33946	Czechoslovakia	Československo	Prague is the capital of Czechoslovakia .	Praha je kapitál Československo.	Praha je kapitál 	 Praha je hlavním městem Československa.	Praha je hlavním městem Československa.	 Praha je hlavním městem 	Československa	Praha je hlavním městem 	Československa	Czechoslovakia|||Československý stát|||Československá republika|||Československá socialistická republika|||Československá federativní republika|||ČSR|||ČSSR|||ČSFR|||Česko-slovenský stát|||Republika Československá|||Česko-Slovenská republika|||Česká a Slovenská federativní republika
Q1354	Dhaka	Dháka	Q902	Bangladesh	Bangladéš	Dhaka is the capital of Bangladesh .	Dháka je kapitál Bangladéš.	Dháka je kapitál 	 Dháka je hlavním městem Bangladéše.	Dháka je hlavním městem Bangladéše.	 Dháka je hlavním městem 	Bangladéše	Dháka je hlavním městem 	Bangladéše	Bangladesh
Q34932	Brisbane	Brisbane	Q36074	Queensland	Queensland	Brisbane is the capital of Queensland .	Brisbane je kapitál Queensland.	Brisbane je kapitál 	 Brisbane je hlavním městem Queenslandu.	Brisbane je hlavním městem Queenslandu.	 Brisbane je hlavním městem 	Queenslandu	Brisbane je hlavním městem 	Queenslandu	Queensland|||ISO 3166-2:AU-QLD
Q3921	Harare	Harare	Q954	Zimbabwe	Zimbabwe	Harare is the capital of Zimbabwe .	Harare je kapitál Zimbabwe.	Harare je kapitál 	 Harare je hlavním městem Zimbabwe.	Harare je hlavním městem Zimbabwe.	 Harare je hlavním městem 	Zimbabwe	Harare je hlavním městem 	Zimbabwe	Zimbabwe
Q47465	Aix-en-Provence	Aix-en-Provence	Q101081	Provence	Provence	Aix-en-Provence is the capital of Provence .	Aix-en-Provence je kapitál Provence.	Aix-en-Provence je kapitál 	 Aix-en-Provence je hlavním městem Provence.	Aix-en-Provence je hlavním městem Provence.	 Aix-en-Provence je hlavním městem 	Provence	Aix-en-Provence je hlavním městem 	Provence	Provence|||Provensálsko
Q3748	Monrovia	Monrovia	Q1014	Liberia	Libérie	Monrovia is the capital of Liberia .	Monrovia je kapitál Libérie.	Monrovia je kapitál 	 Monrovia je hlavním městem Libérie.	Monrovia je hlavním městem Libérie.	 Monrovia je hlavním městem 	Libérie	Monrovia je hlavním městem 	Libérie	Liberia
Q70	Bern	Bern	Q39	Switzerland	Švýcarsko	Bern is the capital of Switzerland .	Bern je kapitál Švýcarsko.	Bern je kapitál 	 Bern je hlavní město Švýcarska.	Bern je hlavním městem Švýcarska.	 Bern je hlavní město 	Švýcarska	Bern je hlavním městem 	Švýcarska	Switzerland|||Švýcarská konfederace
Q3624	Addis Ababa	Addis Abeba	Q115	Ethiopia	Etiopie	Addis Ababa is the capital of Ethiopia .	Addis Abeba je kapitál Etiopie.	Addis Abeba je kapitál 	 Addis Abeba je hlavním městem Etiopie.	Addis Abeba je hlavním městem Etiopie.	 Addis Abeba je hlavním městem 	Etiopie	Addis Abeba je hlavním městem 	Etiopie	Ethiopia|||Habeš|||Etiopská federativní demokratická republika
Q1435	Zagreb	Záhřeb	Q224	Croatia	Chorvatsko	Zagreb is the capital of Croatia .	Záhřeb je kapitál Chorvatsko.	Záhřeb je kapitál 	 Záhřeb je hlavním městem Chorvatska.	Záhřeb je hlavním městem Chorvatska.	 Záhřeb je hlavním městem 	Chorvatska	Záhřeb je hlavním městem 	Chorvatska	Croatia
Q1850	Phnom Penh	Phnompenh	Q424	Cambodia	Kambodža	Phnom Penh is the capital of Cambodia .	Phnompenh je kapitál Kambodža.	Phnompenh je kapitál 	Phnom Penh je hlavním městem Kambodže.	Phnompenh je hlavním městem Kambodže.	Phnom Penh je hlavním městem 	Kambodže	Phnompenh je hlavním městem 	Kambodže	Cambodia|||Kambodžské království|||Kampučia
Q9365	Dushanbe	Dušanbe	Q863	Tajikistan	Tádžikistán	Dushanbe is the capital of Tajikistan .	Dušanbe je kapitál Tádžikistán.	Dušanbe je kapitál 	 Dušanbe je hlavním městem Tádžikistánu.	Dušanbe je hlavním městem Tádžikistánu.	 Dušanbe je hlavním městem 	Tádžikistánu	Dušanbe je hlavním městem 	Tádžikistánu	Tajikistan
Q28237	Lansing	Lansing	Q1166	Michigan	Michigan	Lansing is the capital of Michigan .	Lansing je kapitál Michigan.	Lansing je kapitál 	 Lansing je hlavním městem Michiganu.	Lansing je hlavním městem Michiganu.	 Lansing je hlavním městem 	Michiganu	Lansing je hlavním městem 	Michiganu	Michigan|||State of Michigan
Q220445	Kuching	Kuching	Q170462	Sarawak	Sarawak	Kuching is the capital of Sarawak .	Kuching je kapitál Sarawak.	Kuching je kapitál 	 Kuching je hlavním městem Sarawaku.	Kuching je hlavním městem Sarawaku.	 Kuching je hlavním městem 	Sarawaku	Kuching je hlavním městem 	Sarawaku	Sarawak
Q1461	Manila	Manila	Q928	Philippines	Filipíny	Manila is the capital of Philippines .	Manila je kapitál Filipíny.	Manila je kapitál 	 Manila je hlavním městem Filipín.	Manila je hlavním městem Filipín.	 Manila je hlavním městem 	Filipín	Manila je hlavním městem 	Filipín	Philippines
Q189960	Westminster	Westminster	Q179876	Kingdom of England	Anglické království	Westminster is the capital of Kingdom of England .	Westminster je kapitál Anglické království.	Westminster je kapitál 	 Westminster je hlavním městem Anglického království.	Westminster je hlavním městem Anglického království.	 Westminster je hlavním městem 	Anglického království	Westminster je hlavním městem 	Anglického království	Kingdom of England
Q2900	Quito	Quito	Q736	Ecuador	Ekvádor	Quito is the capital of Ecuador .	Quito je kapitál Ekvádor.	Quito je kapitál 	 Quito je hlavní město Ekvádoru.	Quito je hlavním městem Ekvádoru.	 Quito je hlavní město 	Ekvádoru	Quito je hlavním městem 	Ekvádoru	Ecuador|||Ekvádorská republika|||ECU|||EC|||ecu|||ec
Q83065	Leicester	Leicester	Q23106	Leicestershire	Leicestershire	Leicester is the capital of Leicestershire .	Leicester je kapitál Leicestershire.	Leicester je kapitál 	 Leicester je hlavním městem hrabství Leicestershire.	Leicester je hlavním městem Leicestershire.	 Leicester je hlavním městem hrabství 	Leicestershire	Leicester je hlavním městem 	Leicestershire	Leicestershire
Q182852	Kunming	Kchun-ming	Q43194	Yunnan	Jün-nan	Kunming is the capital of Yunnan .	Kchun-ming je kapitál Jün-nan.	Kchun-ming je kapitál 	 Kunming je hlavním městem provincie Yunnan.	Kchun-ming je hlavním městem Jün-nanu.	ERROR	ERROR	Kchun-ming je hlavním městem 	Jün-nanu	Yunnan|||Yunnan|||Junnan|||Jünnan|||Provincie Jün-nan
Q3274	Managua	Managua	Q811	Nicaragua	Nikaragua	Managua is the capital of Nicaragua .	Managua je kapitál Nikaragua.	Managua je kapitál 	 Managua je hlavním městem Nikaraguy.	Managua je hlavním městem Nikaraguy.	 Managua je hlavním městem 	Nikaraguy	Managua je hlavním městem 	Nikaraguy	Nicaragua
Q549761	Warwick	Warwick	Q23140	Warwickshire	Warwickshire	Warwick is the capital of Warwickshire .	Warwick je kapitál Warwickshire.	Warwick je kapitál 	 Warwick je hlavním městem hrabství Warwickshire.	Warwick je hlavním městem Warwickshire.	 Warwick je hlavním městem hrabství 	Warwickshire	Warwick je hlavním městem 	Warwickshire	Warwickshire
Q2907	Sucre	Sucre	Q750	Bolivia	Bolívie	Sucre is the capital of Bolivia .	Sucre je kapitál Bolívie.	Sucre je kapitál 	 Sucre je hlavní město Bolívie.	Sucre je hlavním městem Bolívie.	 Sucre je hlavní město 	Bolívie	Sucre je hlavním městem 	Bolívie	Bolivia
Q18094	Honolulu	Honolulu	Q782	Hawaii	Havaj	Honolulu is the capital of Hawaii .	Honolulu je kapitál Havaj.	Honolulu je kapitál 	 Honolulu je hlavním městem Havaje.	Honolulu je hlavním městem Havaje.	 Honolulu je hlavním městem 	Havaje	Honolulu je hlavním městem 	Havaje	Hawaii|||Hawaii|||Hawaiʻi|||State of Hawaii|||Mokuʻāina o Hawaiʻi
Q9326	Vientiane	Vientiane	Q819	Laos	Laos	Vientiane is the capital of Laos .	Vientiane je kapitál Laos.	Vientiane je kapitál 	 Vientiane je hlavní město Laosu.	Vientiane je hlavním městem Laosu.	 Vientiane je hlavní město 	Laosu	Vientiane je hlavním městem 	Laosu	Laos|||Laoská lidově demokratická republika
Q30002	Chengdu	Čcheng-tu	Q19770	Sichuan	S'-čchuan	Chengdu is the capital of Sichuan .	Čcheng-tu je kapitál S'-čchuan.	Čcheng-tu je kapitál 	 Čcheng-tu je hlavním městem provincie S'-čchuan.	Čcheng-tu je hlavním městem S'-čchuanu.	 Čcheng-tu je hlavním městem provincie 	S'-čchuan	Čcheng-tu je hlavním městem 	S'-čchuanu	Sichuan
Q10305	Zaragoza	Zaragoza	Q4040	Aragon	Aragonie	Zaragoza is the capital of Aragon .	Zaragoza je kapitál Aragonie.	Zaragoza je kapitál 	 Zaragoza je hlavním městem Aragonie.	Zaragoza je hlavním městem Aragonie.	 Zaragoza je hlavním městem 	Aragonie	Zaragoza je hlavním městem 	Aragonie	Aragon
Q213474	Aylesbury	Aylesbury	Q23229	Buckinghamshire	Buckinghamshire	Aylesbury is the capital of Buckinghamshire .	Aylesbury je kapitál Buckinghamshire.	Aylesbury je kapitál 	 Aylesbury je hlavním městem Buckinghamshire.	Aylesbury je hlavním městem Buckinghamshire.	 Aylesbury je hlavním městem 	Buckinghamshire	Aylesbury je hlavním městem 	Buckinghamshire	Buckinghamshire
Q34217	Oxford	Oxford	Q23169	Oxfordshire	Oxfordshire	Oxford is the capital of Oxfordshire .	Oxford je kapitál Oxfordshire.	Oxford je kapitál 	 Oxford je hlavním městem Oxfordshire.	Oxford je hlavním městem Oxfordshire.	 Oxford je hlavním městem 	Oxfordshire	Oxford je hlavním městem 	Oxfordshire	Oxfordshire
Q43433	Chandigarh	Čandígarh	Q1174	Haryana	Harijána	Chandigarh is the capital of Haryana .	Čandígarh je kapitál Harijána.	Čandígarh je kapitál 	 Čandígarh je hlavním městem Harijány.	Čandígarh je hlavním městem Harijány.	 Čandígarh je hlavním městem 	Harijány	Čandígarh je hlavním městem 	Harijány	Haryana
Q3674	Niamey	Niamey	Q1032	Niger	Niger	Niamey is the capital of Niger .	Niamey je kapitál Niger.	Niamey je kapitál 	 Niamey je hlavním městem Nigeru.	Niamey je hlavním městem Nigeru.	 Niamey je hlavním městem 	Nigeru	Niamey je hlavním městem 	Nigeru	Niger
Q16666	Nanjing	Nanking	Q865	Taiwan	Tchaj-wan	Nanjing is the capital of Taiwan .	Nanking je kapitál Tchaj-wan.	Nanking je kapitál 	 Nanking je hlavní město Tchaj-wanu.	Nanking je hlavním městem Tchaj-wanu.	 Nanking je hlavní město 	Tchaj-wanu	Nanking je hlavním městem 	Tchaj-wanu	Taiwan|||Taiwan|||Čínská republika|||Tchajwan
Q3861	Doha	Dauhá	Q846	Qatar	Katar	Doha is the capital of Qatar .	Dauhá je kapitál Katar.	Dauhá je kapitál 	 Dauhá je hlavním městem Kataru.	Dauhá je hlavním městem Kataru.	 Dauhá je hlavním městem 	Kataru	Dauhá je hlavním městem 	Kataru	Qatar
Q3921	Harare	Harare	Q217169	Rhodesia	Republika Rhodesie	Harare is the capital of Rhodesia .	Harare je kapitál Republika Rhodesie.	Harare je kapitál 	 Harare je hlavním městem Rhodesie.	Harare je hlavním městem Republiky Rhodesie.	 Harare je hlavním městem 	Rhodesie	Harare je hlavním městem 	Republiky Rhodesie	Rhodesia|||Rhodesie
Q36260	Apia	Apia	Q683	Samoa	Samoa	Apia is the capital of Samoa .	Apia je kapitál Samoa.	Apia je kapitál 	Apia je hlavním městem Samoy.	Apia je hlavním městem Samoa.	Apia je hlavním městem 	Samoy	Apia je hlavním městem 	Samoa	Samoa
Q1780	Bratislava	Bratislava	Q214	Slovakia	Slovensko	Bratislava is the capital of Slovakia .	Bratislava je kapitál Slovensko.	Bratislava je kapitál 	 Bratislava je hlavní město Slovenska.	Bratislava je hlavním městem Slovenska.	 Bratislava je hlavní město 	Slovenska	Bratislava je hlavním městem 	Slovenska	Slovakia|||Slovenská republika|||Slovenský štát|||Slovesnko
Q137271	Kota Kinabalu	Kota Kinabalu	Q179029	Sabah	Sabah	Kota Kinabalu is the capital of Sabah .	Kota Kinabalu je kapitál Sabah.	Kota Kinabalu je kapitál 	 Kota Kinabalu je hlavním městem Sabahu.	Kota Kinabalu je hlavním městem Sabah.	 Kota Kinabalu je hlavním městem 	Sabahu	Kota Kinabalu je hlavním městem 	Sabah	Sabah
Q269	Tashkent	Taškent	Q265	Uzbekistan	Uzbekistán	Tashkent is the capital of Uzbekistan .	Taškent je kapitál Uzbekistán.	Taškent je kapitál 	 Taškent je hlavním městem Uzbekistánu.	Taškent je hlavním městem Uzbekistánu.	 Taškent je hlavním městem 	Uzbekistánu	Taškent je hlavním městem 	Uzbekistánu	Uzbekistan|||Republika Uzbekistán
Q3866	Dodoma	Dodoma	Q924	Tanzania	Tanzanie	Dodoma is the capital of Tanzania .	Dodoma je kapitál Tanzanie.	Dodoma je kapitál 	 Dodoma je hlavním městem Tanzanie.	Dodoma je hlavním městem Tanzanie.	 Dodoma je hlavním městem 	Tanzanie	Dodoma je hlavním městem 	Tanzanie	Tanzania
Q19689	Tirana	Tirana	Q222	Albania	Albánie	Tirana is the capital of Albania .	Tirana je kapitál Albánie.	Tirana je kapitál 	 Tirana je hlavní město Albánie.	Tirana je hlavním městem Albánie.	 Tirana je hlavní město 	Albánie	Tirana je hlavním městem 	Albánie	Albania|||Albánská republika
Q3894	Kampala	Kampala	Q1036	Uganda	Uganda	Kampala is the capital of Uganda .	Kampala je kapitál Uganda.	Kampala je kapitál 	 Kampala je hlavním městem Ugandy.	Kampala je hlavním městem Ugandy.	 Kampala je hlavním městem 	Ugandy	Kampala je hlavním městem 	Ugandy	Uganda
Q1858	Hanoi	Hanoj	Q881	Vietnam	Vietnam	Hanoi is the capital of Vietnam .	Hanoj je kapitál Vietnam.	Hanoj je kapitál 	 Hanoj je hlavním městem Vietnamu.	Hanoj je hlavním městem Vietnamu.	 Hanoj je hlavním městem 	Vietnamu	Hanoj je hlavním městem 	Vietnamu	Vietnam|||Vietnamská socialistická republika|||VSR
Q131694	Aden	Aden	Q805	Yemen	Jemen	Aden is the capital of Yemen .	Aden je kapitál Jemen.	Aden je kapitál 	 Aden je hlavní město Jemenu.	Aden je hlavním městem Jemenu.	 Aden je hlavní město 	Jemenu	Aden je hlavním městem 	Jemenu	Yemen|||Jemenská republika
Q3881	Lusaka	Lusaka	Q953	Zambia	Zambie	Lusaka is the capital of Zambia .	Lusaka je kapitál Zambie.	Lusaka je kapitál 	 Lusaka je hlavním městem Zambie.	Lusaka je hlavním městem Zambie.	 Lusaka je hlavním městem 	Zambie	Lusaka je hlavním městem 	Zambie	Zambia
Q1953	Yerevan	Jerevan	Q399	Armenia	Arménie	Yerevan is the capital of Armenia .	Jerevan je kapitál Arménie.	Jerevan je kapitál 	 Jerevan je hlavním městem Arménie.	Jerevan je hlavním městem Arménie.	 Jerevan je hlavním městem 	Arménie	Jerevan je hlavním městem 	Arménie	Armenia
Q35178	Kuwait City	Kuvajt	Q817	Kuwait	Kuvajt	Kuwait City is the capital of Kuwait .	Kuvajt je kapitál Kuvajt.	Kuvajt je kapitál 	 Kuvajt je hlavním městem Kuvajtu.	Kuvajt je hlavním městem Kuvajtu.	 Kuvajt je hlavním městem 	Kuvajtu	Kuvajt je hlavním městem 	Kuvajtu	Kuwait
Q3929	Port Louis	Port Louis	Q1027	Mauritius	Mauricius	Port Louis is the capital of Mauritius .	Port Louis je kapitál Mauricius.	Port Louis je kapitál 	 Port Louis je hlavním městem Mauricia.	Port Louis je hlavním městem Mauricia.	 Port Louis je hlavním městem 	Mauricia	Port Louis je hlavním městem 	Mauricia	Mauritius
Q3761	Accra	Accra	Q117	Ghana	Ghana	Accra is the capital of Ghana .	Accra je kapitál Ghana.	Accra je kapitál 	 Akkra je hlavním městem Ghany.	Accra je hlavním městem Ghany.	 Akkra je hlavním městem 	Ghany	Accra je hlavním městem 	Ghany	Ghana
Q66485	Jaipur	Džajpur	Q1437	Rajasthan	Rádžasthán	Jaipur is the capital of Rajasthan .	Džajpur je kapitál Rádžasthán.	Džajpur je kapitál 	 Džajpur je hlavním městem Rádžasthánu.	Džajpur je hlavním městem Rádžasthánu.	 Džajpur je hlavním městem 	Rádžasthánu	Džajpur je hlavním městem 	Rádžasthánu	Rajasthan
Q2280	Minsk	Minsk	Q184	Belarus	Bělorusko	Minsk is the capital of Belarus .	Minsk je kapitál Bělorusko.	Minsk je kapitál 	 Minsk je hlavní město Běloruska.	Minsk je hlavním městem Běloruska.	 Minsk je hlavní město 	Běloruska	Minsk je hlavním městem 	Běloruska	Belarus
Q39709	Des Moines	Des Moines	Q1546	Iowa	Iowa	Des Moines is the capital of Iowa .	Des Moines je kapitál Iowa.	Des Moines je kapitál 	 Des Moines je hlavním městem Iowy.	Des Moines je hlavním městem Iowy.	 Des Moines je hlavním městem 	Iowy	Des Moines je hlavním městem 	Iowy	Iowa|||State of Iowa
Q80484	Patna	Patna	Q1165	Bihar	Bihár	Patna is the capital of Bihar .	Patna je kapitál Bihár.	Patna je kapitál 	 Patna je hlavním městem Biháru.	Patna je hlavním městem Biháru.	 Patna je hlavním městem 	Biháru	Patna je hlavním městem 	Biháru	Bihar
Q28218	Baton Rouge	Baton Rouge	Q1588	Louisiana	Louisiana	Baton Rouge is the capital of Louisiana .	Baton Rouge je kapitál Louisiana.	Baton Rouge je kapitál 	 Baton Rouge je hlavním městem Louisiany.	Baton Rouge je hlavním městem Louisiany.	 Baton Rouge je hlavním městem 	Louisiany	Baton Rouge je hlavním městem 	Louisiany	Louisiana|||State of Louisiana
Q7568	Yogyakarta	Yogyakarta	Q252	Indonesia	Indonésie	Yogyakarta is the capital of Indonesia .	Yogyakarta je kapitál Indonésie.	Yogyakarta je kapitál 	 Yogyakarta je hlavní město Indonésie.	Yogyakarta je hlavním městem Indonésie.	 Yogyakarta je hlavní město 	Indonésie	Yogyakarta je hlavním městem 	Indonésie	Indonesia|||Indonéská republika
Q1520	Nur-Sultan	Nur-Sultan	Q232	Kazakhstan	Kazachstán	Nur-Sultan is the capital of Kazakhstan .	Nur-Sultan je kapitál Kazachstán.	Nur-Sultan je kapitál 	 Astana je hlavním městem Kazachstánu.	Nur-Sultan je hlavním městem Kazachstánu.	 Astana je hlavním městem 	Kazachstánu	Nur-Sultan je hlavním městem 	Kazachstánu	Kazakhstan
Q1721	Wiesbaden	Wiesbaden	Q1199	Hesse	Hesensko	Wiesbaden is the capital of Hesse .	Wiesbaden je kapitál Hesensko.	Wiesbaden je kapitál 	 Wiesbaden je hlavním městem Hesenska.	Wiesbaden je hlavním městem Hesenska.	 Wiesbaden je hlavním městem 	Hesenska	Wiesbaden je hlavním městem 	Hesenska	Hesse
Q7003	Dijon	Dijon	Q1173	Burgundy	Burgundsko	Dijon is the capital of Burgundy .	Dijon je kapitál Burgundsko.	Dijon je kapitál 	 Dijon je hlavním městem Burgundska.	Dijon je hlavním městem Burgundska.	 Dijon je hlavním městem 	Burgundska	Dijon je hlavním městem 	Burgundska	Burgundy
Q30974	Rouen	Rouen	Q15878	Normandy	Normandie	Rouen is the capital of Normandy .	Rouen je kapitál Normandie.	Rouen je kapitál 	 Rouen je hlavním městem Normandie.	Rouen je hlavním městem Normandie.	 Rouen je hlavním městem 	Normandie	Rouen je hlavním městem 	Normandie	Normandy
Q34863	Oklahoma City	Oklahoma City	Q1649	Oklahoma	Oklahoma	Oklahoma City is the capital of Oklahoma .	Oklahoma City je kapitál Oklahoma.	Oklahoma City je kapitál 	Oklahoma City je hlavním městem Oklahomy.	Oklahoma City je hlavním městem Oklahomy.	Oklahoma City je hlavním městem 	Oklahomy	Oklahoma City je hlavním městem 	Oklahomy	Oklahoma|||State of Oklahoma
Q33405	Little Rock	Little Rock	Q1612	Arkansas	Arkansas	Little Rock is the capital of Arkansas .	Little Rock je kapitál Arkansas.	Little Rock je kapitál 	 Little Rock je hlavním městem Arkansasu.	Little Rock je hlavním městem Arkansasu.	 Little Rock je hlavním městem 	Arkansasu	Little Rock je hlavním městem 	Arkansasu	Arkansas|||State of Arkansas
Q3659	N'Djamena	N'Djamena	Q657	Chad	Čad	N'Djamena is the capital of Chad .	N'Djamena je kapitál Čad.	N'Djamena je kapitál 	 N'Djamena je hlavní město Čadu.	N'Djamena je hlavním městem Čadu.	 N'Djamena je hlavní město 	Čadu	N'Djamena je hlavním městem 	Čadu	Chad
Q3805	Amman	Ammán	Q810	Jordan	Jordánsko	Amman is the capital of Jordan .	Ammán je kapitál Jordánsko.	Ammán je kapitál 	 Ammán je hlavním městem Jordánska.	Ammán je hlavním městem Jordánska.	 Ammán je hlavním městem 	Jordánska	Ammán je hlavním městem 	Jordánska	Jordan|||Jordánské hášimovské království|||JOR
Q167715	Thiruvananthapuram	Tiruvanantapuram	Q1186	Kerala	Kérala	Thiruvananthapuram is the capital of Kerala .	Tiruvanantapuram je kapitál Kérala.	Tiruvanantapuram je kapitál 	 Thiruvananthapuram je hlavním městem Kéraly.	Tiruvanantapuram je hlavním městem Kéraly.	 Thiruvananthapuram je hlavním městem 	Kéraly	Tiruvanantapuram je hlavním městem 	Kéraly	Kerala
Q36168	Bridgetown	Bridgetown	Q244	Barbados	Barbados	Bridgetown is the capital of Barbados .	Bridgetown je kapitál Barbados.	Bridgetown je kapitál 	 Bridgetown je hlavním městem Barbadosu.	Bridgetown je hlavním městem Barbadosu.	 Bridgetown je hlavním městem 	Barbadosu	Bridgetown je hlavním městem 	Barbadosu	Barbados
Q612	Dubai	Dubaj	Q613	Emirates of Dubai	Dubaj	Dubai is the capital of Emirates of Dubai .	Dubaj je kapitál Dubaj.	Dubaj je kapitál 	 Dubaj je hlavním městem společnosti Emirates of Dubai.	Dubaj je hlavním městem Dubaje.	 Dubaj je hlavním městem společnosti Emirates of 	Dubai	Dubaj je hlavním městem 	Dubaje	Emirate of Dubai
Q1711	Potsdam	Postupim	Q1208	Brandenburg	Braniborsko	Potsdam is the capital of Brandenburg .	Postupim je kapitál Braniborsko.	Postupim je kapitál 	 Postupim je hlavním městem Braniborska.	Postupim je hlavním městem Braniborska.	 Postupim je hlavním městem 	Braniborska	Postupim je hlavním městem 	Braniborska	Brandenburg
Q3915	Antananarivo	Antananarivo	Q1019	Madagascar	Madagaskar	Antananarivo is the capital of Madagascar .	Antananarivo je kapitál Madagaskar.	Antananarivo je kapitál 	 Antananarivo je hlavní město Madagaskaru .	Antananarivo je hlavním městem Madagaskaru.	 Antananarivo je hlavní město 	Madagaskaru	Antananarivo je hlavním městem 	Madagaskaru	Madagascar
Q3703	Bamako	Bamako	Q912	Mali	Mali	Bamako is the capital of Mali .	Bamako je kapitál Mali.	Bamako je kapitál 	 Bamako je hlavním městem Mali.	Bamako je hlavním městem Mali.	 Bamako je hlavním městem 	Mali	Bamako je hlavním městem 	Mali	Mali
Q28271	Annapolis	Annapolis	Q1391	Maryland	Maryland	Annapolis is the capital of Maryland .	Annapolis je kapitál Maryland.	Annapolis je kapitál 	 Annapolis je hlavním městem Marylandu.	Annapolis je hlavním městem Marylandu.	 Annapolis je hlavním městem 	Marylandu	Annapolis je hlavním městem 	Marylandu	Maryland|||State of Maryland
Q1361	Hyderabad	Hajdarábád	Q677037	Telangana	Telangána	Hyderabad is the capital of Telangana .	Hajdarábád je kapitál Telangána.	Hajdarábád je kapitál 	 Hajdarábád je hlavním městem Telangány.	Hajdarábád je hlavním městem Telangány.	 Hajdarábád je hlavním městem 	Telangány	Hajdarábád je hlavním městem 	Telangány	Telangana|||Telangana (India)
Q43433	Chandigarh	Čandígarh	Q22424	Punjab	Paňdžáb	Chandigarh is the capital of Punjab .	Čandígarh je kapitál Paňdžáb.	Čandígarh je kapitál 	 Čandígarh je hlavním městem Paňdžábu.	Čandígarh je hlavním městem Paňdžábu.	 Čandígarh je hlavním městem 	Paňdžábu	Čandígarh je hlavním městem 	Paňdžábu	Punjab
Q133069	Bourg-en-Bresse	Bourg-en-Bresse	Q3083	Ain	Ain	Bourg-en-Bresse is the capital of Ain .	Bourg-en-Bresse je kapitál Ain.	Bourg-en-Bresse je kapitál 	 Bourg-en-Bresse je hlavním městem Ain.	Bourg-en-Bresse je hlavním městem Ain.	 Bourg-en-Bresse je hlavním městem 	Ain	Bourg-en-Bresse je hlavním městem 	Ain	Ain
Q38807	Suva	Suva	Q712	Fiji	Fidži	Suva is the capital of Fiji .	Suva je kapitál Fidži.	Suva je kapitál 	 Suva je hlavním městem Fidži.	Suva je hlavním městem Fidži.	 Suva je hlavním městem 	Fidži	Suva je hlavním městem 	Fidži	Fiji
Q25280	Harrisburg	Harrisburg	Q1400	Pennsylvania	Pensylvánie	Harrisburg is the capital of Pennsylvania .	Harrisburg je kapitál Pensylvánie.	Harrisburg je kapitál 	 Harrisburg je hlavním městem Pensylvánie.	Harrisburg je hlavním městem Pensylvánie.	 Harrisburg je hlavním městem 	Pensylvánie	Harrisburg je hlavním městem 	Pensylvánie	Pennsylvania|||Pennsylvania|||Commonwealth of Pennsylvania
Q2471	Sana'a	San'á	Q805	Yemen	Jemen	Sana'a is the capital of Yemen .	San'á je kapitál Jemen.	San'á je kapitál 	 San'á je hlavním městem Jemenu.	San'á je hlavním městem Jemenu.	 San'á je hlavním městem 	Jemenu	San'á je hlavním městem 	Jemenu	Yemen|||Jemenská republika
Q214681	Panjim	Panadží	Q1171	Goa	Goa	Panjim is the capital of Goa .	Panadží je kapitál Goa.	Panadží je kapitál 	 Panjim je hlavní město Goa.	Panaďží je hlavním městem Goa.	 Panjim je hlavní město 	Goa	Panaďží je hlavním městem 	Goa	Goa
Q9279	Bandar Seri Begawan	Bandar Seri Begawan	Q921	Brunei	Brunej	Bandar Seri Begawan is the capital of Brunei .	Bandar Seri Begawan je kapitál Brunej.	Bandar Seri Begawan je kapitál 	 Bandar Seri Begawan je hlavním městem Bruneje.	Bandar Seri Begawan je hlavním městem Bruneje.	 Bandar Seri Begawan je hlavním městem 	Bruneje	Bandar Seri Begawan je hlavním městem 	Bruneje	Brunei|||Brunej Darussalam
Q39042	Cheyenne	Cheyenne	Q1214	Wyoming	Wyoming	Cheyenne is the capital of Wyoming .	Cheyenne je kapitál Wyoming.	Cheyenne je kapitál 	 Cheyenne je hlavním městem Wyomingu.	Cheyenne je hlavním městem Wyoming.	 Cheyenne je hlavním městem 	Wyomingu	Cheyenne je hlavním městem 	Wyoming	Wyoming|||State of Wyoming
Q10282	Pamplona	Pamplona	Q4018	Navarre	Navarra	Pamplona is the capital of Navarre .	Pamplona je kapitál Navarra.	Pamplona je kapitál 	 Pamplona je hlavním městem Navarry.	Pamplona je hlavním městem Navarry.	 Pamplona je hlavním městem 	Navarry	Pamplona je hlavním městem 	Navarry	Navarre
Q3825	Libreville	Libreville	Q1000	Gabon	Gabon	Libreville is the capital of Gabon .	Libreville je kapitál Gabon.	Libreville je kapitál 	 Libreville je hlavním městem Gabonu.	Libreville je hlavním městem Gabonu.	 Libreville je hlavním městem 	Gabonu	Libreville je hlavním městem 	Gabonu	Gabon|||Gabonská republika|||Republika Gabon
Q25270	Pristina	Priština	Q1246	Kosovo	Kosovo	Pristina is the capital of Kosovo .	Priština je kapitál Kosovo.	Priština je kapitál 	Priština je hlavním městem Kosova.	Priština je hlavním městem Kosova.	Priština je hlavním městem 	Kosova	Priština je hlavním městem 	Kosova	Kosovo|||Kosovská republika
Q226	Nuuk	Nuuk	Q223	Greenland	Grónsko	Nuuk is the capital of Greenland .	Nuuk je kapitál Grónsko.	Nuuk je kapitál 	 Nuuk je hlavním městem Grónska.	Nuuk je hlavním městem Grónska.	 Nuuk je hlavním městem 	Grónska	Nuuk je hlavním městem 	Grónska	Greenland
Q172157	Winchester	Winchester	Q179876	Kingdom of England	Anglické království	Winchester is the capital of Kingdom of England .	Winchester je kapitál Anglické království.	Winchester je kapitál 	 Winchester je hlavním městem Anglického království.	Winchester je hlavním městem Anglického království.	 Winchester je hlavním městem 	Anglického království	Winchester je hlavním městem 	Anglického království	Kingdom of England
Q3711	Belgrade	Bělehrad	Q36704	Yugoslavia	Jugoslávie	Belgrade is the capital of Yugoslavia .	Bělehrad je kapitál Jugoslávie.	Bělehrad je kapitál 	 Bělehrad je hlavní město Jugoslávie.	Bělehrad je hlavním městem Jugoslávie.	 Bělehrad je hlavní město 	Jugoslávie	Bělehrad je hlavním městem 	Jugoslávie	Yugoslavia|||Jihoslávie
Q33486	Hartford	Hartford	Q779	Connecticut	Connecticut	Hartford is the capital of Connecticut .	Hartford je kapitál Connecticut.	Hartford je kapitál 	 Hartford je hlavním městem Connecticutu.	Hartford je hlavním městem Connecticutu.	 Hartford je hlavním městem 	Connecticutu	Hartford je hlavním městem 	Connecticutu	Connecticut|||State of Connecticut
Q2868	Lima	Lima	Q419	Peru	Peru	Lima is the capital of Peru .	Lima je kapitál Peru.	Lima je kapitál 	 Lima je hlavní město Peru.	Lima je hlavním městem Peru.	 Lima je hlavní město 	Peru	Lima je hlavním městem 	Peru	Peru
Q3733	Conakry	Konakry	Q1006	Guinea	Guinea	Conakry is the capital of Guinea .	Konakry je kapitál Guinea.	Konakry je kapitál 	 Conakry je hlavním městem Guineje.	Konakry je hlavním městem Guiney.	 Conakry je hlavním městem 	Guineje	Konakry je hlavním městem 	Guiney	Guinea
Q29445	Juneau	Juneau	Q797	Alaska	Aljaška	Juneau is the capital of Alaska .	Juneau je kapitál Aljaška.	Juneau je kapitál 	 Juneau je hlavním městem Aljašky.	Juneau je hlavním městem Aljašky.	 Juneau je hlavním městem 	Aljašky	Juneau je hlavním městem 	Aljašky	Alaska|||Alaska|||State of Alaska
Q3043	Belmopan	Belmopan	Q242	Belize	Belize	Belmopan is the capital of Belize .	Belmopan je kapitál Belize.	Belmopan je kapitál 	 Belmopan je hlavním městem Belize.	Belmopan je hlavním městem Belize.	 Belmopan je hlavním městem 	Belize	Belmopan je hlavním městem 	Belize	Belize
Q1002052	Huacho	Huacho	Q211795	Lima	Lima	Huacho is the capital of Lima .	Huacho je kapitál Lima.	Huacho je kapitál 	 Huacho je hlavním městem Limy.	Huacho je hlavním městem Limy.	 Huacho je hlavním městem 	Limy	Huacho je hlavním městem 	Limy	Lima Department
Q18013	Sacramento	Sacramento	Q99	California	Kalifornie	Sacramento is the capital of California .	Sacramento je kapitál Kalifornie.	Sacramento je kapitál 	 Sacramento je hlavním městem Kalifornie.	Sacramento je hlavním městem Kalifornie.	 Sacramento je hlavním městem 	Kalifornie	Sacramento je hlavním městem 	Kalifornie	California|||California|||State of California
Q23311	City of London	City	Q179876	Kingdom of England	Anglické království	City of London is the capital of Kingdom of England .	City je kapitál Anglické království.	City je kapitál 	 City of London je hlavním městem Anglického království.	City of London je hlavním městem Anglického království.	 City of London je hlavním městem 	Anglického království	City of London je hlavním městem 	Anglického království	Kingdom of England
Q3859	Kigali	Kigali	Q1037	Rwanda	Rwanda	Kigali is the capital of Rwanda .	Kigali je kapitál Rwanda.	Kigali je kapitál 	 Kigali je hlavním městem Rwandy.	Kigali je hlavním městem Rwandy.	 Kigali je hlavním městem 	Rwandy	Kigali je hlavním městem 	Rwandy	Rwanda
Q239	Brussels	Brusel	Q31	Belgium	Belgie	Brussels is the capital of Belgium .	Brusel je kapitál Belgie.	Brusel je kapitál 	 Brusel je hlavním městem Belgie.	Brusel je hlavním městem Belgie.	 Brusel je hlavním městem 	Belgie	Brusel je hlavním městem 	Belgie	Belgium|||Belgické království
Q9270	Thimphu	Thimphu	Q917	Bhutan	Bhútán	Thimphu is the capital of Bhutan .	Thimphu je kapitál Bhútán.	Thimphu je kapitál 	 Thimphu je hlavní město Bhútánu.	Thimphu je hlavním městem Bhútánu.	 Thimphu je hlavní město 	Bhútánu	Thimphu je hlavním městem 	Bhútánu	Bhutan
Q1726	Munich	Mnichov	Q10544	Munich	Zemský okres München	Munich is the capital of Munich .	Mnichov je kapitál Zemský okres München.	Mnichov je kapitál 	 Mnichov je hlavním městem Mnichova.	Mnichov je hlavním městem zemského okresu München.	ERROR	ERROR	Mnichov je hlavním městem 	zemského okresu München	Munich|||Zemský okres München
Q7248	Bukittinggi	Bukittinggi	Q252	Indonesia	Indonésie	Bukittinggi is the capital of Indonesia .	Bukittinggi je kapitál Indonésie.	Bukittinggi je kapitál 	 Bukittinggi je hlavním městem Indonésie.	Bukittinggi je hlavním městem Indonésie.	 Bukittinggi je hlavním městem 	Indonésie	Bukittinggi je hlavním městem 	Indonésie	Indonesia|||Indonéská republika
Q5838	Kabul	Kábul	Q188933	Kabul	Kábul	Kabul is the capital of Kabul .	Kábul je kapitál Kábul.	Kábul je kapitál 	 Kábul je hlavním městem Kábulu.	Kábul je hlavním městem Kábulu.	 Kábul je hlavním městem 	Kábulu	Kábul je hlavním městem 	Kábulu	Kabul Province
Q202337	Nauplion	Nauplion	Q41	Greece	Řecko	Nauplion is the capital of Greece .	Nauplion je kapitál Řecko.	Nauplion je kapitál 	 Nauplion je hlavní město Řecka.	Nauplion je hlavním městem Řecka.	 Nauplion je hlavní město 	Řecka	Nauplion je hlavním městem 	Řecka	Greece
Q174665	Alba Iulia	Alba Iulia	Q45868	Alba	Alba	Alba Iulia is the capital of Alba .	Alba Iulia je kapitál Alba.	Alba Iulia je kapitál 	 Alba Iulia je hlavním městem Alby.	Alba Iulia je hlavním městem Alb.	 Alba Iulia je hlavním městem 	Alby	Alba Iulia je hlavním městem 	Alb	Alba County
Q35775	Boise	Boise	Q1221	Idaho	Idaho	Boise is the capital of Idaho .	Boise je kapitál Idaho.	Boise je kapitál 	 Boise je hlavním městem Idaha.	Boise je hlavním městem Idaha.	 Boise je hlavním městem 	Idaha	Boise je hlavním městem 	Idaha	Idaho|||State of Idaho
Q23197	Nashville	Nashville	Q1509	Tennessee	Tennessee	Nashville is the capital of Tennessee .	Nashville je kapitál Tennessee.	Nashville je kapitál 	 Nashville je hlavním městem Tennessee.	Nashville je hlavním městem Tennessee.	 Nashville je hlavním městem 	Tennessee	Nashville je hlavním městem 	Tennessee	Tennessee|||State of Tennessee
Q675960	Arlon	Arlon	Q1126	Luxembourg	Lucemburk	Arlon is the capital of Luxembourg .	Arlon je kapitál Lucemburk.	Arlon je kapitál 	 Arlon je hlavním městem Lucemburska.	Arlon je hlavním městem Lucemburku.	 Arlon je hlavním městem 	Lucemburska	Arlon je hlavním městem 	Lucemburku	Luxembourg
Q34713	Salzburg	Salzburg	Q43325	Salzburg	Salcbursko	Salzburg is the capital of Salzburg .	Salzburg je kapitál Salcbursko.	Salzburg je kapitál 	Salcburk je hlavním městem Salcburku.	Salzburg je hlavním městem Salcburska.	Salcburk je hlavním městem 	Salcburku	Salzburg je hlavním městem 	Salcburska	Salzburg|||Salzburgerland|||Salzbursko|||Solnohradsko|||Solnohrady
Q27860	Jayapura	Jayapura	Q5095	Papua	Papua	Jayapura is the capital of Papua .	Jayapura je kapitál Papua.	Jayapura je kapitál 	 Džajapura je hlavním městem Papuy.	Jayapura je hlavním městem Papuy.	 Džajapura je hlavním městem 	Papuy	Jayapura je hlavním městem 	Papuy	Papua
Q16559	Austin	Austin	Q1439	Texas	Texas	Austin is the capital of Texas .	Austin je kapitál Texas.	Austin je kapitál 	 Austin je hlavním městem Texasu.	Austin je hlavním městem Texasu.	 Austin je hlavním městem 	Texasu	Austin je hlavním městem 	Texasu	Texas|||State of Texas
Q28848	Saint Paul	Saint Paul	Q1527	Minnesota	Minnesota	Saint Paul is the capital of Minnesota .	Saint Paul je kapitál Minnesota.	Saint Paul je kapitál 	 Saint Paul je hlavním městem Minnesoty.	Saint Paul je hlavním městem Minnesoty.	 Saint Paul je hlavním městem 	Minnesoty	Saint Paul je hlavním městem 	Minnesoty	Minnesota|||State of Minnesota
Q3826	Muscat	Maskat	Q842	Oman	Omán	Muscat is the capital of Oman .	Maskat je kapitál Omán.	Maskat je kapitál 	 Maskat je hlavním městem Ománu.	Maskat je hlavním městem Ománu.	 Maskat je hlavním městem 	Ománu	Maskat je hlavním městem 	Ománu	Oman|||Sultanát Omán
Q37043	Tallahassee	Tallahassee	Q812	Florida	Florida	Tallahassee is the capital of Florida .	Tallahassee je kapitál Florida.	Tallahassee je kapitál 	 Tallahassee je hlavním městem Floridy.	Tallahassee je hlavním městem Floridy.	 Tallahassee je hlavním městem 	Floridy	Tallahassee je hlavním městem 	Floridy	Florida|||State of Florida
Q994	Tbilisi	Tbilisi	Q230	Georgia	Gruzie	Tbilisi is the capital of Georgia .	Tbilisi je kapitál Gruzie.	Tbilisi je kapitál 	 Tbilisi je hlavní město Gruzie.	Tbilisi je hlavním městem Gruzie.	 Tbilisi je hlavní město 	Gruzie	Tbilisi je hlavním městem 	Gruzie	Georgia
Q213916	Vergina	Vergina	Q83958	Macedonia	Makedonské království	Vergina is the capital of Macedonia .	Vergina je kapitál Makedonské království.	Vergina je kapitál 	 Vergina je hlavní město Makedonie.	Vergina je hlavním městem Makedonského království.	ERROR	ERROR	Vergina je hlavním městem 	Makedonského království	Macedonia|||Makedonie
Q239	Brussels	Brusel	Q234	Flanders	Vlámsko	Brussels is the capital of Flanders .	Brusel je kapitál Vlámsko.	Brusel je kapitál 	 Brusel je hlavním městem Flander.	Brusel je hlavním městem Vlámska.	ERROR	ERROR	Brusel je hlavním městem 	Vlámska	Flanders
Q219117	Zomba	Zomba	Q1020	Malawi	Malawi	Zomba is the capital of Malawi .	Zomba je kapitál Malawi.	Zomba je kapitál 	 Zomba je hlavním městem Malawi.	Zomba je hlavním městem Malawi.	 Zomba je hlavním městem 	Malawi	Zomba je hlavním městem 	Malawi	Malawi|||Ňasko
Q168225	Hebron	Hebron	Q48685	Judah	Judské království	Hebron is the capital of Judah .	Hebron je kapitál Judské království.	Hebron je kapitál 	 Hebron je hlavním městem Judy.	Hebron je hlavním městem Judského království.	ERROR	ERROR	Hebron je hlavním městem 	Judského království	Kingdom of Judah
Q648	Lille	Lille	Q12661	Nord	Nord	Lille is the capital of Nord .	Lille je kapitál Nord.	Lille je kapitál 	 Lille je hlavním městem Nordu.	Lille je hlavním městem Nordu.	 Lille je hlavním městem 	Nordu	Lille je hlavním městem 	Nordu	Nord
Q41057	Topeka	Topeka	Q1558	Kansas	Kansas	Topeka is the capital of Kansas .	Topeka je kapitál Kansas.	Topeka je kapitál 	 Topeka je hlavním městem Kansasu.	Topeka je hlavním městem Kansasu.	 Topeka je hlavním městem 	Kansasu	Topeka je hlavním městem 	Kansasu	Kansas|||State of Kansas
Q14314	Santiago de Compostela	Santiago de Compostela	Q3908	Galicia	Galicie	Santiago de Compostela is the capital of Galicia .	Santiago de Compostela je kapitál Galicie.	Santiago de Compostela je kapitál 	 Santiago de Compostela je hlavním městem Galicie.	Santiago de Compostela je hlavním městem Galicie.	 Santiago de Compostela je hlavním městem 	Galicie	Santiago de Compostela je hlavním městem 	Galicie	Galicia
