sub_uri	en_sub_label	sub_label	obj_uri	en_obj_label	obj_label	en_template	template	template_prompt	gt_translation	chatgpt_translation	gt_prompt	gt_infl_object	chatgpt_prompt	chatgpt_infl_object	aliases
Q222	Albania	Albanija	Q7184	NATO	NATO	Albania is a member of NATO .	Albanija je član NATO.	Albanija je član 	 Albanija je članica NATO-a.	Albanija je članica NATO-a.	 Albanija je članica 	NATO-a	Albanija je članica 	NATO-a	NATO|||Organizacija Sjevernoatlantskog ugovora|||North Atlantic Treaty Organization|||Sjevernoatlantski savez|||OTAN
Q30	United States of America	Sjedinjene Američke Države	Q7184	NATO	NATO	United States of America is a member of NATO .	Sjedinjene Američke Države je član NATO.	Sjedinjene Američke Države je član 	 Sjedinjene Američke Države su članica NATO-a.	Sjedinjene Američke Države su članica NATO-a.	 Sjedinjene Američke Države su članica 	NATO-a	Sjedinjene Američke Države su članica 	NATO-a	NATO|||Organizacija Sjevernoatlantskog ugovora|||North Atlantic Treaty Organization|||Sjevernoatlantski savez|||OTAN
Q224	Croatia	Hrvatska	Q7184	NATO	NATO	Croatia is a member of NATO .	Hrvatska je član NATO.	Hrvatska je član 	 Hrvatska je članica NATO-a.	Hrvatska je članica NATO-a.	 Hrvatska je članica 	NATO-a	Hrvatska je članica 	NATO-a	NATO|||Organizacija Sjevernoatlantskog ugovora|||North Atlantic Treaty Organization|||Sjevernoatlantski savez|||OTAN
Q31	Belgium	Belgija	Q7184	NATO	NATO	Belgium is a member of NATO .	Belgija je član NATO.	Belgija je član 	 Belgija je članica NATO-a.	Belgija je članica NATO-a.	 Belgija je članica 	NATO-a	Belgija je članica 	NATO-a	NATO|||Organizacija Sjevernoatlantskog ugovora|||North Atlantic Treaty Organization|||Sjevernoatlantski savez|||OTAN
Q213	Czech Republic	Češka	Q7184	NATO	NATO	Czech Republic is a member of NATO .	Češka je član NATO.	Češka je član 	 Češka Republika je članica NATO-a.	Češka je članica NATO-a.	 Češka Republika je članica 	NATO-a	Češka je članica 	NATO-a	NATO|||Organizacija Sjevernoatlantskog ugovora|||North Atlantic Treaty Organization|||Sjevernoatlantski savez|||OTAN
Q16	Canada	Kanada	Q7184	NATO	NATO	Canada is a member of NATO .	Kanada je član NATO.	Kanada je član 	 Kanada je članica NATO-a.	Kanada je članica NATO-a.	 Kanada je članica 	NATO-a	Kanada je članica 	NATO-a	NATO|||Organizacija Sjevernoatlantskog ugovora|||North Atlantic Treaty Organization|||Sjevernoatlantski savez|||OTAN
Q190679	Captain America	Kapetan Amerika	Q322646	Avengers	Osvetnici	Captain America is a member of Avengers .	Kapetan Amerika je član Osvetnici.	Kapetan Amerika je član 	 Kapetan Amerika je član Osvetnika.	Kapetan Amerika je član Osvetnika.	 Kapetan Amerika je član 	Osvetnika	Kapetan Amerika je član 	Osvetnika	Avengers
Q35	Denmark	Danska	Q7184	NATO	NATO	Denmark is a member of NATO .	Danska je član NATO.	Danska je član 	 Danska je članica NATO-a.	Danska je članica NATO-a.	 Danska je članica 	NATO-a	Danska je članica 	NATO-a	NATO|||Organizacija Sjevernoatlantskog ugovora|||North Atlantic Treaty Organization|||Sjevernoatlantski savez|||OTAN
Q164089	Mexico national football team	Meksička nogometna reprezentacija	Q253414	FIFA	FIFA	Mexico national football team is a member of FIFA .	Meksička nogometna reprezentacija je član FIFA.	Meksička nogometna reprezentacija je član 	 Meksička nogometna reprezentacija članica je FIFA-e.	Meksička nogometna reprezentacija je članica FIFA-e.	 Meksička nogometna reprezentacija članica je 	FIFA-e	Meksička nogometna reprezentacija je članica 	FIFA-e	FIFA
Q191	Estonia	Estonija	Q7184	NATO	NATO	Estonia is a member of NATO .	Estonija je član NATO.	Estonija je član 	 Estonija je članica NATO-a.	Estonija je članica NATO-a.	 Estonija je članica 	NATO-a	Estonija je članica 	NATO-a	NATO|||Organizacija Sjevernoatlantskog ugovora|||North Atlantic Treaty Organization|||Sjevernoatlantski savez|||OTAN
Q142	France	Francuska	Q7184	NATO	NATO	France is a member of NATO .	Francuska je član NATO.	Francuska je član 	 Francuska je članica NATO-a.	Francuska je članica NATO-a.	 Francuska je članica 	NATO-a	Francuska je članica 	NATO-a	NATO|||Organizacija Sjevernoatlantskog ugovora|||North Atlantic Treaty Organization|||Sjevernoatlantski savez|||OTAN
Q42267	Spain national football team	Španjolska nogometna reprezentacija	Q253414	FIFA	FIFA	Spain national football team is a member of FIFA .	Španjolska nogometna reprezentacija je član FIFA.	Španjolska nogometna reprezentacija je član 	 Španjolska nogometna reprezentacija članica je FIFA-e.	Španjolska nogometna reprezentacija je članica FIFA-e.	 Španjolska nogometna reprezentacija članica je 	FIFA-e	Španjolska nogometna reprezentacija je članica 	FIFA-e	FIFA
Q183	Germany	Njemačka	Q7184	NATO	NATO	Germany is a member of NATO .	Njemačka je član NATO.	Njemačka je član 	 Njemačka je članica NATO-a.	Njemačka je članica NATO-a.	 Njemačka je članica 	NATO-a	Njemačka je članica 	NATO-a	NATO|||Organizacija Sjevernoatlantskog ugovora|||North Atlantic Treaty Organization|||Sjevernoatlantski savez|||OTAN
Q219	Bulgaria	Bugarska	Q7184	NATO	NATO	Bulgaria is a member of NATO .	Bugarska je član NATO.	Bugarska je član 	 Bugarska je članica NATO-a.	Bugarska je članica NATO-a.	 Bugarska je članica 	NATO-a	Bugarska je članica 	NATO-a	NATO|||Organizacija Sjevernoatlantskog ugovora|||North Atlantic Treaty Organization|||Sjevernoatlantski savez|||OTAN
Q55	Netherlands	Nizozemska	Q7184	NATO	NATO	Netherlands is a member of NATO .	Nizozemska je član NATO.	Nizozemska je član 	 Nizozemska je članica NATO-a.	Nizozemska je članica NATO-a.	 Nizozemska je članica 	NATO-a	Nizozemska je članica 	NATO-a	NATO|||Organizacija Sjevernoatlantskog ugovora|||North Atlantic Treaty Organization|||Sjevernoatlantski savez|||OTAN
Q32	Luxembourg	Luksemburg	Q7184	NATO	NATO	Luxembourg is a member of NATO .	Luksemburg je član NATO.	Luksemburg je član 	 Luksemburg je članica NATO-a.	Luksemburg je članica NATO-a.	 Luksemburg je članica 	NATO-a	Luksemburg je članica 	NATO-a	NATO|||Organizacija Sjevernoatlantskog ugovora|||North Atlantic Treaty Organization|||Sjevernoatlantski savez|||OTAN
Q28	Hungary	Mađarska	Q7184	NATO	NATO	Hungary is a member of NATO .	Mađarska je član NATO.	Mađarska je član 	 Mađarska je članica NATO-a.	Mađarska je članica NATO-a.	 Mađarska je članica 	NATO-a	Mađarska je članica 	NATO-a	NATO|||Organizacija Sjevernoatlantskog ugovora|||North Atlantic Treaty Organization|||Sjevernoatlantski savez|||OTAN
Q189	Iceland	Island	Q7184	NATO	NATO	Iceland is a member of NATO .	Island je član NATO.	Island je član 	 Island je članica NATO-a.	Island je članica NATO-a.	 Island je članica 	NATO-a	Island je članica 	NATO-a	NATO|||Organizacija Sjevernoatlantskog ugovora|||North Atlantic Treaty Organization|||Sjevernoatlantski savez|||OTAN
Q38	Italy	Italija	Q7184	NATO	NATO	Italy is a member of NATO .	Italija je član NATO.	Italija je član 	 Italija je članica NATO-a.	Italija je članica NATO-a.	 Italija je članica 	NATO-a	Italija je članica 	NATO-a	NATO|||Organizacija Sjevernoatlantskog ugovora|||North Atlantic Treaty Organization|||Sjevernoatlantski savez|||OTAN
Q676899	Italy national association football team	Talijanska nogometna reprezentacija	Q253414	FIFA	FIFA	Italy national association football team is a member of FIFA .	Talijanska nogometna reprezentacija je član FIFA.	Talijanska nogometna reprezentacija je član 	 Talijanska nogometna reprezentacija članica je FIFA-e.	Talijanska nogometna reprezentacija je članica FIFA-e.	 Talijanska nogometna reprezentacija članica je 	FIFA-e	Talijanska nogometna reprezentacija je članica 	FIFA-e	FIFA
Q211	Latvia	Latvija	Q7184	NATO	NATO	Latvia is a member of NATO .	Latvija je član NATO.	Latvija je član 	 Latvija je članica NATO-a.	Latvija je članica NATO-a.	 Latvija je članica 	NATO-a	Latvija je članica 	NATO-a	NATO|||Organizacija Sjevernoatlantskog ugovora|||North Atlantic Treaty Organization|||Sjevernoatlantski savez|||OTAN
Q37	Lithuania	Litva	Q7184	NATO	NATO	Lithuania is a member of NATO .	Litva je član NATO.	Litva je član 	 Litva je članica NATO-a.	Litva je članica NATO-a.	 Litva je članica 	NATO-a	Litva je članica 	NATO-a	NATO|||Organizacija Sjevernoatlantskog ugovora|||North Atlantic Treaty Organization|||Sjevernoatlantski savez|||OTAN
Q41	Greece	Grčka	Q7184	NATO	NATO	Greece is a member of NATO .	Grčka je član NATO.	Grčka je član 	 Grčka je članica NATO-a.	Grčka je članica NATO-a.	 Grčka je članica 	NATO-a	Grčka je članica 	NATO-a	NATO|||Organizacija Sjevernoatlantskog ugovora|||North Atlantic Treaty Organization|||Sjevernoatlantski savez|||OTAN
Q834621	Bono	Bono	Q396	U2	U2	Bono is a member of U2 .	Bono je član U2.	Bono je član 	 Bono je član grupe U2.	Bono je član U2.	 Bono je član grupe 	U2	Bono je član 	U2	U2
Q714845	The Edge	The Edge	Q396	U2	U2	The Edge is a member of U2 .	The Edge je član U2.	The Edge je član 	 The Edge je član grupe U2.	The Edge je član U2.	 The Edge je član grupe 	U2	The Edge je član 	U2	U2
Q83459	Brazil national football team	Brazilska nogometna reprezentacija	Q253414	FIFA	FIFA	Brazil national football team is a member of FIFA .	Brazilska nogometna reprezentacija je član FIFA.	Brazilska nogometna reprezentacija je član 	Brazilska nogometna reprezentacija je članica FIFA-e.	Brazilska nogometna reprezentacija je članica FIFA-e.	Brazilska nogometna reprezentacija je članica 	FIFA-e	Brazilska nogometna reprezentacija je članica 	FIFA-e	FIFA
Q218	Romania	Rumunjska	Q7184	NATO	NATO	Romania is a member of NATO .	Rumunjska je član NATO.	Rumunjska je član 	 Rumunjska je članica NATO-a.	Rumunjska je članica NATO-a.	 Rumunjska je članica 	NATO-a	Rumunjska je članica 	NATO-a	NATO|||Organizacija Sjevernoatlantskog ugovora|||North Atlantic Treaty Organization|||Sjevernoatlantski savez|||OTAN
Q180704	Iron Man	Iron Man	Q322646	Avengers	Osvetnici	Iron Man is a member of Avengers .	Iron Man je član Osvetnici.	Iron Man je član 	 Iron Man je član Osvetnika.	Iron Man je član Osvetnika.	 Iron Man je član 	Osvetnika	Iron Man je član 	Osvetnika	Avengers
Q43	Turkey	Turska	Q7184	NATO	NATO	Turkey is a member of NATO .	Turska je član NATO.	Turska je član 	 Turska je članica NATO-a.	Turska je članica NATO-a.	 Turska je članica 	NATO-a	Turska je članica 	NATO-a	NATO|||Organizacija Sjevernoatlantskog ugovora|||North Atlantic Treaty Organization|||Sjevernoatlantski savez|||OTAN
Q214	Slovakia	Slovačka	Q7184	NATO	NATO	Slovakia is a member of NATO .	Slovačka je član NATO.	Slovačka je član 	 Slovačka je članica NATO-a.	Slovačka je članica NATO-a.	 Slovačka je članica 	NATO-a	Slovačka je članica 	NATO-a	NATO|||Organizacija Sjevernoatlantskog ugovora|||North Atlantic Treaty Organization|||Sjevernoatlantski savez|||OTAN
Q164134	United States men's national soccer team	Nogometna reprezentacija SAD-a	Q253414	FIFA	FIFA	United States men's national soccer team is a member of FIFA .	Nogometna reprezentacija SAD-a je član FIFA.	Nogometna reprezentacija SAD-a je član 	 Muška nogometna reprezentacija Sjedinjenih Američkih Država članica je FIFA-e.	Nogometna reprezentacija SAD-a je članica FIFA-e.	 Muška nogometna reprezentacija Sjedinjenih Američkih Država članica je 	FIFA-e	Nogometna reprezentacija SAD-a je članica 	FIFA-e	FIFA
Q483868	Czech Republic national football team	Češka nogometna reprezentacija	Q253414	FIFA	FIFA	Czech Republic national football team is a member of FIFA .	Češka nogometna reprezentacija je član FIFA.	Češka nogometna reprezentacija je član 	 Češka nogometna reprezentacija je članica FIFA-e.	Češka nogometna reprezentacija je članica FIFA-e.	 Češka nogometna reprezentacija je članica 	FIFA-e	Češka nogometna reprezentacija je članica 	FIFA-e	FIFA
Q9500	The Football Association	Engleski nogometni savez	Q253414	FIFA	FIFA	The Football Association is a member of FIFA .	Engleski nogometni savez je član FIFA.	Engleski nogometni savez je član 	 Nogometni savez je član FIFA-e.	Engleski nogometni savez je član FIFA-e.	 Nogometni savez je član 	FIFA-e	Engleski nogometni savez je član 	FIFA-e	FIFA
Q213116	Royal Dutch Football Association	Kraljevski nizozemski nogometni savez	Q253414	FIFA	FIFA	Royal Dutch Football Association is a member of FIFA .	Kraljevski nizozemski nogometni savez je član FIFA.	Kraljevski nizozemski nogometni savez je član 	 Nizozemski kraljevski nogometni savez je član FIFA-e.	Kraljevski nizozemski nogometni savez je član FIFA-e.	 Nizozemski kraljevski nogometni savez je član 	FIFA-e	Kraljevski nizozemski nogometni savez je član 	FIFA-e	FIFA
Q381124	Royal Belgian Football Association	Belgijski nogometni savez	Q253414	FIFA	FIFA	Royal Belgian Football Association is a member of FIFA .	Belgijski nogometni savez je član FIFA.	Belgijski nogometni savez je član 	 Kraljevski belgijski nogometni savez je član FIFA-e.	Belgijski nogometni savez je član FIFA-e.	 Kraljevski belgijski nogometni savez je član 	FIFA-e	Belgijski nogometni savez je član 	FIFA-e	FIFA
Q630231	Latvian Football Federation	Latvijski nogometni savez	Q253414	FIFA	FIFA	Latvian Football Federation is a member of FIFA .	Latvijski nogometni savez je član FIFA.	Latvijski nogometni savez je član 	 Latvijski nogometni savez je član FIFA-e.	Latvijski nogometni savez je član FIFA-e.	 Latvijski nogometni savez je član 	FIFA-e	Latvijski nogometni savez je član 	FIFA-e	FIFA
Q309005	Portuguese Football Federation	Portugalski nogometni savez	Q253414	FIFA	FIFA	Portuguese Football Federation is a member of FIFA .	Portugalski nogometni savez je član FIFA.	Portugalski nogometni savez je član 	 Portugalski nogometni savez je član FIFA-e.	Portugalski nogometni savez je član FIFA-e.	 Portugalski nogometni savez je član 	FIFA-e	Portugalski nogometni savez je član 	FIFA-e	FIFA
Q244750	French Football Federation	Francuski nogometni savez	Q253414	FIFA	FIFA	French Football Federation is a member of FIFA .	Francuski nogometni savez je član FIFA.	Francuski nogometni savez je član 	 Francuski nogometni savez je član FIFA-e.	Francuski nogometni savez je član FIFA-e.	 Francuski nogometni savez je član 	FIFA-e	Francuski nogometni savez je član 	FIFA-e	FIFA
Q299122	Jeff Hanneman	Jeff Hanneman	Q131231	Slayer	Slayer	Jeff Hanneman is a member of Slayer .	Jeff Hanneman je član Slayer.	Jeff Hanneman je član 	 Jeff Hanneman je član Slayera.	Jeff Hanneman je član Slayera.	 Jeff Hanneman je član 	Slayera	Jeff Hanneman je član 	Slayera	Slayer
Q207615	Royal Spanish Football Federation	Španjolski nogometni savez	Q253414	FIFA	FIFA	Royal Spanish Football Federation is a member of FIFA .	Španjolski nogometni savez je član FIFA.	Španjolski nogometni savez je član 	 Kraljevski španjolski nogometni savez je član FIFA-e.	Španjolski nogometni savez je član FIFA-e.	 Kraljevski španjolski nogometni savez je član 	FIFA-e	Španjolski nogometni savez je član 	FIFA-e	FIFA
Q20	Norway	Norveška	Q7184	NATO	NATO	Norway is a member of NATO .	Norveška je član NATO.	Norveška je član 	 Norveška je članica NATO-a.	Norveška je članica NATO-a.	 Norveška je članica 	NATO-a	Norveška je članica 	NATO-a	NATO|||Organizacija Sjevernoatlantskog ugovora|||North Atlantic Treaty Organization|||Sjevernoatlantski savez|||OTAN
Q297210	Kerry King	Kerry King	Q131231	Slayer	Slayer	Kerry King is a member of Slayer .	Kerry King je član Slayer.	Kerry King je član 	 Kerry King je članica grupe Slayer.	Kerry King je član Slayera.	 Kerry King je članica grupe 	Slayer	Kerry King je član 	Slayera	Slayer
Q312292	Tom Araya	Tom Araya	Q131231	Slayer	Slayer	Tom Araya is a member of Slayer .	Tom Araya je član Slayer.	Tom Araya je član 	 Tom Araya je član grupe Slayer.	Tom Araya je član Slayera.	 Tom Araya je član grupe 	Slayer	Tom Araya je član 	Slayera	Slayer
Q244754	Brazilian Football Confederation	Brazilski nogometni savez	Q253414	FIFA	FIFA	Brazilian Football Confederation is a member of FIFA .	Brazilski nogometni savez je član FIFA.	Brazilski nogometni savez je član 	 Brazilski nogometni savez je član FIFA-e.	Brazilski nogometni savez je član FIFA-e.	 Brazilski nogometni savez je član 	FIFA-e	Brazilski nogometni savez je član 	FIFA-e	FIFA
Q620280	Irish Football Association	Sjevernoirski nogometni savez	Q253414	FIFA	FIFA	Irish Football Association is a member of FIFA .	Sjevernoirski nogometni savez je član FIFA.	Sjevernoirski nogometni savez je član 	Irski nogometni savez je član FIFA-e.	Sjevernoirski nogometni savez je član FIFA-e.	Irski nogometni savez je član 	FIFA-e	Sjevernoirski nogometni savez je član 	FIFA-e	FIFA
Q154191	German Football Association	Njemački nogometni savez	Q253414	FIFA	FIFA	German Football Association is a member of FIFA .	Njemački nogometni savez je član FIFA.	Njemački nogometni savez je član 	 Njemački nogometni savez je član FIFA-e.	Njemački nogometni savez je član FIFA-e.	 Njemački nogometni savez je član 	FIFA-e	Njemački nogometni savez je član 	FIFA-e	FIFA
Q474181	Swiss Football Association	Švicarski nogometni savez	Q253414	FIFA	FIFA	Swiss Football Association is a member of FIFA .	Švicarski nogometni savez je član FIFA.	Švicarski nogometni savez je član 	 Švicarski nogometni savez je član FIFA-e.	Švicarski nogometni savez je član FIFA-e.	 Švicarski nogometni savez je član 	FIFA-e	Švicarski nogometni savez je član 	FIFA-e	FIFA
Q478320	Scottish Football Association	Škotski nogometni savez	Q253414	FIFA	FIFA	Scottish Football Association is a member of FIFA .	Škotski nogometni savez je član FIFA.	Škotski nogometni savez je član 	 Škotski nogometni savez je član FIFA-e.	Škotski nogometni savez je član FIFA-e.	 Škotski nogometni savez je član 	FIFA-e	Škotski nogometni savez je član 	FIFA-e	FIFA
Q2599	Paul McCartney	Paul McCartney	Q622988	Wings	Wings	Paul McCartney is a member of Wings .	Paul McCartney je član Wings.	Paul McCartney je član 	 Paul McCartney je član grupe Wings.	Paul McCartney je član Wingsa.	 Paul McCartney je član grupe 	Wings	Paul McCartney je član 	Wingsa	Wings
Q222131	United States Soccer Federation	Nogometni savez SAD-a	Q253414	FIFA	FIFA	United States Soccer Federation is a member of FIFA .	Nogometni savez SAD-a je član FIFA.	Nogometni savez SAD-a je član 	 Nogometni savez Sjedinjenih Američkih Država je član FIFA-e.	Nogometni savez SAD-a je član FIFA-e.	 Nogometni savez Sjedinjenih Američkih Država je član 	FIFA-e	Nogometni savez SAD-a je član 	FIFA-e	FIFA
Q696850	Luxembourg Football Federation	Luksemburški nogometni savez	Q253414	FIFA	FIFA	Luxembourg Football Federation is a member of FIFA .	Luksemburški nogometni savez je član FIFA.	Luksemburški nogometni savez je član 	 Luksemburški nogometni savez je član FIFA-e.	Luksemburški nogometni savez je član FIFA-e.	 Luksemburški nogometni savez je član 	FIFA-e	Luksemburški nogometni savez je član 	FIFA-e	FIFA
Q389763	Hellenic Football Federation	Grčki nogometni savez	Q253414	FIFA	FIFA	Hellenic Football Federation is a member of FIFA .	Grčki nogometni savez je član FIFA.	Grčki nogometni savez je član 	 Helenski nogometni savez je član FIFA-e.	Grčki nogometni savez je član FIFA-e.	 Helenski nogometni savez je član 	FIFA-e	Grčki nogometni savez je član 	FIFA-e	FIFA
Q175907	Adam Clayton	Adam Clayton	Q396	U2	U2	Adam Clayton is a member of U2 .	Adam Clayton je član U2.	Adam Clayton je član 	 Adam Clayton je član grupe U2.	Adam Clayton je član U2.	 Adam Clayton je član grupe 	U2	Adam Clayton je član 	U2	U2
Q55	Netherlands	Nizozemska	Q7809	UNESCO	UNESCO	Netherlands is a member of UNESCO .	Nizozemska je član UNESCO.	Nizozemska je član 	 Nizozemska je članica UNESCO-a.	Nizozemska je članica UNESCO-a.	 Nizozemska je članica 	UNESCO-a	Nizozemska je članica 	UNESCO-a	UNESCO
Q215	Slovenia	Slovenija	Q7184	NATO	NATO	Slovenia is a member of NATO .	Slovenija je član NATO.	Slovenija je član 	 Slovenija je članica NATO-a.	Slovenija je članica NATO-a.	 Slovenija je članica 	NATO-a	Slovenija je članica 	NATO-a	NATO|||Organizacija Sjevernoatlantskog ugovora|||North Atlantic Treaty Organization|||Sjevernoatlantski savez|||OTAN
Q36	Poland	Poljska	Q7184	NATO	NATO	Poland is a member of NATO .	Poljska je član NATO.	Poljska je član 	 Poljska je članica NATO-a.	Poljska je članica NATO-a.	 Poljska je članica 	NATO-a	Poljska je članica 	NATO-a	NATO|||Organizacija Sjevernoatlantskog ugovora|||North Atlantic Treaty Organization|||Sjevernoatlantski savez|||OTAN
Q455413	Belize national football team	Belizeanska nogometna reprezentacija	Q253414	FIFA	FIFA	Belize national football team is a member of FIFA .	Belizeanska nogometna reprezentacija je član FIFA.	Belizeanska nogometna reprezentacija je član 	 Nogometna reprezentacija Belizea je članica FIFA-e.	Belizeanska nogometna reprezentacija je članica FIFA-e.	 Nogometna reprezentacija Belizea je članica 	FIFA-e	Belizeanska nogometna reprezentacija je članica 	FIFA-e	FIFA
Q186262	Albania national football team	Albanska nogometna reprezentacija	Q253414	FIFA	FIFA	Albania national football team is a member of FIFA .	Albanska nogometna reprezentacija je član FIFA.	Albanska nogometna reprezentacija je član 	 Albanska nogometna reprezentacija je članica FIFA-e.	Albanska nogometna reprezentacija je članica FIFA-e.	 Albanska nogometna reprezentacija je članica 	FIFA-e	Albanska nogometna reprezentacija je članica 	FIFA-e	FIFA
Q383179	Afghanistan Football Federation	Afganistanski nogometni savez	Q253414	FIFA	FIFA	Afghanistan Football Federation is a member of FIFA .	Afganistanski nogometni savez je član FIFA.	Afganistanski nogometni savez je član 	 Afganistanski nogometni savez je član FIFA-e.	Afganistanski nogometni savez je član FIFA-e.	 Afganistanski nogometni savez je član 	FIFA-e	Afganistanski nogometni savez je član 	FIFA-e	FIFA
Q497782	Football Association of Ireland	Irski nogometni savez	Q253414	FIFA	FIFA	Football Association of Ireland is a member of FIFA .	Irski nogometni savez je član FIFA.	Irski nogometni savez je član 	 Nogometni savez Irske je član FIFA-e.	Irski nogometni savez je član FIFA-e.	 Nogometni savez Irske je član 	FIFA-e	Irski nogometni savez je član 	FIFA-e	FIFA
Q502018	Danish Football Union	Danski nogometni savez	Q253414	FIFA	FIFA	Danish Football Union is a member of FIFA .	Danski nogometni savez je član FIFA.	Danski nogometni savez je član 	 Danski nogometni savez je član FIFA-e.	Danski nogometni savez je član FIFA-e.	 Danski nogometni savez je član 	FIFA-e	Danski nogometni savez je član 	FIFA-e	FIFA
Q29	Spain	Španjolska	Q7184	NATO	NATO	Spain is a member of NATO .	Španjolska je član NATO.	Španjolska je član 	 Španjolska je članica NATO-a.	Španjolska je članica NATO-a.	 Španjolska je članica 	NATO-a	Španjolska je članica 	NATO-a	NATO|||Organizacija Sjevernoatlantskog ugovora|||North Atlantic Treaty Organization|||Sjevernoatlantski savez|||OTAN
Q201897	Italian Football Federation	Talijanski nogometni savez	Q253414	FIFA	FIFA	Italian Football Federation is a member of FIFA .	Talijanski nogometni savez je član FIFA.	Talijanski nogometni savez je član 	 Talijanski nogometni savez je član FIFA-e.	Talijanski nogometni savez je član FIFA-e.	 Talijanski nogometni savez je član 	FIFA-e	Talijanski nogometni savez je član 	FIFA-e	FIFA
Q268628	Faroe Islands Football Association	Nogometni savez Farskih Otoka	Q253414	FIFA	FIFA	Faroe Islands Football Association is a member of FIFA .	Nogometni savez Farskih Otoka je član FIFA.	Nogometni savez Farskih Otoka je član 	Nogometni savez Farskih Otoka je član FIFA-e.	Nogometni savez Farskih Otoka je član FIFA-e.	Nogometni savez Farskih Otoka je član 	FIFA-e	Nogometni savez Farskih Otoka je član 	FIFA-e	FIFA
Q183	Germany	Njemačka	Q7809	UNESCO	UNESCO	Germany is a member of UNESCO .	Njemačka je član UNESCO.	Njemačka je član 	 Njemačka je članica UNESCO-a.	Njemačka je članica UNESCO-a.	 Njemačka je članica 	UNESCO-a	Njemačka je članica 	UNESCO-a	UNESCO
Q38	Italy	Italija	Q7809	UNESCO	UNESCO	Italy is a member of UNESCO .	Italija je član UNESCO.	Italija je član 	 Italija je članica UNESCO-a.	Italija je članica UNESCO-a.	 Italija je članica 	UNESCO-a	Italija je članica 	UNESCO-a	UNESCO
Q728575	Malta Football Association	Malteški nogometni savez	Q253414	FIFA	FIFA	Malta Football Association is a member of FIFA .	Malteški nogometni savez je član FIFA.	Malteški nogometni savez je član 	 Malteški nogometni savez je član FIFA-e.	Malteški nogometni savez je član FIFA-e.	 Malteški nogometni savez je član 	FIFA-e	Malteški nogometni savez je član 	FIFA-e	FIFA
Q140486	Football Federation of Ukraine	Ukrajinski nogometni savez	Q253414	FIFA	FIFA	Football Federation of Ukraine is a member of FIFA .	Ukrajinski nogometni savez je član FIFA.	Ukrajinski nogometni savez je član 	 Nogometni savez Ukrajine je član FIFA-e.	Ukrajinski nogometni savez je član FIFA-e.	 Nogometni savez Ukrajine je član 	FIFA-e	Ukrajinski nogometni savez je član 	FIFA-e	FIFA
Q45	Portugal	Portugal	Q7184	NATO	NATO	Portugal is a member of NATO .	Portugal je član NATO.	Portugal je član 	 Portugal je članica NATO-a.	Portugal je članica NATO-a.	 Portugal je članica 	NATO-a	Portugal je članica 	NATO-a	NATO|||Organizacija Sjevernoatlantskog ugovora|||North Atlantic Treaty Organization|||Sjevernoatlantski savez|||OTAN
Q371451	Georgian Football Federation	Gruzijski nogometni savez	Q253414	FIFA	FIFA	Georgian Football Federation is a member of FIFA .	Gruzijski nogometni savez je član FIFA.	Gruzijski nogometni savez je član 	 Gruzijski nogometni savez je član FIFA-e.	Gruzijski nogometni savez je član FIFA-e.	 Gruzijski nogometni savez je član 	FIFA-e	Gruzijski nogometni savez je član 	FIFA-e	FIFA
Q36	Poland	Poljska	Q7809	UNESCO	UNESCO	Poland is a member of UNESCO .	Poljska je član UNESCO.	Poljska je član 	 Poljska je članica UNESCO-a.	Poljska je članica UNESCO-a.	 Poljska je članica 	UNESCO-a	Poljska je članica 	UNESCO-a	UNESCO
Q222108	Austrian Football Association	Austrijski nogometni savez	Q253414	FIFA	FIFA	Austrian Football Association is a member of FIFA .	Austrijski nogometni savez je član FIFA.	Austrijski nogometni savez je član 	 Austrijski nogometni savez je član FIFA-e.	Austrijski nogometni savez je član FIFA-e.	 Austrijski nogometni savez je član 	FIFA-e	Austrijski nogometni savez je član 	FIFA-e	FIFA
Q222131	United States Soccer Federation	Nogometni savez SAD-a	Q160549	CONCACAF	CONCACAF	United States Soccer Federation is a member of CONCACAF .	Nogometni savez SAD-a je član CONCACAF.	Nogometni savez SAD-a je član 	 Nogometni savez Sjedinjenih Američkih Država je član CONCACAF-a.	Nogometni savez SAD-a je član CONCACAF-a.	 Nogometni savez Sjedinjenih Američkih Država je član 	CONCACAF-a	Nogometni savez SAD-a je član 	CONCACAF-a	CONCACAF
Q722749	Uruguayan Football Association	Urugvajski nogometni savez	Q253414	FIFA	FIFA	Uruguayan Football Association is a member of FIFA .	Urugvajski nogometni savez je član FIFA.	Urugvajski nogometni savez je član 	 Urugvajski nogometni savez je član FIFA-e.	Urugvajski nogometni savez je član FIFA-e.	 Urugvajski nogometni savez je član 	FIFA-e	Urugvajski nogometni savez je član 	FIFA-e	FIFA
Q641712	Israel Football Association	Izraelski nogometni savez	Q253414	FIFA	FIFA	Israel Football Association is a member of FIFA .	Izraelski nogometni savez je član FIFA.	Izraelski nogometni savez je član 	 Izraelski nogometni savez je član FIFA-e.	Izraelski nogometni savez je član FIFA-e.	 Izraelski nogometni savez je član 	FIFA-e	Izraelski nogometni savez je član 	FIFA-e	FIFA
Q474952	Norwegian Football Federation	Norveški nogometni savez	Q253414	FIFA	FIFA	Norwegian Football Federation is a member of FIFA .	Norveški nogometni savez je član FIFA.	Norveški nogometni savez je član 	 Norveški nogometni savez je član FIFA-e.	Norveški nogometni savez je član FIFA-e.	 Norveški nogometni savez je član 	FIFA-e	Norveški nogometni savez je član 	FIFA-e	FIFA
Q318386	Russian Football Union	Ruski nogometni savez	Q253414	FIFA	FIFA	Russian Football Union is a member of FIFA .	Ruski nogometni savez je član FIFA.	Ruski nogometni savez je član 	 Ruski nogometni savez je član FIFA-e.	Ruski nogometni savez je član FIFA-e.	 Ruski nogometni savez je član 	FIFA-e	Ruski nogometni savez je član 	FIFA-e	FIFA
Q316454	Don Henley	Don Henley	Q189635	Eagles	Eagles	Don Henley is a member of Eagles .	Don Henley je član Eagles.	Don Henley je član 	 Don Henley je član Eaglesa.	Don Henley je član Eaglesa.	 Don Henley je član 	Eaglesa	Don Henley je član 	Eaglesa	Eagles|||The Eagles
Q317705	Andorran Football Federation	Andorski nogometni savez	Q253414	FIFA	FIFA	Andorran Football Federation is a member of FIFA .	Andorski nogometni savez je član FIFA.	Andorski nogometni savez je član 	 Andorski nogometni savez je član FIFA-e.	Andorski nogometni savez je član FIFA-e.	 Andorski nogometni savez je član 	FIFA-e	Andorski nogometni savez je član 	FIFA-e	FIFA
Q630248	Bulgarian Football Union	Bugarski nogometni savez	Q253414	FIFA	FIFA	Bulgarian Football Union is a member of FIFA .	Bugarski nogometni savez je član FIFA.	Bugarski nogometni savez je član 	 Bugarski nogometni savez je član FIFA-e.	Bugarski nogometni savez je član FIFA-e.	 Bugarski nogometni savez je član 	FIFA-e	Bugarski nogometni savez je član 	FIFA-e	FIFA
Q309008	Polish Football Association	Poljski nogometni savez	Q253414	FIFA	FIFA	Polish Football Association is a member of FIFA .	Poljski nogometni savez je član FIFA.	Poljski nogometni savez je član 	 Poljski nogometni savez je član FIFA-e.	Poljski nogometni savez je član FIFA-e.	 Poljski nogometni savez je član 	FIFA-e	Poljski nogometni savez je član 	FIFA-e	FIFA
Q145	United Kingdom	Ujedinjeno Kraljevstvo	Q7184	NATO	NATO	United Kingdom is a member of NATO .	Ujedinjeno Kraljevstvo je član NATO.	Ujedinjeno Kraljevstvo je član 	 Ujedinjeno Kraljevstvo je članica NATO-a.	Ujedinjeno Kraljevstvo je članica NATO-a.	 Ujedinjeno Kraljevstvo je članica 	NATO-a	Ujedinjeno Kraljevstvo je članica 	NATO-a	NATO|||Organizacija Sjevernoatlantskog ugovora|||North Atlantic Treaty Organization|||Sjevernoatlantski savez|||OTAN
Q390598	Albanian Football Association	Albanski nogometni savez	Q253414	FIFA	FIFA	Albanian Football Association is a member of FIFA .	Albanski nogometni savez je član FIFA.	Albanski nogometni savez je član 	Albanski nogometni savez je član FIFA-e.	Albanski nogometni savez je član FIFA-e.	Albanski nogometni savez je član 	FIFA-e	Albanski nogometni savez je član 	FIFA-e	FIFA
Q381129	Association of Football Federations of Azerbaijan	Azerbajdžanski nogometni savez	Q253414	FIFA	FIFA	Association of Football Federations of Azerbaijan is a member of FIFA .	Azerbajdžanski nogometni savez je član FIFA.	Azerbajdžanski nogometni savez je član 	 Azerbajdžanski nogometni savez je član FIFA-e.	Azerbajdžanski nogometni savez je član FIFA-e.	 Azerbajdžanski nogometni savez je član 	FIFA-e	Azerbajdžanski nogometni savez je član 	FIFA-e	FIFA
Q474947	Football Association of Finland	Finski nogometni savez	Q253414	FIFA	FIFA	Football Association of Finland is a member of FIFA .	Finski nogometni savez je član FIFA.	Finski nogometni savez je član 	 Nogometni savez Finske je član FIFA-e.	Finski nogometni savez je član FIFA-e.	 Nogometni savez Finske je član 	FIFA-e	Finski nogometni savez je član 	FIFA-e	FIFA
Q328689	Croatian Football Federation	Hrvatski nogometni savez	Q253414	FIFA	FIFA	Croatian Football Federation is a member of FIFA .	Hrvatski nogometni savez je član FIFA.	Hrvatski nogometni savez je član 	 Hrvatski nogometni savez je član FIFA-e.	Hrvatski nogometni savez je član FIFA-e.	 Hrvatski nogometni savez je član 	FIFA-e	Hrvatski nogometni savez je član 	FIFA-e	FIFA
Q631999	Romanian Football Federation	Rumunjski nogometni savez	Q253414	FIFA	FIFA	Romanian Football Federation is a member of FIFA .	Rumunjski nogometni savez je član FIFA.	Rumunjski nogometni savez je član 	 Rumunjski nogometni savez je član FIFA-e.	Rumunjski nogometni savez je član FIFA-e.	 Rumunjski nogometni savez je član 	FIFA-e	Rumunjski nogometni savez je član 	FIFA-e	FIFA
Q733029	Hungarian Football Federation	Mađarski nogometni savez	Q253414	FIFA	FIFA	Hungarian Football Federation is a member of FIFA .	Mađarski nogometni savez je član FIFA.	Mađarski nogometni savez je član 	 Mađarski nogometni savez je član FIFA-e.	Mađarski nogometni savez je član FIFA-e.	 Mađarski nogometni savez je član 	FIFA-e	Mađarski nogometni savez je član 	FIFA-e	FIFA
Q685899	Slovak Football Association	Slovački nogometni savez	Q253414	FIFA	FIFA	Slovak Football Association is a member of FIFA .	Slovački nogometni savez je član FIFA.	Slovački nogometni savez je član 	 Slovački nogometni savez je član FIFA-e.	Slovački nogometni savez je član FIFA-e.	 Slovački nogometni savez je član 	FIFA-e	Slovački nogometni savez je član 	FIFA-e	FIFA
Q473248	Cyprus Football Association	Ciparski nogometni savez	Q253414	FIFA	FIFA	Cyprus Football Association is a member of FIFA .	Ciparski nogometni savez je član FIFA.	Ciparski nogometni savez je član 	 Ciparski nogometni savez je član FIFA-e.	Ciparski nogometni savez je član FIFA-e.	 Ciparski nogometni savez je član 	FIFA-e	Ciparski nogometni savez je član 	FIFA-e	FIFA
Q337065	Football Association of the Czech Republic	Češki nogometni savez	Q253414	FIFA	FIFA	Football Association of the Czech Republic is a member of FIFA .	Češki nogometni savez je član FIFA.	Češki nogometni savez je član 	 Nogometni savez Češke Republike je član FIFA-e.	Češki nogometni savez je član FIFA-e.	 Nogometni savez Češke Republike je član 	FIFA-e	Češki nogometni savez je član 	FIFA-e	FIFA
Q473245	Football Federation of Belarus	Bjeloruski nogometni savez	Q253414	FIFA	FIFA	Football Federation of Belarus is a member of FIFA .	Bjeloruski nogometni savez je član FIFA.	Bjeloruski nogometni savez je član 	 Nogometni savez Bjelorusije je član FIFA-e.	Bjeloruski nogometni savez je član FIFA-e.	 Nogometni savez Bjelorusije je član 	FIFA-e	Bjeloruski nogometni savez je član 	FIFA-e	FIFA
Q512915	Lithuanian Football Federation	Litavski nogometni savez	Q253414	FIFA	FIFA	Lithuanian Football Federation is a member of FIFA .	Litavski nogometni savez je član FIFA.	Litavski nogometni savez je član 	 Litvanski nogometni savez je član FIFA-e.	Litavski nogometni savez je član FIFA-e.	 Litvanski nogometni savez je član 	FIFA-e	Litavski nogometni savez je član 	FIFA-e	FIFA
Q125658	San Marino Football Federation	Sanmarinski nogometni savez	Q253414	FIFA	FIFA	San Marino Football Federation is a member of FIFA .	Sanmarinski nogometni savez je član FIFA.	Sanmarinski nogometni savez je član 	 Nogometni savez San Marina je član FIFA-e.	Sanmarinski nogometni savez je član FIFA-e.	 Nogometni savez San Marina je član 	FIFA-e	Sanmarinski nogometni savez je član 	FIFA-e	FIFA
Q621084	Saudi Arabia Football Federation	Nogometni savez Saudijske Arabije	Q253414	FIFA	FIFA	Saudi Arabia Football Federation is a member of FIFA .	Nogometni savez Saudijske Arabije je član FIFA.	Nogometni savez Saudijske Arabije je član 	 Nogometni savez Saudijske Arabije je član FIFA-e.	Nogometni savez Saudijske Arabije je član FIFA-e.	 Nogometni savez Saudijske Arabije je član 	FIFA-e	Nogometni savez Saudijske Arabije je član 	FIFA-e	FIFA
Q264335	Estonian Football Association	Estonski nogometni savez	Q253414	FIFA	FIFA	Estonian Football Association is a member of FIFA .	Estonski nogometni savez je član FIFA.	Estonski nogometni savez je član 	 Estonski nogometni savez je član FIFA-e.	Estonski nogometni savez je član FIFA-e.	 Estonski nogometni savez je član 	FIFA-e	Estonski nogometni savez je član 	FIFA-e	FIFA
Q455428	Swedish Football Association	Švedski nogometni savez	Q253414	FIFA	FIFA	Swedish Football Association is a member of FIFA .	Švedski nogometni savez je član FIFA.	Švedski nogometni savez je član 	 Švedski nogometni savez je član FIFA-e.	Švedski nogometni savez je član FIFA-e.	 Švedski nogometni savez je član 	FIFA-e	Švedski nogometni savez je član 	FIFA-e	FIFA
Q717588	Thor	Thor	Q322646	Avengers	Osvetnici	Thor is a member of Avengers .	Thor je član Osvetnici.	Thor je član 	 Thor je član Osvetnika.	Thor je član Osvetnika.	 Thor je član 	Osvetnika	Thor je član 	Osvetnika	Avengers
Q508376	Gibraltar Football Association	Gibraltarski nogometni savez	Q253414	FIFA	FIFA	Gibraltar Football Association is a member of FIFA .	Gibraltarski nogometni savez je član FIFA.	Gibraltarski nogometni savez je član 	 Gibraltarski nogometni savez je član FIFA-e.	Gibraltarski nogometni savez je član FIFA-e.	 Gibraltarski nogometni savez je član 	FIFA-e	Gibraltarski nogometni savez je član 	FIFA-e	FIFA
Q423	North Korea	Sjeverna Koreja	Q7809	UNESCO	UNESCO	North Korea is a member of UNESCO .	Sjeverna Koreja je član UNESCO.	Sjeverna Koreja je član 	Sjeverna Koreja je članica UNESCO-a.	Sjeverna Koreja je članica UNESCO-a.	Sjeverna Koreja je članica 	UNESCO-a	Sjeverna Koreja je članica 	UNESCO-a	UNESCO
Q275173	Football Association of Wales	Velški nogometni savez	Q253414	FIFA	FIFA	Football Association of Wales is a member of FIFA .	Velški nogometni savez je član FIFA.	Velški nogometni savez je član 	 Nogometni savez Walesa je član FIFA-e.	Velški nogometni savez je član FIFA-e.	 Nogometni savez Walesa je član 	FIFA-e	Velški nogometni savez je član 	FIFA-e	FIFA
Q266544	Chuck Schuldiner	Chuck Schuldiner	Q192843	Death	Death	Chuck Schuldiner is a member of Death .	Chuck Schuldiner je član Death.	Chuck Schuldiner je član 	 Chuck Schuldiner je član grupe Death.	Chuck Schuldiner je član Deatha.	 Chuck Schuldiner je član grupe 	Death	Chuck Schuldiner je član 	Deatha	Death
