sub_uri	en_sub_label	sub_label	obj_uri	en_obj_label	obj_label	en_template	template	template_prompt	gt_translation	chatgpt_translation	gt_prompt	gt_infl_object	chatgpt_prompt	chatgpt_infl_object	aliases
Q173151	Talbot	Talbot	Q90	Paris	Pariz	The headquarter of Talbot is in Paris .	Sjedište Talbot je u Pariz.	Sjedište Talbot je u 	 Sjedište Talbota je u Parizu.	Sjedište Talbota je u Parizu.	 Sjedište Talbota je u 	Parizu	Sjedište Talbota je u 	Parizu	Paris|||Paris
Q861799	Orion Publishing Group	Orion Publishing Group	Q84	London	London	The headquarter of Orion Publishing Group is in London .	Sjedište Orion Publishing Group je u London.	Sjedište Orion Publishing Group je u 	 Sjedište izdavačke kuće Orion Publishing Group je u Londonu.	Sjedište Orion Publishing Groupa je u Londonu.	 Sjedište izdavačke kuće Orion Publishing Group je u 	Londonu	Sjedište Orion Publishing Groupa je u 	Londonu	London
Q1782700	Infogrames	Infogrames	Q456	Lyon	Lyon	The headquarter of Infogrames is in Lyon .	Sjedište Infogrames je u Lyon.	Sjedište Infogrames je u 	 Sjedište Infogramesa je u Lyonu.	Sjedište Infogramesa je u Lyonu.	 Sjedište Infogramesa je u 	Lyonu	Sjedište Infogramesa je u 	Lyonu	Lyon
Q62288	Rolex	Rolex	Q71	Geneva	Ženeva	The headquarter of Rolex is in Geneva .	Sjedište Rolex je u Ženeva.	Sjedište Rolex je u 	 Sjedište Rolexa je u Ženevi.	Sjedište Rolexa je u Ženevi.	 Sjedište Rolexa je u 	Ženevi	Sjedište Rolexa je u 	Ženevi	Geneva
Q203179	Assyrian Church of the East	Asirska crkva istoka	Q1297	Chicago	Chicago	The headquarter of Assyrian Church of the East is in Chicago .	Sjedište Asirska crkva istoka je u Chicago.	Sjedište Asirska crkva istoka je u 	 Sjedište Asirske crkve Istoka je u Chicagu.	Sjedište Asirske crkve istoka je u Chicagu.	 Sjedište Asirske crkve Istoka je u 	Chicagu	Sjedište Asirske crkve istoka je u 	Chicagu	Chicago
Q483020	Paris Saint-Germain F.C.	Paris Saint-Germain	Q90	Paris	Pariz	The headquarter of Paris Saint-Germain F.C. is in Paris .	Sjedište Paris Saint-Germain je u Pariz.	Sjedište Paris Saint-Germain je u 	 Sjedište nogometnog kluba Paris Saint-Germain nalazi se u Parizu.	Sjedište Paris Saint-Germaina je u Parizu.	 Sjedište nogometnog kluba Paris Saint-Germain nalazi se u 	Parizu	Sjedište Paris Saint-Germaina je u 	Parizu	Paris|||Paris
Q188567	Grameen Bank	Grameen banka	Q902	Bangladesh	Bangladeš	The headquarter of Grameen Bank is in Bangladesh .	Sjedište Grameen banka je u Bangladeš.	Sjedište Grameen banka je u 	 Sjedište Grameen banke je u Bangladešu.	Sjedište Grameen banke je u Bangladešu.	 Sjedište Grameen banke je u 	Bangladešu	Sjedište Grameen banke je u 	Bangladešu	Bangladesh
Q699709	Volkswagen Commercial Vehicles	Volkswagen Nutzfahrzeuge	Q1715	Hanover	Hannover	The headquarter of Volkswagen Commercial Vehicles is in Hanover .	Sjedište Volkswagen Nutzfahrzeuge je u Hannover.	Sjedište Volkswagen Nutzfahrzeuge je u 	 Sjedište tvrtke Volkswagen Commercial Vehicles nalazi se u Hannoveru.	Sjedište Volkswagen Nutzfahrzegea je u Hannoveru.	 Sjedište tvrtke Volkswagen Commercial Vehicles nalazi se u 	Hannoveru	Sjedište Volkswagen Nutzfahrzegea je u 	Hannoveru	Hanover
Q692704	Berliner AK 07	Berliner AK 07	Q64	Berlin	Berlin	The headquarter of Berliner AK 07 is in Berlin .	Sjedište Berliner AK 07 je u Berlin.	Sjedište Berliner AK 07 je u 	 Sjedište tvrtke Berliner AK 07 je u Berlinu.	Sjedište Berliner AK 07 je u Berlinu.	 Sjedište tvrtke Berliner AK 07 je u 	Berlinu	Sjedište Berliner AK 07 je u 	Berlinu	Berlin
Q455991	Hapoel Haifa F.C.	Hapoel Haifa F.C.	Q41621	Haifa	Haifa	The headquarter of Hapoel Haifa F.C. is in Haifa .	Sjedište Hapoel Haifa F.C. je u Haifa.	Sjedište Hapoel Haifa F.C. je u 	 Sjedište Hapoel Haifa FC-a je u Haifi.	Sjedište Hapoel Haifa F.C. je u Haifi.	 Sjedište Hapoel Haifa FC-a je u 	Haifi	Sjedište Hapoel Haifa F.C. je u 	Haifi	Haifa
Q223041	International Tennis Federation	Međunarodna teniska federacija	Q84	London	London	The headquarter of International Tennis Federation is in London .	Sjedište Međunarodna teniska federacija je u London.	Sjedište Međunarodna teniska federacija je u 	 Sjedište Međunarodne teniske federacije je u Londonu.	Sjedište Međunarodne teniske federacije je u Londonu.	 Sjedište Međunarodne teniske federacije je u 	Londonu	Sjedište Međunarodne teniske federacije je u 	Londonu	London
Q549055	Iraklis Thessaloniki B.C.	Iraklis BC	Q17151	Thessaloniki	Solun	The headquarter of Iraklis Thessaloniki B.C. is in Thessaloniki .	Sjedište Iraklis BC je u Solun.	Sjedište Iraklis BC je u 	 Sjedište Iraklis Thessaloniki BC je u Solunu.	Sjedište Iraklis BC-a je u Solunu.	 Sjedište Iraklis Thessaloniki BC je u 	Solunu	Sjedište Iraklis BC-a je u 	Solunu	Thessaloniki
Q371267	Tanjug	Telegrafska agencija nove Jugoslavije	Q3711	Belgrade	Beograd	The headquarter of Tanjug is in Belgrade .	Sjedište Telegrafska agencija nove Jugoslavije je u Beograd.	Sjedište Telegrafska agencija nove Jugoslavije je u 	 Sjedište Tanjuga je u Beogradu.	Sjedište Telegrafske agencije nove Jugoslavije je u Beogradu.	 Sjedište Tanjuga je u 	Beogradu	Sjedište Telegrafske agencije nove Jugoslavije je u 	Beogradu	Belgrade
Q7320	Nazi Party	Nacionalsocijalistička njemačka radnička stranka	Q1726	Munich	München	The headquarter of Nazi Party is in Munich .	Sjedište Nacionalsocijalistička njemačka radnička stranka je u München.	Sjedište Nacionalsocijalistička njemačka radnička stranka je u 	 Sjedište nacističke stranke je u Münchenu.	Sjedište Nacionalsocijalističke njemačke radničke stranke je u Münchenu.	 Sjedište nacističke stranke je u 	Münchenu	Sjedište Nacionalsocijalističke njemačke radničke stranke je u 	Münchenu	Munich
Q153770	Deutsche Welle	Deutsche Welle	Q586	Bonn	Bonn	The headquarter of Deutsche Welle is in Bonn .	Sjedište Deutsche Welle je u Bonn.	Sjedište Deutsche Welle je u 	 Sjedište Deutsche Wellea je u Bonnu.	Sjedište Deutsche Welle je u Bonn.	 Sjedište Deutsche Wellea je u 	Bonnu	Sjedište Deutsche Welle je u 	Bonn	Bonn
Q190526	BSC Young Boys	BSC Young Boys	Q70	Bern	Bern	The headquarter of BSC Young Boys is in Bern .	Sjedište BSC Young Boys je u Bern.	Sjedište BSC Young Boys je u 	 Sjedište BSC Young Boysa je u Bernu.	Translation: Sjedište BSC Young Boysa je u Bernu.	 Sjedište BSC Young Boysa je u 	Bernu	Translation: Sjedište BSC Young Boysa je u 	Bernu	Bern
Q7825	World Trade Organization	Svjetska trgovinska organizacija	Q71	Geneva	Ženeva	The headquarter of World Trade Organization is in Geneva .	Sjedište Svjetska trgovinska organizacija je u Ženeva.	Sjedište Svjetska trgovinska organizacija je u 	 Sjedište Svjetske trgovinske organizacije je u Ženevi.	Sjedište Svjetske trgovinske organizacije je u Ženevi.	 Sjedište Svjetske trgovinske organizacije je u 	Ženevi	Sjedište Svjetske trgovinske organizacije je u 	Ženevi	Geneva
Q912887	Cambridge University Press	Cambridge University Press	Q350	Cambridge	Cambridge	The headquarter of Cambridge University Press is in Cambridge .	Sjedište Cambridge University Press je u Cambridge.	Sjedište Cambridge University Press je u 	Sjedište Cambridge University Pressa je u Cambridgeu.	Translation: Sjedište Cambridge University Pressa je u Cambridgeu.	Sjedište Cambridge University Pressa je u 	Cambridgeu	Translation: Sjedište Cambridge University Pressa je u 	Cambridgeu	Cambridge
Q702455	RB Leipzig	RB Leipzig	Q2079	Leipzig	Leipzig	The headquarter of RB Leipzig is in Leipzig .	Sjedište RB Leipzig je u Leipzig.	Sjedište RB Leipzig je u 	 Sjedište RB Leipziga je u Leipzigu.	Sjedište RB Leipziga je u Leipzigu.	 Sjedište RB Leipziga je u 	Leipzigu	Sjedište RB Leipziga je u 	Leipzigu	Leipzig
Q222131	United States Soccer Federation	Nogometni savez SAD-a	Q1297	Chicago	Chicago	The headquarter of United States Soccer Federation is in Chicago .	Sjedište Nogometni savez SAD-a je u Chicago.	Sjedište Nogometni savez SAD-a je u 	 Sjedište Nogometnog saveza Sjedinjenih Američkih Država nalazi se u Chicagu.	Sjedište Nogometnog saveza SAD-a je u Chicagu.	 Sjedište Nogometnog saveza Sjedinjenih Američkih Država nalazi se u 	Chicagu	Sjedište Nogometnog saveza SAD-a je u 	Chicagu	Chicago
Q192177	Union for the Mediterranean	Sredozemna unija	Q1492	Barcelona	Barcelona	The headquarter of Union for the Mediterranean is in Barcelona .	Sjedište Sredozemna unija je u Barcelona.	Sjedište Sredozemna unija je u 	 Sjedište Unije za Mediteran je u Barceloni.	Sjedište Sredozemne unije je u Barceloni.	 Sjedište Unije za Mediteran je u 	Barceloni	Sjedište Sredozemne unije je u 	Barceloni	Barcelona
Q1051514	Raja Casablanca	Raja Casablanca	Q7903	Casablanca	Casablanca	The headquarter of Raja Casablanca is in Casablanca .	Sjedište Raja Casablanca je u Casablanca.	Sjedište Raja Casablanca je u 	 Sjedište Raja Casablanca je u Casablanci.	Translation: Sjedište Raja Casablance je u Casablanci.	 Sjedište Raja Casablanca je u 	Casablanci	Translation: Sjedište Raja Casablance je u 	Casablanci	Casablanca
Q14799	Lenovo	Lenovo	Q956	Beijing	Peking	The headquarter of Lenovo is in Beijing .	Sjedište Lenovo je u Peking.	Sjedište Lenovo je u 	 Sjedište Lenova je u Pekingu.	Sjedište Lenova je u Pekingu.	 Sjedište Lenova je u 	Pekingu	Sjedište Lenova je u 	Pekingu	Beijing
Q209619	O.F.K. Beograd	OFK Beograd	Q3711	Belgrade	Beograd	The headquarter of O.F.K. Beograd is in Belgrade .	Sjedište OFK Beograd je u Beograd.	Sjedište OFK Beograd je u 	 Sjedište OFK Beograda je u Beogradu.	Sjedište OFK Beograda je u Beogradu.	 Sjedište OFK Beograda je u 	Beogradu	Sjedište OFK Beograda je u 	Beogradu	Belgrade
Q8475	Interpol	Interpol	Q456	Lyon	Lyon	The headquarter of Interpol is in Lyon .	Sjedište Interpol je u Lyon.	Sjedište Interpol je u 	 Sjedište Interpola je u Lyonu.	Translation: Sjedište Interpola je u Lyonu.	 Sjedište Interpola je u 	Lyonu	Translation: Sjedište Interpola je u 	Lyonu	Lyon
Q26823	Abarth	Abarth	Q495	Turin	Torino	The headquarter of Abarth is in Turin .	Sjedište Abarth je u Torino.	Sjedište Abarth je u 	 Sjedište Abartha je u Torinu.	Sjedište Abartha je u Torinu.	 Sjedište Abartha je u 	Torinu	Sjedište Abartha je u 	Torinu	Turin
Q188771	French Academy of Sciences	Francuska akademija znanosti	Q90	Paris	Pariz	The headquarter of French Academy of Sciences is in Paris .	Sjedište Francuska akademija znanosti je u Pariz.	Sjedište Francuska akademija znanosti je u 	 Sjedište Francuske akademije znanosti je u Parizu.	Sjedište Francuske akademije znanosti je u Parizu.	 Sjedište Francuske akademije znanosti je u 	Parizu	Sjedište Francuske akademije znanosti je u 	Parizu	Paris|||Paris
Q193007	Sukhoi	Suhoj	Q649	Moscow	Moskva	The headquarter of Sukhoi is in Moscow .	Sjedište Suhoj je u Moskva.	Sjedište Suhoj je u 	 Sjedište Suhoja je u Moskvi.	Sjedište Suhoja je u Moskvi.	 Sjedište Suhoja je u 	Moskvi	Sjedište Suhoja je u 	Moskvi	Moscow
Q845263	Liquor Control Board of Ontario	LCBO	Q172	Toronto	Toronto	The headquarter of Liquor Control Board of Ontario is in Toronto .	Sjedište LCBO je u Toronto.	Sjedište LCBO je u 	 Sjedište Odbora za kontrolu alkohola Ontarija nalazi se u Torontu.	Sjedište LCBO-a je u Torontu.	 Sjedište Odbora za kontrolu alkohola Ontarija nalazi se u 	Torontu	Sjedište LCBO-a je u 	Torontu	Toronto
Q154191	German Football Association	Njemački nogometni savez	Q1794	Frankfurt am Main	Frankfurt na Majni	The headquarter of German Football Association is in Frankfurt am Main .	Sjedište Njemački nogometni savez je u Frankfurt na Majni.	Sjedište Njemački nogometni savez je u 	 Sjedište Njemačkog nogometnog saveza je u Frankfurtu na Majni.	Sjedište Njemačkog nogometnog saveza je u Frankfurtu na Majni.	 Sjedište Njemačkog nogometnog saveza je u 	Frankfurtu na Majni	Sjedište Njemačkog nogometnog saveza je u 	Frankfurtu na Majni	Frankfurt
Q252004	Rabobank	Rabobank	Q803	Utrecht	Utrecht	The headquarter of Rabobank is in Utrecht .	Sjedište Rabobank je u Utrecht.	Sjedište Rabobank je u 	 Sjedište Rabobanke je u Utrechtu.	Translation: Sjedište Rabobanka je u Utrechtu.	 Sjedište Rabobanke je u 	Utrechtu	Translation: Sjedište Rabobanka je u 	Utrechtu	Utrecht
Q183412	EMI	EMI	Q84	London	London	The headquarter of EMI is in London .	Sjedište EMI je u London.	Sjedište EMI je u 	 Sjedište EMI-ja je u Londonu.	Sjedište EMI-ja je u Londonu.	 Sjedište EMI-ja je u 	Londonu	Sjedište EMI-ja je u 	Londonu	London
Q19523	A.S. Nancy-Lorraine	AS Nancy	Q40898	Nancy	Nancy	The headquarter of A.S. Nancy-Lorraine is in Nancy .	Sjedište AS Nancy je u Nancy.	Sjedište AS Nancy je u 	 Sjedište AS Nancy-Lorraine je u Nancyju.	Sjedište AS Nancy je u Nancyju.	 Sjedište AS Nancy-Lorraine je u 	Nancyju	Sjedište AS Nancy je u 	Nancyju	Nancy
Q568769	SoundCloud	SoundCloud	Q64	Berlin	Berlin	The headquarter of SoundCloud is in Berlin .	Sjedište SoundCloud je u Berlin.	Sjedište SoundCloud je u 	 Sjedište SoundClouda je u Berlinu.	Sjedište SoundClouda je u Berlinu.	 Sjedište SoundClouda je u 	Berlinu	Sjedište SoundClouda je u 	Berlinu	Berlin
Q1502763	Russian Post	Pošta Rusije	Q649	Moscow	Moskva	The headquarter of Russian Post is in Moscow .	Sjedište Pošta Rusije je u Moskva.	Sjedište Pošta Rusije je u 	Sjedište Ruske pošte je u Moskvi.	Sjedište Pošte Rusije je u Moskvi.	Sjedište Ruske pošte je u 	Moskvi	Sjedište Pošte Rusije je u 	Moskvi	Moscow
Q769040	École des hautes études commerciales du Nord	EDHEC Business School	Q90	Paris	Pariz	The headquarter of École des hautes études commerciales du Nord is in Paris .	Sjedište EDHEC Business School je u Pariz.	Sjedište EDHEC Business School je u 	 Sjedište École des hautes études commerciales du Nord je u Parizu.	Translation: Sjedište EDHEC Business School je u Parizu.	 Sjedište École des hautes études commerciales du Nord je u 	Parizu	Translation: Sjedište EDHEC Business School je u 	Parizu	Paris|||Paris
Q738439	Croatian Democratic Union	Hrvatska demokratska zajednica	Q1435	Zagreb	Zagreb	The headquarter of Croatian Democratic Union is in Zagreb .	Sjedište Hrvatska demokratska zajednica je u Zagreb.	Sjedište Hrvatska demokratska zajednica je u 	 Sjedište Hrvatske demokratske zajednice je u Zagrebu.	Sjedište Hrvatske demokratske zajednice je u Zagrebu.	 Sjedište Hrvatske demokratske zajednice je u 	Zagrebu	Sjedište Hrvatske demokratske zajednice je u 	Zagrebu	Zagreb|||Agram
Q27436	Cadillac	Cadillac	Q12439	Detroit	Detroit, Michigan	The headquarter of Cadillac is in Detroit .	Sjedište Cadillac je u Detroit, Michigan.	Sjedište Cadillac je u 	 Sjedište Cadillaca je u Detroitu.	Translation: Sjedište Cadillaca je u Detroitu.	ERROR	ERROR	ERROR	ERROR	Detroit
Q271110	Army of the Guardians of the Islamic Revolution	Korpus islamske revolucionarne garde	Q3616	Tehran	Teheran	The headquarter of Army of the Guardians of the Islamic Revolution is in Tehran .	Sjedište Korpus islamske revolucionarne garde je u Teheran.	Sjedište Korpus islamske revolucionarne garde je u 	 Sjedište Vojske čuvara islamske revolucije nalazi se u Teheranu.	Sjedište Korpusa islamske revolucionarne garde je u Teheranu.	 Sjedište Vojske čuvara islamske revolucije nalazi se u 	Teheranu	Sjedište Korpusa islamske revolucionarne garde je u 	Teheranu	Tehran
Q120433	Energopetrol	Energopetrol	Q11194	Sarajevo	Sarajevo	The headquarter of Energopetrol is in Sarajevo .	Sjedište Energopetrol je u Sarajevo.	Sjedište Energopetrol je u 	 Sjedište Energopetrola je u Sarajevu.	Sjedište Energopetrola je u Sarajevu.	 Sjedište Energopetrola je u 	Sarajevu	Sjedište Energopetrola je u 	Sarajevu	Sarajevo
Q276255	European Aviation Safety Agency	Europska agencija za zrakoplovnu sigurnost	Q365	Cologne	Köln	The headquarter of European Aviation Safety Agency is in Cologne .	Sjedište Europska agencija za zrakoplovnu sigurnost je u Köln.	Sjedište Europska agencija za zrakoplovnu sigurnost je u 	 Sjedište Europske agencije za sigurnost zračnog prometa je u Kölnu.	Sjedište Europske agencije za zrakoplovnu sigurnost je u Kölnu.	 Sjedište Europske agencije za sigurnost zračnog prometa je u 	Kölnu	Sjedište Europske agencije za zrakoplovnu sigurnost je u 	Kölnu	Cologne
Q859363	Sciences Po	Institut d'études politiques de Paris	Q90	Paris	Pariz	The headquarter of Sciences Po is in Paris .	Sjedište Institut d'études politiques de Paris je u Pariz.	Sjedište Institut d'études politiques de Paris je u 	 Sjedište Sciences Po je u Parizu.	Sjedište Institut d'études politiques de Paris je u Parizu.	 Sjedište Sciences Po je u 	Parizu	Sjedište Institut d'études politiques de Paris je u 	Parizu	Paris|||Paris
Q1002465	Acid Jazz Records	Acid Jazz Records	Q84	London	London	The headquarter of Acid Jazz Records is in London .	Sjedište Acid Jazz Records je u London.	Sjedište Acid Jazz Records je u 	 Sjedište Acid Jazz Recordsa je u Londonu.	Sjedište Acid Jazz Recordsa je u Londonu.	 Sjedište Acid Jazz Recordsa je u 	Londonu	Sjedište Acid Jazz Recordsa je u 	Londonu	London
Q1552212	Limerick F.C.	Limerick F.C.	Q133315	Limerick	Limerick	The headquarter of Limerick F.C. is in Limerick .	Sjedište Limerick F.C. je u Limerick.	Sjedište Limerick F.C. je u 	 Sjedište Limerick FC-a je u Limericku.	Sjedište Limerick F.C.-a je u Limericku.	 Sjedište Limerick FC-a je u 	Limericku	Sjedište Limerick F.C.-a je u 	Limericku	Limerick|||Luimneach
Q179075	FC Dynamo Kyiv	FK Dinamo Kijev	Q1899	Kiev	Kijev	The headquarter of FC Dynamo Kyiv is in Kiev .	Sjedište FK Dinamo Kijev je u Kijev.	Sjedište FK Dinamo Kijev je u 	 Sjedište FK Dinamo Kijev nalazi se u Kijevu.	Sjedište FK Dinamo Kijeva je u Kijevu.	 Sjedište FK Dinamo Kijev nalazi se u 	Kijevu	Sjedište FK Dinamo Kijeva je u 	Kijevu	Kyiv|||Ки́їв|||Ки́ев
Q239663	F.K. Sarajevo	FK Sarajevo	Q11194	Sarajevo	Sarajevo	The headquarter of F.K. Sarajevo is in Sarajevo .	Sjedište FK Sarajevo je u Sarajevo.	Sjedište FK Sarajevo je u 	 Sjedište FK Sarajeva je u Sarajevu.	Sjedište FK Sarajeva je u Sarajevu.	 Sjedište FK Sarajeva je u 	Sarajevu	Sjedište FK Sarajeva je u 	Sarajevu	Sarajevo
Q8093	Nintendo	Nintendo	Q34600	Kyoto	Kyoto	The headquarter of Nintendo is in Kyoto .	Sjedište Nintendo je u Kyoto.	Sjedište Nintendo je u 	 Sjedište Nintenda je u Kyotu.	Sjedište Nintenda je u Kyotu.	 Sjedište Nintenda je u 	Kyotu	Sjedište Nintenda je u 	Kyotu	Kyoto|||Kjoto|||Kyōto
Q174769	United Airlines	United Airlines	Q1297	Chicago	Chicago	The headquarter of United Airlines is in Chicago .	Sjedište United Airlines je u Chicago.	Sjedište United Airlines je u 	 Sjedište United Airlinesa je u Chicagu.	Sjedište United Airlinesa je u Chicagu.	 Sjedište United Airlinesa je u 	Chicagu	Sjedište United Airlinesa je u 	Chicagu	Chicago
Q876402	New Azerbaijan Party	Stranka novi Azerbajdžan	Q9248	Baku	Baku	The headquarter of New Azerbaijan Party is in Baku .	Sjedište Stranka novi Azerbajdžan je u Baku.	Sjedište Stranka novi Azerbajdžan je u 	 Sjedište stranke Novi Azerbajdžan je u Bakuu.	Sjedište Stranke novi Azerbajdžan je u Bakuu.	ERROR	ERROR	ERROR	ERROR	Baku
Q140373	Zagreb Film	Zagreb film	Q1435	Zagreb	Zagreb	The headquarter of Zagreb Film is in Zagreb .	Sjedište Zagreb film je u Zagreb.	Sjedište Zagreb film je u 	 Sjedište Zagreb filma je u Zagrebu.	Translation: Sjedište Zagreb filma je u Zagrebu.	 Sjedište Zagreb filma je u 	Zagrebu	Translation: Sjedište Zagreb filma je u 	Zagrebu	Zagreb|||Agram
Q35794	University of Cambridge	Sveučilište Cambridge	Q350	Cambridge	Cambridge	The headquarter of University of Cambridge is in Cambridge .	Sjedište Sveučilište Cambridge je u Cambridge.	Sjedište Sveučilište Cambridge je u 	 Sjedište Sveučilišta u Cambridgeu je u Cambridgeu.	Sjedište Sveučilišta Cambridge je u Cambridgeu.	 Sjedište Sveučilišta u Cambridgeu je u 	Cambridgeu	Sjedište Sveučilišta Cambridge je u 	Cambridgeu	Cambridge
Q3552193	Urban Outfitters	Urban Outfitters	Q1345	Philadelphia	Philadelphia	The headquarter of Urban Outfitters is in Philadelphia .	Sjedište Urban Outfitters je u Philadelphia.	Sjedište Urban Outfitters je u 	Sjedište Urban Outfittersa je u Philadelphiji.	Sjedište Urban Outfittersa je u Philadelphiji.	Sjedište Urban Outfittersa je u 	Philadelphiji	Sjedište Urban Outfittersa je u 	Philadelphiji	Philadelphia
Q721140	Pitchfork	Pitchfork Media	Q1297	Chicago	Chicago	The headquarter of Pitchfork is in Chicago .	Sjedište Pitchfork Media je u Chicago.	Sjedište Pitchfork Media je u 	 Sjedište Pitchforka je u Chicagu.	Sjedište Pitchfork Medie je u Chicagu.	 Sjedište Pitchforka je u 	Chicagu	Sjedište Pitchfork Medie je u 	Chicagu	Chicago
Q173016	Coventry Climax	Coventry Climax	Q6225	Coventry	Coventry	The headquarter of Coventry Climax is in Coventry .	Sjedište Coventry Climax je u Coventry.	Sjedište Coventry Climax je u 	 Sjedište Coventry Climaxa je u Coventryju.	Translation: Sjedište Coventry Climaxa je u Coventryju.	 Sjedište Coventry Climaxa je u 	Coventryju	Translation: Sjedište Coventry Climaxa je u 	Coventryju	Coventry
Q229058	Indian Space Research Organisation	Indijska svemirska istraživačka organizacija	Q1355	Bengaluru	Bangalore	The headquarter of Indian Space Research Organisation is in Bengaluru .	Sjedište Indijska svemirska istraživačka organizacija je u Bangalore.	Sjedište Indijska svemirska istraživačka organizacija je u 	 Sjedište Indijske organizacije za istraživanje svemira nalazi se u Bengaluruu.	Sjedište Indijske svemirske istraživačke organizacije je u Bangaloru.	ERROR	ERROR	Sjedište Indijske svemirske istraživačke organizacije je u 	Bangaloru	Bengaluru
Q394452	St Patrick's Athletic F.C.	St Patrick's Athletic F.C.	Q1761	Dublin	Dublin	The headquarter of St Patrick's Athletic F.C. is in Dublin .	Sjedište St Patrick's Athletic F.C. je u Dublin.	Sjedište St Patrick's Athletic F.C. je u 	 Sjedište St Patrick's Athletic FC-a je u Dublinu.	Sjedište St Patrick's Athletic F.C. je u Dublinu.	 Sjedište St Patrick's Athletic FC-a je u 	Dublinu	Sjedište St Patrick's Athletic F.C. je u 	Dublinu	Dublin
Q394474	Shelbourne F.C.	Shelbourne F.C.	Q1761	Dublin	Dublin	The headquarter of Shelbourne F.C. is in Dublin .	Sjedište Shelbourne F.C. je u Dublin.	Sjedište Shelbourne F.C. je u 	 Sjedište Shelbourne FC-a je u Dublinu.	Sjedište Shelbourne F.C. je u Dublinu.	 Sjedište Shelbourne FC-a je u 	Dublinu	Sjedište Shelbourne F.C. je u 	Dublinu	Dublin
Q2539570	Delta Holding	Delta Holding	Q3711	Belgrade	Beograd	The headquarter of Delta Holding is in Belgrade .	Sjedište Delta Holding je u Beograd.	Sjedište Delta Holding je u 	 Sjedište Delta Holdinga je u Beogradu.	Sjedište Delta Holdinga je u Beogradu.	 Sjedište Delta Holdinga je u 	Beogradu	Sjedište Delta Holdinga je u 	Beogradu	Belgrade
Q489097	Ernst & Young	Ernst & Young	Q84	London	London	The headquarter of Ernst & Young is in London .	Sjedište Ernst & Young je u London.	Sjedište Ernst & Young je u 	 Sjedište tvrtke Ernst & Young je u Londonu.	Sjedište Ernst & Young je u Londonu.	 Sjedište tvrtke Ernst & Young je u 	Londonu	Sjedište Ernst & Young je u 	Londonu	London
Q244317	FC Pyunik	FC Pjunik Erevan	Q1953	Yerevan	Erevan	The headquarter of FC Pyunik is in Yerevan .	Sjedište FC Pjunik Erevan je u Erevan.	Sjedište FC Pjunik Erevan je u 	 Sjedište FC Pyunika je u Erevanu.	Sjedište FC Pjunika je u Erevanu.	 Sjedište FC Pyunika je u 	Erevanu	Sjedište FC Pjunika je u 	Erevanu	Yerevan
Q162317	1. FC Lokomotive Leipzig	1. FC Lokomotive Leipzig	Q2079	Leipzig	Leipzig	The headquarter of 1. FC Lokomotive Leipzig is in Leipzig .	Sjedište 1. FC Lokomotive Leipzig je u Leipzig.	Sjedište 1. FC Lokomotive Leipzig je u 	 Sjedište 1. FC Lokomotive Leipzig nalazi se u Leipzigu.	Translation: Sjedište 1. FC Lokomotive Leipzig je u Leipzigu.	 Sjedište 1. FC Lokomotive Leipzig nalazi se u 	Leipzigu	Translation: Sjedište 1. FC Lokomotive Leipzig je u 	Leipzigu	Leipzig
Q188814	Serbian Orthodox Church	Srpska pravoslavna crkva	Q3711	Belgrade	Beograd	The headquarter of Serbian Orthodox Church is in Belgrade .	Sjedište Srpska pravoslavna crkva je u Beograd.	Sjedište Srpska pravoslavna crkva je u 	 Sjedište Srpske pravoslavne crkve je u Beogradu.	Sjedište Srpske pravoslavne crkve je u Beogradu.	 Sjedište Srpske pravoslavne crkve je u 	Beogradu	Sjedište Srpske pravoslavne crkve je u 	Beogradu	Belgrade
Q42262	European Space Agency	Europska svemirska agencija	Q90	Paris	Pariz	The headquarter of European Space Agency is in Paris .	Sjedište Europska svemirska agencija je u Pariz.	Sjedište Europska svemirska agencija je u 	 Sjedište Europske svemirske agencije je u Parizu.	Sjedište Europske svemirske agencije je u Parizu.	 Sjedište Europske svemirske agencije je u 	Parizu	Sjedište Europske svemirske agencije je u 	Parizu	Paris|||Paris
Q2129100	Maccabi Haifa F.C.	Maccabi Haifa F.C.	Q41621	Haifa	Haifa	The headquarter of Maccabi Haifa F.C. is in Haifa .	Sjedište Maccabi Haifa F.C. je u Haifa.	Sjedište Maccabi Haifa F.C. je u 	 Sjedište Maccabi Haifa FC-a nalazi se u Haifi.	Sjedište Maccabi Haifa F.C. je u Haifi.	 Sjedište Maccabi Haifa FC-a nalazi se u 	Haifi	Sjedište Maccabi Haifa F.C. je u 	Haifi	Haifa
Q193701	SpaceX	SpaceX	Q688596	Hawthorne	Hawthorne	The headquarter of SpaceX is in Hawthorne .	Sjedište SpaceX je u Hawthorne.	Sjedište SpaceX je u 	 Sjedište SpaceX-a je u Hawthorneu.	Sjedište SpaceXa je u Hawthorneu.	 Sjedište SpaceX-a je u 	Hawthorneu	Sjedište SpaceXa je u 	Hawthorneu	Hawthorne
Q155038	Germanwings	Germanwings	Q365	Cologne	Köln	The headquarter of Germanwings is in Cologne .	Sjedište Germanwings je u Köln.	Sjedište Germanwings je u 	 Sjedište Germanwinga je u Kölnu.	Sjedište Germanwingsa je u Kölnu.	 Sjedište Germanwinga je u 	Kölnu	Sjedište Germanwingsa je u 	Kölnu	Cologne
Q909076	Georgian Airways	Georgian Airways	Q994	Tbilisi	Tbilisi	The headquarter of Georgian Airways is in Tbilisi .	Sjedište Georgian Airways je u Tbilisi.	Sjedište Georgian Airways je u 	 Sjedište Georgian Airwaysa je u Tbilisiju.	Sjedište Georgian Airwaysa je u Tbilisiju.	 Sjedište Georgian Airwaysa je u 	Tbilisiju	Sjedište Georgian Airwaysa je u 	Tbilisiju	Tbilisi
Q503473	University of Geneva	Ženevsko sveučilište	Q71	Geneva	Ženeva	The headquarter of University of Geneva is in Geneva .	Sjedište Ženevsko sveučilište je u Ženeva.	Sjedište Ženevsko sveučilište je u 	 Sjedište Sveučilišta u Ženevi je u Ženevi.	Sjedište Ženevskog sveučilišta je u Ženevi.	 Sjedište Sveučilišta u Ženevi je u 	Ženevi	Sjedište Ženevskog sveučilišta je u 	Ženevi	Geneva
Q83389	Turkish Radio and Television Corporation	Turska radiotelevizija	Q3640	Ankara	Ankara	The headquarter of Turkish Radio and Television Corporation is in Ankara .	Sjedište Turska radiotelevizija je u Ankara.	Sjedište Turska radiotelevizija je u 	Sjedište Turske radiotelevizije je u Ankari.	Sjedište Turske radiotelevizije je u Ankari.	Sjedište Turske radiotelevizije je u 	Ankari	Sjedište Turske radiotelevizije je u 	Ankari	Ankara
Q131479	Dominican Order	Dominikanci	Q220	Rome	Rim	The headquarter of Dominican Order is in Rome .	Sjedište Dominikanci je u Rim.	Sjedište Dominikanci je u 	 Sjedište dominikanskog reda je u Rimu.	Sjedište Dominikanaca je u Rimu.	 Sjedište dominikanskog reda je u 	Rimu	Sjedište Dominikanaca je u 	Rimu	Rome|||Prijestolnica svijeta|||Vječni grad
Q641691	League of Communists of Yugoslavia	Savez komunista Jugoslavije	Q3711	Belgrade	Beograd	The headquarter of League of Communists of Yugoslavia is in Belgrade .	Sjedište Savez komunista Jugoslavije je u Beograd.	Sjedište Savez komunista Jugoslavije je u 	 Sjedište Saveza komunista Jugoslavije je u Beogradu.	Translation: Sjedište Saveza komunista Jugoslavije je u Beogradu.	 Sjedište Saveza komunista Jugoslavije je u 	Beogradu	Translation: Sjedište Saveza komunista Jugoslavije je u 	Beogradu	Belgrade
Q35339	WWE	WWE	Q49169	Stamford	Stamford	The headquarter of WWE is in Stamford .	Sjedište WWE je u Stamford.	Sjedište WWE je u 	 Sjedište WWE-a je u Stamfordu.	Translation: Sjedište WWE-a je u Stamfordu.	 Sjedište WWE-a je u 	Stamfordu	Translation: Sjedište WWE-a je u 	Stamfordu	Stamford|||Stamford, Connecticut
Q2280893	Radio and Television of Bosnia and Herzegovina	Bosanskohercegovačka radiotelevizija	Q11194	Sarajevo	Sarajevo	The headquarter of Radio and Television of Bosnia and Herzegovina is in Sarajevo .	Sjedište Bosanskohercegovačka radiotelevizija je u Sarajevo.	Sjedište Bosanskohercegovačka radiotelevizija je u 	 Sjedište Radija i televizije Bosne i Hercegovine je u Sarajevu.	Sjedište Bosanskohercegovačke radiotelevizije je u Sarajevu.	 Sjedište Radija i televizije Bosne i Hercegovine je u 	Sarajevu	Sjedište Bosanskohercegovačke radiotelevizije je u 	Sarajevu	Sarajevo
Q94430	Popular National Union	Związek Ludowo-Narodowy	Q270	Warsaw	Varšava	The headquarter of Popular National Union is in Warsaw .	Sjedište Związek Ludowo-Narodowy je u Varšava.	Sjedište Związek Ludowo-Narodowy je u 	 Sjedište Narodne nacionalne unije je u Varšavi.	Sjedište Związka Ludowo-Narodowego je u Varšavi.	 Sjedište Narodne nacionalne unije je u 	Varšavi	Sjedište Związka Ludowo-Narodowego je u 	Varšavi	Warsaw
Q1143457	Croatian National Bank	Hrvatska narodna banka	Q1435	Zagreb	Zagreb	The headquarter of Croatian National Bank is in Zagreb .	Sjedište Hrvatska narodna banka je u Zagreb.	Sjedište Hrvatska narodna banka je u 	 Sjedište Hrvatske narodne banke je u Zagrebu.	Sjedište Hrvatske narodne banke je u Zagrebu.	 Sjedište Hrvatske narodne banke je u 	Zagrebu	Sjedište Hrvatske narodne banke je u 	Zagrebu	Zagreb|||Agram
Q1659456	ISG Business School	Institut supérieur de gestion	Q90	Paris	Pariz	The headquarter of ISG Business School is in Paris .	Sjedište Institut supérieur de gestion je u Pariz.	Sjedište Institut supérieur de gestion je u 	 Sjedište ISG Business School je u Parizu.	Sjedište Institut supérieur de gestion je u Parizu.	 Sjedište ISG Business School je u 	Parizu	Sjedište Institut supérieur de gestion je u 	Parizu	Paris|||Paris
Q52618	Ericsson	Ericsson	Q1754	Stockholm	Stockholm	The headquarter of Ericsson is in Stockholm .	Sjedište Ericsson je u Stockholm.	Sjedište Ericsson je u 	 Sjedište Ericssona je u Stockholmu.	Sjedište Ericssona je u Stockholmu.	 Sjedište Ericssona je u 	Stockholmu	Sjedište Ericssona je u 	Stockholmu	Stockholm
Q221602	AIK Fotboll	AIK Fotboll	Q1754	Stockholm	Stockholm	The headquarter of AIK Fotboll is in Stockholm .	Sjedište AIK Fotboll je u Stockholm.	Sjedište AIK Fotboll je u 	 Sjedište AIK Fotbolla je u Stockholmu.	Sjedište AIK Fotbolla je u Stockholmu.	 Sjedište AIK Fotbolla je u 	Stockholmu	Sjedište AIK Fotbolla je u 	Stockholmu	Stockholm
Q205995	Caribbean Community Secretariat	Karipska zajednica	Q10717	Georgetown	Georgetown	The headquarter of Caribbean Community Secretariat is in Georgetown .	Sjedište Karipska zajednica je u Georgetown.	Sjedište Karipska zajednica je u 	 Sjedište Tajništva Karipske zajednice nalazi se u Georgetownu.	Sjedište Karipske zajednice je u Georgetownu.	 Sjedište Tajništva Karipske zajednice nalazi se u 	Georgetownu	Sjedište Karipske zajednice je u 	Georgetownu	Georgetown
Q20716	Samsung	Samsung	Q8684	Seoul	Seul	The headquarter of Samsung is in Seoul .	Sjedište Samsung je u Seul.	Sjedište Samsung je u 	 Sjedište Samsunga je u Seulu.	Sjedište Samsunga je u Seulu.	 Sjedište Samsunga je u 	Seulu	Sjedište Samsunga je u 	Seulu	Seoul
Q247132	Oratory of Saint Philip Neri	Oratorijanci	Q220	Rome	Rim	The headquarter of Oratory of Saint Philip Neri is in Rome .	Sjedište Oratorijanci je u Rim.	Sjedište Oratorijanci je u 	 Sjedište Oratorija svetog Filipa Nerija je u Rimu.	Sjedište Oratorijanaca je u Rimu.	 Sjedište Oratorija svetog Filipa Nerija je u 	Rimu	Sjedište Oratorijanaca je u 	Rimu	Rome|||Prijestolnica svijeta|||Vječni grad
Q35919	Lexus	Lexus	Q11751	Nagoya	Nagoja	The headquarter of Lexus is in Nagoya .	Sjedište Lexus je u Nagoja.	Sjedište Lexus je u 	 Sjedište Lexusa je u Nagoyi.	Sjedište Lexusa je u Nagoji.	ERROR	ERROR	Sjedište Lexusa je u 	Nagoji	Nagoya
Q169327	Al Ansar FC	Al-Ansar Club	Q3820	Beirut	Beirut	The headquarter of Al Ansar FC is in Beirut .	Sjedište Al-Ansar Club je u Beirut.	Sjedište Al-Ansar Club je u 	 Sjedište Al Ansar FC-a je u Bejrutu.	Sjedište Al-Ansar Kluba je u Beirutu.	 Sjedište Al Ansar FC-a je u 	Bejrutu	Sjedište Al-Ansar Kluba je u 	Beirutu	Beirut
Q163931	Comintern	Kominterna	Q649	Moscow	Moskva	The headquarter of Comintern is in Moscow .	Sjedište Kominterna je u Moskva.	Sjedište Kominterna je u 	 Sjedište Kominterne je u Moskvi.	Sjedište Kominterna je u Moskvi.	 Sjedište Kominterne je u 	Moskvi	Sjedište Kominterna je u 	Moskvi	Moscow
Q918044	Valencia CF Mestalla	Valencia C.F. B	Q8818	Valencia	Valencia	The headquarter of Valencia CF Mestalla is in Valencia .	Sjedište Valencia C.F. B je u Valencia.	Sjedište Valencia C.F. B je u 	Sjedište Valencia CF Mestalla nalazi se u Valenciji.	Translation: Sjedište Valencia C.F. Mestalle je u Valenciji.	Sjedište Valencia CF Mestalla nalazi se u 	Valenciji	Translation: Sjedište 	Valencia	Valencia
Q41675	Guinness World Records	Guinnessova knjiga rekorda	Q84	London	London	The headquarter of Guinness World Records is in London .	Sjedište Guinnessova knjiga rekorda je u London.	Sjedište Guinnessova knjiga rekorda je u 	 Sjedište Guinnessove knjige rekorda je u Londonu.	Sjedište Guinnessove knjige rekorda je u Londonu.	 Sjedište Guinnessove knjige rekorda je u 	Londonu	Sjedište Guinnessove knjige rekorda je u 	Londonu	London
Q102178	FIDE	Svjetska šahovska organizacija	Q1524	Athens	Atena	The headquarter of FIDE is in Athens .	Sjedište Svjetska šahovska organizacija je u Atena.	Sjedište Svjetska šahovska organizacija je u 	 Sjedište FIDE-a je u Ateni.	Sjedište Svjetske šahovske organizacije je u Ateni.	 Sjedište FIDE-a je u 	Ateni	Sjedište Svjetske šahovske organizacije je u 	Ateni	Athens
Q7636396	Sullivan Bluth Studios	Sullivan Bluth Studios	Q1761	Dublin	Dublin	The headquarter of Sullivan Bluth Studios is in Dublin .	Sjedište Sullivan Bluth Studios je u Dublin.	Sjedište Sullivan Bluth Studios je u 	 Sjedište Sullivan Bluth Studiosa je u Dublinu.	Sjedište Sullivan Bluth Studiosa je u Dublinu.	 Sjedište Sullivan Bluth Studiosa je u 	Dublinu	Sjedište Sullivan Bluth Studiosa je u 	Dublinu	Dublin
