sub_uri	en_sub_label	sub_label	obj_uri	en_obj_label	obj_label	en_template	template	template_prompt	gt_translation	chatgpt_translation	gt_prompt	gt_infl_object	chatgpt_prompt	chatgpt_infl_object	aliases
Q272886	Claude Arrieu	Claude Arrieu	Q90	Paris	Pariz	Claude Arrieu was born in Paris .	Claude Arrieu je rođen u Pariz.	Claude Arrieu je rođen u 	s	Claude Arrieu je rođen u Parizu.	ERROR	ERROR	Claude Arrieu je rođen u 	Parizu	Paris|||Paris
Q242416	Marion Davies	Marion Davies	Q18419	Brooklyn	Brooklyn, New York	Marion Davies was born in Brooklyn .	Marion Davies je rođen u Brooklyn, New York.	Marion Davies je rođen u 	Marion Davies rođena je u Brooklynu.	Marion Davies je rođena u Brooklynu, New York.	ERROR	ERROR	Marion Davies je rođena u 	Brooklynu, New York	Brooklyn
Q715968	Matija Gubec	Matija Gubec	Q224	Croatia	Hrvatska	Matija Gubec was born in Croatia .	Matija Gubec je rođen u Hrvatska.	Matija Gubec je rođen u 	Matija Gubec rođen je u Hrvatskoj.	Matija Gubec je rođen u Hrvatskoj.	Matija Gubec rođen je u 	Hrvatskoj	Matija Gubec je rođen u 	Hrvatskoj	Croatia|||Republika Hrvatska|||RH
Q241098	Maurice de Vlaminck	Maurice de Vlaminck	Q90	Paris	Pariz	Maurice de Vlaminck was born in Paris .	Maurice de Vlaminck je rođen u Pariz.	Maurice de Vlaminck je rođen u 	Maurice de Vlaminck rođen je u Parizu.	Maurice de Vlaminck je rođen u Parizu.	Maurice de Vlaminck rođen je u 	Parizu	Maurice de Vlaminck je rođen u 	Parizu	Paris|||Paris
Q356715	Benny Carter	Benny Carter	Q189074	Harlem	Harlem	Benny Carter was born in Harlem .	Benny Carter je rođen u Harlem.	Benny Carter je rođen u 	Benny Carter je rođen u Harlemu.	Benny Carter je rođen u Harlemu.	Benny Carter je rođen u 	Harlemu	Benny Carter je rođen u 	Harlemu	Harlem|||Harlem, New York
Q244152	Willebrord Snellius	Willebrord Snellius	Q43631	Leiden	Leiden	Willebrord Snellius was born in Leiden .	Willebrord Snellius je rođen u Leiden.	Willebrord Snellius je rođen u 	Willebrord Snellius rođen je u Leidenu.	Willebrord Snellius je rođen u Leidenu.	Willebrord Snellius rođen je u 	Leidenu	Willebrord Snellius je rođen u 	Leidenu	Leiden
Q36174	Charles II of Spain	Karlo II., španjolski kralj	Q2807	Madrid	Madrid	Charles II of Spain was born in Madrid .	Karlo II., španjolski kralj je rođen u Madrid.	Karlo II., španjolski kralj je rođen u 	Karlo II od Španjolske rođen je u Madridu.	Karlo II., španjolski kralj je rođen u Madridu.	Karlo II od Španjolske rođen je u 	Madridu	Karlo II., španjolski kralj je rođen u 	Madridu	Madrid
Q318219	Henry Benedict Stuart	Henrik Benedikt Stuart	Q220	Rome	Rim	Henry Benedict Stuart was born in Rome .	Henrik Benedikt Stuart je rođen u Rim.	Henrik Benedikt Stuart je rođen u 	Henry Benedict Stuart rođen je u Rimu.	Henrik Benedikt Stuart je rođen u Rimu.	Henry Benedict Stuart rođen je u 	Rimu	Henrik Benedikt Stuart je rođen u 	Rimu	Rome|||Prijestolnica svijeta|||Vječni grad
Q172832	David Coulthard	David Coulthard	Q22	Scotland	Škotska	David Coulthard was born in Scotland .	David Coulthard je rođen u Škotska.	David Coulthard je rođen u 	David Coulthard rođen je u Škotskoj.	David Coulthard je rođen u Škotskoj.	David Coulthard rođen je u 	Škotskoj	David Coulthard je rođen u 	Škotskoj	Scotland|||Kaledonija
Q203219	Boris Karloff	Boris Karloff	Q84	London	London	Boris Karloff was born in London .	Boris Karloff je rođen u London.	Boris Karloff je rođen u 	Boris Karloff rođen je u Londonu.	Boris Karloff je rođen u Londonu.	Boris Karloff rođen je u 	Londonu	Boris Karloff je rođen u 	Londonu	London
Q1608008	Herbert Callen	Herbert B. Callen	Q1345	Philadelphia	Philadelphia	Herbert Callen was born in Philadelphia .	Herbert B. Callen je rođen u Philadelphia.	Herbert B. Callen je rođen u 	Herbert Callen rođen je u Philadelphiji.	Herbert B. Callen je rođen u Philadelphiji.	Herbert Callen rođen je u 	Philadelphiji	Herbert B. Callen je rođen u 	Philadelphiji	Philadelphia
Q4354299	Cory Bernardi	Cory Bernardi	Q5112	Adelaide	Adelaide	Cory Bernardi was born in Adelaide .	Cory Bernardi je rođen u Adelaide.	Cory Bernardi je rođen u 	Cory Bernardi je rođen u Adelaideu.	Cory Bernardi je rođen u Adelaideu.	Cory Bernardi je rođen u 	Adelaideu	Cory Bernardi je rođen u 	Adelaideu	Adelaide
Q276116	Ethel Griffies	Ethel Griffies	Q42448	Sheffield	Sheffield	Ethel Griffies was born in Sheffield .	Ethel Griffies je rođen u Sheffield.	Ethel Griffies je rođen u 	Ethel Griffies rođena je u Sheffieldu.	Ethel Griffies je rođena u Sheffieldu.	Ethel Griffies rođena je u 	Sheffieldu	Ethel Griffies je rođena u 	Sheffieldu	Sheffield
Q16010080	Damian O'Flynn	Damian O'Flynn	Q100	Boston	Boston, Massachusetts	Damian O'Flynn was born in Boston .	Damian O'Flynn je rođen u Boston, Massachusetts.	Damian O'Flynn je rođen u 	Damian O'Flynn rođen je u Bostonu.	Damian O'Flynn je rođen u Bostonu, Massachusetts.	ERROR	ERROR	ERROR	ERROR	Boston
Q2121062	The Weeknd	The Weeknd	Q172	Toronto	Toronto	The Weeknd was born in Toronto .	The Weeknd je rođen u Toronto.	The Weeknd je rođen u 	The Weeknd je rođen u Torontu.	The Weeknd je rođen u Torontu.	The Weeknd je rođen u 	Torontu	The Weeknd je rođen u 	Torontu	Toronto
Q8204273	Ariel Behar	Ariel Behar	Q1335	Montevideo	Montevideo	Ariel Behar was born in Montevideo .	Ariel Behar je rođen u Montevideo.	Ariel Behar je rođen u 	Ariel Behar je rođen u Montevideu.	Ariel Behar je rođen u Montevideo.	Ariel Behar je rođen u 	Montevideu	Ariel Behar je rođen u 	Montevideo	Montevideo
Q276432	Blanca Li	Blanca Li	Q8810	Granada	Granada	Blanca Li was born in Granada .	Blanca Li je rođen u Granada.	Blanca Li je rođen u 	Blanca Li rođena je u Granadi.	Blanca Li je rođena u Granadi.	Blanca Li rođena je u 	Granadi	Blanca Li je rođena u 	Granadi	Granada
Q210669	Ken Follett	Ken Follett	Q10690	Cardiff	Cardiff	Ken Follett was born in Cardiff .	Ken Follett je rođen u Cardiff.	Ken Follett je rođen u 	Ken Follett rođen je u Cardiffu.	Ken Follett je rođen u Cardiffu.	Ken Follett rođen je u 	Cardiffu	Ken Follett je rođen u 	Cardiffu	Cardiff
Q638713	Benito Perojo	Benito Perojo	Q2807	Madrid	Madrid	Benito Perojo was born in Madrid .	Benito Perojo je rođen u Madrid.	Benito Perojo je rođen u 	Benito Perojo rođen je u Madridu.	Benito Perojo je rođen u Madridu.	Benito Perojo rođen je u 	Madridu	Benito Perojo je rođen u 	Madridu	Madrid
Q105237	Giacomo Meyerbeer	Giacomo Meyerbeer	Q64	Berlin	Berlin	Giacomo Meyerbeer was born in Berlin .	Giacomo Meyerbeer je rođen u Berlin.	Giacomo Meyerbeer je rođen u 	Giacomo Meyerbeer rođen je u Berlinu.	Giacomo Meyerbeer je rođen u Berlinu.	Giacomo Meyerbeer rođen je u 	Berlinu	Giacomo Meyerbeer je rođen u 	Berlinu	Berlin
Q213430	Larry King	Larry King	Q18419	Brooklyn	Brooklyn, New York	Larry King was born in Brooklyn .	Larry King je rođen u Brooklyn, New York.	Larry King je rođen u 	Larry King je rođen u Brooklynu.	Larry King je rođen u Brooklynu, New York.	ERROR	ERROR	Larry King je rođen u 	Brooklynu, New York	Brooklyn
Q62547	Michael Ballhaus	Michael Ballhaus	Q64	Berlin	Berlin	Michael Ballhaus was born in Berlin .	Michael Ballhaus je rođen u Berlin.	Michael Ballhaus je rođen u 	Michael Ballhaus rođen je u Berlinu.	Michael Ballhaus je rođen u Berlinu.	Michael Ballhaus rođen je u 	Berlinu	Michael Ballhaus je rođen u 	Berlinu	Berlin
Q628346	Dick Bruna	Dick Bruna	Q803	Utrecht	Utrecht	Dick Bruna was born in Utrecht .	Dick Bruna je rođen u Utrecht.	Dick Bruna je rođen u 	Dick Bruna je rođen u Utrechtu.	Dick Bruna je rođen u Utrehtu.	Dick Bruna je rođen u 	Utrechtu	Dick Bruna je rođen u 	Utrehtu	Utrecht
Q433497	Marta Abba	Marta Abba	Q490	Milan	Milano	Marta Abba was born in Milan .	Marta Abba je rođen u Milano.	Marta Abba je rođen u 	Marta Abba rođena je u Milanu.	Marta Abba je rođena u Milanu.	Marta Abba rođena je u 	Milanu	Marta Abba je rođena u 	Milanu	Milan
Q237886	Adela of Normandy	Adela Normanska	Q15878	Normandy	Normandija	Adela of Normandy was born in Normandy .	Adela Normanska je rođen u Normandija.	Adela Normanska je rođen u 	Adela od Normandije rođena je u Normandiji.	Adela Normanska je rođena u Normandiji.	Adela od Normandije rođena je u 	Normandiji	Adela Normanska je rođena u 	Normandiji	Normandy
Q5591377	Grace Sherwood	Grace Sherwood	Q1370	Virginia	Virginia	Grace Sherwood was born in Virginia .	Grace Sherwood je rođen u Virginia.	Grace Sherwood je rođen u 	Grace Sherwood rođena je u Virginiji.	Grace Sherwood je rođena u Virginiji.	ERROR	ERROR	ERROR	ERROR	Virginia
Q586994	Lennie Tristano	Lennie Tristano	Q1297	Chicago	Chicago	Lennie Tristano was born in Chicago .	Lennie Tristano je rođen u Chicago.	Lennie Tristano je rođen u 	Lennie Tristano rođen je u Chicagu.	Lennie Tristano je rođen u Chicagu.	Lennie Tristano rođen je u 	Chicagu	Lennie Tristano je rođen u 	Chicagu	Chicago
Q217160	Kenny Rogers	Kenny Rogers	Q16555	Houston	Houston	Kenny Rogers was born in Houston .	Kenny Rogers je rođen u Houston.	Kenny Rogers je rođen u 	Kenny Rogers je rođen u Houstonu.	Kenny Rogers je rođen u Houstonu.	Kenny Rogers je rođen u 	Houstonu	Kenny Rogers je rođen u 	Houstonu	Houston
Q1174680	David Harrower	David Harrower	Q23436	Edinburgh	Edinburgh	David Harrower was born in Edinburgh .	David Harrower je rođen u Edinburgh.	David Harrower je rođen u 	David Harrower rođen je u Edinburghu.	David Harrower je rođen u Edinburgu.	David Harrower rođen je u 	Edinburghu	David Harrower je rođen u 	Edinburgu	Edinburgh
Q154083	Henry Van de Velde	Henry van de Velde	Q12892	Antwerp	Antwerpen	Henry Van de Velde was born in Antwerp .	Henry van de Velde je rođen u Antwerpen.	Henry van de Velde je rođen u 	Henry Van de Velde rođen je u Antwerpenu.	Henry van de Velde je rođen u Antwerpenu.	Henry Van de Velde rođen je u 	Antwerpenu	Henry van de Velde je rođen u 	Antwerpenu	Antwerp|||Anvers
Q346976	Pasquale Squitieri	Pasquale Squitieri	Q2634	Naples	Napulj	Pasquale Squitieri was born in Naples .	Pasquale Squitieri je rođen u Napulj.	Pasquale Squitieri je rođen u 	Pasquale Squitieri rođen je u Napulju.	Pasquale Squitieri je rođen u Napulju.	Pasquale Squitieri rođen je u 	Napulju	Pasquale Squitieri je rođen u 	Napulju	Naples
Q1189081	Dennis DeYoung	Dennis DeYoung	Q1297	Chicago	Chicago	Dennis DeYoung was born in Chicago .	Dennis DeYoung je rođen u Chicago.	Dennis DeYoung je rođen u 	Dennis DeYoung je rođen u Chicagu.	Dennis DeYoung je rođen u Chicagu.	Dennis DeYoung je rođen u 	Chicagu	Dennis DeYoung je rođen u 	Chicagu	Chicago
Q931574	Nacho Duato	Nacho Duato	Q8818	Valencia	Valencia	Nacho Duato was born in Valencia .	Nacho Duato je rođen u Valencia.	Nacho Duato je rođen u 	Nacho Duato rođen je u Valenciji.	Nacho Duato je rođen u Valenciji.	Nacho Duato rođen je u 	Valenciji	Nacho Duato je rođen u 	Valenciji	Valencia
Q543368	Fernando Morena	Fernando Morena	Q1335	Montevideo	Montevideo	Fernando Morena was born in Montevideo .	Fernando Morena je rođen u Montevideo.	Fernando Morena je rođen u 	Fernando Morena rođen je u Montevideu.	Fernando Morena je rođen u Montevideu.	Fernando Morena rođen je u 	Montevideu	Fernando Morena je rođen u 	Montevideu	Montevideo
Q122701	William Thomson, 1st Baron Kelvin	William Thomson	Q10686	Belfast	Belfast	William Thomson, 1st Baron Kelvin was born in Belfast .	William Thomson je rođen u Belfast.	William Thomson je rođen u 	William Thomson, prvi barun Kelvin rođen je u Belfastu.	William Thomson, 1. barun Kelvin je rođen u Belfastu.	William Thomson, prvi barun Kelvin rođen je u 	Belfastu	William Thomson, 1. barun Kelvin je rođen u 	Belfastu	Belfast
Q65515	Heide Simonis	Heide Simonis	Q586	Bonn	Bonn	Heide Simonis was born in Bonn .	Heide Simonis je rođen u Bonn.	Heide Simonis je rođen u 	Heide Simonis rođena je u Bonnu.	Heide Simonis je rođena u Bonnu.	Heide Simonis rođena je u 	Bonnu	Heide Simonis je rođena u 	Bonnu	Bonn
Q201221	Alexander Ivanovich Herzen	Aleksandr Ivanovič Hercen	Q649	Moscow	Moskva	Alexander Ivanovich Herzen was born in Moscow .	Aleksandr Ivanovič Hercen je rođen u Moskva.	Aleksandr Ivanovič Hercen je rođen u 	Aleksandar Ivanovič Hercen rođen je u Moskvi.	Aleksandr Ivanovič Hercen je rođen u Moskvi.	Aleksandar Ivanovič Hercen rođen je u 	Moskvi	Aleksandr Ivanovič Hercen je rođen u 	Moskvi	Moscow
Q96719	Denise Klecker	Denise Klecker	Q1720	Mainz	Mainz	Denise Klecker was born in Mainz .	Denise Klecker je rođen u Mainz.	Denise Klecker je rođen u 	Denise Klecker rođena je u Mainzu.	Denise Klecker je rođena u Mainzu.	Denise Klecker rođena je u 	Mainzu	Denise Klecker je rođena u 	Mainzu	Mainz
Q152393	Alfred Adler	Alfred Adler	Q1741	Vienna	Beč	Alfred Adler was born in Vienna .	Alfred Adler je rođen u Beč.	Alfred Adler je rođen u 	Alfred Adler rođen je u Beču.	Alfred Adler je rođen u Beču.	Alfred Adler rođen je u 	Beču	Alfred Adler je rođen u 	Beču	Vienna
Q123867	Marquis de Sade	Marquis de Sade	Q90	Paris	Pariz	Marquis de Sade was born in Paris .	Marquis de Sade je rođen u Pariz.	Marquis de Sade je rođen u 	Markiz de Sade rođen je u Parizu.	Marquis de Sade je rođen u Parizu.	Markiz de Sade rođen je u 	Parizu	Marquis de Sade je rođen u 	Parizu	Paris|||Paris
Q180852	Zhang Ziyi	Džang Ciji	Q956	Beijing	Peking	Zhang Ziyi was born in Beijing .	Džang Ciji je rođen u Peking.	Džang Ciji je rođen u 	Zhang Ziyi je rođen u Pekingu.	Džang Ciji je rođena u Pekingu.	Zhang Ziyi je rođen u 	Pekingu	Džang Ciji je rođena u 	Pekingu	Beijing
Q268726	Chus Lampreave	Chus Lampreave	Q2807	Madrid	Madrid	Chus Lampreave was born in Madrid .	Chus Lampreave je rođen u Madrid.	Chus Lampreave je rođen u 	Chus Lampreave rođen je u Madridu.	Chus Lampreave je rođena u Madridu.	Chus Lampreave rođen je u 	Madridu	Chus Lampreave je rođena u 	Madridu	Madrid
Q188426	Roy Orbison	Roy Orbison	Q979546	Vernon	Vernon (Teksas)	Roy Orbison was born in Vernon .	Roy Orbison je rođen u Vernon (Teksas).	Roy Orbison je rođen u 	Roy Orbison je rođen u Vernonu.	Roy Orbison je rođen u Vernonu (Teksas).	ERROR	ERROR	Roy Orbison je rođen u 	Vernonu (Teksas)	Vernon
Q1361397	Otto Jelinek	Otto Jelinek	Q1085	Prague	Prag	Otto Jelinek was born in Prague .	Otto Jelinek je rođen u Prag.	Otto Jelinek je rođen u 	Otto Jelinek rođen je u Pragu.	Otto Jelinek je rođen u Pragu.	Otto Jelinek rođen je u 	Pragu	Otto Jelinek je rođen u 	Pragu	Prague
Q467397	Bodin Issara	Bodin Issara	Q1861	Bangkok	Bangkok	Bodin Issara was born in Bangkok .	Bodin Issara je rođen u Bangkok.	Bodin Issara je rođen u 	Bodin Issara rođen je u Bangkoku.	Bodin Issara je rođen u Bangkoku.	Bodin Issara rođen je u 	Bangkoku	Bodin Issara je rođen u 	Bangkoku	Bangkok
Q58217	Sergey Lavrov	Sergej Lavrov	Q649	Moscow	Moskva	Sergey Lavrov was born in Moscow .	Sergej Lavrov je rođen u Moskva.	Sergej Lavrov je rođen u 	Sergej Lavrov rođen je u Moskvi.	Sergej Lavrov je rođen u Moskvi.	Sergej Lavrov rođen je u 	Moskvi	Sergej Lavrov je rođen u 	Moskvi	Moscow
Q1563129	Jacqueline Beer	Jacqueline Beer	Q90	Paris	Pariz	Jacqueline Beer was born in Paris .	Jacqueline Beer je rođen u Pariz.	Jacqueline Beer je rođen u 	Jacqueline Beer rođena je u Parizu.	Jacqueline Beer je rođena u Parizu.	Jacqueline Beer rođena je u 	Parizu	Jacqueline Beer je rođena u 	Parizu	Paris|||Paris
Q78496	Konrad Lorenz	Konrad Lorenz	Q1741	Vienna	Beč	Konrad Lorenz was born in Vienna .	Konrad Lorenz je rođen u Beč.	Konrad Lorenz je rođen u 	Konrad Lorenz rođen je u Beču.	Konrad Lorenz je rođen u Beču.	Konrad Lorenz rođen je u 	Beču	Konrad Lorenz je rođen u 	Beču	Vienna
Q2289535	Rocky Balboa	Rocky Balboa	Q1345	Philadelphia	Philadelphia	Rocky Balboa was born in Philadelphia .	Rocky Balboa je rođen u Philadelphia.	Rocky Balboa je rođen u 	Rocky Balboa rođen je u Philadelphiji.	Rocky Balboa je rođen u Philadelphiji.	Rocky Balboa rođen je u 	Philadelphiji	Rocky Balboa je rođen u 	Philadelphiji	Philadelphia
Q313062	Joseph Babinski	Joseph Babinski	Q90	Paris	Pariz	Joseph Babinski was born in Paris .	Joseph Babinski je rođen u Pariz.	Joseph Babinski je rođen u 	Joseph Babinski rođen je u Parizu.	Joseph Babinski je rođen u Parizu.	Joseph Babinski rođen je u 	Parizu	Joseph Babinski je rođen u 	Parizu	Paris|||Paris
Q215305	Giulio Romano	Giulio Romano	Q220	Rome	Rim	Giulio Romano was born in Rome .	Giulio Romano je rođen u Rim.	Giulio Romano je rođen u 	Giulio Romano rođen je u Rimu.	Giulio Romano je rođen u Rimu.	Giulio Romano rođen je u 	Rimu	Giulio Romano je rođen u 	Rimu	Rome|||Prijestolnica svijeta|||Vječni grad
Q734340	Ray Loriga	Ray Loriga	Q2807	Madrid	Madrid	Ray Loriga was born in Madrid .	Ray Loriga je rođen u Madrid.	Ray Loriga je rođen u 	Ray Loriga je rođen u Madridu.	Ray Loriga je rođen u Madridu.	Ray Loriga je rođen u 	Madridu	Ray Loriga je rođen u 	Madridu	Madrid
Q2492	Konrad Adenauer	Konrad Adenauer	Q365	Cologne	Köln	Konrad Adenauer was born in Cologne .	Konrad Adenauer je rođen u Köln.	Konrad Adenauer je rođen u 	Konrad Adenauer rođen je u Kölnu.	Konrad Adenauer je rođen u Kölnu.	Konrad Adenauer rođen je u 	Kölnu	Konrad Adenauer je rođen u 	Kölnu	Cologne
Q13230	Ferdinand de Saussure	Ferdinand de Saussure	Q71	Geneva	Ženeva	Ferdinand de Saussure was born in Geneva .	Ferdinand de Saussure je rođen u Ženeva.	Ferdinand de Saussure je rođen u 	Ferdinand de Saussure rođen je u Ženevi.	Ferdinand de Saussure je rođen u Ženevi.	Ferdinand de Saussure rođen je u 	Ženevi	Ferdinand de Saussure je rođen u 	Ženevi	Geneva
Q234593	Ausonius	Decim Magno Auzonije	Q1479	Bordeaux	Bordeaux	Ausonius was born in Bordeaux .	Decim Magno Auzonije je rođen u Bordeaux.	Decim Magno Auzonije je rođen u 	Ausonius je rođen u Bordeauxu.	Decim Magno Auzonije je rođen u Bordeauxu.	Ausonius je rođen u 	Bordeauxu	Decim Magno Auzonije je rođen u 	Bordeauxu	Bordeaux
Q5534668	Geoffrey Hinsliff	Geoffrey Hinsliff	Q39121	Leeds	Leeds	Geoffrey Hinsliff was born in Leeds .	Geoffrey Hinsliff je rođen u Leeds.	Geoffrey Hinsliff je rođen u 	Geoffrey Hinsliff je rođen u Leedsu.	Geoffrey Hinsliff je rođen u Leedsu.	Geoffrey Hinsliff je rođen u 	Leedsu	Geoffrey Hinsliff je rođen u 	Leedsu	Leeds
Q169794	Ranavalona I	Ranavalona I.	Q1019	Madagascar	Madagaskar	Ranavalona I was born in Madagascar .	Ranavalona I. je rođen u Madagaskar.	Ranavalona I. je rođen u 	Ranavalona Rođen sam na Madagaskaru.	Ranavalona I. je rođena u Madagaskaru.	Ranavalona Rođen sam na 	Madagaskaru	Ranavalona I. je rođena u 	Madagaskaru	Madagascar
Q439633	Sonja Biserko	Sonja Biserko	Q3711	Belgrade	Beograd	Sonja Biserko was born in Belgrade .	Sonja Biserko je rođen u Beograd.	Sonja Biserko je rođen u 	Sonja Biserko rođena je u Beogradu.	Sonja Biserko je rođena u Beogradu.	Sonja Biserko rođena je u 	Beogradu	Sonja Biserko je rođena u 	Beogradu	Belgrade
Q1281750	Meredith Willson	Meredith Willson	Q1546	Iowa	Iowa	Meredith Willson was born in Iowa .	Meredith Willson je rođen u Iowa.	Meredith Willson je rođen u 	Meredith Willson rođena je u Iowi.	Meredith Willson je rođen u Iowi.	Meredith Willson rođena je u 	Iowi	Meredith Willson je rođen u 	Iowi	Iowa
Q2335313	Biurakn Hakhverdian	Biurakn Hakhverdian	Q43631	Leiden	Leiden	Biurakn Hakhverdian was born in Leiden .	Biurakn Hakhverdian je rođen u Leiden.	Biurakn Hakhverdian je rođen u 	Biurakn Hakhverdian rođen je u Leidenu.	Biurakn Hakhverdian je rođen u Leidenu.	Biurakn Hakhverdian rođen je u 	Leidenu	Biurakn Hakhverdian je rođen u 	Leidenu	Leiden
Q2269131	Semiha Borovac	Semiha Borovac	Q11194	Sarajevo	Sarajevo	Semiha Borovac was born in Sarajevo .	Semiha Borovac je rođen u Sarajevo.	Semiha Borovac je rođen u 	Semiha Borovac rođena je u Sarajevu.	Semiha Borovac je rođena u Sarajevu.	Semiha Borovac rođena je u 	Sarajevu	Semiha Borovac je rođena u 	Sarajevu	Sarajevo
Q1375809	Ali Campbell	Ali Campbell	Q2256	Birmingham	Birmingham	Ali Campbell was born in Birmingham .	Ali Campbell je rođen u Birmingham.	Ali Campbell je rođen u 	Ali Campbell rođena je u Birminghamu.	Ali Campbell je rođen u Birminghamu.	Ali Campbell rođena je u 	Birminghamu	Ali Campbell je rođen u 	Birminghamu	Birmingham
Q189080	Lou Reed	Lou Reed	Q18419	Brooklyn	Brooklyn, New York	Lou Reed was born in Brooklyn .	Lou Reed je rođen u Brooklyn, New York.	Lou Reed je rođen u 	Lou Reed je rođen u Brooklynu.	Lou Reed je rođen u Brooklynu, New York.	ERROR	ERROR	Lou Reed je rođen u 	Brooklynu, New York	Brooklyn
Q49686	Vasili III of Russia	Vasilije III., veliki knez Moskve	Q649	Moscow	Moskva	Vasili III of Russia was born in Moscow .	Vasilije III., veliki knez Moskve je rođen u Moskva.	Vasilije III., veliki knez Moskve je rođen u 	Vasilije III od Rusije rođen je u Moskvi.	Vasilije III., veliki knez Moskve je rođen u Moskvi.	Vasilije III od Rusije rođen je u 	Moskvi	Vasilije III., veliki knez Moskve je rođen u 	Moskvi	Moscow
Q149727	Saint Giles	Sveti Egidije	Q1524	Athens	Atena	Saint Giles was born in Athens .	Sveti Egidije je rođen u Atena.	Sveti Egidije je rođen u 	Sveti Giles rođen je u Ateni.	Sveti Egidije je rođen u Ateni.	Sveti Giles rođen je u 	Ateni	Sveti Egidije je rođen u 	Ateni	Athens
Q736990	Terenci Moix	Terenci Moix	Q1492	Barcelona	Barcelona	Terenci Moix was born in Barcelona .	Terenci Moix je rođen u Barcelona.	Terenci Moix je rođen u 	Terenci Moix rođen je u Barceloni.	Terenci Moix je rođen u Barceloni.	Terenci Moix rođen je u 	Barceloni	Terenci Moix je rođen u 	Barceloni	Barcelona
Q13527738	Jade Windley	Jade Windley	Q23090	Lincolnshire	Lincolnshire	Jade Windley was born in Lincolnshire .	Jade Windley je rođen u Lincolnshire.	Jade Windley je rođen u 	Jade Windley rođena je u Lincolnshireu.	Jade Windley je rođena u Lincolnshireu.	Jade Windley rođena je u 	Lincolnshireu	Jade Windley je rođena u 	Lincolnshireu	Lincolnshire
Q3201552	Joey Bada$$	Joey Badass	Q18419	Brooklyn	Brooklyn, New York	Joey Bada$$ was born in Brooklyn .	Joey Badass je rođen u Brooklyn, New York.	Joey Badass je rođen u 	Joey Bada$$ rođen je u Brooklynu.	Joey Bada$$ je rođen u Brooklynu, New York.	ERROR	ERROR	Joey Bada$$ je rođen u 	Brooklynu, New York	Brooklyn
Q310791	Jules Michelet	Jules Michelet	Q90	Paris	Pariz	Jules Michelet was born in Paris .	Jules Michelet je rođen u Pariz.	Jules Michelet je rođen u 	Jules Michelet rođen je u Parizu.	Jules Michelet je rođen u Parizu.	Jules Michelet rođen je u 	Parizu	Jules Michelet je rođen u 	Parizu	Paris|||Paris
Q194064	Hezekiah	Ezekijel	Q1218	Jerusalem	Jeruzalem	Hezekiah was born in Jerusalem .	Ezekijel je rođen u Jeruzalem.	Ezekijel je rođen u 	Ezekija je rođen u Jeruzalemu.	Ezekijel je rođen u Jeruzalemu.	Ezekija je rođen u 	Jeruzalemu	Ezekijel je rođen u 	Jeruzalemu	Jerusalem
Q972873	Juan Carlos Calvo	Juan Carlos Calvo	Q1335	Montevideo	Montevideo	Juan Carlos Calvo was born in Montevideo .	Juan Carlos Calvo je rođen u Montevideo.	Juan Carlos Calvo je rođen u 	Juan Carlos Calvo rođen je u Montevideu.	Juan Carlos Calvo je rođen u Montevideu.	Juan Carlos Calvo rođen je u 	Montevideu	Juan Carlos Calvo je rođen u 	Montevideu	Montevideo
Q2233503	Silvia Abascal	Silvia Abascal	Q2807	Madrid	Madrid	Silvia Abascal was born in Madrid .	Silvia Abascal je rođen u Madrid.	Silvia Abascal je rođen u 	Silvia Abascal rođena je u Madridu.	Silvia Abascal je rođena u Madridu.	Silvia Abascal rođena je u 	Madridu	Silvia Abascal je rođena u 	Madridu	Madrid
Q468168	Seija Simola	Seija Simola	Q1757	Helsinki	Helsinki	Seija Simola was born in Helsinki .	Seija Simola je rođen u Helsinki.	Seija Simola je rođen u 	Seija Simola rođena je u Helsinkiju.	Seija Simola je rođena u Helsinkiju.	Seija Simola rođena je u 	Helsinkiju	Seija Simola je rođena u 	Helsinkiju	Helsinki
Q7420859	Saom Vansodany	Saom Vansodany	Q424	Cambodia	Kambodža	Saom Vansodany was born in Cambodia .	Saom Vansodany je rođen u Kambodža.	Saom Vansodany je rođen u 	Saom Vansodany je rođen u Kambodži.	Saom Vansodany je rođena u Kambodži.	Saom Vansodany je rođen u 	Kambodži	Saom Vansodany je rođena u 	Kambodži	Cambodia
Q703660	Tom Wesselmann	Tom Wesselmann	Q43196	Cincinnati	Cincinnati	Tom Wesselmann was born in Cincinnati .	Tom Wesselmann je rođen u Cincinnati.	Tom Wesselmann je rođen u 	Tom Wesselmann rođen je u Cincinnatiju.	Tom Wesselmann je rođen u Cincinnatiu.	Tom Wesselmann rođen je u 	Cincinnatiju	Tom Wesselmann je rođen u 	Cincinnatiu	Cincinnati
Q309635	Pietro Lorenzetti	Pietro Lorenzetti	Q2751	Siena	Siena	Pietro Lorenzetti was born in Siena .	Pietro Lorenzetti je rođen u Siena.	Pietro Lorenzetti je rođen u 	Pietro Lorenzetti rođen je u Sieni.	Pietro Lorenzetti je rođen u Sieni.	Pietro Lorenzetti rođen je u 	Sieni	Pietro Lorenzetti je rođen u 	Sieni	Siena
Q461628	Gergely Kiss	Gergely Kiss	Q1781	Budapest	Budimpešta	Gergely Kiss was born in Budapest .	Gergely Kiss je rođen u Budimpešta.	Gergely Kiss je rođen u 	Gergely Kiss rođen je u Budimpešti.	Gergely Kiss je rođen u Budimpešti.	Gergely Kiss rođen je u 	Budimpešti	Gergely Kiss je rođen u 	Budimpešti	Budapest|||Budapest|||Budim|||Pešta
Q201538	Edward Said	Edward Said	Q1218	Jerusalem	Jeruzalem	Edward Said was born in Jerusalem .	Edward Said je rođen u Jeruzalem.	Edward Said je rođen u 	Edward Said rođen je u Jeruzalemu.	Edward Said je rođen u Jeruzalemu.	Edward Said rođen je u 	Jeruzalemu	Edward Said je rođen u 	Jeruzalemu	Jerusalem
Q2394895	Davor Sučić	Davor Sučić	Q11194	Sarajevo	Sarajevo	Davor Sučić was born in Sarajevo .	Davor Sučić je rođen u Sarajevo.	Davor Sučić je rođen u 	Davor Sučić rođen je u Sarajevu.	Davor Sučić je rođen u Sarajevu.	Davor Sučić rođen je u 	Sarajevu	Davor Sučić je rođen u 	Sarajevu	Sarajevo
Q272429	Magdalena Mielcarz	Magdalena Mielcarz	Q270	Warsaw	Varšava	Magdalena Mielcarz was born in Warsaw .	Magdalena Mielcarz je rođen u Varšava.	Magdalena Mielcarz je rođen u 	Magdalena Mielcarz rođena je u Varšavi.	Magdalena Mielcarz je rođena u Varšavi.	Magdalena Mielcarz rođena je u 	Varšavi	Magdalena Mielcarz je rođena u 	Varšavi	Warsaw
Q41641	Leo V the Armenian	Leon V. Armenac	Q399	Armenia	Armenija	Leo V the Armenian was born in Armenia .	Leon V. Armenac je rođen u Armenija.	Leon V. Armenac je rođen u 	U Armeniji je rođen Lav V. Armenac.	Leon V. Armenac je rođen u Armeniji.	U 	Armeniji	Leon V. Armenac je rođen u 	Armeniji	Armenia|||Republika Armenija|||Հայաստան|||Hayastan|||Հայաստանի Հանրապետություն|||Hayastani Hanrapetut’yun
Q250093	Marco Delvecchio	Marco Delvecchio	Q490	Milan	Milano	Marco Delvecchio was born in Milan .	Marco Delvecchio je rođen u Milano.	Marco Delvecchio je rođen u 	Marco Delvecchio rođen je u Milanu.	Marco Delvecchio je rođen u Milanu.	Marco Delvecchio rođen je u 	Milanu	Marco Delvecchio je rođen u 	Milanu	Milan
Q44086	Carl Orff	Carl Orff	Q1726	Munich	München	Carl Orff was born in Munich .	Carl Orff je rođen u München.	Carl Orff je rođen u 	Carl Orff rođen je u Münchenu.	Carl Orff je rođen u Münchenu.	Carl Orff rođen je u 	Münchenu	Carl Orff je rođen u 	Münchenu	Munich
Q82778	Pliny the Elder	Plinije Stariji	Q1308	Como	Como	Pliny the Elder was born in Como .	Plinije Stariji je rođen u Como.	Plinije Stariji je rođen u 	Plinije Stariji rođen je u Comu.	Plinije Stariji je rođen u Comu.	Plinije Stariji rođen je u 	Comu	Plinije Stariji je rođen u 	Comu	Como
Q727025	Emiliano Chamorro Vargas	Emiliano Chamorro Vargas	Q811	Nicaragua	Nikaragva	Emiliano Chamorro Vargas was born in Nicaragua .	Emiliano Chamorro Vargas je rođen u Nikaragva.	Emiliano Chamorro Vargas je rođen u 	Emiliano Chamorro Vargas rođen je u Nikaragvi.	Emiliano Chamorro Vargas je rođen u Nikaragvi.	Emiliano Chamorro Vargas rođen je u 	Nikaragvi	Emiliano Chamorro Vargas je rođen u 	Nikaragvi	Nicaragua
Q20733	Georges Duhamel	Georges Duhamel	Q90	Paris	Pariz	Georges Duhamel was born in Paris .	Georges Duhamel je rođen u Pariz.	Georges Duhamel je rođen u 	Georges Duhamel rođen je u Parizu.	Georges Duhamel je rođen u Parizu.	Georges Duhamel rođen je u 	Parizu	Georges Duhamel je rođen u 	Parizu	Paris|||Paris
Q313042	Stephen Rea	Stephen Rea	Q10686	Belfast	Belfast	Stephen Rea was born in Belfast .	Stephen Rea je rođen u Belfast.	Stephen Rea je rođen u 	Stephen Rea rođen je u Belfastu.	Stephen Rea je rođen u Belfastu.	Stephen Rea rođen je u 	Belfastu	Stephen Rea je rođen u 	Belfastu	Belfast
Q333778	Armando Diaz	Armando Diaz	Q2634	Naples	Napulj	Armando Diaz was born in Naples .	Armando Diaz je rođen u Napulj.	Armando Diaz je rođen u 	Armando Diaz rođen je u Napulju.	Armando Diaz je rođen u Napulju.	Armando Diaz rođen je u 	Napulju	Armando Diaz je rođen u 	Napulju	Naples
Q1280402	Aleksandar Deroko	Aleksandar Deroko	Q3711	Belgrade	Beograd	Aleksandar Deroko was born in Belgrade .	Aleksandar Deroko je rođen u Beograd.	Aleksandar Deroko je rođen u 	Aleksandar Deroko rođen je u Beogradu.	Aleksandar Deroko je rođen u Beogradu.	Aleksandar Deroko rođen je u 	Beogradu	Aleksandar Deroko je rođen u 	Beogradu	Belgrade
Q4730963	Aisha	Ajša	Q5806	Mecca	Meka	Aisha was born in Mecca .	Ajša je rođen u Meka.	Ajša je rođen u 	Aiša je rođena u Mekki.	Ajša je rođena u Meki.	ERROR	ERROR	Ajša je rođena u 	Meki	Mecca
Q57432	August Kopff	August Kopff	Q2966	Heidelberg	Heidelberg	August Kopff was born in Heidelberg .	August Kopff je rođen u Heidelberg.	August Kopff je rođen u 	August Kopff rođen je u Heidelbergu.	August Kopff je rođen u Heidelbergu.	August Kopff rođen je u 	Heidelbergu	August Kopff je rođen u 	Heidelbergu	Heidelberg
Q211827	Peter I of Serbia	Petar I. Karađorđević	Q3711	Belgrade	Beograd	Peter I of Serbia was born in Belgrade .	Petar I. Karađorđević je rođen u Beograd.	Petar I. Karađorđević je rođen u 	Petar I. Srpski kralj rođen je u Beogradu.	Petar I. Karađorđević je rođen u Beogradu.	Petar I. Srpski kralj rođen je u 	Beogradu	Petar I. Karađorđević je rođen u 	Beogradu	Belgrade
Q190368	Appian	Apijan iz Aleksandrije	Q87	Alexandria	Aleksandrija	Appian was born in Alexandria .	Apijan iz Aleksandrije je rođen u Aleksandrija.	Apijan iz Aleksandrije je rođen u 	Apijan je rođen u Aleksandriji.	Apijan iz Aleksandrije je rođen u Aleksandriji.	Apijan je rođen u 	Aleksandriji	Apijan iz Aleksandrije je rođen u 	Aleksandriji	Alexandria
Q170297	Boniface III	Bonifacije III.	Q220	Rome	Rim	Boniface III was born in Rome .	Bonifacije III. je rođen u Rim.	Bonifacije III. je rođen u 	Bonifacije III rođen je u Rimu.	Bonifacije III. je rođen u Rimu.	Bonifacije III rođen je u 	Rimu	Bonifacije III. je rođen u 	Rimu	Rome|||Prijestolnica svijeta|||Vječni grad
Q151608	Claudio Abbado	Claudio Abbado	Q490	Milan	Milano	Claudio Abbado was born in Milan .	Claudio Abbado je rođen u Milano.	Claudio Abbado je rođen u 	Claudio Abbado rođen je u Milanu.	Claudio Abbado je rođen u Milanu.	Claudio Abbado rođen je u 	Milanu	Claudio Abbado je rođen u 	Milanu	Milan
Q3368743	Nikolai Nissen Paus	Nikolai Paus	Q585	Oslo	Oslo	Nikolai Nissen Paus was born in Oslo .	Nikolai Paus je rođen u Oslo.	Nikolai Paus je rođen u 	Nikolai Nissen Paus rođen je u Oslu.	Nikolai Paus je rođen u Oslu.	Nikolai Nissen Paus rođen je u 	Oslu	Nikolai Paus je rođen u 	Oslu	Oslo
Q1154079	DJ Drama	DJ Drama	Q1345	Philadelphia	Philadelphia	DJ Drama was born in Philadelphia .	DJ Drama je rođen u Philadelphia.	DJ Drama je rođen u 	DJ Drama je rođen u Philadelphiji.	DJ Drama je rođen u Philadelphiji.	DJ Drama je rođen u 	Philadelphiji	DJ Drama je rođen u 	Philadelphiji	Philadelphia
Q372313	Enrique Vila-Matas	Enrique Vila-Matas	Q1492	Barcelona	Barcelona	Enrique Vila-Matas was born in Barcelona .	Enrique Vila-Matas je rođen u Barcelona.	Enrique Vila-Matas je rođen u 	Enrique Vila-Matas rođen je u Barceloni.	Enrique Vila-Matas je rođen u Barceloni.	Enrique Vila-Matas rođen je u 	Barceloni	Enrique Vila-Matas je rođen u 	Barceloni	Barcelona
Q46321	Tinie Tempah	Tinie Tempah	Q84	London	London	Tinie Tempah was born in London .	Tinie Tempah je rođen u London.	Tinie Tempah je rođen u 	Tinie Tempah je rođena u Londonu.	Tinie Tempah je rođen u Londonu.	Tinie Tempah je rođena u 	Londonu	Tinie Tempah je rođen u 	Londonu	London
Q356290	Allen Carr	Allen Carr	Q84	London	London	Allen Carr was born in London .	Allen Carr je rođen u London.	Allen Carr je rođen u 	Allen Carr rođen je u Londonu.	Allen Carr je rođen u Londonu.	Allen Carr rođen je u 	Londonu	Allen Carr je rođen u 	Londonu	London
Q72984	Bing Crosby	Bing Crosby	Q199797	Tacoma	Tacoma	Bing Crosby was born in Tacoma .	Bing Crosby je rođen u Tacoma.	Bing Crosby je rođen u 	Bing Crosby rođen je u Tacomi.	Bing Crosby je rođen u Tacomi.	ERROR	ERROR	ERROR	ERROR	Tacoma
Q16749819	Ruth Lee	Ruth Lee	Q36091	Minneapolis	Minneapolis	Ruth Lee was born in Minneapolis .	Ruth Lee je rođen u Minneapolis.	Ruth Lee je rođen u 	Ruth Lee rođena je u Minneapolisu.	Ruth Lee je rođena u Minneapolisu.	Ruth Lee rođena je u 	Minneapolisu	Ruth Lee je rođena u 	Minneapolisu	Minneapolis
Q2249236	Tom Jennings	Tom Jennings	Q100	Boston	Boston, Massachusetts	Tom Jennings was born in Boston .	Tom Jennings je rođen u Boston, Massachusetts.	Tom Jennings je rođen u 	Tom Jennings je rođen u Bostonu.	Translation: Tom Jennings je rođen u Bostonu, Massachusetts.	ERROR	ERROR	ERROR	ERROR	Boston
Q123389	Robert Pinget	Robert Pinget	Q71	Geneva	Ženeva	Robert Pinget was born in Geneva .	Robert Pinget je rođen u Ženeva.	Robert Pinget je rođen u 	Robert Pinget rođen je u Ženevi.	Robert Pinget je rođen u Ženevi.	Robert Pinget rođen je u 	Ženevi	Robert Pinget je rođen u 	Ženevi	Geneva
Q170726	Enrico Caruso	Enrico Caruso	Q2634	Naples	Napulj	Enrico Caruso was born in Naples .	Enrico Caruso je rođen u Napulj.	Enrico Caruso je rođen u 	Enrico Caruso rođen je u Napulju.	Enrico Caruso je rođen u Napulju.	Enrico Caruso rođen je u 	Napulju	Enrico Caruso je rođen u 	Napulju	Naples
Q156128	Georges Rouault	Georges Rouault	Q90	Paris	Pariz	Georges Rouault was born in Paris .	Georges Rouault je rođen u Pariz.	Georges Rouault je rođen u 	Georges Rouault rođen je u Parizu.	Georges Rouault je rođen u Parizu.	Georges Rouault rođen je u 	Parizu	Georges Rouault je rođen u 	Parizu	Paris|||Paris
Q162543	Mehmed VI	Mehmed VI.	Q406	Istanbul	Istanbul	Mehmed VI was born in Istanbul .	Mehmed VI. je rođen u Istanbul.	Mehmed VI. je rođen u 	Mehmed VI je rođen u Istanbulu.	Mehmed VI. je rođen u Istanbulu.	Mehmed VI je rođen u 	Istanbulu	Mehmed VI. je rođen u 	Istanbulu	Istanbul
Q326510	Martin Lundgaard Hansen	Martin Lundgaard Hansen	Q35	Denmark	Danska	Martin Lundgaard Hansen was born in Denmark .	Martin Lundgaard Hansen je rođen u Danska.	Martin Lundgaard Hansen je rođen u 	Martin Lundgaard Hansen rođen je u Danskoj.	Martin Lundgaard Hansen je rođen u Danskoj.	Martin Lundgaard Hansen rođen je u 	Danskoj	Martin Lundgaard Hansen je rođen u 	Danskoj	Denmark|||Kraljevina Danska
Q313063	Brendan Behan	Brendan Behan	Q1761	Dublin	Dublin	Brendan Behan was born in Dublin .	Brendan Behan je rođen u Dublin.	Brendan Behan je rođen u 	Brendan Behan rođen je u Dublinu.	Brendan Behan je rođen u Dublinu.	Brendan Behan rođen je u 	Dublinu	Brendan Behan je rođen u 	Dublinu	Dublin
Q291686	Lindy Hemming	Lindy Hemming	Q25	Wales	Wales	Lindy Hemming was born in Wales .	Lindy Hemming je rođen u Wales.	Lindy Hemming je rođen u 	Lindy Hemming rođena je u Walesu.	Lindy Hemming je rođena u Walesu.	Lindy Hemming rođena je u 	Walesu	Lindy Hemming je rođena u 	Walesu	Wales|||WAL|||WLS|||Cymru
Q945696	Cyril Lemoine	Cyril Lemoine	Q288	Tours	Tours	Cyril Lemoine was born in Tours .	Cyril Lemoine je rođen u Tours.	Cyril Lemoine je rođen u 	Cyril Lemoine rođen je u Toursu.	Cyril Lemoine je rođen u Toursu.	Cyril Lemoine rođen je u 	Toursu	Cyril Lemoine je rođen u 	Toursu	Tours
Q312712	Mark Strong	Mark Strong	Q84	London	London	Mark Strong was born in London .	Mark Strong je rođen u London.	Mark Strong je rođen u 	Mark Strong je rođen u Londonu.	Mark Strong je rođen u Londonu.	Mark Strong je rođen u 	Londonu	Mark Strong je rođen u 	Londonu	London
Q3190000	June Carroll	June Carroll	Q12439	Detroit	Detroit, Michigan	June Carroll was born in Detroit .	June Carroll je rođen u Detroit, Michigan.	June Carroll je rođen u 	June Carroll rođena je u Detroitu.	June Carroll je rođena u Detroitu, Michigan.	ERROR	ERROR	June Carroll je rođena u 	Detroitu, Michigan	Detroit
Q229366	Marija Naumova	Marie N	Q1773	Riga	Riga	Marija Naumova was born in Riga .	Marie N je rođen u Riga.	Marie N je rođen u 	Marija Naumova rođena je u Rigi.	Marija Naumova je rođena u Rigi.	Marija Naumova rođena je u 	Rigi	Marija Naumova je rođena u 	Rigi	Riga
Q448930	Kurupt	Kurupt	Q1345	Philadelphia	Philadelphia	Kurupt was born in Philadelphia .	Kurupt je rođen u Philadelphia.	Kurupt je rođen u 	Kurupt je rođen u Philadelphiji.	Kurupt je rođen u Philadelphiji.	Kurupt je rođen u 	Philadelphiji	Kurupt je rođen u 	Philadelphiji	Philadelphia
