sub_uri	en_sub_label	sub_label	obj_uri	en_obj_label	obj_label	en_template	template	template_prompt	gt_translation	chatgpt_translation	gt_prompt	gt_infl_object	chatgpt_prompt	chatgpt_infl_object	aliases
Q155476	The Fast and the Furious	Brzi i žestoki	Q1860	English	engleski jezik	The original language of The Fast and the Furious is English .	Izvorni jezik Brzi i žestoki je engleski jezik.	Izvorni jezik Brzi i žestoki je 	 Izvorni jezik serije Brzi i žestoki je engleski.	Izvorni jezik Brzih i žestokih je engleski.	 Izvorni jezik serije Brzi i žestoki je 	engleski	Izvorni jezik Brzih i žestokih je 	engleski	English|||engleski
Q191380	The Hunchback of Notre Dame	Zvonar crkve Notre-Dame	Q150	French	francuski jezik	The original language of The Hunchback of Notre Dame is French .	Izvorni jezik Zvonar crkve Notre-Dame je francuski jezik.	Izvorni jezik Zvonar crkve Notre-Dame je 	 Izvorni jezik romana Grbavac Notre Dame je francuski.	Izvorni jezik Zvonara crkve Notre-Dame je francuski.	 Izvorni jezik romana Grbavac Notre Dame je 	francuski	Izvorni jezik Zvonara crkve Notre-Dame je 	francuski	French|||francuski|||fr|||franc.|||fr.
Q369960	Evangelium Vitae	Evangelium Vitae	Q397	Latin	latinski jezik	The original language of Evangelium Vitae is Latin .	Izvorni jezik Evangelium Vitae je latinski jezik.	Izvorni jezik Evangelium Vitae je 	 Izvorni jezik Evangelium Vitae je latinski.	Izvorni jezik Evangelium Vitae je latinski.	 Izvorni jezik Evangelium Vitae je 	latinski	Izvorni jezik Evangelium Vitae je 	latinski	Latin
Q245265	The God Delusion	Iluzija o Bogu	Q1860	English	engleski jezik	The original language of The God Delusion is English .	Izvorni jezik Iluzija o Bogu je engleski jezik.	Izvorni jezik Iluzija o Bogu je 	 Izvorni jezik knjige The God Delusion je engleski.	Izvorni jezik Iluzije o Bogu je engleski.	 Izvorni jezik knjige The God Delusion je 	engleski	Izvorni jezik Iluzije o Bogu je 	engleski	English|||engleski
Q1130167	Emotional Rescue	Emotional Rescue	Q1860	English	engleski jezik	The original language of Emotional Rescue is English .	Izvorni jezik Emotional Rescue je engleski jezik.	Izvorni jezik Emotional Rescue je 	 Izvorni jezik knjige Emotional Rescue je engleski.	Izvorni jezik Emotional Rescue je engleski.	 Izvorni jezik knjige Emotional Rescue je 	engleski	Izvorni jezik Emotional Rescue je 	engleski	English|||engleski
Q138174	Life is a Dream	Život je san	Q1321	Spanish	španjolski jezik	The original language of Life is a Dream is Spanish .	Izvorni jezik Život je san je španjolski jezik.	Izvorni jezik Život je san je 	 Izvorni jezik knjige Život je san je španjolski.	Izvorni jezik Života je san je španjolski.	 Izvorni jezik knjige Život je san je 	španjolski	Izvorni jezik Života je san je 	španjolski	Spanish|||španjolski|||kastiljanski|||kastiljski|||es|||šp.|||španj.
Q1286940	Glas Slavonije	Glas Slavonije	Q6654	Croatian	hrvatski jezik	The original language of Glas Slavonije is Croatian .	Izvorni jezik Glas Slavonije je hrvatski jezik.	Izvorni jezik Glas Slavonije je 	 Izvorni jezik Glasa Slavonije je hrvatski.	Izvorni jezik Glasa Slavonije je hrvatski.	 Izvorni jezik Glasa Slavonije je 	hrvatski	Izvorni jezik Glasa Slavonije je 	hrvatski	Croatian|||hrvatski|||hr|||hrv.
Q150804	The Pianist	Pijanist	Q1860	English	engleski jezik	The original language of The Pianist is English .	Izvorni jezik Pijanist je engleski jezik.	Izvorni jezik Pijanist je 	 Izvorni jezik romana Pijanist je engleski.	Izvorni jezik Pijanista je engleski.	 Izvorni jezik romana Pijanist je 	engleski	Izvorni jezik Pijanista je 	engleski	English|||engleski
Q191838	The Count of Monte Cristo	Grof Monte Cristo	Q150	French	francuski jezik	The original language of The Count of Monte Cristo is French .	Izvorni jezik Grof Monte Cristo je francuski jezik.	Izvorni jezik Grof Monte Cristo je 	 Izvorni jezik romana Grof Monte Cristo je francuski.	Izvorni jezik Grofa Monte Crista je francuski.	 Izvorni jezik romana Grof Monte Cristo je 	francuski	Izvorni jezik Grofa Monte Crista je 	francuski	French|||francuski|||fr|||franc.|||fr.
Q333637	Well, Just You Wait!	Nu	Q7737	Russian	ruski jezik	The original language of Well, Just You Wait! is Russian .	Izvorni jezik Nu je ruski jezik.	Izvorni jezik Nu je 	" Izvorni jezik serije ""Pa, samo čekaj!"" je ruski."	Izvorni jezik Nu je ruski.	ERROR	ERROR	ERROR	ERROR	Russian|||Ruski jezik|||ru
Q1164094	R.U.R.	R.U.R.	Q9056	Czech	Češki jezik	The original language of R.U.R. is Czech .	Izvorni jezik R.U.R. je Češki jezik.	Izvorni jezik R.U.R. je 	 Izvorni jezik RUR-a je češki.	Izvorni jezik R.U.R. je češki.	ERROR	ERROR	ERROR	ERROR	Czech|||cs|||ces
Q5064	The Magic Flute	Čarobna frula	Q188	German	njemački jezik	The original language of The Magic Flute is German .	Izvorni jezik Čarobna frula je njemački jezik.	Izvorni jezik Čarobna frula je 	 Izvorni jezik Čarobne frule je njemački.	Izvorni jezik Čarobne frule je njemački.	 Izvorni jezik Čarobne frule je 	njemački	Izvorni jezik Čarobne frule je 	njemački	German|||de
Q3013	iCarly	ICarly	Q1860	English	engleski jezik	The original language of iCarly is English .	Izvorni jezik ICarly je engleski jezik.	Izvorni jezik ICarly je 	 Izvorni jezik iCarlyja je engleski.	Izvorni jezik iCarly je engleski.	 Izvorni jezik iCarlyja je 	engleski	Izvorni jezik iCarly je 	engleski	English|||engleski
Q840297	El Mariachi	El Mariachi	Q1321	Spanish	španjolski jezik	The original language of El Mariachi is Spanish .	Izvorni jezik El Mariachi je španjolski jezik.	Izvorni jezik El Mariachi je 	 Izvorni jezik El Mariachija je španjolski.	Izvorni jezik El Mariachija je španjolski.	 Izvorni jezik El Mariachija je 	španjolski	Izvorni jezik El Mariachija je 	španjolski	Spanish|||španjolski|||kastiljanski|||kastiljski|||es|||šp.|||španj.
Q36479	The Lion King	Kralj lavova	Q1860	English	engleski jezik	The original language of The Lion King is English .	Izvorni jezik Kralj lavova je engleski jezik.	Izvorni jezik Kralj lavova je 	 Izvorni jezik Kralja lavova je engleski.	Izvorni jezik Kralja lavova je engleski.	 Izvorni jezik Kralja lavova je 	engleski	Izvorni jezik Kralja lavova je 	engleski	English|||engleski
Q131144	Tom and Jerry	Tom i Jerry	Q1860	English	engleski jezik	The original language of Tom and Jerry is English .	Izvorni jezik Tom i Jerry je engleski jezik.	Izvorni jezik Tom i Jerry je 	 Izvorni jezik Toma i Jerryja je engleski.	Izvorni jezik Toma i Jerija je engleski.	 Izvorni jezik Toma i Jerryja je 	engleski	Izvorni jezik Toma i Jerija je 	engleski	English|||engleski
Q1123979	Voodoo Lounge	Voodoo Lounge	Q1860	English	engleski jezik	The original language of Voodoo Lounge is English .	Izvorni jezik Voodoo Lounge je engleski jezik.	Izvorni jezik Voodoo Lounge je 	Izvorni jezik Voodoo Loungea je engleski.	Izvorni jezik Voodoo Loungea je engleski.	Izvorni jezik Voodoo Loungea je 	engleski	Izvorni jezik Voodoo Loungea je 	engleski	English|||engleski
Q125076	Slumdog Millionaire	Milijunaš s ulice	Q1860	English	engleski jezik	The original language of Slumdog Millionaire is English .	Izvorni jezik Milijunaš s ulice je engleski jezik.	Izvorni jezik Milijunaš s ulice je 	 Izvorni jezik Slumdog Millionairea je engleski.	Izvorni jezik Milijunaša s ulice je engleski.	 Izvorni jezik Slumdog Millionairea je 	engleski	Izvorni jezik Milijunaša s ulice je 	engleski	English|||engleski
Q5923993	Hrvatska revija	Hrvatska revija	Q6654	Croatian	hrvatski jezik	The original language of Hrvatska revija is Croatian .	Izvorni jezik Hrvatska revija je hrvatski jezik.	Izvorni jezik Hrvatska revija je 	 Izvorni jezik Hrvatske revije je hrvatski .	Izvorni jezik Hrvatske revije je hrvatski.	 Izvorni jezik Hrvatske revije je 	hrvatski	Izvorni jezik Hrvatske revije je 	hrvatski	Croatian|||hrvatski|||hr|||hrv.
Q108745	Ghostbusters	Istjerivači duhova	Q1860	English	engleski jezik	The original language of Ghostbusters is English .	Izvorni jezik Istjerivači duhova je engleski jezik.	Izvorni jezik Istjerivači duhova je 	 Izvorni jezik serije Ghostbusters je engleski.	Izvorni jezik Istjerivača duhova je engleski.	 Izvorni jezik serije Ghostbusters je 	engleski	Izvorni jezik Istjerivača duhova je 	engleski	English|||engleski
Q263257	Construction Time Again	Construction Time Again	Q1860	English	engleski jezik	The original language of Construction Time Again is English .	Izvorni jezik Construction Time Again je engleski jezik.	Izvorni jezik Construction Time Again je 	 Izvorni jezik igre Construction Time Again je engleski.	Izvorni jezik Construction Time Again je engleski.	 Izvorni jezik igre Construction Time Again je 	engleski	Izvorni jezik Construction Time Again je 	engleski	English|||engleski
Q470098	The Second Sex	Drugi spol	Q150	French	francuski jezik	The original language of The Second Sex is French .	Izvorni jezik Drugi spol je francuski jezik.	Izvorni jezik Drugi spol je 	 Izvorni jezik romana Drugi spol je francuski.	Izvorni jezik Drugog spola je francuski.	 Izvorni jezik romana Drugi spol je 	francuski	Izvorni jezik Drugog spola je 	francuski	French|||francuski|||fr|||franc.|||fr.
Q1459255	Human Touch	Human Touch	Q1860	English	engleski jezik	The original language of Human Touch is English .	Izvorni jezik Human Touch je engleski jezik.	Izvorni jezik Human Touch je 	 Izvorni jezik igre Human Touch je engleski.	Izvorni jezik Human Toucha je engleski.	 Izvorni jezik igre Human Touch je 	engleski	Izvorni jezik Human Toucha je 	engleski	English|||engleski
Q1180629	De finibus bonorum	De finibus bonorum et malorum	Q397	Latin	latinski jezik	The original language of De finibus bonorum is Latin .	Izvorni jezik De finibus bonorum et malorum je latinski jezik.	Izvorni jezik De finibus bonorum et malorum je 	 Izvorni jezik De finibus bonorum je latinski.	Izvorni jezik De finibus bonorum et malorum je latinski.	 Izvorni jezik De finibus bonorum je 	latinski	Izvorni jezik De finibus bonorum et malorum je 	latinski	Latin
Q914157	Teorema	Teorem	Q652	Italian	talijanski jezik	The original language of Teorema is Italian .	Izvorni jezik Teorem je talijanski jezik.	Izvorni jezik Teorem je 	 Izvorni jezik Teoreme je talijanski.	Izvorni jezik Teorema je talijanski.	 Izvorni jezik Teoreme je 	talijanski	Izvorni jezik Teorema je 	talijanski	Italian|||talijanski|||italijanski|||tal.|||it
Q574403	Vjesnik	Vjesnik	Q6654	Croatian	hrvatski jezik	The original language of Vjesnik is Croatian .	Izvorni jezik Vjesnik je hrvatski jezik.	Izvorni jezik Vjesnik je 	 Izvorni jezik Vjesnika je hrvatski.	Izvorni jezik Vjesnika je hrvatski.	 Izvorni jezik Vjesnika je 	hrvatski	Izvorni jezik Vjesnika je 	hrvatski	Croatian|||hrvatski|||hr|||hrv.
Q130924	Kalevala	Kalevala	Q1412	Finnish	Finski jezik	The original language of Kalevala is Finnish .	Izvorni jezik Kalevala je Finski jezik.	Izvorni jezik Kalevala je 	 Izvorni jezik Kalevale je finski.	Izvorni jezik Kalevale je finski.	ERROR	ERROR	ERROR	ERROR	Finnish|||fi
Q6590561	The Glembays	Glembajevi	Q6654	Croatian	hrvatski jezik	The original language of The Glembays is Croatian .	Izvorni jezik Glembajevi je hrvatski jezik.	Izvorni jezik Glembajevi je 	 Izvorni jezik Glembajevih je hrvatski.	Izvorni jezik Glembajeva je hrvatski.	 Izvorni jezik Glembajevih je 	hrvatski	Izvorni jezik Glembajeva je 	hrvatski	Croatian|||hrvatski|||hr|||hrv.
Q140527	The Three Musketeers	Tri mušketira	Q150	French	francuski jezik	The original language of The Three Musketeers is French .	Izvorni jezik Tri mušketira je francuski jezik.	Izvorni jezik Tri mušketira je 	 Izvorni jezik romana Tri mušketira je francuski.	Izvorni jezik Tri mušketira je francuski.	 Izvorni jezik romana Tri mušketira je 	francuski	Izvorni jezik Tri mušketira je 	francuski	French|||francuski|||fr|||franc.|||fr.
Q18428	Amarcord	Amarcord	Q652	Italian	talijanski jezik	The original language of Amarcord is Italian .	Izvorni jezik Amarcord je talijanski jezik.	Izvorni jezik Amarcord je 	 Izvorni jezik Amarcorda je talijanski.	Izvorni jezik Amarcorda je talijanski.	 Izvorni jezik Amarcorda je 	talijanski	Izvorni jezik Amarcorda je 	talijanski	Italian|||talijanski|||italijanski|||tal.|||it
Q161985	1 Maccabees	Prva knjiga o Makabejcima	Q9288	Hebrew	hebrejski jezik	The original language of 1 Maccabees is Hebrew .	Izvorni jezik Prva knjiga o Makabejcima je hebrejski jezik.	Izvorni jezik Prva knjiga o Makabejcima je 	 Izvorni jezik Prve knjige Makabejaca je hebrejski.	Izvorni jezik Prve knjige o Makabejcima je hebrejski.	 Izvorni jezik Prve knjige Makabejaca je 	hebrejski	Izvorni jezik Prve knjige o Makabejcima je 	hebrejski	Hebrew
Q611043	Flashdance	Flashdance	Q1860	English	engleski jezik	The original language of Flashdance is English .	Izvorni jezik Flashdance je engleski jezik.	Izvorni jezik Flashdance je 	 Izvorni jezik Flashdancea je engleski.	Izvorni jezik Flashdancea je engleski.	 Izvorni jezik Flashdancea je 	engleski	Izvorni jezik Flashdancea je 	engleski	English|||engleski
Q328993	Definitely Maybe	Definitely Maybe	Q1860	English	engleski jezik	The original language of Definitely Maybe is English .	Izvorni jezik Definitely Maybe je engleski jezik.	Izvorni jezik Definitely Maybe je 	 Izvorni jezik knjige Definitely Maybe je engleski.	Izvorni jezik Definitely Maybe je engleski.	 Izvorni jezik knjige Definitely Maybe je 	engleski	Izvorni jezik Definitely Maybe je 	engleski	English|||engleski
Q157142	Die Zeit	Die Zeit	Q188	German	njemački jezik	The original language of Die Zeit is German .	Izvorni jezik Die Zeit je njemački jezik.	Izvorni jezik Die Zeit je 	Izvorni jezik Die Zeita je njemački.	Izvorni jezik Die Zeit je njemački.	Izvorni jezik Die Zeita je 	njemački	Izvorni jezik Die Zeit je 	njemački	German|||de
Q2035698	Vijesti	Vijesti	Q8821	Montenegrin	Crnogorski jezik	The original language of Vijesti is Montenegrin .	Izvorni jezik Vijesti je Crnogorski jezik.	Izvorni jezik Vijesti je 	 Izvorni jezik Vijesti je crnogorski.	Izvorni jezik Vijesti je crnogorski.	 Izvorni jezik Vijesti je 	crnogorski	Izvorni jezik Vijesti je 	crnogorski	Montenegrin|||Crnogorski|||cnr
Q1217089	The Lesson	Poduka	Q150	French	francuski jezik	The original language of The Lesson is French .	Izvorni jezik Poduka je francuski jezik.	Izvorni jezik Poduka je 	 Izvorni jezik Lekcije je francuski.	Izvorni jezik Poduke je francuski.	 Izvorni jezik Lekcije je 	francuski	Izvorni jezik Poduke je 	francuski	French|||francuski|||fr|||franc.|||fr.
Q180445	Nature	Nature	Q1860	English	engleski jezik	The original language of Nature is English .	Izvorni jezik Nature je engleski jezik.	Izvorni jezik Nature je 	 Izvorni jezik prirode je engleski.	Izvorni jezik Nature je engleski.	 Izvorni jezik prirode je 	engleski	Izvorni jezik Nature je 	engleski	English|||engleski
Q465472	Full House	Puna kuća	Q1860	English	engleski jezik	The original language of Full House is English .	Izvorni jezik Puna kuća je engleski jezik.	Izvorni jezik Puna kuća je 	 Izvorni jezik serije Puna kuća je engleski.	Izvorni jezik Pune kuće je engleski.	 Izvorni jezik serije Puna kuća je 	engleski	Izvorni jezik Pune kuće je 	engleski	English|||engleski
Q178338	Book of Haggai	Hagaj	Q9288	Hebrew	hebrejski jezik	The original language of Book of Haggai is Hebrew .	Izvorni jezik Hagaj je hebrejski jezik.	Izvorni jezik Hagaj je 	 Izvorni jezik Knjige Hagaja je hebrejski.	Izvorni jezik Hagaja je hebrejski.	 Izvorni jezik Knjige Hagaja je 	hebrejski	Izvorni jezik Hagaja je 	hebrejski	Hebrew
Q460163	Die Nibelungen	Nibelunzi (1924.)	Q188	German	njemački jezik	The original language of Die Nibelungen is German .	Izvorni jezik Nibelunzi (1924.) je njemački jezik.	Izvorni jezik Nibelunzi (1924.) je 	 Izvorni jezik Die Nibelungen je njemački.	Izvorni jezik Nibelunza (1924.) je njemački.	 Izvorni jezik Die Nibelungen je 	njemački	Izvorni jezik Nibelunza (1924.) je 	njemački	German|||de
Q923353	La Stampa	La Stampa	Q652	Italian	talijanski jezik	The original language of La Stampa is Italian .	Izvorni jezik La Stampa je talijanski jezik.	Izvorni jezik La Stampa je 	 Izvorni jezik La Stampe je talijanski.	Izvorni jezik La Stampe je talijanski.	 Izvorni jezik La Stampe je 	talijanski	Izvorni jezik La Stampe je 	talijanski	Italian|||talijanski|||italijanski|||tal.|||it
Q10000	Dutch Wikipedia	Wikipedija na nizozemskom jeziku	Q7411	Dutch	Nizozemski jezik	The original language of Dutch Wikipedia is Dutch .	Izvorni jezik Wikipedija na nizozemskom jeziku je Nizozemski jezik.	Izvorni jezik Wikipedija na nizozemskom jeziku je 	 Izvorni jezik nizozemske Wikipedije je nizozemski.	Izvorni jezik Wikipedije na nizozemskom jeziku je nizozemski.	 Izvorni jezik nizozemske Wikipedije je 	nizozemski	Izvorni jezik Wikipedije na nizozemskom jeziku je 	nizozemski	Dutch|||nl
Q190588	Love Actually	Zapravo ljubav	Q1860	English	engleski jezik	The original language of Love Actually is English .	Izvorni jezik Zapravo ljubav je engleski jezik.	Izvorni jezik Zapravo ljubav je 	" Izvorni jezik serije ""Love Actually"" je engleski."	Izvorni jezik Zapravo ljubavi je engleski.	" Izvorni jezik serije ""Love Actually"" je "	engleski	Izvorni jezik Zapravo ljubavi je 	engleski	English|||engleski
Q814790	Being Julia	Biti Julia	Q1860	English	engleski jezik	The original language of Being Julia is English .	Izvorni jezik Biti Julia je engleski jezik.	Izvorni jezik Biti Julia je 	 Izvorni jezik romana Biti Julia je engleski.	Izvorni jezik romana Biti Julia je engleski.	 Izvorni jezik romana Biti Julia je 	engleski	Izvorni jezik romana Biti Julia je 	engleski	English|||engleski
Q234535	Great Soviet Encyclopedia	Velika sovjetska enciklopedija	Q7737	Russian	ruski jezik	The original language of Great Soviet Encyclopedia is Russian .	Izvorni jezik Velika sovjetska enciklopedija je ruski jezik.	Izvorni jezik Velika sovjetska enciklopedija je 	 Izvorni jezik Velike sovjetske enciklopedije je ruski.	Izvorni jezik Velike sovjetske enciklopedije je ruski.	ERROR	ERROR	ERROR	ERROR	Russian|||Ruski jezik|||ru
Q18049522	HuffPost	The Huffington Post	Q1860	English	engleski jezik	The original language of HuffPost is English .	Izvorni jezik The Huffington Post je engleski jezik.	Izvorni jezik The Huffington Post je 	 Izvorni jezik HuffPosta je engleski.	Izvorni jezik The Huffington Posta je engleski.	 Izvorni jezik HuffPosta je 	engleski	ERROR	ERROR	English|||engleski
Q58419	Alright, Still	Alright, Still	Q1860	English	engleski jezik	The original language of Alright, Still is English .	Izvorni jezik Alright, Still je engleski jezik.	Izvorni jezik Alright, Still je 	 Izvorni jezik pjesme Alright, Still je engleski.	Izvorni jezik Alright, Still je engleski.	 Izvorni jezik pjesme Alright, Still je 	engleski	Izvorni jezik Alright, Still je 	engleski	English|||engleski
Q661660	Mediterraneo	Mediterraneo	Q652	Italian	talijanski jezik	The original language of Mediterraneo is Italian .	Izvorni jezik Mediterraneo je talijanski jezik.	Izvorni jezik Mediterraneo je 	 Izvorni jezik Mediterana je talijanski.	Izvorni jezik Mediterranea je talijanski.	 Izvorni jezik Mediterana je 	talijanski	Izvorni jezik Mediterranea je 	talijanski	Italian|||talijanski|||italijanski|||tal.|||it
Q389933	The Miser	Škrtac	Q150	French	francuski jezik	The original language of The Miser is French .	Izvorni jezik Škrtac je francuski jezik.	Izvorni jezik Škrtac je 	" Izvorni jezik romana ""Škrtac"" je francuski."	Izvorni jezik Škrtca je francuski.	" Izvorni jezik romana ""Škrtac"" je "	francuski	Izvorni jezik Škrtca je 	francuski	French|||francuski|||fr|||franc.|||fr.
Q1043104	Charlie Hebdo	Charlie Hebdo	Q150	French	francuski jezik	The original language of Charlie Hebdo is French .	Izvorni jezik Charlie Hebdo je francuski jezik.	Izvorni jezik Charlie Hebdo je 	 Izvorni jezik Charlie Hebdoa je francuski.	Izvorni jezik Charlie Hebdoa je francuski.	 Izvorni jezik Charlie Hebdoa je 	francuski	Izvorni jezik Charlie Hebdoa je 	francuski	French|||francuski|||fr|||franc.|||fr.
Q3449499	Independent People	Samostalni ljudi	Q294	Icelandic	Islandski jezik	The original language of Independent People is Icelandic .	Izvorni jezik Samostalni ljudi je Islandski jezik.	Izvorni jezik Samostalni ljudi je 	 Izvorni jezik Neovisnih ljudi je islandski.	Izvorni jezik Samostalnih ljudi je islandski.	 Izvorni jezik Neovisnih ljudi je 	islandski	Izvorni jezik Samostalnih ljudi je 	islandski	Icelandic
Q1981869	The Girlie Show World Tour	The Girlie Show World Tour	Q1860	English	engleski jezik	The original language of The Girlie Show World Tour is English .	Izvorni jezik The Girlie Show World Tour je engleski jezik.	Izvorni jezik The Girlie Show World Tour je 	Izvorni jezik svjetske turneje The Girlie Show je engleski.	Izvorni jezik The Girlie Show World Tour je engleski.	Izvorni jezik svjetske turneje The Girlie Show je 	engleski	Izvorni jezik The Girlie Show World Tour je 	engleski	English|||engleski
Q104123	Pulp Fiction	Pakleni šund	Q1860	English	engleski jezik	The original language of Pulp Fiction is English .	Izvorni jezik Pakleni šund je engleski jezik.	Izvorni jezik Pakleni šund je 	 Izvorni jezik Pulp Fictiona je engleski.	Izvorni jezik Paklenog šunda je engleski.	 Izvorni jezik Pulp Fictiona je 	engleski	Izvorni jezik Paklenog šunda je 	engleski	English|||engleski
Q1218731	The Bald Soprano	Ćelava pjevačica	Q150	French	francuski jezik	The original language of The Bald Soprano is French .	Izvorni jezik Ćelava pjevačica je francuski jezik.	Izvorni jezik Ćelava pjevačica je 	 Izvorni jezik Ćelave sopranistke je francuski.	Izvorni jezik Ćelave pjevačice je francuski.	 Izvorni jezik Ćelave sopranistke je 	francuski	Izvorni jezik Ćelave pjevačice je 	francuski	French|||francuski|||fr|||franc.|||fr.
Q161953	Books of Chronicles	Prva i druga knjiga Ljetopisa	Q9288	Hebrew	hebrejski jezik	The original language of Books of Chronicles is Hebrew .	Izvorni jezik Prva i druga knjiga Ljetopisa je hebrejski jezik.	Izvorni jezik Prva i druga knjiga Ljetopisa je 	 Izvorni jezik Knjiga Ljetopisa je hebrejski.	Izvorni jezik Prve i druge knjige Ljetopisa je hebrejski.	 Izvorni jezik Knjiga Ljetopisa je 	hebrejski	Izvorni jezik Prve i druge knjige Ljetopisa je 	hebrejski	Hebrew
Q240021	Their Satanic Majesties Request	Their Satanic Majesties Request	Q1860	English	engleski jezik	The original language of Their Satanic Majesties Request is English .	Izvorni jezik Their Satanic Majesties Request je engleski jezik.	Izvorni jezik Their Satanic Majesties Request je 	 Izvorni jezik Zahtjeva Njihovog Sotonističkog Veličanstva je engleski.	Izvorni jezik Their Satanic Majesties Request je engleski.	 Izvorni jezik Zahtjeva Njihovog Sotonističkog Veličanstva je 	engleski	Izvorni jezik Their Satanic Majesties Request je 	engleski	English|||engleski
Q720159	The Decameron	Dekameron	Q652	Italian	talijanski jezik	The original language of The Decameron is Italian .	Izvorni jezik Dekameron je talijanski jezik.	Izvorni jezik Dekameron je 	 Izvorni jezik Dekamerona je talijanski.	Izvorni jezik Dekamerona je talijanski.	 Izvorni jezik Dekamerona je 	talijanski	Izvorni jezik Dekamerona je 	talijanski	Italian|||talijanski|||italijanski|||tal.|||it
Q732063	Cheers	"Kafić ""Uzdravlje"""	Q1860	English	engleski jezik	The original language of Cheers is English .	"Izvorni jezik Kafić ""Uzdravlje"" je engleski jezik."	"Izvorni jezik Kafić ""Uzdravlje"" je "	 Izvorni jezik Cheersa je engleski.	"Izvorni jezik Kafića ""Uzdravlje"" je engleski."	 Izvorni jezik Cheersa je 	engleski	"Izvorni jezik Kafića ""Uzdravlje"" je "	engleski	English|||engleski
Q276415	A Cinderella Story	Pepeljuga	Q1860	English	engleski jezik	The original language of A Cinderella Story is English .	Izvorni jezik Pepeljuga je engleski jezik.	Izvorni jezik Pepeljuga je 	 Izvorni jezik Priče o Pepeljugi je engleski.	Izvorni jezik Pepeljuge je engleski.	 Izvorni jezik Priče o Pepeljugi je 	engleski	Izvorni jezik Pepeljuge je 	engleski	English|||engleski
Q466186	A Fish Called Wanda	Riba zvana Wanda	Q1860	English	engleski jezik	The original language of A Fish Called Wanda is English .	Izvorni jezik Riba zvana Wanda je engleski jezik.	Izvorni jezik Riba zvana Wanda je 	 Izvorni jezik romana Riba zvana Wanda je engleski.	Izvorni jezik Riba zvana Wanda je engleski.	 Izvorni jezik romana Riba zvana Wanda je 	engleski	Izvorni jezik Riba zvana Wanda je 	engleski	English|||engleski
Q721140	Pitchfork	Pitchfork Media	Q1860	English	engleski jezik	The original language of Pitchfork is English .	Izvorni jezik Pitchfork Media je engleski jezik.	Izvorni jezik Pitchfork Media je 	 Izvorni jezik Pitchforka je engleski.	Izvorni jezik Pitchfork Medije je engleski.	 Izvorni jezik Pitchforka je 	engleski	Izvorni jezik Pitchfork Medije je 	engleski	English|||engleski
Q466101	La Haine	Mržnja (1995.)	Q150	French	francuski jezik	The original language of La Haine is French .	Izvorni jezik Mržnja (1995.) je francuski jezik.	Izvorni jezik Mržnja (1995.) je 	 Izvorni jezik La Hainea je francuski.	Izvorni jezik Mržnje (1995.) je francuski.	 Izvorni jezik La Hainea je 	francuski	Izvorni jezik Mržnje (1995.) je 	francuski	French|||francuski|||fr|||franc.|||fr.
Q189509	The Jungle Book	Knjiga o džungli	Q1860	English	engleski jezik	The original language of The Jungle Book is English .	Izvorni jezik Knjiga o džungli je engleski jezik.	Izvorni jezik Knjiga o džungli je 	 Izvorni jezik Knjige o džungli je engleski.	Izvorni jezik Knjige o džungli je engleski.	 Izvorni jezik Knjige o džungli je 	engleski	Izvorni jezik Knjige o džungli je 	engleski	English|||engleski
Q47703	The Godfather	Kum	Q1860	English	engleski jezik	The original language of The Godfather is English .	Izvorni jezik Kum je engleski jezik.	Izvorni jezik Kum je 	 Izvorni jezik filma Kum je engleski.	Izvorni jezik KUMA je engleski.	 Izvorni jezik filma Kum je 	engleski	Izvorni jezik KUMA je 	engleski	English|||engleski
Q191949	Brave New World	Vrli novi svijet	Q1860	English	engleski jezik	The original language of Brave New World is English .	Izvorni jezik Vrli novi svijet je engleski jezik.	Izvorni jezik Vrli novi svijet je 	 Izvorni jezik serije Brave New World je engleski.	Izvorni jezik Vrlog novog svijeta je engleski.	 Izvorni jezik serije Brave New World je 	engleski	Izvorni jezik Vrlog novog svijeta je 	engleski	English|||engleski
Q352431	Adaptation	Adaptacija (2002.)	Q1860	English	engleski jezik	The original language of Adaptation is English .	Izvorni jezik Adaptacija (2002.) je engleski jezik.	Izvorni jezik Adaptacija (2002.) je 	 Izvorni jezik Adaptacije je engleski.	Izvorni jezik Adaptacije je engleski.	 Izvorni jezik Adaptacije je 	engleski	Izvorni jezik Adaptacije je 	engleski	English|||engleski
Q41483	The Good, the Bad and the Ugly	Dobar, loš	Q652	Italian	talijanski jezik	The original language of The Good, the Bad and the Ugly is Italian .	Izvorni jezik Dobar, loš je talijanski jezik.	Izvorni jezik Dobar, loš je 	" Izvorni jezik romana ""Dobar, loš, zao"" je talijanski."	Izvorni jezik Dobrog, lošeg i ružnog je talijanski.	" Izvorni jezik romana ""Dobar, loš, zao"" je "	talijanski	Izvorni jezik Dobrog, lošeg i ružnog je 	talijanski	Italian|||talijanski|||italijanski|||tal.|||it
Q555687	The Man Who Shot Liberty Valance	Čovjek koji je ubio Libertyja Valancea	Q1860	English	engleski jezik	The original language of The Man Who Shot Liberty Valance is English .	Izvorni jezik Čovjek koji je ubio Libertyja Valancea je engleski jezik.	Izvorni jezik Čovjek koji je ubio Libertyja Valancea je 	Izvorni jezik filma Čovjek koji je upucao Libertyja Valancea je engleski.	Izvorni jezik Čovjeka koji je ubio Libertyja Valancea je engleski.	Izvorni jezik filma Čovjek koji je upucao Libertyja Valancea je 	engleski	Izvorni jezik Čovjeka koji je ubio Libertyja Valancea je 	engleski	English|||engleski
Q1880621	L'Arianna	L'Arianna	Q652	Italian	talijanski jezik	The original language of L'Arianna is Italian .	Izvorni jezik L'Arianna je talijanski jezik.	Izvorni jezik L'Arianna je 	 Izvorni jezik L'Arianne je talijanski.	Izvorni jezik L'Arianne je talijanski.	 Izvorni jezik L'Arianne je 	talijanski	Izvorni jezik L'Arianne je 	talijanski	Italian|||talijanski|||italijanski|||tal.|||it
