sub_uri	en_sub_label	sub_label	obj_uri	en_obj_label	obj_label	en_template	template	template_prompt	gt_translation	chatgpt_translation	gt_prompt	gt_infl_object	chatgpt_prompt	chatgpt_infl_object	aliases
Q7251	Alan Turing	Alan Turing	Q8078	logic	logika	Alan Turing works in the field of logic .	Alan Turing djeluje u polju logika.	Alan Turing djeluje u polju 	 Alan Turing radi na području logike.	Alan Turing radi na području logike.	 Alan Turing radi na području 	logike	Alan Turing radi na području 	logike	logic
Q619	Nicolaus Copernicus	Nikola Kopernik	Q395	mathematics	matematika	Nicolaus Copernicus works in the field of mathematics .	Nikola Kopernik djeluje u polju matematika.	Nikola Kopernik djeluje u polju 	 Nikola Kopernik djeluje na području matematike.	Nikola Kopernik radi na području matematike.	 Nikola Kopernik djeluje na području 	matematike	Nikola Kopernik radi na području 	matematike	mathematics
Q11359	Aryabhata	Aryabhata	Q333	astronomy	astronomija	Aryabhata works in the field of astronomy .	Aryabhata djeluje u polju astronomija.	Aryabhata djeluje u polju 	 Aryabhata radi na području astronomije.	Aryabhata radi na području astronomije.	 Aryabhata radi na području 	astronomije	Aryabhata radi na području 	astronomije	astronomy
Q83041	Anaxagoras	Anaksagora	Q5891	philosophy	filozofija	Anaxagoras works in the field of philosophy .	Anaksagora djeluje u polju filozofija.	Anaksagora djeluje u polju 	 Anaksagora djeluje na području filozofije.	Anaksagora radi na području filozofije.	 Anaksagora djeluje na području 	filozofije	Anaksagora radi na području 	filozofije	philosophy
Q71031	Robert Bunsen	Robert Wilhelm Bunsen	Q2329	chemistry	kemija	Robert Bunsen works in the field of chemistry .	Robert Wilhelm Bunsen djeluje u polju kemija.	Robert Wilhelm Bunsen djeluje u polju 	 Robert Bunsen radi u području kemije.	Robert Wilhelm Bunsen radi na području kemije.	 Robert Bunsen radi u području 	kemije	Robert Wilhelm Bunsen radi na području 	kemije	chemistry
Q4119	Adam Carolla	Adam Carolla	Q245068	comedian	komičar	Adam Carolla works in the field of comedian .	Adam Carolla djeluje u polju komičar.	Adam Carolla djeluje u polju 	 Adam Carolla radi u području komičarstva.	Adam Carolla radi na području komičara.	ERROR	ERROR	Adam Carolla radi na području 	komičara	comedian
Q311276	Paul Broca	Paul Broca	Q23404	anthropology	antropologija	Paul Broca works in the field of anthropology .	Paul Broca djeluje u polju antropologija.	Paul Broca djeluje u polju 	 Paul Broca radi na području antropologije.	Paul Broca radi na području antropologije.	 Paul Broca radi na području 	antropologije	Paul Broca radi na području 	antropologije	anthropology
Q331853	Benjamin Lee Whorf	Benjamin Lee Whorf	Q8162	linguistics	Jezikoslovlje	Benjamin Lee Whorf works in the field of linguistics .	Benjamin Lee Whorf djeluje u polju Jezikoslovlje.	Benjamin Lee Whorf djeluje u polju 	 Benjamin Lee Whorf radi u području lingvistike.	Benjamin Lee Whorf radi na području jezikoslovlja.	ERROR	ERROR	Benjamin Lee Whorf radi na području 	jezikoslovlja	linguistics|||lingvistika
Q193116	Khaled Hosseini	Khaled Hosseini	Q889	Afghanistan	Afganistan	Khaled Hosseini works in the field of Afghanistan .	Khaled Hosseini djeluje u polju Afganistan.	Khaled Hosseini djeluje u polju 	 Khaled Hosseini radi na terenu u Afganistanu.	Khaled Hosseini radi na području Afganistana.	 Khaled Hosseini radi na terenu u 	Afganistanu	Khaled Hosseini radi na području 	Afganistana	Afghanistan
Q186497	Willis Lamb	Willis Eugene Lamb	Q413	physics	fizika	Willis Lamb works in the field of physics .	Willis Eugene Lamb djeluje u polju fizika.	Willis Eugene Lamb djeluje u polju 	 Willis Lamb radi u području fizike.	Willis Eugene Lamb radi na području fizike.	 Willis Lamb radi u području 	fizike	Willis Eugene Lamb radi na području 	fizike	physics
Q8739	Archimedes	Arhimed	Q8087	geometry	Geometrija	Archimedes works in the field of geometry .	Arhimed djeluje u polju Geometrija.	Arhimed djeluje u polju 	 Arhimed djeluje na području geometrije.	Arhimed radi na području geometrije.	 Arhimed djeluje na području 	geometrije	Arhimed radi na području 	geometrije	geometry
Q179132	speleology	Speleologija	Q35509	cave	špilja	speleology works in the field of cave .	Speleologija djeluje u polju špilja.	Speleologija djeluje u polju 	 Speleološki radovi u području špiljarstva.	Speleologija radi na području špilje.	ERROR	ERROR	Speleologija radi na području 	špilje	cave|||spilje|||pećina|||špilje|||spilja
Q83041	Anaxagoras	Anaksagora	Q333	astronomy	astronomija	Anaxagoras works in the field of astronomy .	Anaksagora djeluje u polju astronomija.	Anaksagora djeluje u polju 	 Anaksagora radi na području astronomije.	Anaksagora radi na području astronomije.	 Anaksagora radi na području 	astronomije	Anaksagora radi na području 	astronomije	astronomy
Q37577	John Calvin	Jean Calvin	Q34178	theology	Bogoslovlje	John Calvin works in the field of theology .	Jean Calvin djeluje u polju Bogoslovlje.	Jean Calvin djeluje u polju 	 John Calvin djeluje na području teologije.	Jean Calvin radi na području bogoslovlja.	ERROR	ERROR	Jean Calvin radi na području 	bogoslovlja	theology|||teologija|||bogoslov|||teolog
Q39599	Christiaan Huygens	Christiaan Huygens	Q413	physics	fizika	Christiaan Huygens works in the field of physics .	Christiaan Huygens djeluje u polju fizika.	Christiaan Huygens djeluje u polju 	 Christiaan Huygens radi u području fizike.	Christiaan Huygens radi na području fizike.	 Christiaan Huygens radi u području 	fizike	Christiaan Huygens radi na području 	fizike	physics
Q2621452	Charles F. Hockett	Charles F. Hockett	Q8162	linguistics	Jezikoslovlje	Charles F. Hockett works in the field of linguistics .	Charles F. Hockett djeluje u polju Jezikoslovlje.	Charles F. Hockett djeluje u polju 	 Charles F. Hockett radi na području lingvistike.	Charles F. Hockett radi na području jezikoslovlja.	ERROR	ERROR	Charles F. Hockett radi na području 	jezikoslovlja	linguistics|||lingvistika
Q41585	David Hilbert	David Hilbert	Q8087	geometry	Geometrija	David Hilbert works in the field of geometry .	David Hilbert djeluje u polju Geometrija.	David Hilbert djeluje u polju 	 David Hilbert radi na području geometrije.	David Hilbert radi na području geometrije.	 David Hilbert radi na području 	geometrije	David Hilbert radi na području 	geometrije	geometry
Q1511	Richard Wagner	Richard Wagner	Q1344	opera	Opera	Richard Wagner works in the field of opera .	Richard Wagner djeluje u polju Opera.	Richard Wagner djeluje u polju 	 Richard Wagner djeluje u području opere.	Richard Wagner radi na području opere.	 Richard Wagner djeluje u području 	opere	Richard Wagner radi na području 	opere	opera
Q8747	Euclid	Euklid	Q8087	geometry	Geometrija	Euclid works in the field of geometry .	Euklid djeluje u polju Geometrija.	Euklid djeluje u polju 	 Euklid radi na području geometrije.	Euklid radi na području geometrije.	 Euklid radi na području 	geometrije	Euklid radi na području 	geometrije	geometry
Q9387	Max Weber	Max Weber	Q21201	sociology	Sociologija	Max Weber works in the field of sociology .	Max Weber djeluje u polju Sociologija.	Max Weber djeluje u polju 	Max Weber radi u području sociologije.	Max Weber radi na području sociologije.	Max Weber radi u području 	sociologije	Max Weber radi na području 	sociologije	sociology
Q58632	Hans Eysenck	Hans Eysenck	Q9418	psychology	Psihologija	Hans Eysenck works in the field of psychology .	Hans Eysenck djeluje u polju Psihologija.	Hans Eysenck djeluje u polju 	 Hans Eysenck radi u području psihologije.	Hans Eysenck radi na području psihologije.	 Hans Eysenck radi u području 	psihologije	Hans Eysenck radi na području 	psihologije	psychology
Q155790	Eugene Wigner	Eugene Wigner	Q413	physics	fizika	Eugene Wigner works in the field of physics .	Eugene Wigner djeluje u polju fizika.	Eugene Wigner djeluje u polju 	 Eugene Wigner radi u području fizike.	Eugene Wigner radi na području fizike.	 Eugene Wigner radi u području 	fizike	Eugene Wigner radi na području 	fizike	physics
Q62409	Franz Reuleaux	Franz Reuleaux	Q41217	mechanics	mehanika	Franz Reuleaux works in the field of mechanics .	Franz Reuleaux djeluje u polju mehanika.	Franz Reuleaux djeluje u polju 	 Franz Reuleaux radi u području mehanike.	Franz Reuleaux radi na području mehanike.	 Franz Reuleaux radi u području 	mehanike	Franz Reuleaux radi na području 	mehanike	mechanics
Q183397	Fred Hoyle	Fred Hoyle	Q333	astronomy	astronomija	Fred Hoyle works in the field of astronomy .	Fred Hoyle djeluje u polju astronomija.	Fred Hoyle djeluje u polju 	 Fred Hoyle radi na području astronomije.	Fred Hoyle radi na području astronomije.	 Fred Hoyle radi na području 	astronomije	Fred Hoyle radi na području 	astronomije	astronomy
Q8778	Galen	Galen	Q514	anatomy	Anatomija	Galen works in the field of anatomy .	Galen djeluje u polju Anatomija.	Galen djeluje u polju 	 Galen radi na području anatomije.	Galen radi na području anatomije.	 Galen radi na području 	anatomije	Galen radi na području 	anatomije	anatomy
Q93128	William Harvey	William Harvey	Q521	physiology	Fiziologija	William Harvey works in the field of physiology .	William Harvey djeluje u polju Fiziologija.	William Harvey djeluje u polju 	 William Harvey radi na području fiziologije.	William Harvey radi na području fiziologije.	 William Harvey radi na području 	fiziologije	William Harvey radi na području 	fiziologije	physiology
Q295516	Joseph Campbell	Joseph Campbell	Q9134	mythology	mitologija	Joseph Campbell works in the field of mythology .	Joseph Campbell djeluje u polju mitologija.	Joseph Campbell djeluje u polju 	 Joseph Campbell radi na području mitologije.	Joseph Campbell radi na području mitologije.	 Joseph Campbell radi na području 	mitologije	Joseph Campbell radi na području 	mitologije	mythology
Q4612907	LGBT social movements	LGBT-ovski društveni pokreti	Q17884	LGBT	LGBT	LGBT social movements works in the field of LGBT .	LGBT-ovski društveni pokreti djeluje u polju LGBT.	LGBT-ovski društveni pokreti djeluje u polju 	 LGBT društveni pokreti djeluju na području LGBT-a.	LGBT-ovski društveni pokreti rade na području LGBT-a.	 LGBT društveni pokreti djeluju na području 	LGBT-a	LGBT-ovski društveni pokreti rade na području 	LGBT-a	LGBTQ
Q133682	Howard Carter	Howard Carter	Q23498	archaeology	Arheologija	Howard Carter works in the field of archaeology .	Howard Carter djeluje u polju Arheologija.	Howard Carter djeluje u polju 	 Howard Carter radi u području arheologije.	Howard Carter radi na području arheologije.	 Howard Carter radi u području 	arheologije	Howard Carter radi na području 	arheologije	archaeology|||Arheolozi
Q57106	Heinrich Schliemann	Heinrich Schliemann	Q23498	archaeology	Arheologija	Heinrich Schliemann works in the field of archaeology .	Heinrich Schliemann djeluje u polju Arheologija.	Heinrich Schliemann djeluje u polju 	 Heinrich Schliemann radi na području arheologije.	Heinrich Schliemann radi na području arheologije.	 Heinrich Schliemann radi na području 	arheologije	Heinrich Schliemann radi na području 	arheologije	archaeology|||Arheolozi
Q208230	Claude Bernard	Claude Bernard	Q521	physiology	Fiziologija	Claude Bernard works in the field of physiology .	Claude Bernard djeluje u polju Fiziologija.	Claude Bernard djeluje u polju 	 Claude Bernard radi u području fiziologije.	Claude Bernard radi na području fiziologije.	 Claude Bernard radi u području 	fiziologije	Claude Bernard radi na području 	fiziologije	physiology
Q77242	Theodor Billroth	Theodor Billroth	Q40821	surgery	Kirurgija	Theodor Billroth works in the field of surgery .	Theodor Billroth djeluje u polju Kirurgija.	Theodor Billroth djeluje u polju 	 Theodor Billroth radi u području kirurgije.	Theodor Billroth radi na području kirurgije.	 Theodor Billroth radi u području 	kirurgije	Theodor Billroth radi na području 	kirurgije	surgery
Q935	Isaac Newton	Isaac Newton	Q395	mathematics	matematika	Isaac Newton works in the field of mathematics .	Isaac Newton djeluje u polju matematika.	Isaac Newton djeluje u polju 	 Isaac Newton radi na području matematike.	Isaac Newton radi na području matematike.	 Isaac Newton radi na području 	matematike	Isaac Newton radi na području 	matematike	mathematics
Q16571	Justus von Liebig	Justus von Liebig	Q2329	chemistry	kemija	Justus von Liebig works in the field of chemistry .	Justus von Liebig djeluje u polju kemija.	Justus von Liebig djeluje u polju 	 Justus von Liebig radi na području kemije.	Justus von Liebig radi na području kemije.	 Justus von Liebig radi na području 	kemije	Justus von Liebig radi na području 	kemije	chemistry
Q232024	John James Rickard Macleod	John James Rickard Macleod	Q521	physiology	Fiziologija	John James Rickard Macleod works in the field of physiology .	John James Rickard Macleod djeluje u polju Fiziologija.	John James Rickard Macleod djeluje u polju 	 John James Rickard Macleod radi u području fiziologije.	John James Rickard Macleod radi na području fiziologije.	 John James Rickard Macleod radi u području 	fiziologije	John James Rickard Macleod radi na području 	fiziologije	physiology
Q180350	Frederick Banting	Frederick Banting	Q521	physiology	Fiziologija	Frederick Banting works in the field of physiology .	Frederick Banting djeluje u polju Fiziologija.	Frederick Banting djeluje u polju 	 Frederick Banting radi na području fiziologije.	Frederick Banting radi na području fiziologije.	 Frederick Banting radi na području 	fiziologije	Frederick Banting radi na području 	fiziologije	physiology
Q9061	Karl Marx	Karl Marx	Q21201	sociology	Sociologija	Karl Marx works in the field of sociology .	Karl Marx djeluje u polju Sociologija.	Karl Marx djeluje u polju 	 Karl Marx djeluje u području sociologije.	Karl Marx radi na području sociologije.	 Karl Marx djeluje u području 	sociologije	Karl Marx radi na području 	sociologije	sociology
Q9381	Adam Smith	Adam Smith	Q8134	economics	ekonomija	Adam Smith works in the field of economics .	Adam Smith djeluje u polju ekonomija.	Adam Smith djeluje u polju 	Adam Smith radi u području ekonomije.	Adam Smith radi na području ekonomije.	Adam Smith radi u području 	ekonomije	Adam Smith radi na području 	ekonomije	economics
Q47913	intelligence agency	Tajna služba	Q165950	espionage	Špijunaža	intelligence agency works in the field of espionage .	Tajna služba djeluje u polju Špijunaža.	Tajna služba djeluje u polju 	 obavještajna agencija radi na području špijunaže.	Tajna služba radi na području špijunaže.	 obavještajna agencija radi na području 	špijunaže	Tajna služba radi na području 	špijunaže	espionage
Q155794	Hans Bethe	Hans Albrecht Bethe	Q413	physics	fizika	Hans Bethe works in the field of physics .	Hans Albrecht Bethe djeluje u polju fizika.	Hans Albrecht Bethe djeluje u polju 	 Hans Bethe radi u području fizike.	Hans Albrecht Bethe radi na području fizike.	 Hans Bethe radi u području 	fizike	Hans Albrecht Bethe radi na području 	fizike	physics
Q192519	Jack Ruby	Jack Ruby	Q622425	nightclub	noćni klub	Jack Ruby works in the field of nightclub .	Jack Ruby djeluje u polju noćni klub.	Jack Ruby djeluje u polju 	 Jack Ruby radi u području noćnih klubova.	Jack Ruby radi na području noćnog kluba.	 Jack Ruby radi u području 	noćnih klubova	Jack Ruby radi na području 	noćnog kluba	nightclub
Q188929	Arthur Evans	Arthur Evans	Q23498	archaeology	Arheologija	Arthur Evans works in the field of archaeology .	Arthur Evans djeluje u polju Arheologija.	Arthur Evans djeluje u polju 	 Arthur Evans radi u području arheologije.	Arthur Evans radi na području arheologije.	 Arthur Evans radi u području 	arheologije	Arthur Evans radi na području 	arheologije	archaeology|||Arheolozi
Q163920	Adonis	Adonis	Q36963	hunting	lov	Adonis works in the field of hunting .	Adonis djeluje u polju lov.	Adonis djeluje u polju 	 Adonis radi u području lova.	Adonis radi na području lova.	 Adonis radi u području 	lova	Adonis radi na području 	lova	hunting|||lovci
Q130975	Robert A. Millikan	Robert Andrews Millikan	Q413	physics	fizika	Robert A. Millikan works in the field of physics .	Robert Andrews Millikan djeluje u polju fizika.	Robert Andrews Millikan djeluje u polju 	 Robert A. Millikan radi u području fizike.	Robert Andrews Millikan radi na području fizike.	 Robert A. Millikan radi u području 	fizike	Robert Andrews Millikan radi na području 	fizike	physics
Q172118	Percy Williams Bridgman	Percy Williams Bridgman	Q413	physics	fizika	Percy Williams Bridgman works in the field of physics .	Percy Williams Bridgman djeluje u polju fizika.	Percy Williams Bridgman djeluje u polju 	 Percy Williams Bridgman radi u području fizike.	Percy Williams Bridgman radi na području fizike.	 Percy Williams Bridgman radi u području 	fizike	Percy Williams Bridgman radi na području 	fizike	physics
Q184530	Gerolamo Cardano	Girolamo Cardano	Q395	mathematics	matematika	Gerolamo Cardano works in the field of mathematics .	Girolamo Cardano djeluje u polju matematika.	Girolamo Cardano djeluje u polju 	 Gerolamo Cardano radi na području matematike.	Girolamo Cardano radi na području matematike.	 Gerolamo Cardano radi na području 	matematike	Girolamo Cardano radi na području 	matematike	mathematics
Q9387	Max Weber	Max Weber	Q8134	economics	ekonomija	Max Weber works in the field of economics .	Max Weber djeluje u polju ekonomija.	Max Weber djeluje u polju 	 Max Weber radi u području ekonomije.	Max Weber radi na području ekonomije.	 Max Weber radi u području 	ekonomije	Max Weber radi na području 	ekonomije	economics
Q29573	Mildred Dresselhaus	Mildred Dresselhaus	Q413	physics	fizika	Mildred Dresselhaus works in the field of physics .	Mildred Dresselhaus djeluje u polju fizika.	Mildred Dresselhaus djeluje u polju 	 Mildred Dresselhaus radi u području fizike.	Mildred Dresselhaus radi na području fizike.	 Mildred Dresselhaus radi u području 	fizike	Mildred Dresselhaus radi na području 	fizike	physics
Q8750	Michael Faraday	Michael Faraday	Q2329	chemistry	kemija	Michael Faraday works in the field of chemistry .	Michael Faraday djeluje u polju kemija.	Michael Faraday djeluje u polju 	 Michael Faraday radi u području kemije.	Michael Faraday radi na području kemije.	 Michael Faraday radi u području 	kemije	Michael Faraday radi na području 	kemije	chemistry
Q44703	ornithology	Ornitologija	Q5113	bird	ptice	ornithology works in the field of bird .	Ornitologija djeluje u polju ptice.	Ornitologija djeluje u polju 	 ornitologija se bavi proučavanjem ptica.	Ornitologija radi na području ptica.	 ornitologija se bavi proučavanjem 	ptica	Ornitologija radi na području 	ptica	bird|||ptica
Q6353	Gerardus Mercator	Gerardus Mercator	Q1071	geography	geografija	Gerardus Mercator works in the field of geography .	Gerardus Mercator djeluje u polju geografija.	Gerardus Mercator djeluje u polju 	 Gerardus Mercator radi na području geografije.	Gerardus Mercator radi na području geografije.	 Gerardus Mercator radi na području 	geografije	Gerardus Mercator radi na području 	geografije	geography|||zemljopis
Q214544	Bonaventura Cavalieri	Bonaventura Cavalieri	Q395	mathematics	matematika	Bonaventura Cavalieri works in the field of mathematics .	Bonaventura Cavalieri djeluje u polju matematika.	Bonaventura Cavalieri djeluje u polju 	 Bonaventura Cavalieri radi na području matematike.	Bonaventura Cavalieri radi na području matematike.	 Bonaventura Cavalieri radi na području 	matematike	Bonaventura Cavalieri radi na području 	matematike	mathematics
Q307	Galileo Galilei	Galileo Galilei	Q395	mathematics	matematika	Galileo Galilei works in the field of mathematics .	Galileo Galilei djeluje u polju matematika.	Galileo Galilei djeluje u polju 	 Galileo Galilei radio je na području matematike.	Galileo Galilei radi na području matematike.	 Galileo Galilei radio je na području 	matematike	Galileo Galilei radi na području 	matematike	mathematics
Q11903	Hypatia	Hipatija	Q395	mathematics	matematika	Hypatia works in the field of mathematics .	Hipatija djeluje u polju matematika.	Hipatija djeluje u polju 	 Hipatija radi u području matematike.	Hipatija radi na području matematike.	 Hipatija radi u području 	matematike	Hipatija radi na području 	matematike	mathematics
Q314471	Erving Goffman	Erving Goffman	Q21201	sociology	Sociologija	Erving Goffman works in the field of sociology .	Erving Goffman djeluje u polju Sociologija.	Erving Goffman djeluje u polju 	 Erving Goffman radi u području sociologije.	Erving Goffman radi na području sociologije.	 Erving Goffman radi u području 	sociologije	Erving Goffman radi na području 	sociologije	sociology
Q1035	Charles Darwin	Charles Darwin	Q1069	geology	geologija	Charles Darwin works in the field of geology .	Charles Darwin djeluje u polju geologija.	Charles Darwin djeluje u polju 	Charles Darwin radi na području geologije.	Charles Darwin radi na području geologije.	Charles Darwin radi na području 	geologije	Charles Darwin radi na području 	geologije	geology
Q185914	Michael Servetus	Miguel Serveto	Q34178	theology	Bogoslovlje	Michael Servetus works in the field of theology .	Miguel Serveto djeluje u polju Bogoslovlje.	Miguel Serveto djeluje u polju 	 Michael Servetus djeluje na području teologije.	Miguel Serveto radi na području bogoslovlja.	ERROR	ERROR	Miguel Serveto radi na području 	bogoslovlja	theology|||teologija|||bogoslov|||teolog
Q107450	Frank Wilczek	Frank Anthony Wilczek	Q413	physics	fizika	Frank Wilczek works in the field of physics .	Frank Anthony Wilczek djeluje u polju fizika.	Frank Anthony Wilczek djeluje u polju 	 Frank Wilczek radi u području fizike.	Frank Anthony Wilczek radi na području fizike.	 Frank Wilczek radi u području 	fizike	Frank Anthony Wilczek radi na području 	fizike	physics
Q66944	Jan Mikulicz-Radecki	Jan Mikulicz-Radecki	Q40821	surgery	Kirurgija	Jan Mikulicz-Radecki works in the field of surgery .	Jan Mikulicz-Radecki djeluje u polju Kirurgija.	Jan Mikulicz-Radecki djeluje u polju 	 Jan Mikulicz-Radecki radi u području kirurgije.	Jan Mikulicz-Radecki radi na području kirurgije.	 Jan Mikulicz-Radecki radi u području 	kirurgije	Jan Mikulicz-Radecki radi na području 	kirurgije	surgery
Q103591	Germaine Greer	Germaine Greer	Q7252	feminism	Feminizam	Germaine Greer works in the field of feminism .	Germaine Greer djeluje u polju Feminizam.	Germaine Greer djeluje u polju 	 Germaine Greer radi na području feminizma.	Germaine Greer radi na području feminizma.	 Germaine Greer radi na području 	feminizma	Germaine Greer radi na području 	feminizma	feminism
Q153224	Andrey Kolmogorov	Andrej Kolmogorov	Q42989	topology	Topologija	Andrey Kolmogorov works in the field of topology .	Andrej Kolmogorov djeluje u polju Topologija.	Andrej Kolmogorov djeluje u polju 	 Andrej Kolmogorov radi u području topologije.	Andrej Kolmogorov radi na području topologije.	 Andrej Kolmogorov radi u području 	topologije	Andrej Kolmogorov radi na području 	topologije	topology
Q43027	Edwin Hubble	Edwin Hubble	Q333	astronomy	astronomija	Edwin Hubble works in the field of astronomy .	Edwin Hubble djeluje u polju astronomija.	Edwin Hubble djeluje u polju 	 Edwin Hubble radi na području astronomije.	Edwin Hubble radi na području astronomije.	 Edwin Hubble radi na području 	astronomije	Edwin Hubble radi na području 	astronomije	astronomy
Q122999	Johann Heinrich Lambert	Johann Heinrich Lambert	Q413	physics	fizika	Johann Heinrich Lambert works in the field of physics .	Johann Heinrich Lambert djeluje u polju fizika.	Johann Heinrich Lambert djeluje u polju 	 Johann Heinrich Lambert radi na području fizike.	Johann Heinrich Lambert radi na području fizike.	 Johann Heinrich Lambert radi na području 	fizike	Johann Heinrich Lambert radi na području 	fizike	physics
Q935	Isaac Newton	Isaac Newton	Q413	physics	fizika	Isaac Newton works in the field of physics .	Isaac Newton djeluje u polju fizika.	Isaac Newton djeluje u polju 	 Isaac Newton radi na području fizike.	Isaac Newton radi na području fizike.	 Isaac Newton radi na području 	fizike	Isaac Newton radi na području 	fizike	physics
Q202943	Brahmagupta	Brahmagupta	Q395	mathematics	matematika	Brahmagupta works in the field of mathematics .	Brahmagupta djeluje u polju matematika.	Brahmagupta djeluje u polju 	 Brahmagupta radi na području matematike.	Brahmagupta radi na području matematike.	 Brahmagupta radi na području 	matematike	Brahmagupta radi na području 	matematike	mathematics
Q213563	Spacewatch	Spacewatch	Q3559	comet	komet	Spacewatch works in the field of comet .	Spacewatch djeluje u polju komet.	Spacewatch djeluje u polju 	 Spacewatch radi na području kometa.	Spacewatch radi na području kometa.	 Spacewatch radi na području 	kometa	Spacewatch radi na području 	kometa	comet
Q76857	Franz Boas	Franz Boas	Q23404	anthropology	antropologija	Franz Boas works in the field of anthropology .	Franz Boas djeluje u polju antropologija.	Franz Boas djeluje u polju 	 Franz Boas radi na području antropologije.	Franz Boas radi na području antropologije.	 Franz Boas radi na području 	antropologije	Franz Boas radi na području 	antropologije	anthropology
Q60698	Ludwig Klages	Ludwig Klages	Q9418	psychology	Psihologija	Ludwig Klages works in the field of psychology .	Ludwig Klages djeluje u polju Psihologija.	Ludwig Klages djeluje u polju 	 Ludwig Klages radi u području psihologije.	Ludwig Klages radi na području psihologije.	 Ludwig Klages radi u području 	psihologije	Ludwig Klages radi na području 	psihologije	psychology
Q57068	Wilhelm Wien	Wilhelm Wien	Q413	physics	fizika	Wilhelm Wien works in the field of physics .	Wilhelm Wien djeluje u polju fizika.	Wilhelm Wien djeluje u polju 	 Wilhelm Wien radi na području fizike.	Wilhelm Wien radi na području fizike.	 Wilhelm Wien radi na području 	fizike	Wilhelm Wien radi na području 	fizike	physics
Q46857	scientific method	znanstvena metoda	Q336	science	znanost	scientific method works in the field of science .	znanstvena metoda djeluje u polju znanost.	znanstvena metoda djeluje u polju 	 znanstvena metoda djeluje u području znanosti.	Znanstvena metoda radi na području znanosti.	 znanstvena metoda djeluje u području 	znanosti	Znanstvena metoda radi na području 	znanosti	science
Q189552	William Crookes	William Crookes	Q2329	chemistry	kemija	William Crookes works in the field of chemistry .	William Crookes djeluje u polju kemija.	William Crookes djeluje u polju 	 William Crookes radi na području kemije.	William Crookes radi na području kemije.	 William Crookes radi na području 	kemije	William Crookes radi na području 	kemije	chemistry
Q180619	Stephen Jay Gould	Stephen Jay Gould	Q1063	evolution	evolucija	Stephen Jay Gould works in the field of evolution .	Stephen Jay Gould djeluje u polju evolucija.	Stephen Jay Gould djeluje u polju 	 Stephen Jay Gould radi na području evolucije.	Stephen Jay Gould radi na području evolucije.	 Stephen Jay Gould radi na području 	evolucije	Stephen Jay Gould radi na području 	evolucije	evolution|||biološka evolucija
Q214473	Steve Biko	Steve Biko	Q11409	apartheid	Apartheid	Steve Biko works in the field of apartheid .	Steve Biko djeluje u polju Apartheid.	Steve Biko djeluje u polju 	 Steve Biko radi na području apartheida.	Steve Biko radi na području apartheida.	 Steve Biko radi na području 	apartheida	Steve Biko radi na području 	apartheida	apartheid
Q60554	August Kundt	August Kundt	Q413	physics	fizika	August Kundt works in the field of physics .	August Kundt djeluje u polju fizika.	August Kundt djeluje u polju 	 August Kundt radi u području fizike.	August Kundt radi na području fizike.	 August Kundt radi u području 	fizike	August Kundt radi na području 	fizike	physics
Q60024	Hermann von Helmholtz	Hermann von Helmholtz	Q9418	psychology	Psihologija	Hermann von Helmholtz works in the field of psychology .	Hermann von Helmholtz djeluje u polju Psihologija.	Hermann von Helmholtz djeluje u polju 	Hermann von Helmholtz radi u području psihologije.	Hermann von Helmholtz radi na području psihologije.	Hermann von Helmholtz radi u području 	psihologije	Hermann von Helmholtz radi na području 	psihologije	psychology
Q1035	Charles Darwin	Charles Darwin	Q420	biology	biologija	Charles Darwin works in the field of biology .	Charles Darwin djeluje u polju biologija.	Charles Darwin djeluje u polju 	 Charles Darwin radi na području biologije.	Charles Darwin radi na području biologije.	 Charles Darwin radi na području 	biologije	Charles Darwin radi na području 	biologije	biology
Q36620	Tycho Brahe	Tycho Brahe	Q333	astronomy	astronomija	Tycho Brahe works in the field of astronomy .	Tycho Brahe djeluje u polju astronomija.	Tycho Brahe djeluje u polju 	 Tycho Brahe djeluje na području astronomije.	Tycho Brahe radi na području astronomije.	 Tycho Brahe djeluje na području 	astronomije	Tycho Brahe radi na području 	astronomije	astronomy
Q50020	John Stuart Mill	John Stuart Mill	Q5891	philosophy	filozofija	John Stuart Mill works in the field of philosophy .	John Stuart Mill djeluje u polju filozofija.	John Stuart Mill djeluje u polju 	 John Stuart Mill djeluje na području filozofije.	John Stuart Mill radi na području filozofije.	 John Stuart Mill djeluje na području 	filozofije	John Stuart Mill radi na području 	filozofije	philosophy
Q7251	Alan Turing	Alan Turing	Q395	mathematics	matematika	Alan Turing works in the field of mathematics .	Alan Turing djeluje u polju matematika.	Alan Turing djeluje u polju 	 Alan Turing radi u području matematike.	Alan Turing radi na području matematike.	 Alan Turing radi u području 	matematike	Alan Turing radi na području 	matematike	mathematics
Q11031	Vilfredo Pareto	Vilfredo Pareto	Q21201	sociology	Sociologija	Vilfredo Pareto works in the field of sociology .	Vilfredo Pareto djeluje u polju Sociologija.	Vilfredo Pareto djeluje u polju 	 Vilfredo Pareto radi u području sociologije.	Vilfredo Pareto radi na području sociologije.	 Vilfredo Pareto radi u području 	sociologije	Vilfredo Pareto radi na području 	sociologije	sociology
Q134942	William Somerset Maugham	William Somerset Maugham	Q214917	playwright	dramski pisac	William Somerset Maugham works in the field of playwright .	William Somerset Maugham djeluje u polju dramski pisac.	William Somerset Maugham djeluje u polju 	 William Somerset Maugham radi kao dramatičar.	William Somerset Maugham radi na području dramskog pisca.	ERROR	ERROR	William Somerset Maugham radi na području 	dramskog pisca	playwright|||Dramatičar
Q7604	Leonhard Euler	Leonhard Euler	Q333	astronomy	astronomija	Leonhard Euler works in the field of astronomy .	Leonhard Euler djeluje u polju astronomija.	Leonhard Euler djeluje u polju 	 Leonhard Euler radi na području astronomije.	Leonhard Euler radi na području astronomije.	 Leonhard Euler radi na području 	astronomije	Leonhard Euler radi na području 	astronomije	astronomy
Q1964408	Nan Hoover	Nan Hoover	Q11633	photography	fotografija	Nan Hoover works in the field of photography .	Nan Hoover djeluje u polju fotografija.	Nan Hoover djeluje u polju 	 Nan Hoover radi u području fotografije.	Nan Hoover radi na području fotografije.	 Nan Hoover radi u području 	fotografije	Nan Hoover radi na području 	fotografije	photography
Q8753	Enrico Fermi	Enrico Fermi	Q413	physics	fizika	Enrico Fermi works in the field of physics .	Enrico Fermi djeluje u polju fizika.	Enrico Fermi djeluje u polju 	 Enrico Fermi radi u području fizike.	Enrico Fermi radi na području fizike.	 Enrico Fermi radi u području 	fizike	Enrico Fermi radi na području 	fizike	physics
Q307	Galileo Galilei	Galileo Galilei	Q5891	philosophy	filozofija	Galileo Galilei works in the field of philosophy .	Galileo Galilei djeluje u polju filozofija.	Galileo Galilei djeluje u polju 	 Galileo Galilei djeluje na području filozofije.	Galileo Galilei radi na području filozofije.	 Galileo Galilei djeluje na području 	filozofije	Galileo Galilei radi na području 	filozofije	philosophy
Q14279	Giovanni Domenico Cassini	Giovanni Domenico Cassini	Q333	astronomy	astronomija	Giovanni Domenico Cassini works in the field of astronomy .	Giovanni Domenico Cassini djeluje u polju astronomija.	Giovanni Domenico Cassini djeluje u polju 	 Giovanni Domenico Cassini radi na području astronomije.	Giovanni Domenico Cassini radi na području astronomije.	 Giovanni Domenico Cassini radi na području 	astronomije	Giovanni Domenico Cassini radi na području 	astronomije	astronomy
Q37970	Gregor Mendel	Gregor Mendel	Q7162	genetics	Genetika	Gregor Mendel works in the field of genetics .	Gregor Mendel djeluje u polju Genetika.	Gregor Mendel djeluje u polju 	 Gregor Mendel radi u području genetike.	Gregor Mendel radi na području genetike.	 Gregor Mendel radi u području 	genetike	Gregor Mendel radi na području 	genetike	genetics
Q400678	Ahmad Kasravi	Ahmad Kasravi	Q8162	linguistics	Jezikoslovlje	Ahmad Kasravi works in the field of linguistics .	Ahmad Kasravi djeluje u polju Jezikoslovlje.	Ahmad Kasravi djeluje u polju 	 Ahmad Kasravi radi u području lingvistike.	Ahmad Kasravi radi na području jezikoslovlja.	ERROR	ERROR	Ahmad Kasravi radi na području 	jezikoslovlja	linguistics|||lingvistika
Q1225	Bruce Springsteen	Bruce Springsteen	Q639669	musician	glazbenik	Bruce Springsteen works in the field of musician .	Bruce Springsteen djeluje u polju glazbenik.	Bruce Springsteen djeluje u polju 	 Bruce Springsteen radi u području glazbe.	Bruce Springsteen radi na području glazbenika.	ERROR	ERROR	Bruce Springsteen radi na području 	glazbenika	musician|||glazbenica|||muzičar|||muzičarka
Q36330	Giordano Bruno	Giordano Bruno	Q5891	philosophy	filozofija	Giordano Bruno works in the field of philosophy .	Giordano Bruno djeluje u polju filozofija.	Giordano Bruno djeluje u polju 	 Giordano Bruno djeluje na području filozofije.	Giordano Bruno radi na području filozofije.	 Giordano Bruno djeluje na području 	filozofije	Giordano Bruno radi na području 	filozofije	philosophy
Q5879	Johann Wolfgang von Goethe	Johann Wolfgang von Goethe	Q514	anatomy	Anatomija	Johann Wolfgang von Goethe works in the field of anatomy .	Johann Wolfgang von Goethe djeluje u polju Anatomija.	Johann Wolfgang von Goethe djeluje u polju 	 Johann Wolfgang von Goethe radi na području anatomije.	Johann Wolfgang von Goethe radi na području anatomije.	 Johann Wolfgang von Goethe radi na području 	anatomije	Johann Wolfgang von Goethe radi na području 	anatomije	anatomy
Q83428	Paracelsus	Paracelsus	Q11190	medicine	medicina	Paracelsus works in the field of medicine .	Paracelsus djeluje u polju medicina.	Paracelsus djeluje u polju 	 Paracelsus djeluje na području medicine.	Paracelsus radi na području medicine.	 Paracelsus djeluje na području 	medicine	Paracelsus radi na području 	medicine	medicine
Q7346	John Coltrane	John Coltrane	Q8341	jazz	Džez	John Coltrane works in the field of jazz .	John Coltrane djeluje u polju Džez.	John Coltrane djeluje u polju 	John Coltrane djeluje u području jazza.	John Coltrane radi na području džez.	ERROR	ERROR	John Coltrane radi na području 	džez	jazz
Q60024	Hermann von Helmholtz	Hermann von Helmholtz	Q413	physics	fizika	Hermann von Helmholtz works in the field of physics .	Hermann von Helmholtz djeluje u polju fizika.	Hermann von Helmholtz djeluje u polju 	 Hermann von Helmholtz radi na području fizike.	Hermann von Helmholtz radi na području fizike.	 Hermann von Helmholtz radi na području 	fizike	Hermann von Helmholtz radi na području 	fizike	physics
Q221395	air traffic control	Zračni promet	Q765633	aviation	Zrakoplovstvo	air traffic control works in the field of aviation .	Zračni promet djeluje u polju Zrakoplovstvo.	Zračni promet djeluje u polju 	 poslovi kontrole zračnog prometa u području zrakoplovstva.	Zračni promet radi na području zrakoplovstva.	 poslovi kontrole zračnog prometa u području 	zrakoplovstva	Zračni promet radi na području 	zrakoplovstva	aviation
Q8778	Galen	Galen	Q11190	medicine	medicina	Galen works in the field of medicine .	Galen djeluje u polju medicina.	Galen djeluje u polju 	 Galen radi u području medicine.	Galen radi na području medicine.	 Galen radi u području 	medicine	Galen radi na području 	medicine	medicine
Q208582	Akira Toriyama	Akira Toriyama	Q8274	manga	Manga	Akira Toriyama works in the field of manga .	Akira Toriyama djeluje u polju Manga.	Akira Toriyama djeluje u polju 	 Akira Toriyama radi u području mange.	Akira Toriyama radi na području mange.	 Akira Toriyama radi u području 	mange	Akira Toriyama radi na području 	mange	manga
Q60700	Robert Koldewey	Robert Koldewey	Q23498	archaeology	Arheologija	Robert Koldewey works in the field of archaeology .	Robert Koldewey djeluje u polju Arheologija.	Robert Koldewey djeluje u polju 	 Robert Koldewey radi u području arheologije.	Robert Koldewey radi na području arheologije.	 Robert Koldewey radi u području 	arheologije	Robert Koldewey radi na području 	arheologije	archaeology|||Arheolozi
Q41269	Henri Becquerel	Antoine Henri Becquerel	Q413	physics	fizika	Henri Becquerel works in the field of physics .	Antoine Henri Becquerel djeluje u polju fizika.	Antoine Henri Becquerel djeluje u polju 	 Henri Becquerel radi na području fizike.	Antoine Henri Becquerel radi na području fizike.	 Henri Becquerel radi na području 	fizike	Antoine Henri Becquerel radi na području 	fizike	physics
Q23357	Abraham Maslow	Abraham Maslow	Q9418	psychology	Psihologija	Abraham Maslow works in the field of psychology .	Abraham Maslow djeluje u polju Psihologija.	Abraham Maslow djeluje u polju 	 Abraham Maslow radi u području psihologije.	Abraham Maslow radi na području psihologije.	 Abraham Maslow radi u području 	psihologije	Abraham Maslow radi na području 	psihologije	psychology
Q529	Louis Pasteur	Louis Pasteur	Q2329	chemistry	kemija	Louis Pasteur works in the field of chemistry .	Louis Pasteur djeluje u polju kemija.	Louis Pasteur djeluje u polju 	 Louis Pasteur radi na području kemije.	Louis Pasteur radi na području kemije.	 Louis Pasteur radi na području 	kemije	Louis Pasteur radi na području 	kemije	chemistry
Q131733	Henry Cavendish	Henry Cavendish	Q413	physics	fizika	Henry Cavendish works in the field of physics .	Henry Cavendish djeluje u polju fizika.	Henry Cavendish djeluje u polju 	 Henry Cavendish radi na području fizike.	Henry Cavendish radi na području fizike.	 Henry Cavendish radi na području 	fizike	Henry Cavendish radi na području 	fizike	physics
Q383092	art school	Umjetnička škola	Q735	art	umjetnost	art school works in the field of art .	Umjetnička škola djeluje u polju umjetnost.	Umjetnička škola djeluje u polju 	 umjetnička škola radi na području umjetnosti.	Umjetnička škola radi na području umjetnosti.	 umjetnička škola radi na području 	umjetnosti	Umjetnička škola radi na području 	umjetnosti	art
Q3279442	Yi-Fu Tuan	Yi-Fu Tuan	Q1071	geography	geografija	Yi-Fu Tuan works in the field of geography .	Yi-Fu Tuan djeluje u polju geografija.	Yi-Fu Tuan djeluje u polju 	 Yi-Fu Tuan radi na području geografije.	Yi-Fu Tuan radi na području geografije.	 Yi-Fu Tuan radi na području 	geografije	Yi-Fu Tuan radi na području 	geografije	geography|||zemljopis
Q9061	Karl Marx	Karl Marx	Q8134	economics	ekonomija	Karl Marx works in the field of economics .	Karl Marx djeluje u polju ekonomija.	Karl Marx djeluje u polju 	 Karl Marx djeluje u području ekonomije.	Karl Marx radi na području ekonomije.	 Karl Marx djeluje u području 	ekonomije	Karl Marx radi na području 	ekonomije	economics
Q323320	Kip S. Thorne	Kip S. Thorne	Q413	physics	fizika	Kip S. Thorne works in the field of physics .	Kip S. Thorne djeluje u polju fizika.	Kip S. Thorne djeluje u polju 	 Kip S. Thorne radi u području fizike.	Kip S. Thorne radi na području fizike.	 Kip S. Thorne radi u području 	fizike	Kip S. Thorne radi na području 	fizike	physics
Q237142	Ulf von Euler	Ulf von Euler	Q521	physiology	Fiziologija	Ulf von Euler works in the field of physiology .	Ulf von Euler djeluje u polju Fiziologija.	Ulf von Euler djeluje u polju 	 Ulf von Euler radi na području fiziologije.	Ulf von Euler radi na području fiziologije.	 Ulf von Euler radi na području 	fiziologije	Ulf von Euler radi na području 	fiziologije	physiology
Q455430	Alexander Cunningham	Alexander Cunningham	Q23498	archaeology	Arheologija	Alexander Cunningham works in the field of archaeology .	Alexander Cunningham djeluje u polju Arheologija.	Alexander Cunningham djeluje u polju 	 Alexander Cunningham radi u području arheologije.	Alexander Cunningham radi na području arheologije.	 Alexander Cunningham radi u području 	arheologije	Alexander Cunningham radi na području 	arheologije	archaeology|||Arheolozi
Q307	Galileo Galilei	Galileo Galilei	Q333	astronomy	astronomija	Galileo Galilei works in the field of astronomy .	Galileo Galilei djeluje u polju astronomija.	Galileo Galilei djeluje u polju 	 Galileo Galilei radio je na području astronomije.	Galileo Galilei radi na području astronomije.	 Galileo Galilei radio je na području 	astronomije	Galileo Galilei radi na području 	astronomije	astronomy
Q129199	Nikolai Ivanovich Lobachevsky	Nikolaj Ivanovič Lobačevski	Q8087	geometry	Geometrija	Nikolai Ivanovich Lobachevsky works in the field of geometry .	Nikolaj Ivanovič Lobačevski djeluje u polju Geometrija.	Nikolaj Ivanovič Lobačevski djeluje u polju 	 Nikolaj Ivanovič Lobačevski radi na području geometrije.	Nikolaj Ivanovič Lobačevski radi na području geometrije.	 Nikolaj Ivanovič Lobačevski radi na području 	geometrije	Nikolaj Ivanovič Lobačevski radi na području 	geometrije	geometry
Q39599	Christiaan Huygens	Christiaan Huygens	Q395	mathematics	matematika	Christiaan Huygens works in the field of mathematics .	Christiaan Huygens djeluje u polju matematika.	Christiaan Huygens djeluje u polju 	Christiaan Huygens radi na području matematike.	Christiaan Huygens radi na području matematike.	Christiaan Huygens radi na području 	matematike	Christiaan Huygens radi na području 	matematike	mathematics
Q1038976	Carl Hovland	Carl Iver Hovland	Q9418	psychology	Psihologija	Carl Hovland works in the field of psychology .	Carl Iver Hovland djeluje u polju Psihologija.	Carl Iver Hovland djeluje u polju 	 Carl Hovland radi u području psihologije.	Carl Iver Hovland radi na području psihologije.	 Carl Hovland radi u području 	psihologije	Carl Iver Hovland radi na području 	psihologije	psychology
Q189210	web application	Mrežna aplikacija	Q35127	website	mrežno sjedište	web application works in the field of website .	Mrežna aplikacija djeluje u polju mrežno sjedište.	Mrežna aplikacija djeluje u polju 	 Web aplikacija radi u području web stranica.	Mrežna aplikacija radi na području mrežnog sjedišta.	ERROR	ERROR	Mrežna aplikacija radi na području 	mrežnog sjedišta	website|||web lokacija|||website
Q171195	Nagarjuna	Nagarđuna	Q748	Buddhism	Budizam	Nagarjuna works in the field of Buddhism .	Nagarđuna djeluje u polju Budizam.	Nagarđuna djeluje u polju 	 Nagarjuna djeluje na području budizma.	Nagarđuna radi na području budizma.	 Nagarjuna djeluje na području 	budizma	Nagarđuna radi na području 	budizma	Buddhism
Q318067	Michel Chasles	Michel Chasles	Q8087	geometry	Geometrija	Michel Chasles works in the field of geometry .	Michel Chasles djeluje u polju Geometrija.	Michel Chasles djeluje u polju 	 Michel Chasles radi na području geometrije.	Michel Chasles radi na području geometrije.	 Michel Chasles radi na području 	geometrije	Michel Chasles radi na području 	geometrije	geometry
Q11887	William Rowan Hamilton	William Rowan Hamilton	Q395	mathematics	matematika	William Rowan Hamilton works in the field of mathematics .	William Rowan Hamilton djeluje u polju matematika.	William Rowan Hamilton djeluje u polju 	 William Rowan Hamilton radi u području matematike.	William Rowan Hamilton radi na području matematike.	 William Rowan Hamilton radi u području 	matematike	William Rowan Hamilton radi na području 	matematike	mathematics
Q471179	Ranuccio Bianchi Bandinelli	Ranuccio Bianchi Bandinelli	Q23498	archaeology	Arheologija	Ranuccio Bianchi Bandinelli works in the field of archaeology .	Ranuccio Bianchi Bandinelli djeluje u polju Arheologija.	Ranuccio Bianchi Bandinelli djeluje u polju 	 Ranuccio Bianchi Bandinelli radi na području arheologije.	Ranuccio Bianchi Bandinelli radi na području arheologije.	 Ranuccio Bianchi Bandinelli radi na području 	arheologije	Ranuccio Bianchi Bandinelli radi na području 	arheologije	archaeology|||Arheolozi
Q679576	Massimo Pallottino	Massimo Pallottino	Q23498	archaeology	Arheologija	Massimo Pallottino works in the field of archaeology .	Massimo Pallottino djeluje u polju Arheologija.	Massimo Pallottino djeluje u polju 	 Massimo Pallottino radi u području arheologije.	Massimo Pallottino radi na području arheologije.	 Massimo Pallottino radi u području 	arheologije	Massimo Pallottino radi na području 	arheologije	archaeology|||Arheolozi
Q9123	Ernest Rutherford	Ernest Rutherford	Q413	physics	fizika	Ernest Rutherford works in the field of physics .	Ernest Rutherford djeluje u polju fizika.	Ernest Rutherford djeluje u polju 	 Ernest Rutherford radi u području fizike.	Ernest Rutherford radi na području fizike.	 Ernest Rutherford radi u području 	fizike	Ernest Rutherford radi na području 	fizike	physics
Q14277	William Herschel	William Herschel	Q333	astronomy	astronomija	William Herschel works in the field of astronomy .	William Herschel djeluje u polju astronomija.	William Herschel djeluje u polju 	 William Herschel radi na području astronomije.	William Herschel radi na području astronomije.	 William Herschel radi na području 	astronomije	William Herschel radi na području 	astronomije	astronomy
Q2831	Michael Jackson	Michael Jackson	Q639669	musician	glazbenik	Michael Jackson works in the field of musician .	Michael Jackson djeluje u polju glazbenik.	Michael Jackson djeluje u polju 	 Michael Jackson radi u području glazbe.	Michael Jackson radi na području glazbenika.	ERROR	ERROR	Michael Jackson radi na području 	glazbenika	musician|||glazbenica|||muzičar|||muzičarka
Q934774	James Hillman	James Hillman	Q9418	psychology	Psihologija	James Hillman works in the field of psychology .	James Hillman djeluje u polju Psihologija.	James Hillman djeluje u polju 	 James Hillman radi u području psihologije.	James Hillman radi na području psihologije.	 James Hillman radi u području 	psihologije	James Hillman radi na području 	psihologije	psychology
Q25320	Paul Langevin	Paul Langevin	Q413	physics	fizika	Paul Langevin works in the field of physics .	Paul Langevin djeluje u polju fizika.	Paul Langevin djeluje u polju 	 Paul Langevin radi u području fizike.	Paul Langevin radi na području fizike.	 Paul Langevin radi u području 	fizike	Paul Langevin radi na području 	fizike	physics
Q42985	Ivan Pavlov	Ivan Pavlov	Q521	physiology	Fiziologija	Ivan Pavlov works in the field of physiology .	Ivan Pavlov djeluje u polju Fiziologija.	Ivan Pavlov djeluje u polju 	 Ivan Pavlov radi u području fiziologije.	Ivan Pavlov radi na području fiziologije.	 Ivan Pavlov radi u području 	fiziologije	Ivan Pavlov radi na području 	fiziologije	physiology
Q140575	Zahi Hawass	Zahi Hawass	Q23498	archaeology	Arheologija	Zahi Hawass works in the field of archaeology .	Zahi Hawass djeluje u polju Arheologija.	Zahi Hawass djeluje u polju 	 Zahi Hawass radi u području arheologije.	Zahi Hawass radi na području arheologije.	 Zahi Hawass radi u području 	arheologije	Zahi Hawass radi na području 	arheologije	archaeology|||Arheolozi
Q299938	Halford Mackinder	Halford Mackinder	Q1071	geography	geografija	Halford Mackinder works in the field of geography .	Halford Mackinder djeluje u polju geografija.	Halford Mackinder djeluje u polju 	 Halford Mackinder radi na području geografije.	Halford Mackinder radi na području geografije.	 Halford Mackinder radi na području 	geografije	Halford Mackinder radi na području 	geografije	geography|||zemljopis
Q468890	Chen Shou	Chen Shou	Q309	history	povijest	Chen Shou works in the field of history .	Chen Shou djeluje u polju povijest.	Chen Shou djeluje u polju 	 Chen Shou radi na području povijesti.	Chen Shou radi na području povijesti.	 Chen Shou radi na području 	povijesti	Chen Shou radi na području 	povijesti	history
Q57246	Hermann Minkowski	Hermann Minkowski	Q8087	geometry	Geometrija	Hermann Minkowski works in the field of geometry .	Hermann Minkowski djeluje u polju Geometrija.	Hermann Minkowski djeluje u polju 	 Hermann Minkowski radi na području geometrije.	Hermann Minkowski radi na području geometrije.	 Hermann Minkowski radi na području 	geometrije	Hermann Minkowski radi na području 	geometrije	geometry
Q719711	Johann Weyer	Johann Weyer	Q39631	physician	liječnik	Johann Weyer works in the field of physician .	Johann Weyer djeluje u polju liječnik.	Johann Weyer djeluje u polju 	Johann Weyer radi u području medicine.	Johann Weyer radi na području liječnika.	ERROR	ERROR	Johann Weyer radi na području 	liječnika	physician|||doktor medicine|||liječnica
Q307	Galileo Galilei	Galileo Galilei	Q413	physics	fizika	Galileo Galilei works in the field of physics .	Galileo Galilei djeluje u polju fizika.	Galileo Galilei djeluje u polju 	 Galileo Galilei radi na području fizike.	Galileo Galilei radi na području fizike.	 Galileo Galilei radi na području 	fizike	Galileo Galilei radi na području 	fizike	physics
Q62897	John Cockcroft	John Cockcroft	Q413	physics	fizika	John Cockcroft works in the field of physics .	John Cockcroft djeluje u polju fizika.	John Cockcroft djeluje u polju 	 John Cockcroft radi u području fizike.	John Cockcroft radi na području fizike.	 John Cockcroft radi u području 	fizike	John Cockcroft radi na području 	fizike	physics
Q186465	Julian Schwinger	Julian Seymour Schwinger	Q413	physics	fizika	Julian Schwinger works in the field of physics .	Julian Seymour Schwinger djeluje u polju fizika.	Julian Seymour Schwinger djeluje u polju 	 Julian Schwinger radi u području fizike.	Julian Seymour Schwinger radi na području fizike.	 Julian Schwinger radi u području 	fizike	Julian Seymour Schwinger radi na području 	fizike	physics
Q76844	Ulrich Beck	Ulrich Beck	Q21201	sociology	Sociologija	Ulrich Beck works in the field of sociology .	Ulrich Beck djeluje u polju Sociologija.	Ulrich Beck djeluje u polju 	 Ulrich Beck radi u području sociologije.	Ulrich Beck radi na području sociologije.	 Ulrich Beck radi u području 	sociologije	Ulrich Beck radi na području 	sociologije	sociology
Q1237514	Domingo de Soto	Domingo de Soto	Q34178	theology	Bogoslovlje	Domingo de Soto works in the field of theology .	Domingo de Soto djeluje u polju Bogoslovlje.	Domingo de Soto djeluje u polju 	 Domingo de Soto radi na području teologije.	Domingo de Soto radi na području bogoslovlja.	ERROR	ERROR	Domingo de Soto radi na području 	bogoslovlja	theology|||teologija|||bogoslov|||teolog
Q523352	Louis Lucien Bonaparte	Louis Lucien Bonaparte	Q8162	linguistics	Jezikoslovlje	Louis Lucien Bonaparte works in the field of linguistics .	Louis Lucien Bonaparte djeluje u polju Jezikoslovlje.	Louis Lucien Bonaparte djeluje u polju 	 Louis Lucien Bonaparte radi na području lingvistike.	Louis Lucien Bonaparte radi na području jezikoslovlja.	ERROR	ERROR	Louis Lucien Bonaparte radi na području 	jezikoslovlja	linguistics|||lingvistika
Q471369	Pyotr Lebedev	Pjotr Nikolajevič Lebedev	Q413	physics	fizika	Pyotr Lebedev works in the field of physics .	Pjotr Nikolajevič Lebedev djeluje u polju fizika.	Pjotr Nikolajevič Lebedev djeluje u polju 	 Pjotr Lebedev radi u području fizike.	Pjotr Nikolajevič Lebedev radi na području fizike.	 Pjotr Lebedev radi u području 	fizike	Pjotr Nikolajevič Lebedev radi na području 	fizike	physics
Q80956	Svante August Arrhenius	Svante August Arrhenius	Q2329	chemistry	kemija	Svante August Arrhenius works in the field of chemistry .	Svante August Arrhenius djeluje u polju kemija.	Svante August Arrhenius djeluje u polju 	 Svante August Arrhenius radi na području kemije.	Svante August Arrhenius radi na području kemije.	 Svante August Arrhenius radi na području 	kemije	Svante August Arrhenius radi na području 	kemije	chemistry
Q122960	Rococo	Rokoko	Q12271	architecture	arhitektura	Rococo works in the field of architecture .	Rokoko djeluje u polju arhitektura.	Rokoko djeluje u polju 	 Rokoko djeluje u području arhitekture.	Rokoko radi na području arhitekture.	 Rokoko djeluje u području 	arhitekture	Rokoko radi na području 	arhitekture	architecture
Q3567687	millennialism	milenijalizam	Q34178	theology	Bogoslovlje	millennialism works in the field of theology .	milenijalizam djeluje u polju Bogoslovlje.	milenijalizam djeluje u polju 	 milenijalizam djeluje na području teologije.	Milenijalizam radi na području bogoslovlja.	ERROR	ERROR	Milenijalizam radi na području 	bogoslovlja	theology|||teologija|||bogoslov|||teolog
Q86070	Eberhard Hopf	Eberhard Hopf	Q42989	topology	Topologija	Eberhard Hopf works in the field of topology .	Eberhard Hopf djeluje u polju Topologija.	Eberhard Hopf djeluje u polju 	 Eberhard Hopf radi na području topologije.	Eberhard Hopf radi na području topologije.	 Eberhard Hopf radi na području 	topologije	Eberhard Hopf radi na području 	topologije	topology
Q217327	suicide attack	samoubilački terorizam	Q7283	terrorism	terorizam	suicide attack works in the field of terrorism .	samoubilački terorizam djeluje u polju terorizam.	samoubilački terorizam djeluje u polju 	 samoubilački napad djeluje u području terorizma.	Samoubilački terorizam radi na području terorizma.	 samoubilački napad djeluje u području 	terorizma	Samoubilački terorizam radi na području 	terorizma	terrorism
Q57128	Albrecht Kossel	Albrecht Kossel	Q521	physiology	Fiziologija	Albrecht Kossel works in the field of physiology .	Albrecht Kossel djeluje u polju Fiziologija.	Albrecht Kossel djeluje u polju 	 Albrecht Kossel radi na području fiziologije.	Albrecht Kossel radi na području fiziologije.	 Albrecht Kossel radi na području 	fiziologije	Albrecht Kossel radi na području 	fiziologije	physiology
Q9061	Karl Marx	Karl Marx	Q5891	philosophy	filozofija	Karl Marx works in the field of philosophy .	Karl Marx djeluje u polju filozofija.	Karl Marx djeluje u polju 	 Karl Marx djeluje na području filozofije.	Karl Marx radi na području filozofije.	 Karl Marx djeluje na području 	filozofije	Karl Marx radi na području 	filozofije	philosophy
Q78477	Joseph Schumpeter	Joseph Alois Schumpeter	Q8134	economics	ekonomija	Joseph Schumpeter works in the field of economics .	Joseph Alois Schumpeter djeluje u polju ekonomija.	Joseph Alois Schumpeter djeluje u polju 	 Joseph Schumpeter radi u području ekonomije.	Joseph Alois Schumpeter radi na području ekonomije.	 Joseph Schumpeter radi u području 	ekonomije	Joseph Alois Schumpeter radi na području 	ekonomije	economics
Q9387	Max Weber	Max Weber	Q309	history	povijest	Max Weber works in the field of history .	Max Weber djeluje u polju povijest.	Max Weber djeluje u polju 	 Max Weber radi na području povijesti.	Max Weber radi na području povijesti.	 Max Weber radi na području 	povijesti	Max Weber radi na području 	povijesti	history
Q161841	Edward Gibbon	Edward Gibbon	Q309	history	povijest	Edward Gibbon works in the field of history .	Edward Gibbon djeluje u polju povijest.	Edward Gibbon djeluje u polju 	 Edward Gibbon radi na području povijesti.	Edward Gibbon radi na području povijesti.	 Edward Gibbon radi na području 	povijesti	Edward Gibbon radi na području 	povijesti	history
Q65860	Rudolf Wagner	Rudolf Wagner	Q521	physiology	Fiziologija	Rudolf Wagner works in the field of physiology .	Rudolf Wagner djeluje u polju Fiziologija.	Rudolf Wagner djeluje u polju 	Rudolf Wagner radi na području fiziologije.	Rudolf Wagner radi na području fiziologije.	Rudolf Wagner radi na području 	fiziologije	Rudolf Wagner radi na području 	fiziologije	physiology
Q1210792	Struga Poetry Evenings	Struške večeri poezije	Q482	poetry	Poezija	Struga Poetry Evenings works in the field of poetry .	Struške večeri poezije djeluje u polju Poezija.	Struške večeri poezije djeluje u polju 	 Struške večeri poezije djeluju na području poezije.	Struške večeri poezije rade na području poezije.	 Struške večeri poezije djeluju na području 	poezije	Struške večeri poezije rade na području 	poezije	poetry
Q7604	Leonhard Euler	Leonhard Euler	Q413	physics	fizika	Leonhard Euler works in the field of physics .	Leonhard Euler djeluje u polju fizika.	Leonhard Euler djeluje u polju 	 Leonhard Euler radi u području fizike.	Leonhard Euler radi na području fizike.	 Leonhard Euler radi u području 	fizike	Leonhard Euler radi na području 	fizike	physics
Q179759	Al-Kindi	Al Kindi	Q395	mathematics	matematika	Al-Kindi works in the field of mathematics .	Al Kindi djeluje u polju matematika.	Al Kindi djeluje u polju 	 Al-Kindi radi na području matematike.	Al Kindi radi na području matematike.	 Al-Kindi radi na području 	matematike	Al Kindi radi na području 	matematike	mathematics
Q470590	John Henry Poynting	John Henry Poynting	Q413	physics	fizika	John Henry Poynting works in the field of physics .	John Henry Poynting djeluje u polju fizika.	John Henry Poynting djeluje u polju 	 John Henry Poynting radi na području fizike.	John Henry Poynting radi na području fizike.	 John Henry Poynting radi na području 	fizike	John Henry Poynting radi na području 	fizike	physics
Q152187	August Krogh	August Krogh	Q521	physiology	Fiziologija	August Krogh works in the field of physiology .	August Krogh djeluje u polju Fiziologija.	August Krogh djeluje u polju 	 August Krogh radi na području fiziologije.	August Krogh radi na području fiziologije.	 August Krogh radi na području 	fiziologije	August Krogh radi na području 	fiziologije	physiology
Q161846	Kazimierz Kuratowski	Kazimierz Kuratowski	Q42989	topology	Topologija	Kazimierz Kuratowski works in the field of topology .	Kazimierz Kuratowski djeluje u polju Topologija.	Kazimierz Kuratowski djeluje u polju 	 Kazimierz Kuratowski radi na području topologije.	Kazimierz Kuratowski radi na području topologije.	 Kazimierz Kuratowski radi na području 	topologije	Kazimierz Kuratowski radi na području 	topologije	topology
Q1349910	Samuel Linde	Samuel Linde	Q8162	linguistics	Jezikoslovlje	Samuel Linde works in the field of linguistics .	Samuel Linde djeluje u polju Jezikoslovlje.	Samuel Linde djeluje u polju 	 Samuel Linde radi na području lingvistike.	Samuel Linde radi na području jezikoslovlja.	ERROR	ERROR	Samuel Linde radi na području 	jezikoslovlja	linguistics|||lingvistika
Q123022	Felix Bloch	Felix Bloch	Q413	physics	fizika	Felix Bloch works in the field of physics .	Felix Bloch djeluje u polju fizika.	Felix Bloch djeluje u polju 	 Felix Bloch radi u području fizike.	Felix Bloch radi na području fizike.	 Felix Bloch radi u području 	fizike	Felix Bloch radi na području 	fizike	physics
Q471927	Frederic Bartlett	Frederic Bartlett	Q9418	psychology	Psihologija	Frederic Bartlett works in the field of psychology .	Frederic Bartlett djeluje u polju Psihologija.	Frederic Bartlett djeluje u polju 	 Frederic Bartlett radi u području psihologije.	Frederic Bartlett radi na području psihologije.	 Frederic Bartlett radi u području 	psihologije	Frederic Bartlett radi na području 	psihologije	psychology
Q61970	Theodor Lipps	Theodor Lipps	Q4964182	philosopher	filozof	Theodor Lipps works in the field of philosopher .	Theodor Lipps djeluje u polju filozof.	Theodor Lipps djeluje u polju 	 Theodor Lipps radi u području filozofije.	Theodor Lipps radi na području filozofa.	 Theodor Lipps radi u području 	filozofije	Theodor Lipps radi na području 	filozofa	philosopher|||filozofkinja
Q328758	Pierre Janet	Pierre Janet	Q9418	psychology	Psihologija	Pierre Janet works in the field of psychology .	Pierre Janet djeluje u polju Psihologija.	Pierre Janet djeluje u polju 	 Pierre Janet radi u području psihologije.	Pierre Janet radi na području psihologije.	 Pierre Janet radi u području 	psihologije	Pierre Janet radi na području 	psihologije	psychology
Q7191247	Pictures of the Year International	Pictures of the Year International	Q11633	photography	fotografija	Pictures of the Year International works in the field of photography .	Pictures of the Year International djeluje u polju fotografija.	Pictures of the Year International djeluje u polju 	 Pictures of the Year International djeluje na području fotografije.	Pictures of the Year International radi na području fotografije.	 Pictures of the Year International djeluje na području 	fotografije	Pictures of the Year International radi na području 	fotografije	photography
Q81130	Anders Celsius	Anders Celsius	Q333	astronomy	astronomija	Anders Celsius works in the field of astronomy .	Anders Celsius djeluje u polju astronomija.	Anders Celsius djeluje u polju 	 Anders Celsius radi na području astronomije.	Anders Celsius radi na području astronomije.	 Anders Celsius radi na području 	astronomije	Anders Celsius radi na području 	astronomije	astronomy
Q726724	John Polkinghorne	John Polkinghorne	Q34178	theology	Bogoslovlje	John Polkinghorne works in the field of theology .	John Polkinghorne djeluje u polju Bogoslovlje.	John Polkinghorne djeluje u polju 	 John Polkinghorne radi na području teologije.	John Polkinghorne radi na području bogoslovlja.	ERROR	ERROR	John Polkinghorne radi na području 	bogoslovlja	theology|||teologija|||bogoslov|||teolog
Q77081	Bert Sakmann	Bert Sakmann	Q521	physiology	Fiziologija	Bert Sakmann works in the field of physiology .	Bert Sakmann djeluje u polju Fiziologija.	Bert Sakmann djeluje u polju 	 Bert Sakmann radi u području fiziologije.	Bert Sakmann radi na području fiziologije.	 Bert Sakmann radi u području 	fiziologije	Bert Sakmann radi na području 	fiziologije	physiology
Q189488	Willem Einthoven	Willem Einthoven	Q521	physiology	Fiziologija	Willem Einthoven works in the field of physiology .	Willem Einthoven djeluje u polju Fiziologija.	Willem Einthoven djeluje u polju 	 Willem Einthoven radi u području fiziologije.	Willem Einthoven radi na području fiziologije.	 Willem Einthoven radi u području 	fiziologije	Willem Einthoven radi na području 	fiziologije	physiology
Q43948	Joseph von Fraunhofer	Joseph von Fraunhofer	Q413	physics	fizika	Joseph von Fraunhofer works in the field of physics .	Joseph von Fraunhofer djeluje u polju fizika.	Joseph von Fraunhofer djeluje u polju 	 Joseph von Fraunhofer radi na području fizike.	Joseph von Fraunhofer radi na području fizike.	 Joseph von Fraunhofer radi na području 	fizike	Joseph von Fraunhofer radi na području 	fizike	physics
Q184563	Sin-Itiro Tomonaga	Shin'ichirō Tomonaga	Q413	physics	fizika	Sin-Itiro Tomonaga works in the field of physics .	Shin'ichirō Tomonaga djeluje u polju fizika.	Shin'ichirō Tomonaga djeluje u polju 	Sin-Itiro Tomonaga radi u području fizike.	Shin'ichirō Tomonaga radi na području fizike.	Sin-Itiro Tomonaga radi u području 	fizike	Shin'ichirō Tomonaga radi na području 	fizike	physics
Q1043	Carl Linnaeus	Carl Linné	Q11190	medicine	medicina	Carl Linnaeus works in the field of medicine .	Carl Linné djeluje u polju medicina.	Carl Linné djeluje u polju 	 Carl Linnaeus radi u području medicine.	Carl Linné radi na području medicine.	 Carl Linnaeus radi u području 	medicine	Carl Linné radi na području 	medicine	medicine
Q20710	Jean-Martin Charcot	Jean-Martin Charcot	Q11190	medicine	medicina	Jean-Martin Charcot works in the field of medicine .	Jean-Martin Charcot djeluje u polju medicina.	Jean-Martin Charcot djeluje u polju 	 Jean-Martin Charcot radi u području medicine.	Jean-Martin Charcot radi na području medicine.	 Jean-Martin Charcot radi u području 	medicine	Jean-Martin Charcot radi na području 	medicine	medicine
Q234463	Sydney Brenner	Sydney Brenner	Q420	biology	biologija	Sydney Brenner works in the field of biology .	Sydney Brenner djeluje u polju biologija.	Sydney Brenner djeluje u polju 	 Sydney Brenner radi u području biologije.	Sydney Brenner radi na području biologije.	 Sydney Brenner radi u području 	biologije	Sydney Brenner radi na području 	biologije	biology
Q234050	Erasmus Darwin	Erasmus Darwin	Q11190	medicine	medicina	Erasmus Darwin works in the field of medicine .	Erasmus Darwin djeluje u polju medicina.	Erasmus Darwin djeluje u polju 	 Erasmus Darwin radi na području medicine.	Erasmus Darwin radi na području medicine.	 Erasmus Darwin radi na području 	medicine	Erasmus Darwin radi na području 	medicine	medicine
Q153232	Jean Le Rond d'Alembert	Jean le Rond d'Alembert	Q395	mathematics	matematika	Jean Le Rond d'Alembert works in the field of mathematics .	Jean le Rond d'Alembert djeluje u polju matematika.	Jean le Rond d'Alembert djeluje u polju 	 Jean Le Rond d'Alembert radi na području matematike.	Jean le Rond d'Alembert radi na području matematike.	 Jean Le Rond d'Alembert radi na području 	matematike	Jean le Rond d'Alembert radi na području 	matematike	mathematics
Q87620	Luca Pacioli	Luca Pacioli	Q395	mathematics	matematika	Luca Pacioli works in the field of mathematics .	Luca Pacioli djeluje u polju matematika.	Luca Pacioli djeluje u polju 	 Luca Pacioli radi u području matematike.	Luca Pacioli radi na području matematike.	 Luca Pacioli radi u području 	matematike	Luca Pacioli radi na području 	matematike	mathematics
Q104668	Vitaly Ginzburg	Vitalij Lazarevič Ginzburg	Q413	physics	fizika	Vitaly Ginzburg works in the field of physics .	Vitalij Lazarevič Ginzburg djeluje u polju fizika.	Vitalij Lazarevič Ginzburg djeluje u polju 	 Vitalij Ginzburg radi u području fizike.	Vitalij Lazarevič Ginzburg radi na području fizike.	 Vitalij Ginzburg radi u području 	fizike	Vitalij Lazarevič Ginzburg radi na području 	fizike	physics
Q190503	Arthur Leonard Schawlow	Arthur Leonard Schawlow	Q169470	physicist	fizičar	Arthur Leonard Schawlow works in the field of physicist .	Arthur Leonard Schawlow djeluje u polju fizičar.	Arthur Leonard Schawlow djeluje u polju 	 Arthur Leonard Schawlow radi u području fizike.	Arthur Leonard Schawlow radi na području fizičara.	ERROR	ERROR	Arthur Leonard Schawlow radi na području 	fizičara	physicist
Q9372	Sima Qian	Sima Qian	Q309	history	povijest	Sima Qian works in the field of history .	Sima Qian djeluje u polju povijest.	Sima Qian djeluje u polju 	 Sima Qian radi na području povijesti.	Sima Qian radi na području povijesti.	 Sima Qian radi na području 	povijesti	Sima Qian radi na području 	povijesti	history
Q311276	Paul Broca	Paul Broca	Q514	anatomy	Anatomija	Paul Broca works in the field of anatomy .	Paul Broca djeluje u polju Anatomija.	Paul Broca djeluje u polju 	 Paul Broca radi na području anatomije.	Paul Broca radi na području anatomije.	 Paul Broca radi na području 	anatomije	Paul Broca radi na području 	anatomije	anatomy
Q32257	Christoph Wilhelm Hufeland	Cristoph Wilhelm Hufeland	Q11190	medicine	medicina	Christoph Wilhelm Hufeland works in the field of medicine .	Cristoph Wilhelm Hufeland djeluje u polju medicina.	Cristoph Wilhelm Hufeland djeluje u polju 	 Christoph Wilhelm Hufeland radi u području medicine.	Cristoph Wilhelm Hufeland radi na području medicine.	 Christoph Wilhelm Hufeland radi u području 	medicine	Cristoph Wilhelm Hufeland radi na području 	medicine	medicine
Q34943	Ptolemy	Klaudije Ptolemej	Q170790	mathematician	matematičar	Ptolemy works in the field of mathematician .	Klaudije Ptolemej djeluje u polju matematičar.	Klaudije Ptolemej djeluje u polju 	 Ptolomej radi na području matematike.	Klaudije Ptolemej radi na području matematičara.	 Ptolomej radi na području 	matematike	Klaudije Ptolemej radi na području 	matematičara	mathematician
Q123190	Jean Piaget	Jean Piaget	Q9418	psychology	Psihologija	Jean Piaget works in the field of psychology .	Jean Piaget djeluje u polju Psihologija.	Jean Piaget djeluje u polju 	 Jean Piaget radi u području psihologije.	Jean Piaget radi na području psihologije.	 Jean Piaget radi u području 	psihologije	Jean Piaget radi na području 	psihologije	psychology
Q84444	Jernej Kopitar	Jernej Kopitar	Q8162	linguistics	Jezikoslovlje	Jernej Kopitar works in the field of linguistics .	Jernej Kopitar djeluje u polju Jezikoslovlje.	Jernej Kopitar djeluje u polju 	 Jernej Kopitar djeluje na području lingvistike.	Jernej Kopitar radi na području jezikoslovlja.	ERROR	ERROR	Jernej Kopitar radi na području 	jezikoslovlja	linguistics|||lingvistika
Q159636	Joseph Priestley	joseph preistley	Q5891	philosophy	filozofija	Joseph Priestley works in the field of philosophy .	joseph preistley djeluje u polju filozofija.	joseph preistley djeluje u polju 	 Joseph Priestley djeluje na području filozofije.	Joseph Priestley radi na području filozofije.	 Joseph Priestley djeluje na području 	filozofije	Joseph Priestley radi na području 	filozofije	philosophy
Q77073	Julius Lothar Meyer	Julius Lothar von Meyer	Q2329	chemistry	kemija	Julius Lothar Meyer works in the field of chemistry .	Julius Lothar von Meyer djeluje u polju kemija.	Julius Lothar von Meyer djeluje u polju 	 Julius Lothar Meyer radi u području kemije.	Julius Lothar von Meyer radi na području kemije.	 Julius Lothar Meyer radi u području 	kemije	Julius Lothar von Meyer radi na području 	kemije	chemistry
Q77106	Kurt Lewin	Kurt Lewin	Q9418	psychology	Psihologija	Kurt Lewin works in the field of psychology .	Kurt Lewin djeluje u polju Psihologija.	Kurt Lewin djeluje u polju 	 Kurt Lewin radi u području psihologije.	Kurt Lewin radi na području psihologije.	 Kurt Lewin radi u području 	psihologije	Kurt Lewin radi na području 	psihologije	psychology
Q9095	James Clerk Maxwell	James Clerk Maxwell	Q413	physics	fizika	James Clerk Maxwell works in the field of physics .	James Clerk Maxwell djeluje u polju fizika.	James Clerk Maxwell djeluje u polju 	James Clerk Maxwell radi u području fizike.	James Clerk Maxwell radi na području fizike.	James Clerk Maxwell radi u području 	fizike	James Clerk Maxwell radi na području 	fizike	physics
Q739275	Ernest Starling	Ernest Starling	Q521	physiology	Fiziologija	Ernest Starling works in the field of physiology .	Ernest Starling djeluje u polju Fiziologija.	Ernest Starling djeluje u polju 	 Ernest Starling radi na području fiziologije.	Ernest Starling radi na području fiziologije.	 Ernest Starling radi na području 	fiziologije	Ernest Starling radi na području 	fiziologije	physiology
Q13529	Alfred Marshall	Alfred Marshall	Q8134	economics	ekonomija	Alfred Marshall works in the field of economics .	Alfred Marshall djeluje u polju ekonomija.	Alfred Marshall djeluje u polju 	 Alfred Marshall radi u području ekonomije.	Alfred Marshall radi na području ekonomije.	 Alfred Marshall radi u području 	ekonomije	Alfred Marshall radi na području 	ekonomije	economics
Q619	Nicolaus Copernicus	Nikola Kopernik	Q333	astronomy	astronomija	Nicolaus Copernicus works in the field of astronomy .	Nikola Kopernik djeluje u polju astronomija.	Nikola Kopernik djeluje u polju 	 Nikola Kopernik djeluje na području astronomije.	Nikola Kopernik radi na području astronomije.	 Nikola Kopernik djeluje na području 	astronomije	Nikola Kopernik radi na području 	astronomije	astronomy
Q233051	Eric Maskin	Eric Maskin	Q188094	economist	ekonomist	Eric Maskin works in the field of economist .	Eric Maskin djeluje u polju ekonomist.	Eric Maskin djeluje u polju 	 Eric Maskin radi u području ekonomije.	Eric Maskin radi na području ekonomista.	 Eric Maskin radi u području 	ekonomije	Eric Maskin radi na području 	ekonomista	economist
Q205772	Jared Diamond	Jared Diamond	Q7150	ecology	Ekologija	Jared Diamond works in the field of ecology .	Jared Diamond djeluje u polju Ekologija.	Jared Diamond djeluje u polju 	 Jared Diamond radi u području ekologije.	Jared Diamond radi na području ekologije.	 Jared Diamond radi u području 	ekologije	Jared Diamond radi na području 	ekologije	ecology
Q153224	Andrey Kolmogorov	Andrej Kolmogorov	Q8087	geometry	Geometrija	Andrey Kolmogorov works in the field of geometry .	Andrej Kolmogorov djeluje u polju Geometrija.	Andrej Kolmogorov djeluje u polju 	 Andrej Kolmogorov radi u području geometrije.	Andrej Kolmogorov radi na području geometrije.	 Andrej Kolmogorov radi u području 	geometrije	Andrej Kolmogorov radi na području 	geometrije	geometry
Q153185	Joseph Louis Gay-Lussac	Joseph Louis Gay-Lussac	Q2329	chemistry	kemija	Joseph Louis Gay-Lussac works in the field of chemistry .	Joseph Louis Gay-Lussac djeluje u polju kemija.	Joseph Louis Gay-Lussac djeluje u polju 	 Joseph Louis Gay-Lussac radi na području kemije.	Joseph Louis Gay-Lussac radi na području kemije.	 Joseph Louis Gay-Lussac radi na području 	kemije	Joseph Louis Gay-Lussac radi na području 	kemije	chemistry
Q61686	Walther Meissner	Walther Meissner	Q413	physics	fizika	Walther Meissner works in the field of physics .	Walther Meissner djeluje u polju fizika.	Walther Meissner djeluje u polju 	 Walther Meissner radi u području fizike.	Walther Meissner radi na području fizike.	 Walther Meissner radi u području 	fizike	Walther Meissner radi na području 	fizike	physics
Q213563	Spacewatch	Spacewatch	Q3863	asteroid	asteroidi	Spacewatch works in the field of asteroid .	Spacewatch djeluje u polju asteroidi.	Spacewatch djeluje u polju 	 Spacewatch radi na području asteroida.	Spacewatch radi na području asteroida.	 Spacewatch radi na području 	asteroida	Spacewatch radi na području 	asteroida	asteroid
Q122366	Daniel Bernoulli	Daniel Bernoulli	Q413	physics	fizika	Daniel Bernoulli works in the field of physics .	Daniel Bernoulli djeluje u polju fizika.	Daniel Bernoulli djeluje u polju 	 Daniel Bernoulli radi u području fizike.	Daniel Bernoulli radi na području fizike.	 Daniel Bernoulli radi u području 	fizike	Daniel Bernoulli radi na području 	fizike	physics
Q243419	Julian Huxley	Julian Huxley	Q420	biology	biologija	Julian Huxley works in the field of biology .	Julian Huxley djeluje u polju biologija.	Julian Huxley djeluje u polju 	 Julian Huxley radi u području biologije.	Julian Huxley radi na području biologije.	 Julian Huxley radi u području 	biologije	Julian Huxley radi na području 	biologije	biology
Q8750	Michael Faraday	Michael Faraday	Q413	physics	fizika	Michael Faraday works in the field of physics .	Michael Faraday djeluje u polju fizika.	Michael Faraday djeluje u polju 	 Michael Faraday radi u području fizike.	Michael Faraday radi na području fizike.	 Michael Faraday radi u području 	fizike	Michael Faraday radi na području 	fizike	physics
Q310798	Stephen Wolfram	Stephen Wolfram	Q395	mathematics	matematika	Stephen Wolfram works in the field of mathematics .	Stephen Wolfram djeluje u polju matematika.	Stephen Wolfram djeluje u polju 	 Stephen Wolfram radi u području matematike.	Stephen Wolfram radi na području matematike.	 Stephen Wolfram radi u području 	matematike	Stephen Wolfram radi na području 	matematike	mathematics
Q131761	Humphry Davy	Humphry Davy	Q2329	chemistry	kemija	Humphry Davy works in the field of chemistry .	Humphry Davy djeluje u polju kemija.	Humphry Davy djeluje u polju 	 Humphry Davy radi u području kemije.	Humphry Davy radi na području kemije.	 Humphry Davy radi u području 	kemije	Humphry Davy radi na području 	kemije	chemistry
Q558740	Doro Levi	Doro Levi	Q23498	archaeology	Arheologija	Doro Levi works in the field of archaeology .	Doro Levi djeluje u polju Arheologija.	Doro Levi djeluje u polju 	 Doro Levi radi u području arheologije.	Doro Levi radi na području arheologije.	 Doro Levi radi u području 	arheologije	Doro Levi radi na području 	arheologije	archaeology|||Arheolozi
Q168705	Al-Masudi	Masudi	Q309	history	povijest	Al-Masudi works in the field of history .	Masudi djeluje u polju povijest.	Masudi djeluje u polju 	 Al-Masudi radi na području povijesti.	Masudi radi na području povijesti.	 Al-Masudi radi na području 	povijesti	Masudi radi na području 	povijesti	history
Q102804	Henri Moissan	Henri Moissan	Q2329	chemistry	kemija	Henri Moissan works in the field of chemistry .	Henri Moissan djeluje u polju kemija.	Henri Moissan djeluje u polju 	 Henri Moissan radi na području kemije.	Henri Moissan radi na području kemije.	 Henri Moissan radi na području 	kemije	Henri Moissan radi na području 	kemije	chemistry
Q78448	Heinz Hopf	Heinz Hopf	Q42989	topology	Topologija	Heinz Hopf works in the field of topology .	Heinz Hopf djeluje u polju Topologija.	Heinz Hopf djeluje u polju 	Heinz Hopf radi na području topologije.	Heinz Hopf radi na području topologije.	Heinz Hopf radi na području 	topologije	Heinz Hopf radi na području 	topologije	topology
Q78448	Heinz Hopf	Heinz Hopf	Q8087	geometry	Geometrija	Heinz Hopf works in the field of geometry .	Heinz Hopf djeluje u polju Geometrija.	Heinz Hopf djeluje u polju 	 Heinz Hopf radi na području geometrije.	Heinz Hopf radi na području geometrije.	 Heinz Hopf radi na području 	geometrije	Heinz Hopf radi na području 	geometrije	geometry
Q37463	Pierre Curie	Pierre Curie	Q413	physics	fizika	Pierre Curie works in the field of physics .	Pierre Curie djeluje u polju fizika.	Pierre Curie djeluje u polju 	 Pierre Curie radi u području fizike.	Pierre Curie radi na području fizike.	 Pierre Curie radi u području 	fizike	Pierre Curie radi na području 	fizike	physics
Q60052	Gustav Kirchhoff	Gustav Robert Kirchhoff	Q413	physics	fizika	Gustav Kirchhoff works in the field of physics .	Gustav Robert Kirchhoff djeluje u polju fizika.	Gustav Robert Kirchhoff djeluje u polju 	 Gustav Kirchhoff radi na području fizike.	Gustav Robert Kirchhoff radi na području fizike.	 Gustav Kirchhoff radi na području 	fizike	Gustav Robert Kirchhoff radi na području 	fizike	physics
Q178577	Norbert Wiener	Norbert Wiener	Q395	mathematics	matematika	Norbert Wiener works in the field of mathematics .	Norbert Wiener djeluje u polju matematika.	Norbert Wiener djeluje u polju 	 Norbert Wiener radi u području matematike.	Norbert Wiener radi na području matematike.	 Norbert Wiener radi u području 	matematike	Norbert Wiener radi na području 	matematike	mathematics
Q179282	Steven Weinberg	Steven Weinberg	Q413	physics	fizika	Steven Weinberg works in the field of physics .	Steven Weinberg djeluje u polju fizika.	Steven Weinberg djeluje u polju 	 Steven Weinberg radi u području fizike.	Steven Weinberg radi na području fizike.	 Steven Weinberg radi u području 	fizike	Steven Weinberg radi na području 	fizike	physics
Q29297	Carl Ritter	Carl Ritter	Q1071	geography	geografija	Carl Ritter works in the field of geography .	Carl Ritter djeluje u polju geografija.	Carl Ritter djeluje u polju 	 Carl Ritter radi na području geografije.	Carl Ritter radi na području geografije.	 Carl Ritter radi na području 	geografije	Carl Ritter radi na području 	geografije	geography|||zemljopis
Q104154	Urbain Le Verrier	Urbain Le Verrier	Q333	astronomy	astronomija	Urbain Le Verrier works in the field of astronomy .	Urbain Le Verrier djeluje u polju astronomija.	Urbain Le Verrier djeluje u polju 	 Urbain Le Verrier radi na području astronomije.	Urbain Le Verrier radi na području astronomije.	 Urbain Le Verrier radi na području 	astronomije	Urbain Le Verrier radi na području 	astronomije	astronomy
Q276280	Johan Huizinga	Johan Huizinga	Q309	history	povijest	Johan Huizinga works in the field of history .	Johan Huizinga djeluje u polju povijest.	Johan Huizinga djeluje u polju 	 Johan Huizinga radi na području povijesti.	Johan Huizinga radi na području povijesti.	 Johan Huizinga radi na području 	povijesti	Johan Huizinga radi na području 	povijesti	history
Q443153	Flemish Primitives	Rano nizozemsko slikarstvo	Q93184	drawing	Crtež	Flemish Primitives works in the field of drawing .	Rano nizozemsko slikarstvo djeluje u polju Crtež.	Rano nizozemsko slikarstvo djeluje u polju 	 Flamanski primitivci rade na području crtanja.	Rano nizozemsko slikarstvo radi na području crteža.	ERROR	ERROR	Rano nizozemsko slikarstvo radi na području 	crteža	drawing
Q192864	Science	Science	Q336	science	znanost	Science works in the field of science .	Science djeluje u polju znanost.	Science djeluje u polju 	 Znanost djeluje u području znanosti.	Science radi na području znanosti.	 Znanost djeluje u području 	znanosti	Science radi na području 	znanosti	science
Q488415	anatomical placement	anatomski izrazi za smještaj	Q514	anatomy	Anatomija	anatomical placement works in the field of anatomy .	anatomski izrazi za smještaj djeluje u polju Anatomija.	anatomski izrazi za smještaj djeluje u polju 	 anatomski smještaj radi u području anatomije.	Anatomski izrazi za smještaj rade na području anatomije.	 anatomski smještaj radi u području 	anatomije	Anatomski izrazi za smještaj rade na području 	anatomije	anatomy
Q6733	Edward Teller	Edward Teller	Q413	physics	fizika	Edward Teller works in the field of physics .	Edward Teller djeluje u polju fizika.	Edward Teller djeluje u polju 	 Edward Teller radi u području fizike.	Edward Teller radi na području fizike.	 Edward Teller radi u području 	fizike	Edward Teller radi na području 	fizike	physics
Q677885	Armand Trousseau	Armand Trousseau	Q11190	medicine	medicina	Armand Trousseau works in the field of medicine .	Armand Trousseau djeluje u polju medicina.	Armand Trousseau djeluje u polju 	 Armand Trousseau radi u području medicine.	Armand Trousseau radi na području medicine.	 Armand Trousseau radi u području 	medicine	Armand Trousseau radi na području 	medicine	medicine
Q2331	Led Zeppelin	Led Zeppelin	Q639669	musician	glazbenik	Led Zeppelin works in the field of musician .	Led Zeppelin djeluje u polju glazbenik.	Led Zeppelin djeluje u polju 	 Led Zeppelin djeluje u području glazbe.	Led Zeppelin radi na području glazbenika.	ERROR	ERROR	Led Zeppelin radi na području 	glazbenika	musician|||glazbenica|||muzičar|||muzičarka
Q104002	Urania	Uranija	Q333	astronomy	astronomija	Urania works in the field of astronomy .	Uranija djeluje u polju astronomija.	Uranija djeluje u polju 	 Urania radi na području astronomije.	Uranija radi na području astronomije.	 Urania radi na području 	astronomije	Uranija radi na području 	astronomije	astronomy
Q158465	Anatoly Fomenko	Anatolij Fomenko	Q42989	topology	Topologija	Anatoly Fomenko works in the field of topology .	Anatolij Fomenko djeluje u polju Topologija.	Anatolij Fomenko djeluje u polju 	 Anatolij Fomenko radi u području topologije.	Anatolij Fomenko radi na području topologije.	 Anatolij Fomenko radi u području 	topologije	Anatolij Fomenko radi na području 	topologije	topology
Q494287	Immanuel Wallerstein	Immanuel Wallerstein	Q21201	sociology	Sociologija	Immanuel Wallerstein works in the field of sociology .	Immanuel Wallerstein djeluje u polju Sociologija.	Immanuel Wallerstein djeluje u polju 	 Immanuel Wallerstein radi u području sociologije.	Immanuel Wallerstein radi na području sociologije.	 Immanuel Wallerstein radi u području 	sociologije	Immanuel Wallerstein radi na području 	sociologije	sociology
Q76365	Regiomontanus	Regiomontanus	Q395	mathematics	matematika	Regiomontanus works in the field of mathematics .	Regiomontanus djeluje u polju matematika.	Regiomontanus djeluje u polju 	 Regiomontanus radi na području matematike.	Regiomontanus radi na području matematike.	 Regiomontanus radi na području 	matematike	Regiomontanus radi na području 	matematike	mathematics
Q3507471	Lisbon Geographic Society	Lisabonsko geografsko društvo	Q1071	geography	geografija	Lisbon Geographic Society works in the field of geography .	Lisabonsko geografsko društvo djeluje u polju geografija.	Lisabonsko geografsko društvo djeluje u polju 	Lisabonsko geografsko društvo djeluje na području geografije.	Lisabonsko geografsko društvo radi na području geografije.	Lisabonsko geografsko društvo djeluje na području 	geografije	Lisabonsko geografsko društvo radi na području 	geografije	geography|||zemljopis
Q169577	Ernest Lawrence	Ernest Orlando Lawrence	Q413	physics	fizika	Ernest Lawrence works in the field of physics .	Ernest Orlando Lawrence djeluje u polju fizika.	Ernest Orlando Lawrence djeluje u polju 	 Ernest Lawrence radi u području fizike.	Ernest Orlando Lawrence radi na području fizike.	 Ernest Lawrence radi u području 	fizike	Ernest Orlando Lawrence radi na području 	fizike	physics
Q7186	Marie Curie	Maria Skłodowska-Curie	Q2329	chemistry	kemija	Marie Curie works in the field of chemistry .	Maria Skłodowska-Curie djeluje u polju kemija.	Maria Skłodowska-Curie djeluje u polju 	 Marie Curie radi u području kemije.	Maria Skłodowska-Curie radi na području kemije.	 Marie Curie radi u području 	kemije	Maria Skłodowska-Curie radi na području 	kemije	chemistry
Q159592	John Napier	John Napier	Q395	mathematics	matematika	John Napier works in the field of mathematics .	John Napier djeluje u polju matematika.	John Napier djeluje u polju 	 John Napier radi u području matematike.	John Napier radi na području matematike.	 John Napier radi u području 	matematike	John Napier radi na području 	matematike	mathematics
Q935	Isaac Newton	Isaac Newton	Q333	astronomy	astronomija	Isaac Newton works in the field of astronomy .	Isaac Newton djeluje u polju astronomija.	Isaac Newton djeluje u polju 	 Isaac Newton radi na području astronomije.	Isaac Newton radi na području astronomije.	 Isaac Newton radi na području 	astronomije	Isaac Newton radi na području 	astronomije	astronomy
Q244152	Willebrord Snellius	Willebrord Snellius	Q395	mathematics	matematika	Willebrord Snellius works in the field of mathematics .	Willebrord Snellius djeluje u polju matematika.	Willebrord Snellius djeluje u polju 	 Willebrord Snellius radi na području matematike.	Willebrord Snellius radi na području matematike.	 Willebrord Snellius radi na području 	matematike	Willebrord Snellius radi na području 	matematike	mathematics
Q358253	Allan Sandage	Allan Sandage	Q333	astronomy	astronomija	Allan Sandage works in the field of astronomy .	Allan Sandage djeluje u polju astronomija.	Allan Sandage djeluje u polju 	 Allan Sandage radi na području astronomije.	Allan Sandage radi na području astronomije.	 Allan Sandage radi na području 	astronomije	Allan Sandage radi na području 	astronomije	astronomy
Q185	Larry Sanger	Larry Sanger	Q5891	philosophy	filozofija	Larry Sanger works in the field of philosophy .	Larry Sanger djeluje u polju filozofija.	Larry Sanger djeluje u polju 	 Larry Sanger radi na području filozofije.	Larry Sanger radi na području filozofije.	 Larry Sanger radi na području 	filozofije	Larry Sanger radi na području 	filozofije	philosophy
Q57063	Philipp Lenard	Philipp Lenard	Q413	physics	fizika	Philipp Lenard works in the field of physics .	Philipp Lenard djeluje u polju fizika.	Philipp Lenard djeluje u polju 	 Philipp Lenard radi u području fizike.	Philipp Lenard radi na području fizike.	 Philipp Lenard radi u području 	fizike	Philipp Lenard radi na području 	fizike	physics
Q60024	Hermann von Helmholtz	Hermann von Helmholtz	Q521	physiology	Fiziologija	Hermann von Helmholtz works in the field of physiology .	Hermann von Helmholtz djeluje u polju Fiziologija.	Hermann von Helmholtz djeluje u polju 	 Hermann von Helmholtz radi na području fiziologije.	Hermann von Helmholtz radi na području fiziologije.	 Hermann von Helmholtz radi na području 	fiziologije	Hermann von Helmholtz radi na području 	fiziologije	physiology
Q84258	Fritjof Capra	Fritjof Capra	Q413	physics	fizika	Fritjof Capra works in the field of physics .	Fritjof Capra djeluje u polju fizika.	Fritjof Capra djeluje u polju 	 Fritjof Capra radi u području fizike.	Fritjof Capra radi na području fizike.	 Fritjof Capra radi u području 	fizike	Fritjof Capra radi na području 	fizike	physics
Q186561	Alfred Kinsey	Alfred Kinsey	Q420	biology	biologija	Alfred Kinsey works in the field of biology .	Alfred Kinsey djeluje u polju biologija.	Alfred Kinsey djeluje u polju 	 Alfred Kinsey radi u području biologije.	Alfred Kinsey radi na području biologije.	 Alfred Kinsey radi u području 	biologije	Alfred Kinsey radi na području 	biologije	biology
Q104804	Mesrop Mashtots	Sveti Mesrop Maštoc	Q8162	linguistics	Jezikoslovlje	Mesrop Mashtots works in the field of linguistics .	Sveti Mesrop Maštoc djeluje u polju Jezikoslovlje.	Sveti Mesrop Maštoc djeluje u polju 	 Mesrop Maštoc radi na području lingvistike.	Sveti Mesrop Maštoc radi na području jezikoslovlja.	ERROR	ERROR	Sveti Mesrop Maštoc radi na području 	jezikoslovlja	linguistics|||lingvistika
Q325993	Kazimierz Ajdukiewicz	Kazimierz Ajdukiewicz	Q8078	logic	logika	Kazimierz Ajdukiewicz works in the field of logic .	Kazimierz Ajdukiewicz djeluje u polju logika.	Kazimierz Ajdukiewicz djeluje u polju 	 Kazimierz Ajdukiewicz radi na području logike.	Kazimierz Ajdukiewicz radi na području logike.	 Kazimierz Ajdukiewicz radi na području 	logike	Kazimierz Ajdukiewicz radi na području 	logike	logic
Q57066	James Franck	James Franck	Q413	physics	fizika	James Franck works in the field of physics .	James Franck djeluje u polju fizika.	James Franck djeluje u polju 	 James Franck radi u području fizike.	James Franck radi na području fizike.	 James Franck radi u području 	fizike	James Franck radi na području 	fizike	physics
Q1091476	Walter Isard	Walter Isard	Q1071	geography	geografija	Walter Isard works in the field of geography .	Walter Isard djeluje u polju geografija.	Walter Isard djeluje u polju 	 Walter Isard radi na području geografije.	Walter Isard radi na području geografije.	 Walter Isard radi na području 	geografije	Walter Isard radi na području 	geografije	geography|||zemljopis
Q343055	David Harvey	David Harvey	Q1071	geography	geografija	David Harvey works in the field of geography .	David Harvey djeluje u polju geografija.	David Harvey djeluje u polju 	 David Harvey radi u području geografije.	David Harvey radi na području geografije.	 David Harvey radi u području 	geografije	David Harvey radi na području 	geografije	geography|||zemljopis
Q20012	Adolphe Quetelet	Adolphe Quetelet	Q395	mathematics	matematika	Adolphe Quetelet works in the field of mathematics .	Adolphe Quetelet djeluje u polju matematika.	Adolphe Quetelet djeluje u polju 	 Adolphe Quetelet radi na području matematike.	Adolphe Quetelet radi na području matematike.	 Adolphe Quetelet radi na području 	matematike	Adolphe Quetelet radi na području 	matematike	mathematics
Q264900	Giacomo F. Maraldi	Giacomo Filippo Maraldi	Q395	mathematics	matematika	Giacomo F. Maraldi works in the field of mathematics .	Giacomo Filippo Maraldi djeluje u polju matematika.	Giacomo Filippo Maraldi djeluje u polju 	Giacomo F. Maraldi radi na području matematike.	Giacomo Filippo Maraldi radi na području matematike.	Giacomo F. Maraldi radi na području 	matematike	Giacomo Filippo Maraldi radi na području 	matematike	mathematics
Q2843522	Finnish Literature Society	Društvo finske književnosti	Q1412	Finnish	Finski jezik	Finnish Literature Society works in the field of Finnish .	Društvo finske književnosti djeluje u polju Finski jezik.	Društvo finske književnosti djeluje u polju 	 Finsko književno društvo djeluje na području finskog jezika.	Društvo finske književnosti radi na području finskog jezika.	 Finsko književno društvo djeluje na području 	finskog jezika	Društvo finske književnosti radi na području 	finskog jezika	Finnish|||fi
Q153194	Edward Victor Appleton	Edward Appleton	Q413	physics	fizika	Edward Victor Appleton works in the field of physics .	Edward Appleton djeluje u polju fizika.	Edward Appleton djeluje u polju 	 Edward Victor Appleton radi u području fizike.	Edward Appleton radi na području fizike.	 Edward Victor Appleton radi u području 	fizike	Edward Appleton radi na području 	fizike	physics
Q41284	John Dalton	John Dalton	Q2329	chemistry	kemija	John Dalton works in the field of chemistry .	John Dalton djeluje u polju kemija.	John Dalton djeluje u polju 	 John Dalton radi u području kemije.	John Dalton radi na području kemije.	 John Dalton radi u području 	kemije	John Dalton radi na području 	kemije	chemistry
Q41284	John Dalton	John Dalton	Q413	physics	fizika	John Dalton works in the field of physics .	John Dalton djeluje u polju fizika.	John Dalton djeluje u polju 	 John Dalton radi u području fizike.	John Dalton radi na području fizike.	 John Dalton radi u području 	fizike	John Dalton radi na području 	fizike	physics
Q151722	Nicolaus Steno	Nicolaus Steno	Q514	anatomy	Anatomija	Nicolaus Steno works in the field of anatomy .	Nicolaus Steno djeluje u polju Anatomija.	Nicolaus Steno djeluje u polju 	 Nicolaus Steno radi na području anatomije.	Nicolaus Steno radi na području anatomije.	 Nicolaus Steno radi na području 	anatomije	Nicolaus Steno radi na području 	anatomije	anatomy
Q155375	Archibald Hill	Archibald Vivian Hill	Q521	physiology	Fiziologija	Archibald Hill works in the field of physiology .	Archibald Vivian Hill djeluje u polju Fiziologija.	Archibald Vivian Hill djeluje u polju 	 Archibald Hill radi na području fiziologije.	Archibald Vivian Hill radi na području fiziologije.	 Archibald Hill radi na području 	fiziologije	Archibald Vivian Hill radi na području 	fiziologije	physiology
Q208531	Actaeon	Akteon	Q36963	hunting	lov	Actaeon works in the field of hunting .	Akteon djeluje u polju lov.	Akteon djeluje u polju 	 Akteon radi u području lova.	Akteon radi na području lova.	 Akteon radi u području 	lova	Akteon radi na području 	lova	hunting|||lovci
Q207534	Alfred Tarski	Alfred Tarski	Q8078	logic	logika	Alfred Tarski works in the field of logic .	Alfred Tarski djeluje u polju logika.	Alfred Tarski djeluje u polju 	 Alfred Tarski radi na području logike.	Alfred Tarski radi na području logike.	 Alfred Tarski radi na području 	logike	Alfred Tarski radi na području 	logike	logic
Q9106	Dmitri Mendeleev	Dmitrij Ivanovič Mendeljejev	Q2329	chemistry	kemija	Dmitri Mendeleev works in the field of chemistry .	Dmitrij Ivanovič Mendeljejev djeluje u polju kemija.	Dmitrij Ivanovič Mendeljejev djeluje u polju 	 Dmitrij Mendeljejev radi u području kemije.	Dmitrij Ivanovič Mendeljejev radi na području kemije.	 Dmitrij Mendeljejev radi u području 	kemije	Dmitrij Ivanovič Mendeljejev radi na području 	kemije	chemistry
Q9106	Dmitri Mendeleev	Dmitrij Ivanovič Mendeljejev	Q413	physics	fizika	Dmitri Mendeleev works in the field of physics .	Dmitrij Ivanovič Mendeljejev djeluje u polju fizika.	Dmitrij Ivanovič Mendeljejev djeluje u polju 	 Dmitrij Mendeljejev radi u području fizike.	Dmitrij Ivanovič Mendeljejev radi na području fizike.	 Dmitrij Mendeljejev radi u području 	fizike	Dmitrij Ivanovič Mendeljejev radi na području 	fizike	physics
Q2599	Paul McCartney	Paul McCartney	Q639669	musician	glazbenik	Paul McCartney works in the field of musician .	Paul McCartney djeluje u polju glazbenik.	Paul McCartney djeluje u polju 	 Paul McCartney radi u području glazbe.	Paul McCartney radi na području glazbenika.	ERROR	ERROR	Paul McCartney radi na području 	glazbenika	musician|||glazbenica|||muzičar|||muzičarka
Q46633	Charles Babbage	Charles Babbage	Q395	mathematics	matematika	Charles Babbage works in the field of mathematics .	Charles Babbage djeluje u polju matematika.	Charles Babbage djeluje u polju 	 Charles Babbage radi na području matematike.	Charles Babbage radi na području matematike.	 Charles Babbage radi na području 	matematike	Charles Babbage radi na području 	matematike	mathematics
