sub_uri	en_sub_label	sub_label	obj_uri	en_obj_label	obj_label	en_template	template	template_prompt	gt_translation	chatgpt_translation	gt_prompt	gt_infl_object	chatgpt_prompt	chatgpt_infl_object	aliases
Q202536	Paulina Rubio	Paulina Rubio	Q183412	EMI	EMI	Paulina Rubio is represented by music label EMI .	Paulina Rubio je predstavljena glazbenom etiketom EMI.	Paulina Rubio je predstavljena glazbenom etiketom 	 Paulinu Rubio zastupa glazbena izdavačka kuća EMI.	Paulinu Rubio zastupa glazbena izdavačka kuća EMI.	 Paulinu Rubio zastupa glazbena izdavačka kuća 	EMI	Paulinu Rubio zastupa glazbena izdavačka kuća 	EMI	EMI
Q200725	Virtual XI	Virtual XI	Q183412	EMI	EMI	Virtual XI is represented by music label EMI .	Virtual XI je predstavljena glazbenom etiketom EMI.	Virtual XI je predstavljena glazbenom etiketom 	 Virtual XI predstavlja glazbena izdavačka kuća EMI.	Virtual XI zastupa glazbena izdavačka kuća EMI.	 Virtual XI predstavlja glazbena izdavačka kuća 	EMI	Virtual XI zastupa glazbena izdavačka kuća 	EMI	EMI
Q82545	Sex Pistols	Sex Pistols	Q183412	EMI	EMI	Sex Pistols is represented by music label EMI .	Sex Pistols je predstavljena glazbenom etiketom EMI.	Sex Pistols je predstavljena glazbenom etiketom 	 Sex Pistolse predstavlja glazbena izdavačka kuća EMI.	Sex Pistols zastupa glazbena izdavačka kuća EMI.	 Sex Pistolse predstavlja glazbena izdavačka kuća 	EMI	Sex Pistols zastupa glazbena izdavačka kuća 	EMI	EMI
Q355382	Midge Ure	Midge Ure	Q183412	EMI	EMI	Midge Ure is represented by music label EMI .	Midge Ure je predstavljena glazbenom etiketom EMI.	Midge Ure je predstavljena glazbenom etiketom 	 Midge Ure zastupa glazbena izdavačka kuća EMI.	Midge Ure zastupa glazbena izdavačka kuća EMI.	 Midge Ure zastupa glazbena izdavačka kuća 	EMI	Midge Ure zastupa glazbena izdavačka kuća 	EMI	EMI
Q5383	David Bowie	David Bowie	Q183412	EMI	EMI	David Bowie is represented by music label EMI .	David Bowie je predstavljena glazbenom etiketom EMI.	David Bowie je predstavljena glazbenom etiketom 	 Davida Bowieja zastupa glazbena izdavačka kuća EMI.	Davida Bowiea zastupa glazbena izdavačka kuća EMI.	 Davida Bowieja zastupa glazbena izdavačka kuća 	EMI	Davida Bowiea zastupa glazbena izdavačka kuća 	EMI	EMI
Q483802	Nickelback	Nickelback	Q183412	EMI	EMI	Nickelback is represented by music label EMI .	Nickelback je predstavljena glazbenom etiketom EMI.	Nickelback je predstavljena glazbenom etiketom 	 Nickelback zastupa glazbena izdavačka kuća EMI.	Nickelback zastupa glazbena izdavačka kuća EMI.	 Nickelback zastupa glazbena izdavačka kuća 	EMI	Nickelback zastupa glazbena izdavačka kuća 	EMI	EMI
Q101505	Deep Purple	Deep Purple	Q183412	EMI	EMI	Deep Purple is represented by music label EMI .	Deep Purple je predstavljena glazbenom etiketom EMI.	Deep Purple je predstavljena glazbenom etiketom 	 Deep Purple predstavlja glazbena izdavačka kuća EMI.	Deep Purple zastupa glazbena izdavačka kuća EMI.	 Deep Purple predstavlja glazbena izdavačka kuća 	EMI	Deep Purple zastupa glazbena izdavačka kuća 	EMI	EMI
Q287514	Marc Bolan	Marc Bolan	Q183412	EMI	EMI	Marc Bolan is represented by music label EMI .	Marc Bolan je predstavljena glazbenom etiketom EMI.	Marc Bolan je predstavljena glazbenom etiketom 	 Marca Bolana zastupa glazbena izdavačka kuća EMI.	Marc Bolana zastupa glazbena izdavačka kuća EMI.	 Marca Bolana zastupa glazbena izdavačka kuća 	EMI	Marc Bolana zastupa glazbena izdavačka kuća 	EMI	EMI
Q286525	Cilla Black	Cilla Black	Q183412	EMI	EMI	Cilla Black is represented by music label EMI .	Cilla Black je predstavljena glazbenom etiketom EMI.	Cilla Black je predstavljena glazbenom etiketom 	 Cillu Black zastupa glazbena izdavačka kuća EMI.	Cillu Black zastupa glazbena izdavačka kuća EMI.	 Cillu Black zastupa glazbena izdavačka kuća 	EMI	Cillu Black zastupa glazbena izdavačka kuća 	EMI	EMI
Q201908	Anni-Frid Lyngstad	Anni-Frid Lyngstad	Q183412	EMI	EMI	Anni-Frid Lyngstad is represented by music label EMI .	Anni-Frid Lyngstad je predstavljena glazbenom etiketom EMI.	Anni-Frid Lyngstad je predstavljena glazbenom etiketom 	 Anni-Frid Lyngstad zastupa glazbena kuća EMI.	Anni-Frid Lyngstad zastupa glazbena izdavačka kuća EMI.	 Anni-Frid Lyngstad zastupa glazbena kuća 	EMI	Anni-Frid Lyngstad zastupa glazbena izdavačka kuća 	EMI	EMI
Q636	Kate Bush	Kate Bush	Q183412	EMI	EMI	Kate Bush is represented by music label EMI .	Kate Bush je predstavljena glazbenom etiketom EMI.	Kate Bush je predstavljena glazbenom etiketom 	 Kate Bush zastupa glazbena izdavačka kuća EMI.	Kate Bush zastupa glazbena izdavačka kuća EMI.	 Kate Bush zastupa glazbena izdavačka kuća 	EMI	Kate Bush zastupa glazbena izdavačka kuća 	EMI	EMI
Q11998	Kylie Minogue	Kylie Minogue	Q183412	EMI	EMI	Kylie Minogue is represented by music label EMI .	Kylie Minogue je predstavljena glazbenom etiketom EMI.	Kylie Minogue je predstavljena glazbenom etiketom 	 Kylie Minogue zastupa glazbena izdavačka kuća EMI.	Kylie Minogue zastupa glazbena izdavačka kuća EMI.	 Kylie Minogue zastupa glazbena izdavačka kuća 	EMI	Kylie Minogue zastupa glazbena izdavačka kuća 	EMI	EMI
Q2643	George Harrison	George Harrison	Q183412	EMI	EMI	George Harrison is represented by music label EMI .	George Harrison je predstavljena glazbenom etiketom EMI.	George Harrison je predstavljena glazbenom etiketom 	 Georgea Harrisona zastupa glazbena izdavačka kuća EMI.	Georgea Harrisona zastupa glazbena izdavačka kuća EMI.	 Georgea Harrisona zastupa glazbena izdavačka kuća 	EMI	Georgea Harrisona zastupa glazbena izdavačka kuća 	EMI	EMI
Q2353358	Mi Delirio	Mi Delirio	Q183412	EMI	EMI	Mi Delirio is represented by music label EMI .	Mi Delirio je predstavljena glazbenom etiketom EMI.	Mi Delirio je predstavljena glazbenom etiketom 	 Mi Delirio zastupa glazbena kuća EMI.	Mi Delirio zastupa glazbena izdavačka kuća EMI.	 Mi Delirio zastupa glazbena kuća 	EMI	Mi Delirio zastupa glazbena izdavačka kuća 	EMI	EMI
Q157079	Wir sind Helden	Wir sind Helden	Q183412	EMI	EMI	Wir sind Helden is represented by music label EMI .	Wir sind Helden je predstavljena glazbenom etiketom EMI.	Wir sind Helden je predstavljena glazbenom etiketom 	 Wir sind Helden predstavlja glazbena kuća EMI.	Wir sind Helden zastupa glazbena izdavačka kuća EMI.	 Wir sind Helden predstavlja glazbena kuća 	EMI	Wir sind Helden zastupa glazbena izdavačka kuća 	EMI	EMI
Q837099	Untitled	Untitled	Q183412	EMI	EMI	Untitled is represented by music label EMI .	Untitled je predstavljena glazbenom etiketom EMI.	Untitled je predstavljena glazbenom etiketom 	 Untitled zastupa glazbena izdavačka kuća EMI.	Translation: Untitled zastupa glazbena izdavačka kuća EMI.	 Untitled zastupa glazbena izdavačka kuća 	EMI	Translation: Untitled zastupa glazbena izdavačka kuća 	EMI	EMI
Q1072288	Chiddy Bang	Chiddy Bang	Q183412	EMI	EMI	Chiddy Bang is represented by music label EMI .	Chiddy Bang je predstavljena glazbenom etiketom EMI.	Chiddy Bang je predstavljena glazbenom etiketom 	 Chiddy Bang zastupa glazbena izdavačka kuća EMI.	Chiddy Bang zastupa glazbena izdavačka kuća EMI.	 Chiddy Bang zastupa glazbena izdavačka kuća 	EMI	Chiddy Bang zastupa glazbena izdavačka kuća 	EMI	EMI
Q170200	Lovedrive	Lovedrive	Q183412	EMI	EMI	Lovedrive is represented by music label EMI .	Lovedrive je predstavljena glazbenom etiketom EMI.	Lovedrive je predstavljena glazbenom etiketom 	 Lovedrive zastupa glazbena izdavačka kuća EMI.	Translation: Lovedrive zastupa glazbena izdavačka kuća EMI.	 Lovedrive zastupa glazbena izdavačka kuća 	EMI	Translation: Lovedrive zastupa glazbena izdavačka kuća 	EMI	EMI
Q188482	Robin Gibb	Robin Gibb	Q183412	EMI	EMI	Robin Gibb is represented by music label EMI .	Robin Gibb je predstavljena glazbenom etiketom EMI.	Robin Gibb je predstavljena glazbenom etiketom 	Robina Gibba zastupa glazbena izdavačka kuća EMI.	Robina Gibba zastupa glazbena izdavačka kuća EMI.	Robina Gibba zastupa glazbena izdavačka kuća 	EMI	Robina Gibba zastupa glazbena izdavačka kuća 	EMI	EMI
Q568065	Another One Bites the Dust	Another One Bites the Dust	Q183412	EMI	EMI	Another One Bites the Dust is represented by music label EMI .	Another One Bites the Dust je predstavljena glazbenom etiketom EMI.	Another One Bites the Dust je predstavljena glazbenom etiketom 	 Another One Bites the Dust zastupa glazbena izdavačka kuća EMI.	Another One Bites the Dust zastupa glazbena izdavačka kuća EMI.	 Another One Bites the Dust zastupa glazbena izdavačka kuća 	EMI	Another One Bites the Dust zastupa glazbena izdavačka kuća 	EMI	EMI
Q1785	Charles Aznavour	Charles Aznavour	Q183412	EMI	EMI	Charles Aznavour is represented by music label EMI .	Charles Aznavour je predstavljena glazbenom etiketom EMI.	Charles Aznavour je predstavljena glazbenom etiketom 	 Charlesa Aznavoura zastupa glazbena izdavačka kuća EMI.	Charlesa Aznavoura zastupa glazbena izdavačka kuća EMI.	 Charlesa Aznavoura zastupa glazbena izdavačka kuća 	EMI	Charlesa Aznavoura zastupa glazbena izdavačka kuća 	EMI	EMI
Q3437637	Mariana Ochoa	Mariana Ochoa	Q183412	EMI	EMI	Mariana Ochoa is represented by music label EMI .	Mariana Ochoa je predstavljena glazbenom etiketom EMI.	Mariana Ochoa je predstavljena glazbenom etiketom 	 Marianu Ochoa zastupa glazbena izdavačka kuća EMI.	Marianu Ochoa zastupa glazbena izdavačka kuća EMI.	 Marianu Ochoa zastupa glazbena izdavačka kuća 	EMI	Marianu Ochoa zastupa glazbena izdavačka kuća 	EMI	EMI
Q128297	Maria Callas	Maria Callas	Q183412	EMI	EMI	Maria Callas is represented by music label EMI .	Maria Callas je predstavljena glazbenom etiketom EMI.	Maria Callas je predstavljena glazbenom etiketom 	 Mariju Callas zastupa glazbena izdavačka kuća EMI.	Maria Callas zastupa glazbena izdavačka kuća EMI.	 Mariju Callas zastupa glazbena izdavačka kuća 	EMI	Maria Callas zastupa glazbena izdavačka kuća 	EMI	EMI
Q725244	Live After Death	Live After Death	Q183412	EMI	EMI	Live After Death is represented by music label EMI .	Live After Death je predstavljena glazbenom etiketom EMI.	Live After Death je predstavljena glazbenom etiketom 	 Live After Death zastupa glazbena izdavačka kuća EMI.	Live After Death zastupa glazbena izdavačka kuća EMI.	 Live After Death zastupa glazbena izdavačka kuća 	EMI	Live After Death zastupa glazbena izdavačka kuća 	EMI	EMI
Q131814	Tina Turner	Tina Turner	Q183412	EMI	EMI	Tina Turner is represented by music label EMI .	Tina Turner je predstavljena glazbenom etiketom EMI.	Tina Turner je predstavljena glazbenom etiketom 	 Tinu Turner zastupa glazbena izdavačka kuća EMI.	Tinu Turner zastupa glazbena izdavačka kuća EMI.	 Tinu Turner zastupa glazbena izdavačka kuća 	EMI	Tinu Turner zastupa glazbena izdavačka kuća 	EMI	EMI
Q595705	Talk Talk	Talk Talk	Q183412	EMI	EMI	Talk Talk is represented by music label EMI .	Talk Talk je predstavljena glazbenom etiketom EMI.	Talk Talk je predstavljena glazbenom etiketom 	 Talk Talk predstavlja glazbena izdavačka kuća EMI.	Talk Talk zastupa glazbena izdavačka kuća EMI.	 Talk Talk predstavlja glazbena izdavačka kuća 	EMI	Talk Talk zastupa glazbena izdavačka kuća 	EMI	EMI
Q2306	Pink Floyd	Pink Floyd	Q183412	EMI	EMI	Pink Floyd is represented by music label EMI .	Pink Floyd je predstavljena glazbenom etiketom EMI.	Pink Floyd je predstavljena glazbenom etiketom 	 Pink Floyd zastupa glazbena izdavačka kuća EMI.	Pink Floyd zastupa glazbena izdavačka kuća EMI.	 Pink Floyd zastupa glazbena izdavačka kuća 	EMI	Pink Floyd zastupa glazbena izdavačka kuća 	EMI	EMI
Q173790	Roxette	Roxette	Q183412	EMI	EMI	Roxette is represented by music label EMI .	Roxette je predstavljena glazbenom etiketom EMI.	Roxette je predstavljena glazbenom etiketom 	 Roxette zastupa glazbena izdavačka kuća EMI.	Roxette zastupa glazbena izdavačka kuća EMI.	 Roxette zastupa glazbena izdavačka kuća 	EMI	Roxette zastupa glazbena izdavačka kuća 	EMI	EMI
Q42482	Iron Maiden	Iron Maiden	Q183412	EMI	EMI	Iron Maiden is represented by music label EMI .	Iron Maiden je predstavljena glazbenom etiketom EMI.	Iron Maiden je predstavljena glazbenom etiketom 	 Iron Maiden zastupa glazbena izdavačka kuća EMI.	Iron Maiden zastupa glazbena izdavačka kuća EMI.	 Iron Maiden zastupa glazbena izdavačka kuća 	EMI	Iron Maiden zastupa glazbena izdavačka kuća 	EMI	EMI
Q8298	David Guetta	David Guetta	Q183412	EMI	EMI	David Guetta is represented by music label EMI .	David Guetta je predstavljena glazbenom etiketom EMI.	David Guetta je predstavljena glazbenom etiketom 	 Davida Guettu zastupa glazbena izdavačka kuća EMI.	Davida Guettu zastupa glazbena izdavačka kuća EMI.	 Davida Guettu zastupa glazbena izdavačka kuća 	EMI	Davida Guettu zastupa glazbena izdavačka kuća 	EMI	EMI
Q191819	George Martin	George Martin	Q183412	EMI	EMI	George Martin is represented by music label EMI .	George Martin je predstavljena glazbenom etiketom EMI.	George Martin je predstavljena glazbenom etiketom 	 Georgea Martina zastupa glazbena izdavačka kuća EMI.	Georgea Martina zastupa glazbena izdavačka kuća EMI.	 Georgea Martina zastupa glazbena izdavačka kuća 	EMI	Georgea Martina zastupa glazbena izdavačka kuća 	EMI	EMI
Q1768318	Acid Queen	Acid Queen	Q183412	EMI	EMI	Acid Queen is represented by music label EMI .	Acid Queen je predstavljena glazbenom etiketom EMI.	Acid Queen je predstavljena glazbenom etiketom 	 Acid Queen zastupa glazbena izdavačka kuća EMI.	Acid Queen zastupa glazbena izdavačka kuća EMI.	 Acid Queen zastupa glazbena izdavačka kuća 	EMI	Acid Queen zastupa glazbena izdavačka kuća 	EMI	EMI
Q229330	Vera Lynn	Vera Lynn	Q183412	EMI	EMI	Vera Lynn is represented by music label EMI .	Vera Lynn je predstavljena glazbenom etiketom EMI.	Vera Lynn je predstavljena glazbenom etiketom 	 Veru Lynn zastupa glazbena izdavačka kuća EMI.	Vera Lynn zastupa glazbena izdavačka kuća EMI.	 Veru Lynn zastupa glazbena izdavačka kuća 	EMI	Vera Lynn zastupa glazbena izdavačka kuća 	EMI	EMI
Q236212	Petula Clark	Petula Clark	Q183412	EMI	EMI	Petula Clark is represented by music label EMI .	Petula Clark je predstavljena glazbenom etiketom EMI.	Petula Clark je predstavljena glazbenom etiketom 	 Petulu Clark zastupa glazbena izdavačka kuća EMI.	Petulu Clark zastupa glazbena izdavačka kuća EMI.	 Petulu Clark zastupa glazbena izdavačka kuća 	EMI	Petulu Clark zastupa glazbena izdavačka kuća 	EMI	EMI
Q308899	Powerslave	Powerslave	Q183412	EMI	EMI	Powerslave is represented by music label EMI .	Powerslave je predstavljena glazbenom etiketom EMI.	Powerslave je predstavljena glazbenom etiketom 	 Powerslave predstavlja glazbena izdavačka kuća EMI.	Powerslave zastupa glazbena izdavačka kuća EMI.	 Powerslave predstavlja glazbena izdavačka kuća 	EMI	Powerslave zastupa glazbena izdavačka kuća 	EMI	EMI
Q43932	Angus Young	Angus Young	Q183412	EMI	EMI	Angus Young is represented by music label EMI .	Angus Young je predstavljena glazbenom etiketom EMI.	Angus Young je predstavljena glazbenom etiketom 	 Angusa Younga zastupa glazbena izdavačka kuća EMI.	Angusa Younga zastupa glazbena izdavačka kuća EMI.	 Angusa Younga zastupa glazbena izdavačka kuća 	EMI	Angusa Younga zastupa glazbena izdavačka kuća 	EMI	EMI
Q44892	Kraftwerk	Kraftwerk	Q183412	EMI	EMI	Kraftwerk is represented by music label EMI .	Kraftwerk je predstavljena glazbenom etiketom EMI.	Kraftwerk je predstavljena glazbenom etiketom 	Kraftwerk zastupa glazbena izdavačka kuća EMI.	Kraftwerk zastupa glazbena izdavačka kuća EMI.	Kraftwerk zastupa glazbena izdavačka kuća 	EMI	Kraftwerk zastupa glazbena izdavačka kuća 	EMI	EMI
