sub_uri	en_sub_label	sub_label	obj_uri	en_obj_label	obj_label	en_template	template	template_prompt	gt_translation	chatgpt_translation	gt_prompt	gt_infl_object	chatgpt_prompt	chatgpt_infl_object	aliases
Q157142	Die Zeit	Die Zeit	Q188	German	njemački jezik	Die Zeit was written in German .	Die Zeit je napisano u njemački jezik.	Die Zeit je napisano u 	 Die Zeit je napisan na njemačkom jeziku.	Die Zeit je napisana na njemačkom jeziku.	 Die Zeit je napisan na 	njemačkom	Die Zeit je napisana na 	njemačkom	German|||de
Q1492998	Mashina Vremeni	Mašina vremeni	Q1860	English	engleski jezik	Mashina Vremeni was written in English .	Mašina vremeni je napisano u engleski jezik.	Mašina vremeni je napisano u 	 Mašina Vremeni je napisana na engleskom jeziku.	Mašina vremeni je napisana na engleskom jeziku.	 Mašina Vremeni je napisana na 	engleskom	Mašina vremeni je napisana na 	engleskom	English|||engleski
Q1083159	Tom Pillibi	Tom Pillibi	Q150	French	francuski jezik	Tom Pillibi was written in French .	Tom Pillibi je napisano u francuski jezik.	Tom Pillibi je napisano u 	 Tom Pillibi napisan je na francuskom jeziku.	Tom Pillibi je napisan na francuskom jeziku.	 Tom Pillibi napisan je na 	francuskom	Tom Pillibi je napisan na 	francuskom	French|||francuski|||fr|||franc.|||fr.
Q1324321	El Mercurio	El Mercurio	Q1321	Spanish	španjolski jezik	El Mercurio was written in Spanish .	El Mercurio je napisano u španjolski jezik.	El Mercurio je napisano u 	 El Mercurio je napisan na španjolskom.	El Mercurio je napisan na španjolskom jeziku.	 El Mercurio je napisan na 	španjolskom	El Mercurio je napisan na 	španjolskom	Spanish|||španjolski|||kastiljanski|||kastiljski|||es|||šp.|||španj.
Q1248780	Politika	Politika	Q9299	Serbian	srpski jezik	Politika was written in Serbian .	Politika je napisano u srpski jezik.	Politika je napisano u 	 Politika je pisana na srpskom jeziku.	Politika je napisana na srpskom jeziku.	ERROR	ERROR	ERROR	ERROR	Serbian|||jezik srpskoga naroda|||sr
Q208460	1984	1984.	Q1860	English	engleski jezik	1984 was written in English .	1984. je napisano u engleski jezik.	1984. je napisano u 	 1984 je napisan na engleskom jeziku.	1984 je napisan na engleskom jeziku.	 1984 je napisan na 	engleskom	1984 je napisan na 	engleskom	English|||engleski
Q725244	Live After Death	Live After Death	Q1860	English	engleski jezik	Live After Death was written in English .	Live After Death je napisano u engleski jezik.	Live After Death je napisano u 	" ""Živjeti nakon smrti"" je napisan na engleskom jeziku."	Live After Death je napisan na engleskom jeziku.	" ""Živjeti nakon smrti"" je napisan na "	engleskom	Live After Death je napisan na 	engleskom	English|||engleski
Q1324151	El Espectador	El Espectador	Q1321	Spanish	španjolski jezik	El Espectador was written in Spanish .	El Espectador je napisano u španjolski jezik.	El Espectador je napisano u 	 El Espectador je napisan na španjolskom.	El Espectador je napisan na španjolskom jeziku.	 El Espectador je napisan na 	španjolskom	El Espectador je napisan na 	španjolskom	Spanish|||španjolski|||kastiljanski|||kastiljski|||es|||šp.|||španj.
Q34755	Kickstarter	Kickstarter	Q1860	English	engleski jezik	Kickstarter was written in English .	Kickstarter je napisano u engleski jezik.	Kickstarter je napisano u 	 Kickstarter je napisan na engleskom jeziku.	Kickstarter je napisan na engleskom jeziku.	 Kickstarter je napisan na 	engleskom	Kickstarter je napisan na 	engleskom	English|||engleski
Q205458	Meddle	Meddle	Q1860	English	engleski jezik	Meddle was written in English .	Meddle je napisano u engleski jezik.	Meddle je napisano u 	 Meddle je napisan na engleskom jeziku.	Meddle je napisan na engleskom jeziku.	 Meddle je napisan na 	engleskom	Meddle je napisan na 	engleskom	English|||engleski
Q326914	The Adventures of Tom Sawyer	Pustolovine Toma Sawyera	Q1860	English	engleski jezik	The Adventures of Tom Sawyer was written in English .	Pustolovine Toma Sawyera je napisano u engleski jezik.	Pustolovine Toma Sawyera je napisano u 	" ""Pustolovine Toma Sawyera"" napisane su na engleskom jeziku."	Pustolovine Toma Sawyera su napisane na engleskom jeziku.	" ""Pustolovine Toma Sawyera"" napisane su na "	engleskom	Pustolovine Toma Sawyera su napisane na 	engleskom	English|||engleski
Q304327	Abacab	Abacab	Q1860	English	engleski jezik	Abacab was written in English .	Abacab je napisano u engleski jezik.	Abacab je napisano u 	 Abacab je napisan na engleskom jeziku.	Abacab je napisan na engleskom jeziku.	 Abacab je napisan na 	engleskom	Abacab je napisan na 	engleskom	English|||engleski
Q300344	A Broken Frame	A Broken Frame	Q1860	English	engleski jezik	A Broken Frame was written in English .	A Broken Frame je napisano u engleski jezik.	A Broken Frame je napisano u 	" ""Slomljeni okvir"" napisan je na engleskom jeziku."	A Broken Frame je napisan na engleskom jeziku.	" ""Slomljeni okvir"" napisan je na "	engleskom	A Broken Frame je napisan na 	engleskom	English|||engleski
Q180445	Nature	Nature	Q1860	English	engleski jezik	Nature was written in English .	Nature je napisano u engleski jezik.	Nature je napisano u 	 Priroda je napisana na engleskom jeziku.	Nature je napisana na engleskom jeziku.	 Priroda je napisana na 	engleskom	Nature je napisana na 	engleskom	English|||engleski
Q14516546	Daniel	Daniel	Q150	French	francuski jezik	Daniel was written in French .	Daniel je napisano u francuski jezik.	Daniel je napisano u 	 Daniel je napisan na francuskom.	Daniel je napisan na francuskom jeziku.	 Daniel je napisan na 	francuskom	Daniel je napisan na 	francuskom	French|||francuski|||fr|||franc.|||fr.
Q16438	The Decameron	Dekameron	Q652	Italian	talijanski jezik	The Decameron was written in Italian .	Dekameron je napisano u talijanski jezik.	Dekameron je napisano u 	 Dekameron je napisan na talijanskom jeziku.	Dekameron je napisan na talijanskom jeziku.	 Dekameron je napisan na 	talijanskom	Dekameron je napisan na 	talijanskom	Italian|||talijanski|||italijanski|||tal.|||it
Q255381	Pinterest	Pinterest	Q1412	Finnish	Finski jezik	Pinterest was written in Finnish .	Pinterest je napisano u Finski jezik.	Pinterest je napisano u 	 Pinterest je napisan na finskom jeziku.	Pinterest je napisan na finskom jeziku.	ERROR	ERROR	ERROR	ERROR	Finnish|||fi
Q200725	Virtual XI	Virtual XI	Q1860	English	engleski jezik	Virtual XI was written in English .	Virtual XI je napisano u engleski jezik.	Virtual XI je napisano u 	 Virtualni XI je napisan na engleskom jeziku.	Virtual XI je napisan na engleskom jeziku.	 Virtualni XI je napisan na 	engleskom	Virtual XI je napisan na 	engleskom	English|||engleski
Q2033382	Shine On Brightly	Shine On Brightly	Q1860	English	engleski jezik	Shine On Brightly was written in English .	Shine On Brightly je napisano u engleski jezik.	Shine On Brightly je napisano u 	" ""Sijaj jarko"" napisana je na engleskom jeziku."	Shine On Brightly je napisan na engleskom jeziku.	" ""Sijaj jarko"" napisana je na "	engleskom	Shine On Brightly je napisan na 	engleskom	English|||engleski
Q180089	The Economist	The Economist	Q1860	English	engleski jezik	The Economist was written in English .	The Economist je napisano u engleski jezik.	The Economist je napisano u 	 Časopis The Economist je napisan na engleskom jeziku.	The Economist je napisan na engleskom jeziku.	 Časopis The Economist je napisan na 	engleskom	The Economist je napisan na 	engleskom	English|||engleski
Q186055	Git	Git	Q1860	English	engleski jezik	Git was written in English .	Git je napisano u engleski jezik.	Git je napisano u 	 Git je napisan na engleskom jeziku.	Git je napisan na engleskom jeziku.	 Git je napisan na 	engleskom	Git je napisan na 	engleskom	English|||engleski
Q14516546	Daniel	Daniel	Q7737	Russian	ruski jezik	Daniel was written in Russian .	Daniel je napisano u ruski jezik.	Daniel je napisano u 	 Daniel je napisan na ruskom.	Daniel je napisan na ruskom jeziku.	ERROR	ERROR	ERROR	ERROR	Russian|||Ruski jezik|||ru
Q133261	Du gamla, du fria	Du gamla, Du fria	Q9027	Swedish	Švedski jezik	Du gamla, du fria was written in Swedish .	Du gamla, Du fria je napisano u Švedski jezik.	Du gamla, Du fria je napisano u 	 Du gamla, du fria napisano je na švedskom.	Du gamla, Du fria je napisano na švedskom jeziku.	 Du gamla, du fria napisano je na 	švedskom	Du gamla, Du fria je napisano na 	švedskom	Swedish
Q214683	TF1	TF1	Q150	French	francuski jezik	TF1 was written in French .	TF1 je napisano u francuski jezik.	TF1 je napisano u 	TF1 je napisan na francuskom jeziku.	TF1 je napisan na francuskom jeziku.	TF1 je napisan na 	francuskom	TF1 je napisan na 	francuskom	French|||francuski|||fr|||franc.|||fr.
Q15294742	Rossiya Segodnya	Rossiya Segodnya	Q7737	Russian	ruski jezik	Rossiya Segodnya was written in Russian .	Rossiya Segodnya je napisano u ruski jezik.	Rossiya Segodnya je napisano u 	 Rossiya Segodnya je napisana na ruskom jeziku.	Rossiya Segodnya je napisana na ruskom jeziku.	ERROR	ERROR	ERROR	ERROR	Russian|||Ruski jezik|||ru
Q8065468	The Adventures of Pinocchio	Pinokijeve avanture	Q652	Italian	talijanski jezik	The Adventures of Pinocchio was written in Italian .	Pinokijeve avanture je napisano u talijanski jezik.	Pinokijeve avanture je napisano u 	" ""Pustolovine Pinokija"" napisane su na talijanskom jeziku."	Pinokijeve avanture su napisane na talijanskom jeziku.	" ""Pustolovine Pinokija"" napisane su na "	talijanskom	Pinokijeve avanture su napisane na 	talijanskom	Italian|||talijanski|||italijanski|||tal.|||it
Q389458	Aftonbladet	Aftonbladet	Q9027	Swedish	Švedski jezik	Aftonbladet was written in Swedish .	Aftonbladet je napisano u Švedski jezik.	Aftonbladet je napisano u 	 Aftonbladet je napisan na švedskom.	Aftonbladet je napisan na švedskom jeziku.	 Aftonbladet je napisan na 	švedskom	Aftonbladet je napisan na 	švedskom	Swedish
Q939890	La, la, la	La, la, la	Q1321	Spanish	španjolski jezik	La, la, la was written in Spanish .	La, la, la je napisano u španjolski jezik.	La, la, la je napisano u 	 La, la, la je bilo napisano na španjolskom.	La, la, la je napisana na španjolskom jeziku.	 La, la, la je bilo napisano na 	španjolskom	La, la, la je napisana na 	španjolskom	Spanish|||španjolski|||kastiljanski|||kastiljski|||es|||šp.|||španj.
Q60220	Aeneid	Eneida	Q397	Latin	latinski jezik	Aeneid was written in Latin .	Eneida je napisano u latinski jezik.	Eneida je napisano u 	 Eneida je napisana na latinskom jeziku.	Eneida je napisana na latinskom jeziku.	 Eneida je napisana na 	latinskom	Eneida je napisana na 	latinskom	Latin
Q721140	Pitchfork	Pitchfork Media	Q1860	English	engleski jezik	Pitchfork was written in English .	Pitchfork Media je napisano u engleski jezik.	Pitchfork Media je napisano u 	 Pitchfork je napisan na engleskom jeziku.	Pitchfork Media je napisan na engleskom jeziku.	 Pitchfork je napisan na 	engleskom	Pitchfork Media je napisan na 	engleskom	English|||engleski
Q19912	Radio France Internationale	Radio France internationale	Q7737	Russian	ruski jezik	Radio France Internationale was written in Russian .	Radio France internationale je napisano u ruski jezik.	Radio France internationale je napisano u 	 Radio France Internationale je napisan na ruskom jeziku.	Radio France internationale je napisan na ruskom jeziku.	ERROR	ERROR	ERROR	ERROR	Russian|||Ruski jezik|||ru
Q839810	The Massacre	The Massacre	Q1860	English	engleski jezik	The Massacre was written in English .	The Massacre je napisano u engleski jezik.	The Massacre je napisano u 	 Masakr je napisan na engleskom jeziku.	The Massacre je napisan na engleskom jeziku.	 Masakr je napisan na 	engleskom	The Massacre je napisan na 	engleskom	English|||engleski
Q19912	Radio France Internationale	Radio France internationale	Q1321	Spanish	španjolski jezik	Radio France Internationale was written in Spanish .	Radio France internationale je napisano u španjolski jezik.	Radio France internationale je napisano u 	 Radio France Internationale napisan je na španjolskom jeziku.	Radio France internationale je napisan na španjolskom jeziku.	 Radio France Internationale napisan je na 	španjolskom	Radio France internationale je napisan na 	španjolskom	Spanish|||španjolski|||kastiljanski|||kastiljski|||es|||šp.|||španj.
Q249660	On Every Street	On Every Street	Q1860	English	engleski jezik	On Every Street was written in English .	On Every Street je napisano u engleski jezik.	On Every Street je napisano u 	" ""U svakoj ulici"" je napisan na engleskom jeziku."	On Every Street je napisan na engleskom jeziku.	" ""U svakoj ulici"" je napisan na "	engleskom	On Every Street je napisan na 	engleskom	English|||engleski
Q174596	Moby-Dick	Moby Dick	Q1860	English	engleski jezik	Moby-Dick was written in English .	Moby Dick je napisano u engleski jezik.	Moby Dick je napisano u 	 Moby-Dick je napisan na engleskom jeziku.	Moby Dick je napisan na engleskom jeziku.	 Moby-Dick je napisan na 	engleskom	Moby Dick je napisan na 	engleskom	English|||engleski
Q206855	Russian Wikipedia	Wikipedija na ruskom jeziku	Q7737	Russian	ruski jezik	Russian Wikipedia was written in Russian .	Wikipedija na ruskom jeziku je napisano u ruski jezik.	Wikipedija na ruskom jeziku je napisano u 	 Ruska Wikipedija je napisana na ruskom jeziku.	Wikipedija na ruskom jeziku je napisana na ruskom jeziku.	ERROR	ERROR	ERROR	ERROR	Russian|||Ruski jezik|||ru
Q255381	Pinterest	Pinterest	Q652	Italian	talijanski jezik	Pinterest was written in Italian .	Pinterest je napisano u talijanski jezik.	Pinterest je napisano u 	 Pinterest je bio napisan na talijanskom jeziku.	Pinterest je napisan na talijanskom jeziku.	 Pinterest je bio napisan na 	talijanskom	Pinterest je napisan na 	talijanskom	Italian|||talijanski|||italijanski|||tal.|||it
Q171711	Star Trek Into Darkness	Zvjezdane staze: U tami	Q1860	English	engleski jezik	Star Trek Into Darkness was written in English .	Zvjezdane staze: U tami je napisano u engleski jezik.	Zvjezdane staze: U tami je napisano u 	 Zvjezdane staze: U tami napisane su na engleskom jeziku.	Zvjezdane staze: U tami je napisano na engleskom jeziku.	 Zvjezdane staze: U tami napisane su na 	engleskom	Zvjezdane staze: U tami je napisano na 	engleskom	English|||engleski
Q240021	Their Satanic Majesties Request	Their Satanic Majesties Request	Q1860	English	engleski jezik	Their Satanic Majesties Request was written in English .	Their Satanic Majesties Request je napisano u engleski jezik.	Their Satanic Majesties Request je napisano u 	 Zahtjev Njihovog Sotonističkog Veličanstva bio je napisan na engleskom jeziku.	Their Satanic Majesties Request je napisan na engleskom jeziku.	 Zahtjev Njihovog Sotonističkog Veličanstva bio je napisan na 	engleskom	Their Satanic Majesties Request je napisan na 	engleskom	English|||engleski
Q468697	Run Lola Run	Trči Lola trči	Q1860	English	engleski jezik	Run Lola Run was written in English .	Trči Lola trči je napisano u engleski jezik.	Trči Lola trči je napisano u 	 Run Lola Run napisana je na engleskom jeziku.	Trči Lola trči je napisan na engleskom jeziku.	 Run Lola Run napisana je na 	engleskom	Trči Lola trči je napisan na 	engleskom	English|||engleski
Q1043104	Charlie Hebdo	Charlie Hebdo	Q150	French	francuski jezik	Charlie Hebdo was written in French .	Charlie Hebdo je napisano u francuski jezik.	Charlie Hebdo je napisano u 	 Charlie Hebdo je pisan na francuskom jeziku.	Charlie Hebdo je napisan na francuskom jeziku.	 Charlie Hebdo je pisan na 	francuskom	Charlie Hebdo je napisan na 	francuskom	French|||francuski|||fr|||franc.|||fr.
Q1337990	Three Sides Live	Three Sides Live	Q1860	English	engleski jezik	Three Sides Live was written in English .	Three Sides Live je napisano u engleski jezik.	Three Sides Live je napisano u 	" ""Three Sides Live"" napisan je na engleskom jeziku."	Three Sides Live je napisan na engleskom jeziku.	" ""Three Sides Live"" napisan je na "	engleskom	Three Sides Live je napisan na 	engleskom	English|||engleski
Q795585	BBC Radio 1	BBC Radio 1	Q1860	English	engleski jezik	BBC Radio 1 was written in English .	BBC Radio 1 je napisano u engleski jezik.	BBC Radio 1 je napisano u 	 BBC Radio 1 je napisan na engleskom jeziku.	BBC Radio 1 je napisan na engleskom jeziku.	 BBC Radio 1 je napisan na 	engleskom	BBC Radio 1 je napisan na 	engleskom	English|||engleski
Q166032	The Washington Post	The Washington Post	Q1860	English	engleski jezik	The Washington Post was written in English .	The Washington Post je napisano u engleski jezik.	The Washington Post je napisano u 	 Washington Post je pisan na engleskom jeziku.	The Washington Post je napisan na engleskom jeziku.	 Washington Post je pisan na 	engleskom	The Washington Post je napisan na 	engleskom	English|||engleski
Q1008417	Net als toen	Net als toen	Q7411	Dutch	Nizozemski jezik	Net als toen was written in Dutch .	Net als toen je napisano u Nizozemski jezik.	Net als toen je napisano u 	Net als toen napisano je na nizozemskom.	Net als toen je napisan na nizozemskom jeziku.	Net als toen napisano je na 	nizozemskom	Net als toen je napisan na 	nizozemskom	Dutch|||nl
Q156203	Bild	Bild	Q188	German	njemački jezik	Bild was written in German .	Bild je napisano u njemački jezik.	Bild je napisano u 	 Bild je pisan na njemačkom jeziku.	Bild je napisan na njemačkom jeziku.	 Bild je pisan na 	njemačkom	Bild je napisan na 	njemačkom	German|||de
Q847683	Reggatta de Blanc	Reggatta de Blanc	Q1860	English	engleski jezik	Reggatta de Blanc was written in English .	Reggatta de Blanc je napisano u engleski jezik.	Reggatta de Blanc je napisano u 	 Reggatta de Blanc napisana je na engleskom jeziku.	Reggatta de Blanc je napisana na engleskom jeziku.	 Reggatta de Blanc napisana je na 	engleskom	Reggatta de Blanc je napisana na 	engleskom	English|||engleski
Q201873	The Marriage of Figaro	Figarov pir	Q652	Italian	talijanski jezik	The Marriage of Figaro was written in Italian .	Figarov pir je napisano u talijanski jezik.	Figarov pir je napisano u 	 Figarova ženidba napisana je na talijanskom jeziku.	Figarov pir je napisan na talijanskom jeziku.	 Figarova ženidba napisana je na 	talijanskom	Figarov pir je napisan na 	talijanskom	Italian|||talijanski|||italijanski|||tal.|||it
Q679321	Slide It In	Slide It In	Q1860	English	engleski jezik	Slide It In was written in English .	Slide It In je napisano u engleski jezik.	Slide It In je napisano u 	" ""Slide It In"" je napisan na engleskom jeziku."	Slide It In je napisan na engleskom jeziku.	" ""Slide It In"" je napisan na "	engleskom	Slide It In je napisan na 	engleskom	English|||engleski
Q1950960	Isle of Wight	Isle of Wight	Q1860	English	engleski jezik	Isle of Wight was written in English .	Isle of Wight je napisano u engleski jezik.	Isle of Wight je napisano u 	 Otok Wight napisan je na engleskom jeziku.	Isle of Wight je napisan na engleskom jeziku.	 Otok Wight napisan je na 	engleskom	Isle of Wight je napisan na 	engleskom	English|||engleski
Q150820	Playboy	Playboy	Q1860	English	engleski jezik	Playboy was written in English .	Playboy je napisano u engleski jezik.	Playboy je napisano u 	 Playboy je napisan na engleskom jeziku.	Playboy je napisan na engleskom jeziku.	 Playboy je napisan na 	engleskom	Playboy je napisan na 	engleskom	English|||engleski
Q1130167	Emotional Rescue	Emotional Rescue	Q1860	English	engleski jezik	Emotional Rescue was written in English .	Emotional Rescue je napisano u engleski jezik.	Emotional Rescue je napisano u 	" ""Emocionalno spašavanje"" napisano je na engleskom jeziku."	Emotional Rescue je napisan na engleskom jeziku.	" ""Emocionalno spašavanje"" napisano je na "	engleskom	Emotional Rescue je napisan na 	engleskom	English|||engleski
Q309625	We Can't Dance	We Can't Dance	Q1860	English	engleski jezik	We Can't Dance was written in English .	We Can't Dance je napisano u engleski jezik.	We Can't Dance je napisano u 	" Pjesma ""We Can't Dance"" napisana je na engleskom jeziku."	We Can't Dance je napisan na engleskom jeziku.	" Pjesma ""We Can't Dance"" napisana je na "	engleskom	We Can't Dance je napisan na 	engleskom	English|||engleski
Q11146	Maastricht Treaty	Ugovor iz Maastrichta	Q150	French	francuski jezik	Maastricht Treaty was written in French .	Ugovor iz Maastrichta je napisano u francuski jezik.	Ugovor iz Maastrichta je napisano u 	 Maastrichtski ugovor je napisan na francuskom jeziku.	Ugovor iz Maastrichta je napisan na francuskom jeziku.	 Maastrichtski ugovor je napisan na 	francuskom	Ugovor iz Maastrichta je napisan na 	francuskom	French|||francuski|||fr|||franc.|||fr.
Q48461	New Horizons	New Horizons	Q1860	English	engleski jezik	New Horizons was written in English .	New Horizons je napisano u engleski jezik.	New Horizons je napisano u 	 Novi horizonti su napisani na engleskom jeziku.	New Horizons je napisan na engleskom jeziku.	 Novi horizonti su napisani na 	engleskom	New Horizons je napisan na 	engleskom	English|||engleski
Q223181	Queen II	Queen II	Q1860	English	engleski jezik	Queen II was written in English .	Queen II je napisano u engleski jezik.	Queen II je napisano u 	 Kraljica II napisana je na engleskom jeziku.	Queen II je napisan na engleskom jeziku.	 Kraljica II napisana je na 	engleskom	Queen II je napisan na 	engleskom	English|||engleski
Q1459255	Human Touch	Human Touch	Q1860	English	engleski jezik	Human Touch was written in English .	Human Touch je napisano u engleski jezik.	Human Touch je napisano u 	" ""Ljudski dodir"" napisan je na engleskom jeziku."	Human Touch je napisan na engleskom jeziku.	" ""Ljudski dodir"" napisan je na "	engleskom	Human Touch je napisan na 	engleskom	English|||engleski
Q619342	Mediapart	Mediapart	Q150	French	francuski jezik	Mediapart was written in French .	Mediapart je napisano u francuski jezik.	Mediapart je napisano u 	 Mediapart je napisan na francuskom jeziku.	Mediapart je napisan na francuskom jeziku.	 Mediapart je napisan na 	francuskom	Mediapart je napisan na 	francuskom	French|||francuski|||fr|||franc.|||fr.
Q165231	100th Window	100th Window	Q1860	English	engleski jezik	100th Window was written in English .	100th Window je napisano u engleski jezik.	100th Window je napisano u 	" ""100. prozor"" je napisan na engleskom jeziku."	100th Window je napisan na engleskom jeziku.	" ""100. prozor"" je napisan na "	engleskom	100th Window je napisan na 	engleskom	English|||engleski
Q755019	Love Gun	Love Gun	Q1860	English	engleski jezik	Love Gun was written in English .	Love Gun je napisano u engleski jezik.	Love Gun je napisano u 	" ""Ljubavni pištolj"" je napisan na engleskom jeziku."	Love Gun je napisana na engleskom jeziku.	" ""Ljubavni pištolj"" je napisan na "	engleskom	Love Gun je napisana na 	engleskom	English|||engleski
Q1147199	Sefer Yetzirah	Sefer Jecira (Knjiga stvaranja)	Q9288	Hebrew	hebrejski jezik	Sefer Yetzirah was written in Hebrew .	Sefer Jecira (Knjiga stvaranja) je napisano u hebrejski jezik.	Sefer Jecira (Knjiga stvaranja) je napisano u 	 Sefer Jecira je napisan na hebrejskom.	Sefer Jecira je napisana na hebrejskom jeziku.	 Sefer Jecira je napisan na 	hebrejskom	Sefer Jecira je napisana na 	hebrejskom	Hebrew
Q206852	Light Years	Light Years	Q1860	English	engleski jezik	Light Years was written in English .	Light Years je napisano u engleski jezik.	Light Years je napisano u 	 Svjetlosne godine napisane su na engleskom jeziku.	Light Years je napisan na engleskom jeziku.	 Svjetlosne godine napisane su na 	engleskom	Light Years je napisan na 	engleskom	English|||engleski
Q171277	Aida	Aida	Q652	Italian	talijanski jezik	Aida was written in Italian .	Aida je napisano u talijanski jezik.	Aida je napisano u 	 Aida je napisana na talijanskom jeziku.	Aida je napisana na talijanskom jeziku.	 Aida je napisana na 	talijanskom	Aida je napisana na 	talijanskom	Italian|||talijanski|||italijanski|||tal.|||it
Q11740724	Derek	Derek	Q1860	English	engleski jezik	Derek was written in English .	Derek je napisano u engleski jezik.	Derek je napisano u 	 Derek je napisan na engleskom jeziku.	Derek je napisan na engleskom jeziku.	 Derek je napisan na 	engleskom	Derek je napisan na 	engleskom	English|||engleski
Q19912	Radio France Internationale	Radio France internationale	Q9199	Vietnamese	Vijetnamski jezik	Radio France Internationale was written in Vietnamese .	Radio France internationale je napisano u Vijetnamski jezik.	Radio France internationale je napisano u 	 Radio France Internationale napisan je na vijetnamskom jeziku.	Radio France internationale je napisan na vijetnamskom jeziku.	ERROR	ERROR	ERROR	ERROR	Vietnamese|||vi
Q213063	Herzeleid	Herzeleid	Q188	German	njemački jezik	Herzeleid was written in German .	Herzeleid je napisano u njemački jezik.	Herzeleid je napisano u 	 Herzeleid je napisan na njemačkom jeziku.	Herzeleid je napisan na njemačkom jeziku.	 Herzeleid je napisan na 	njemačkom	Herzeleid je napisan na 	njemačkom	German|||de
Q765031	Young Americans	Young Americans	Q1860	English	engleski jezik	Young Americans was written in English .	Young Americans je napisano u engleski jezik.	Young Americans je napisano u 	" Roman ""Mladi Amerikanci"" napisan je na engleskom jeziku."	Young Americans je napisan na engleskom jeziku.	" Roman ""Mladi Amerikanci"" napisan je na "	engleskom	Young Americans je napisan na 	engleskom	English|||engleski
Q3506147	Witnesses	Svjedoci	Q6654	Croatian	hrvatski jezik	Witnesses was written in Croatian .	Svjedoci je napisano u hrvatski jezik.	Svjedoci je napisano u 	Svjedoci su bili napisani na hrvatskom jeziku.	Svjedoci su napisani na hrvatskom jeziku.	Svjedoci su bili napisani na 	hrvatskom	Svjedoci su napisani na 	hrvatskom	Croatian|||hrvatski|||hr|||hrv.
Q181826	Please Please Me	Please Please Me	Q1860	English	engleski jezik	Please Please Me was written in English .	Please Please Me je napisano u engleski jezik.	Please Please Me je napisano u 	" ""Please Please Me"" je napisan na engleskom jeziku."	Please Please Me je napisan na engleskom jeziku.	" ""Please Please Me"" je napisan na "	engleskom	Please Please Me je napisan na 	engleskom	English|||engleski
Q192864	Science	Science	Q1860	English	engleski jezik	Science was written in English .	Science je napisano u engleski jezik.	Science je napisano u 	 Znanost je pisana na engleskom jeziku.	Science je napisana na engleskom jeziku.	 Znanost je pisana na 	engleskom	Science je napisana na 	engleskom	English|||engleski
Q2359213	Goodreads	Goodreads	Q1860	English	engleski jezik	Goodreads was written in English .	Goodreads je napisano u engleski jezik.	Goodreads je napisano u 	 Goodreads je napisan na engleskom jeziku.	Goodreads je napisan na engleskom jeziku.	 Goodreads je napisan na 	engleskom	Goodreads je napisan na 	engleskom	English|||engleski
Q116845	Silver Linings Playbook	U dobru i u zlu	Q1860	English	engleski jezik	Silver Linings Playbook was written in English .	U dobru i u zlu je napisano u engleski jezik.	U dobru i u zlu je napisano u 	" ""Silver Linings Playbook"" je napisan na engleskom jeziku."	U dobru i u zlu je napisan na engleskom jeziku.	" ""Silver Linings Playbook"" je napisan na "	engleskom	U dobru i u zlu je napisan na 	engleskom	English|||engleski
Q734566	Black Celebration	Black Celebration	Q1860	English	engleski jezik	Black Celebration was written in English .	Black Celebration je napisano u engleski jezik.	Black Celebration je napisano u 	" ""Crna proslava"" je napisana na engleskom jeziku."	Black Celebration je napisan na engleskom jeziku.	" ""Crna proslava"" je napisana na "	engleskom	Black Celebration je napisan na 	engleskom	English|||engleski
Q260948	2 Years On	2 Years On	Q1860	English	engleski jezik	2 Years On was written in English .	2 Years On je napisano u engleski jezik.	2 Years On je napisano u 	 2 Years On je napisan na engleskom jeziku.	2 Years On je napisan na engleskom jeziku.	 2 Years On je napisan na 	engleskom	2 Years On je napisan na 	engleskom	English|||engleski
Q14650387	Carpenter	Carpenter	Q1860	English	engleski jezik	Carpenter was written in English .	Carpenter je napisano u engleski jezik.	Carpenter je napisano u 	 Carpenter je napisan na engleskom jeziku.	Carpenter je napisan na engleskom jeziku.	 Carpenter je napisan na 	engleskom	Carpenter je napisan na 	engleskom	English|||engleski
Q652943	The Documentary	The Documentary	Q1860	English	engleski jezik	The Documentary was written in English .	The Documentary je napisano u engleski jezik.	The Documentary je napisano u 	 Dokumentarac je napisan na engleskom jeziku.	The Documentary je napisan na engleskom jeziku.	 Dokumentarac je napisan na 	engleskom	The Documentary je napisan na 	engleskom	English|||engleski
Q339065	Beggars Banquet	Beggars Banquet	Q1860	English	engleski jezik	Beggars Banquet was written in English .	Beggars Banquet je napisano u engleski jezik.	Beggars Banquet je napisano u 	" ""Prosjačka gozba"" napisana je na engleskom jeziku."	Beggars Banquet je napisan na engleskom jeziku.	" ""Prosjačka gozba"" napisana je na "	engleskom	Beggars Banquet je napisan na 	engleskom	English|||engleski
Q19862	Hybrid Theory	Hybrid Theory	Q1860	English	engleski jezik	Hybrid Theory was written in English .	Hybrid Theory je napisano u engleski jezik.	Hybrid Theory je napisano u 	 Hibridna teorija je napisana na engleskom jeziku.	Hybrid Theory je napisan na engleskom jeziku.	 Hibridna teorija je napisana na 	engleskom	Hybrid Theory je napisan na 	engleskom	English|||engleski
Q724315	Manic Nirvana	Manic Nirvana	Q1860	English	engleski jezik	Manic Nirvana was written in English .	Manic Nirvana je napisano u engleski jezik.	Manic Nirvana je napisano u 	 Manična Nirvana napisana je na engleskom jeziku.	Manic Nirvana je napisan na engleskom jeziku.	 Manična Nirvana napisana je na 	engleskom	Manic Nirvana je napisan na 	engleskom	English|||engleski
Q897878	Resta in ascolto	Resta in ascolto	Q652	Italian	talijanski jezik	Resta in ascolto was written in Italian .	Resta in ascolto je napisano u talijanski jezik.	Resta in ascolto je napisano u 	 Resta in ascolto napisana je na talijanskom jeziku.	Resta in ascolto je napisana na talijanskom jeziku.	 Resta in ascolto napisana je na 	talijanskom	Resta in ascolto je napisana na 	talijanskom	Italian|||talijanski|||italijanski|||tal.|||it
Q383663	Wind & Wuthering	Wind & Wuthering	Q1860	English	engleski jezik	Wind & Wuthering was written in English .	Wind & Wuthering je napisano u engleski jezik.	Wind & Wuthering je napisano u 	" ""Vjetar i oluja"" napisan je na engleskom jeziku."	Wind & Wuthering je napisan na engleskom jeziku.	" ""Vjetar i oluja"" napisan je na "	engleskom	Wind & Wuthering je napisan na 	engleskom	English|||engleski
Q3888048	Gazeta Polska	Gazeta Polska	Q809	Polish	Poljski jezik	Gazeta Polska was written in Polish .	Gazeta Polska je napisano u Poljski jezik.	Gazeta Polska je napisano u 	 Gazeta Polska je napisana na poljskom jeziku.	Gazeta Polska je napisana na poljskom jeziku.	 Gazeta Polska je napisana na 	poljskom	Gazeta Polska je napisana na 	poljskom	Polish|||pl
Q244963	First Blood	Rambo	Q1860	English	engleski jezik	First Blood was written in English .	Rambo je napisano u engleski jezik.	Rambo je napisano u 	" ""Prva krv"" je napisana na engleskom jeziku."	Rambo je napisan na engleskom jeziku.	" ""Prva krv"" je napisana na "	engleskom	Rambo je napisan na 	engleskom	English|||engleski
Q22663	The Pirate Bay	The Pirate Bay	Q1321	Spanish	španjolski jezik	The Pirate Bay was written in Spanish .	The Pirate Bay je napisano u španjolski jezik.	The Pirate Bay je napisano u 	 Piratski zaljev je napisan na španjolskom.	The Pirate Bay je napisan na španjolskom jeziku.	 Piratski zaljev je napisan na 	španjolskom	The Pirate Bay je napisan na 	španjolskom	Spanish|||španjolski|||kastiljanski|||kastiljski|||es|||šp.|||španj.
Q300333	A Bigger Bang	A Bigger Bang	Q1860	English	engleski jezik	A Bigger Bang was written in English .	A Bigger Bang je napisano u engleski jezik.	A Bigger Bang je napisano u 	" ""Veći prasak"" je napisan na engleskom jeziku."	A Bigger Bang je napisan na engleskom jeziku.	" ""Veći prasak"" je napisan na "	engleskom	A Bigger Bang je napisan na 	engleskom	English|||engleski
Q25338	The Little Prince	Mali princ	Q150	French	francuski jezik	The Little Prince was written in French .	Mali princ je napisano u francuski jezik.	Mali princ je napisano u 	 Mali princ je napisan na francuskom jeziku.	Mali princ je napisan na francuskom jeziku.	 Mali princ je napisan na 	francuskom	Mali princ je napisan na 	francuskom	French|||francuski|||fr|||franc.|||fr.
Q938642	Goats Head Soup	Goats Head Soup	Q1860	English	engleski jezik	Goats Head Soup was written in English .	Goats Head Soup je napisano u engleski jezik.	Goats Head Soup je napisano u 	" ""Juha od kozje glave"" napisana je na engleskom jeziku."	Goats Head Soup je napisan na engleskom jeziku.	" ""Juha od kozje glave"" napisana je na "	engleskom	Goats Head Soup je napisan na 	engleskom	English|||engleski
Q12461	Le Monde	Le Monde	Q150	French	francuski jezik	Le Monde was written in French .	Le Monde je napisano u francuski jezik.	Le Monde je napisano u 	 Le Monde je napisan na francuskom jeziku.	Le Monde je napisan na francuskom jeziku.	 Le Monde je napisan na 	francuskom	Le Monde je napisan na 	francuskom	French|||francuski|||fr|||franc.|||fr.
Q192632	NME	New Musical Express	Q1860	English	engleski jezik	NME was written in English .	New Musical Express je napisano u engleski jezik.	New Musical Express je napisano u 	 NME je napisan na engleskom jeziku.	New Musical Express je napisan na engleskom jeziku.	 NME je napisan na 	engleskom	New Musical Express je napisan na 	engleskom	English|||engleski
Q131718	Hava Nagila	Hava Nagila	Q9288	Hebrew	hebrejski jezik	Hava Nagila was written in Hebrew .	Hava Nagila je napisano u hebrejski jezik.	Hava Nagila je napisano u 	 Hava Nagila je napisana na hebrejskom.	Hava Nagila je napisana na hebrejskom jeziku.	 Hava Nagila je napisana na 	hebrejskom	Hava Nagila je napisana na 	hebrejskom	Hebrew
Q53464	Hungarian Wikipedia	Wikipedija na mađarskom jeziku	Q9067	Hungarian	Mađarski jezik	Hungarian Wikipedia was written in Hungarian .	Wikipedija na mađarskom jeziku je napisano u Mađarski jezik.	Wikipedija na mađarskom jeziku je napisano u 	Mađarska Wikipedija je napisana na mađarskom jeziku.	Wikipedija na mađarskom jeziku je napisana na mađarskom jeziku.	Mađarska Wikipedija je napisana na 	mađarskom	Wikipedija na mađarskom jeziku je napisana na 	mađarskom	Hungarian
Q379339	Let It Bleed	Let It Bleed	Q1860	English	engleski jezik	Let It Bleed was written in English .	Let It Bleed je napisano u engleski jezik.	Let It Bleed je napisano u 	" ""Let It Bleed"" je napisan na engleskom jeziku."	Let It Bleed je napisan na engleskom jeziku.	" ""Let It Bleed"" je napisan na "	engleskom	Let It Bleed je napisan na 	engleskom	English|||engleski
Q204528	18 Tracks	18 Tracks	Q1860	English	engleski jezik	18 Tracks was written in English .	18 Tracks je napisano u engleski jezik.	18 Tracks je napisano u 	 18 Tracks je napisan na engleskom jeziku.	18 Tracks je napisan na engleskom jeziku.	 18 Tracks je napisan na 	engleskom	18 Tracks je napisan na 	engleskom	English|||engleski
Q11148	The Guardian	The Guardian	Q1860	English	engleski jezik	The Guardian was written in English .	The Guardian je napisano u engleski jezik.	The Guardian je napisano u 	 Guardian je pisan na engleskom jeziku.	The Guardian je napisan na engleskom jeziku.	 Guardian je pisan na 	engleskom	The Guardian je napisan na 	engleskom	English|||engleski
Q147787	Anna Karenina	Ana Karenjina	Q7737	Russian	ruski jezik	Anna Karenina was written in Russian .	Ana Karenjina je napisano u ruski jezik.	Ana Karenjina je napisano u 	 Ana Karenjina je napisana na ruskom jeziku.	Ana Karenjina je napisana na ruskom jeziku.	ERROR	ERROR	ERROR	ERROR	Russian|||Ruski jezik|||ru
Q308899	Powerslave	Powerslave	Q1860	English	engleski jezik	Powerslave was written in English .	Powerslave je napisano u engleski jezik.	Powerslave je napisano u 	 Powerslave je napisan na engleskom jeziku.	Powerslave je napisan na engleskom jeziku.	 Powerslave je napisan na 	engleskom	Powerslave je napisan na 	engleskom	English|||engleski
Q203488	Croatian Wikipedia	Wikipedija na hrvatskom jeziku	Q6654	Croatian	hrvatski jezik	Croatian Wikipedia was written in Croatian .	Wikipedija na hrvatskom jeziku je napisano u hrvatski jezik.	Wikipedija na hrvatskom jeziku je napisano u 	 Hrvatska Wikipedija je napisana na hrvatskom jeziku.	Wikipedija na hrvatskom jeziku je napisana na hrvatskom jeziku.	 Hrvatska Wikipedija je napisana na 	hrvatskom	Wikipedija na hrvatskom jeziku je napisana na 	hrvatskom	Croatian|||hrvatski|||hr|||hrv.
Q646521	Mi Reflejo	Mi Reflejo	Q1321	Spanish	španjolski jezik	Mi Reflejo was written in Spanish .	Mi Reflejo je napisano u španjolski jezik.	Mi Reflejo je napisano u 	" ""Moj odraz"" je napisan na španjolskom."	Mi Reflejo je napisano na španjolskom jeziku.	" ""Moj odraz"" je napisan na "	španjolskom	Mi Reflejo je napisano na 	španjolskom	Spanish|||španjolski|||kastiljanski|||kastiljski|||es|||šp.|||španj.
Q200386	Serbian Wikipedia	Wikipedija na srpskom jeziku	Q9299	Serbian	srpski jezik	Serbian Wikipedia was written in Serbian .	Wikipedija na srpskom jeziku je napisano u srpski jezik.	Wikipedija na srpskom jeziku je napisano u 	 Srpska Wikipedija je napisana na srpskom jeziku.	Wikipedija na srpskom jeziku je napisana na srpskom jeziku.	ERROR	ERROR	ERROR	ERROR	Serbian|||jezik srpskoga naroda|||sr
Q844604	Cross Purposes	Cross Purposes	Q1860	English	engleski jezik	Cross Purposes was written in English .	Cross Purposes je napisano u engleski jezik.	Cross Purposes je napisano u 	" ""Unakrsne svrhe"" napisane su na engleskom jeziku."	Cross Purposes je napisan na engleskom jeziku.	" ""Unakrsne svrhe"" napisane su na "	engleskom	Cross Purposes je napisan na 	engleskom	English|||engleski
Q11920	Italian Wikipedia	Wikipedija na talijanskom jeziku	Q652	Italian	talijanski jezik	Italian Wikipedia was written in Italian .	Wikipedija na talijanskom jeziku je napisano u talijanski jezik.	Wikipedija na talijanskom jeziku je napisano u 	 Talijanska Wikipedija je napisana na talijanskom jeziku.	Wikipedija na talijanskom jeziku je napisana na talijanskom jeziku.	 Talijanska Wikipedija je napisana na 	talijanskom	Wikipedija na talijanskom jeziku je napisana na 	talijanskom	Italian|||talijanski|||italijanski|||tal.|||it
Q18336315	Ian	Ian	Q1860	English	engleski jezik	Ian was written in English .	Ian je napisano u engleski jezik.	Ian je napisano u 	 Ian je napisan na engleskom jeziku.	Ian je napisan na engleskom jeziku.	 Ian je napisan na 	engleskom	Ian je napisan na 	engleskom	English|||engleski
Q1130512	The 9th Company	9. satnija	Q7737	Russian	ruski jezik	The 9th Company was written in Russian .	9. satnija je napisano u ruski jezik.	9. satnija je napisano u 	 Deveta satnija je napisana na ruskom jeziku.	9. satnija je napisana na ruskom jeziku.	ERROR	ERROR	ERROR	ERROR	Russian|||Ruski jezik|||ru
Q206271	Ummagumma	Ummagumma	Q1860	English	engleski jezik	Ummagumma was written in English .	Ummagumma je napisano u engleski jezik.	Ummagumma je napisano u 	 Ummagumma je napisana na engleskom jeziku.	Ummagumma je napisan na engleskom jeziku.	 Ummagumma je napisana na 	engleskom	Ummagumma je napisan na 	engleskom	English|||engleski
Q6529317	Les Chansones Populaires	Les Chansones Populaires	Q9299	Serbian	srpski jezik	Les Chansones Populaires was written in Serbian .	Les Chansones Populaires je napisano u srpski jezik.	Les Chansones Populaires je napisano u 	 Les Chansones Populaires napisana je na srpskom jeziku.	Les Chansones Populaires je napisano na srpskom jeziku.	ERROR	ERROR	ERROR	ERROR	Serbian|||jezik srpskoga naroda|||sr
Q897878	Resta in ascolto	Resta in ascolto	Q1321	Spanish	španjolski jezik	Resta in ascolto was written in Spanish .	Resta in ascolto je napisano u španjolski jezik.	Resta in ascolto je napisano u 	 Resta in ascolto napisana je na španjolskom.	Resta in ascolto je napisana na španjolskom jeziku.	 Resta in ascolto napisana je na 	španjolskom	Resta in ascolto je napisana na 	španjolskom	Spanish|||španjolski|||kastiljanski|||kastiljski|||es|||šp.|||španj.
Q948316	Feral Tribune	Feral Tribune	Q6654	Croatian	hrvatski jezik	Feral Tribune was written in Croatian .	Feral Tribune je napisano u hrvatski jezik.	Feral Tribune je napisano u 	 Feral Tribune je pisan na hrvatskom jeziku.	Feral Tribune je napisan na hrvatskom jeziku.	 Feral Tribune je pisan na 	hrvatskom	Feral Tribune je napisan na 	hrvatskom	Croatian|||hrvatski|||hr|||hrv.
Q219747	Sheer Heart Attack	Sheer Heart Attack	Q1860	English	engleski jezik	Sheer Heart Attack was written in English .	Sheer Heart Attack je napisano u engleski jezik.	Sheer Heart Attack je napisano u 	" ""Čisti srčani udar"" napisan je na engleskom jeziku."	Sheer Heart Attack je napisan na engleskom jeziku.	" ""Čisti srčani udar"" napisan je na "	engleskom	Sheer Heart Attack je napisan na 	engleskom	English|||engleski
Q58419	Alright, Still	Alright, Still	Q1860	English	engleski jezik	Alright, Still was written in English .	Alright, Still je napisano u engleski jezik.	Alright, Still je napisano u 	 U redu, Still je bio napisan na engleskom.	Alright, Still je napisan na engleskom jeziku.	 U redu, Still je bio napisan na 	engleskom	Alright, Still je napisan na 	engleskom	English|||engleski
Q8449	Spanish Wikipedia	Wikipedija na španjolskom jeziku	Q1321	Spanish	španjolski jezik	Spanish Wikipedia was written in Spanish .	Wikipedija na španjolskom jeziku je napisano u španjolski jezik.	Wikipedija na španjolskom jeziku je napisano u 	 Španjolska Wikipedija je napisana na španjolskom.	Wikipedija na španjolskom jeziku je napisana na španjolskom jeziku.	 Španjolska Wikipedija je napisana na 	španjolskom	Wikipedija na španjolskom jeziku je napisana na 	španjolskom	Spanish|||španjolski|||kastiljanski|||kastiljski|||es|||šp.|||španj.
Q154968	Lili Marleen	Lili Marleen	Q188	German	njemački jezik	Lili Marleen was written in German .	Lili Marleen je napisano u njemački jezik.	Lili Marleen je napisano u 	 Lili Marleen je napisana na njemačkom jeziku.	Lili Marleen je napisana na njemačkom jeziku.	 Lili Marleen je napisana na 	njemačkom	Lili Marleen je napisana na 	njemačkom	German|||de
Q154674	Treaty of Utrecht	Mirovni ugovor iz Utrechta	Q1860	English	engleski jezik	Treaty of Utrecht was written in English .	Mirovni ugovor iz Utrechta je napisano u engleski jezik.	Mirovni ugovor iz Utrechta je napisano u 	 Utrechtski ugovor je napisan na engleskom jeziku.	Mirovni ugovor iz Utrechta je napisan na engleskom jeziku.	 Utrechtski ugovor je napisan na 	engleskom	Mirovni ugovor iz Utrechta je napisan na 	engleskom	English|||engleski
Q1999930	The Diamond Arm	Ruka od dragulja	Q7737	Russian	ruski jezik	The Diamond Arm was written in Russian .	Ruka od dragulja je napisano u ruski jezik.	Ruka od dragulja je napisano u 	"""Dijamantna ruka"" napisana je na ruskom."	Ruka od dragulja je napisana na ruskom jeziku.	ERROR	ERROR	ERROR	ERROR	Russian|||Ruski jezik|||ru
Q753867	The Lamb Lies Down on Broadway	The Lamb Lies Down on Broadway	Q1860	English	engleski jezik	The Lamb Lies Down on Broadway was written in English .	The Lamb Lies Down on Broadway je napisano u engleski jezik.	The Lamb Lies Down on Broadway je napisano u 	" ""Janje leži na Broadwayu"" napisano je na engleskom jeziku."	The Lamb Lies Down on Broadway je napisano na engleskom jeziku.	" ""Janje leži na Broadwayu"" napisano je na "	engleskom	The Lamb Lies Down on Broadway je napisano na 	engleskom	English|||engleski
Q1141350	Invisible Touch	Invisible Touch	Q1860	English	engleski jezik	Invisible Touch was written in English .	Invisible Touch je napisano u engleski jezik.	Invisible Touch je napisano u 	" ""Nevidljivi dodir"" napisan je na engleskom jeziku."	Invisible Touch je napisan na engleskom jeziku.	" ""Nevidljivi dodir"" napisan je na "	engleskom	Invisible Touch je napisan na 	engleskom	English|||engleski
Q104123	Pulp Fiction	Pakleni šund	Q1860	English	engleski jezik	Pulp Fiction was written in English .	Pakleni šund je napisano u engleski jezik.	Pakleni šund je napisano u 	 Pulp Fiction je napisan na engleskom jeziku.	Pakleni šund je napisan na engleskom jeziku.	 Pulp Fiction je napisan na 	engleskom	Pakleni šund je napisan na 	engleskom	English|||engleski
Q211193	Deep Purple In Rock	Deep Purple in Rock	Q1860	English	engleski jezik	Deep Purple In Rock was written in English .	Deep Purple in Rock je napisano u engleski jezik.	Deep Purple in Rock je napisano u 	 Pjesma Deep Purple In Rock napisana je na engleskom jeziku.	Deep Purple in Rock je napisan na engleskom jeziku.	 Pjesma Deep Purple In Rock napisana je na 	engleskom	Deep Purple in Rock je napisan na 	engleskom	English|||engleski
Q131713	Wilhelmus	Wilhelmus	Q7411	Dutch	Nizozemski jezik	Wilhelmus was written in Dutch .	Wilhelmus je napisano u Nizozemski jezik.	Wilhelmus je napisano u 	 Wilhelmus je napisan na nizozemskom.	Wilhelmus je napisan na nizozemskom jeziku.	 Wilhelmus je napisan na 	nizozemskom	Wilhelmus je napisan na 	nizozemskom	Dutch|||nl
Q169514	Swedish Wikipedia	Wikipedija na švedskom jeziku	Q9027	Swedish	Švedski jezik	Swedish Wikipedia was written in Swedish .	Wikipedija na švedskom jeziku je napisano u Švedski jezik.	Wikipedija na švedskom jeziku je napisano u 	 Švedska Wikipedija je napisana na švedskom jeziku.	Wikipedija na švedskom jeziku je napisana na švedskom jeziku.	 Švedska Wikipedija je napisana na 	švedskom	Wikipedija na švedskom jeziku je napisana na 	švedskom	Swedish
Q208521	The Division Bell	The Division Bell	Q1860	English	engleski jezik	The Division Bell was written in English .	The Division Bell je napisano u engleski jezik.	The Division Bell je napisano u 	 Zvono divizije napisano je na engleskom jeziku.	The Division Bell je napisan na engleskom jeziku.	 Zvono divizije napisano je na 	engleskom	The Division Bell je napisan na 	engleskom	English|||engleski
Q1551807	Polish Wikipedia	Wikipedija na poljskom jeziku	Q809	Polish	Poljski jezik	Polish Wikipedia was written in Polish .	Wikipedija na poljskom jeziku je napisano u Poljski jezik.	Wikipedija na poljskom jeziku je napisano u 	 Poljska Wikipedija je napisana na poljskom jeziku.	Wikipedija na poljskom jeziku je napisana na poljskom jeziku.	 Poljska Wikipedija je napisana na 	poljskom	Wikipedija na poljskom jeziku je napisana na 	poljskom	Polish|||pl
Q547315	Tattoo You	Tattoo You	Q1860	English	engleski jezik	Tattoo You was written in English .	Tattoo You je napisano u engleski jezik.	Tattoo You je napisano u 	" ""Tattoo You"" je napisan na engleskom jeziku."	Tattoo You je napisan na engleskom jeziku.	" ""Tattoo You"" je napisan na "	engleskom	Tattoo You je napisan na 	engleskom	English|||engleski
Q18049522	HuffPost	The Huffington Post	Q1860	English	engleski jezik	HuffPost was written in English .	The Huffington Post je napisano u engleski jezik.	The Huffington Post je napisano u 	 HuffPost je napisan na engleskom jeziku.	The Huffington Post je napisan na engleskom jeziku.	 HuffPost je napisan na 	engleskom	The Huffington Post je napisan na 	engleskom	English|||engleski
Q734951	The Final Frontier	The Final Frontier	Q1860	English	engleski jezik	The Final Frontier was written in English .	The Final Frontier je napisano u engleski jezik.	The Final Frontier je napisano u 	" ""Posljednja granica"" napisana je na engleskom jeziku."	The Final Frontier je napisan na engleskom jeziku.	" ""Posljednja granica"" napisana je na "	engleskom	The Final Frontier je napisan na 	engleskom	English|||engleski
Q173643	Abbey Road	Abbey Road	Q1860	English	engleski jezik	Abbey Road was written in English .	Abbey Road je napisano u engleski jezik.	Abbey Road je napisano u 	" ""Abbey Road"" je napisan na engleskom jeziku."	Abbey Road je napisan na engleskom jeziku.	" ""Abbey Road"" je napisan na "	engleskom	Abbey Road je napisan na 	engleskom	English|||engleski
Q153723	Inglourious Basterds	Nemilosrdni gadovi	Q1860	English	engleski jezik	Inglourious Basterds was written in English .	Nemilosrdni gadovi je napisano u engleski jezik.	Nemilosrdni gadovi je napisano u 	" ""Inglourious Basterds"" je napisan na engleskom jeziku."	Nemilosrdni gadovi su napisani na engleskom jeziku.	" ""Inglourious Basterds"" je napisan na "	engleskom	Nemilosrdni gadovi su napisani na 	engleskom	English|||engleski
Q847859	Mermaid Avenue	Mermaid Avenue	Q1860	English	engleski jezik	Mermaid Avenue was written in English .	Mermaid Avenue je napisano u engleski jezik.	Mermaid Avenue je napisano u 	" ""Avenija sirena"" napisana je na engleskom jeziku."	Mermaid Avenue je napisan na engleskom jeziku.	" ""Avenija sirena"" napisana je na "	engleskom	Mermaid Avenue je napisan na 	engleskom	English|||engleski
Q2062366	Tydfil	Tydfil	Q9309	Welsh	Velški jezik	Tydfil was written in Welsh .	Tydfil je napisano u Velški jezik.	Tydfil je napisano u 	 Tydfil je napisan na velškom jeziku.	Tydfil je napisan na velškom jeziku.	ERROR	ERROR	ERROR	ERROR	Welsh
Q255381	Pinterest	Pinterest	Q1860	English	engleski jezik	Pinterest was written in English .	Pinterest je napisano u engleski jezik.	Pinterest je napisano u 	 Pinterest je bio napisan na engleskom jeziku.	Pinterest je napisan na engleskom jeziku.	 Pinterest je bio napisan na 	engleskom	Pinterest je napisan na 	engleskom	English|||engleski
Q923	Alexander	Alexander	Q1860	English	engleski jezik	Alexander was written in English .	Alexander je napisano u engleski jezik.	Alexander je napisano u 	 Aleksandar je napisan na engleskom jeziku.	Alexander je napisan na engleskom jeziku.	 Aleksandar je napisan na 	engleskom	Alexander je napisan na 	engleskom	English|||engleski
Q192039	Don Giovanni	Don Giovanni	Q652	Italian	talijanski jezik	Don Giovanni was written in Italian .	Don Giovanni je napisano u talijanski jezik.	Don Giovanni je napisano u 	 Don Giovanni je napisan na talijanskom jeziku.	Don Giovanni je napisan na talijanskom jeziku.	 Don Giovanni je napisan na 	talijanskom	Don Giovanni je napisan na 	talijanskom	Italian|||talijanski|||italijanski|||tal.|||it
Q44289	Off the Wall	Off the Wall	Q1860	English	engleski jezik	Off the Wall was written in English .	Off the Wall je napisano u engleski jezik.	Off the Wall je napisano u 	" ""Off the Wall"" je napisan na engleskom jeziku."	Off the Wall je napisan na engleskom jeziku.	" ""Off the Wall"" je napisan na "	engleskom	Off the Wall je napisan na 	engleskom	English|||engleski
Q2407962	Lifehacker	Lifehacker	Q1860	English	engleski jezik	Lifehacker was written in English .	Lifehacker je napisano u engleski jezik.	Lifehacker je napisano u 	 Lifehacker je napisan na engleskom jeziku.	Lifehacker je napisan na engleskom jeziku.	 Lifehacker je napisan na 	engleskom	Lifehacker je napisan na 	engleskom	English|||engleski
Q199693	Catalan Wikipedia	Wikipedija na katalonskom jeziku	Q7026	Catalan	Katalonski jezik	Catalan Wikipedia was written in Catalan .	Wikipedija na katalonskom jeziku je napisano u Katalonski jezik.	Wikipedija na katalonskom jeziku je napisano u 	 Katalonska Wikipedija je napisana na katalonskom jeziku.	Wikipedija na katalonskom jeziku je napisana na katalonskom jeziku.	 Katalonska Wikipedija je napisana na 	katalonskom	Wikipedija na katalonskom jeziku je napisana na 	katalonskom	Catalan|||ca
Q200180	Vietnamese Wikipedia	Wikipedija na vijetnamskom jeziku	Q9199	Vietnamese	Vijetnamski jezik	Vietnamese Wikipedia was written in Vietnamese .	Wikipedija na vijetnamskom jeziku je napisano u Vijetnamski jezik.	Wikipedija na vijetnamskom jeziku je napisano u 	Vijetnamska Wikipedija je napisana na vijetnamskom jeziku.	Wikipedija na vijetnamskom jeziku je napisana na vijetnamskom jeziku.	ERROR	ERROR	ERROR	ERROR	Vietnamese|||vi
Q1429430	Live	Live	Q1860	English	engleski jezik	Live was written in English .	Live je napisano u engleski jezik.	Live je napisano u 	 Uživo je napisan na engleskom jeziku.	Live je napisan na engleskom jeziku.	 Uživo je napisan na 	engleskom	Live je napisan na 	engleskom	English|||engleski
Q5064	The Magic Flute	Čarobna frula	Q188	German	njemački jezik	The Magic Flute was written in German .	Čarobna frula je napisano u njemački jezik.	Čarobna frula je napisano u 	 Čarobna frula napisana je na njemačkom jeziku.	Čarobna frula je napisana na njemačkom jeziku.	 Čarobna frula napisana je na 	njemačkom	Čarobna frula je napisana na 	njemačkom	German|||de
Q1421260	Fitz	Fitz	Q1860	English	engleski jezik	Fitz was written in English .	Fitz je napisano u engleski jezik.	Fitz je napisano u 	 Fitz je napisan na engleskom jeziku.	Fitz je napisan na engleskom jeziku.	 Fitz je napisan na 	engleskom	Fitz je napisan na 	engleskom	English|||engleski
Q1963807	Use Your Illusion II	Use Your Illusion II	Q1860	English	engleski jezik	Use Your Illusion II was written in English .	Use Your Illusion II je napisano u engleski jezik.	Use Your Illusion II je napisano u 	" ""Upotrijebi svoju iluziju II"" napisan je na engleskom jeziku."	Use Your Illusion II je napisan na engleskom jeziku.	" ""Upotrijebi svoju iluziju II"" napisan je na "	engleskom	Use Your Illusion II je napisan na 	engleskom	English|||engleski
Q82300	…And Then There Were Three…	...And Then There Were Three...	Q1860	English	engleski jezik	…And Then There Were Three… was written in English .	...And Then There Were Three... je napisano u engleski jezik.	...And Then There Were Three... je napisano u 	 ...I onda ih je bilo troje... napisan je na engleskom jeziku.	...And Then There Were Three... je napisan na engleskom jeziku.	 ...I onda ih je bilo troje... napisan je na 	engleskom	...And Then There Were Three... je napisan na 	engleskom	English|||engleski
Q202996	OK Computer	OK Computer	Q1860	English	engleski jezik	OK Computer was written in English .	OK Computer je napisano u engleski jezik.	OK Computer je napisano u 	 OK Computer je napisan na engleskom jeziku.	OK Computer je napisan na engleskom jeziku.	 OK Computer je napisan na 	engleskom	OK Computer je napisan na 	engleskom	English|||engleski
Q14516546	Daniel	Daniel	Q9288	Hebrew	hebrejski jezik	Daniel was written in Hebrew .	Daniel je napisano u hebrejski jezik.	Daniel je napisano u 	 Daniel je napisan na hebrejskom.	Daniel je napisan na hebrejskom jeziku.	 Daniel je napisan na 	hebrejskom	Daniel je napisan na 	hebrejskom	Hebrew
Q1215200	White	White	Q1860	English	engleski jezik	White was written in English .	White je napisano u engleski jezik.	White je napisano u 	 Bijelo je napisano na engleskom jeziku.	White je napisan na engleskom jeziku.	 Bijelo je napisano na 	engleskom	White je napisan na 	engleskom	English|||engleski
Q461	Internet Archive	Internet Arhiv	Q1860	English	engleski jezik	Internet Archive was written in English .	Internet Arhiv je napisano u engleski jezik.	Internet Arhiv je napisano u 	 Internet Archive je napisan na engleskom jeziku.	Internet Arhiv je napisan na engleskom jeziku.	 Internet Archive je napisan na 	engleskom	Internet Arhiv je napisan na 	engleskom	English|||engleski
Q781387	Anastasia	Anastasia	Q7737	Russian	ruski jezik	Anastasia was written in Russian .	Anastasia je napisano u ruski jezik.	Anastasia je napisano u 	 Anastazija je napisana na ruskom jeziku.	Anastasia je napisana na ruskom jeziku.	ERROR	ERROR	ERROR	ERROR	Russian|||Ruski jezik|||ru
Q328993	Definitely Maybe	Definitely Maybe	Q1860	English	engleski jezik	Definitely Maybe was written in English .	Definitely Maybe je napisano u engleski jezik.	Definitely Maybe je napisano u 	" ""Definitivno možda"" je napisan na engleskom."	Definitely Maybe je napisan na engleskom jeziku.	" ""Definitivno možda"" je napisan na "	engleskom	Definitely Maybe je napisan na 	engleskom	English|||engleski
Q734543	Some Great Reward	Some Great Reward	Q1860	English	engleski jezik	Some Great Reward was written in English .	Some Great Reward je napisano u engleski jezik.	Some Great Reward je napisano u 	" ""Neka velika nagrada"" je napisana na engleskom jeziku."	Some Great Reward je napisana na engleskom jeziku.	" ""Neka velika nagrada"" je napisana na "	engleskom	Some Great Reward je napisana na 	engleskom	English|||engleski
Q255381	Pinterest	Pinterest	Q150	French	francuski jezik	Pinterest was written in French .	Pinterest je napisano u francuski jezik.	Pinterest je napisano u 	 Pinterest je bio napisan na francuskom.	Pinterest je napisan na francuskom jeziku.	 Pinterest je bio napisan na 	francuskom	Pinterest je napisan na 	francuskom	French|||francuski|||fr|||franc.|||fr.
Q187745	Bohemian Rhapsody	Bohemian Rhapsody	Q1860	English	engleski jezik	Bohemian Rhapsody was written in English .	Bohemian Rhapsody je napisano u engleski jezik.	Bohemian Rhapsody je napisano u 	 Bohemian Rhapsody je napisan na engleskom jeziku.	Bohemian Rhapsody je napisana na engleskom jeziku.	 Bohemian Rhapsody je napisan na 	engleskom	Bohemian Rhapsody je napisana na 	engleskom	English|||engleski
Q8447	French Wikipedia	Wikipedija na francuskom jeziku	Q150	French	francuski jezik	French Wikipedia was written in French .	Wikipedija na francuskom jeziku je napisano u francuski jezik.	Wikipedija na francuskom jeziku je napisano u 	 Francuska Wikipedija je napisana na francuskom jeziku.	Wikipedija na francuskom jeziku je napisana na francuskom jeziku.	 Francuska Wikipedija je napisana na 	francuskom	Wikipedija na francuskom jeziku je napisana na 	francuskom	French|||francuski|||fr|||franc.|||fr.
Q647379	Dead Souls	Mrtve duše	Q7737	Russian	ruski jezik	Dead Souls was written in Russian .	Mrtve duše je napisano u ruski jezik.	Mrtve duše je napisano u 	 Mrtve duše su napisane na ruskom jeziku.	Mrtve duše su napisane na ruskom jeziku.	ERROR	ERROR	ERROR	ERROR	Russian|||Ruski jezik|||ru
Q188515	Los Angeles Times	Los Angeles Times	Q1860	English	engleski jezik	Los Angeles Times was written in English .	Los Angeles Times je napisano u engleski jezik.	Los Angeles Times je napisano u 	 Los Angeles Times je pisan na engleskom jeziku.	Los Angeles Times je napisan na engleskom jeziku.	 Los Angeles Times je pisan na 	engleskom	Los Angeles Times je napisan na 	engleskom	English|||engleski
Q11354	Apache HTTP Server	Apache HTTP poslužitelj	Q1860	English	engleski jezik	Apache HTTP Server was written in English .	Apache HTTP poslužitelj je napisano u engleski jezik.	Apache HTTP poslužitelj je napisano u 	 Apache HTTP Server je napisan na engleskom jeziku.	Apache HTTP poslužitelj je napisan na engleskom jeziku.	 Apache HTTP Server je napisan na 	engleskom	Apache HTTP poslužitelj je napisan na 	engleskom	English|||engleski
Q11876	The Little Match Girl	Djevojčica sa šibicama	Q9035	Danish	Danski jezik	The Little Match Girl was written in Danish .	Djevojčica sa šibicama je napisano u Danski jezik.	Djevojčica sa šibicama je napisano u 	" ""Djevojčica sa šibicama"" napisana je na danskom jeziku."	Djevojčica sa šibicama je napisana na danskom jeziku.	ERROR	ERROR	ERROR	ERROR	Danish
Q164974	Oliver Twist	Oliver Twist	Q1860	English	engleski jezik	Oliver Twist was written in English .	Oliver Twist je napisano u engleski jezik.	Oliver Twist je napisano u 	 Oliver Twist je napisan na engleskom jeziku.	Oliver Twist je napisan na engleskom jeziku.	 Oliver Twist je napisan na 	engleskom	Oliver Twist je napisan na 	engleskom	English|||engleski
Q92640	Alice's Adventures in Wonderland	Alisa u zemlji čudesa	Q1860	English	engleski jezik	Alice's Adventures in Wonderland was written in English .	Alisa u zemlji čudesa je napisano u engleski jezik.	Alisa u zemlji čudesa je napisano u 	"""Alisine pustolovine u zemlji čudesa"" napisane su na engleskom jeziku."	Alisa u zemlji čudesa je napisana na engleskom jeziku.	"""Alisine pustolovine u zemlji čudesa"" napisane su na "	engleskom	Alisa u zemlji čudesa je napisana na 	engleskom	English|||engleski
Q83071	Downton Abbey	Downton Abbey	Q1860	English	engleski jezik	Downton Abbey was written in English .	Downton Abbey je napisano u engleski jezik.	Downton Abbey je napisano u 	 Downton Abbey je napisan na engleskom jeziku.	Downton Abbey je napisano na engleskom jeziku.	 Downton Abbey je napisan na 	engleskom	Downton Abbey je napisano na 	engleskom	English|||engleski
Q190640	Rubber Soul	Rubber Soul	Q1860	English	engleski jezik	Rubber Soul was written in English .	Rubber Soul je napisano u engleski jezik.	Rubber Soul je napisano u 	" ""Rubber Soul"" je napisan na engleskom jeziku."	Rubber Soul je napisan na engleskom jeziku.	" ""Rubber Soul"" je napisan na "	engleskom	Rubber Soul je napisan na 	engleskom	English|||engleski
Q263257	Construction Time Again	Construction Time Again	Q1860	English	engleski jezik	Construction Time Again was written in English .	Construction Time Again je napisano u engleski jezik.	Construction Time Again je napisano u 	" ""Construction Time Again"" je napisan na engleskom jeziku."	Construction Time Again je napisan na engleskom jeziku.	" ""Construction Time Again"" je napisan na "	engleskom	Construction Time Again je napisan na 	engleskom	English|||engleski
Q1176628	Mi plan	Mi Plan	Q1321	Spanish	španjolski jezik	Mi plan was written in Spanish .	Mi Plan je napisano u španjolski jezik.	Mi Plan je napisano u 	 Moj plan je bio napisan na španjolskom.	Mi Plan je napisan na španjolskom jeziku.	 Moj plan je bio napisan na 	španjolskom	Mi Plan je napisan na 	španjolskom	Spanish|||španjolski|||kastiljanski|||kastiljski|||es|||šp.|||španj.
Q1123979	Voodoo Lounge	Voodoo Lounge	Q1860	English	engleski jezik	Voodoo Lounge was written in English .	Voodoo Lounge je napisano u engleski jezik.	Voodoo Lounge je napisano u 	 Voodoo Lounge je napisan na engleskom jeziku.	Voodoo Lounge je napisan na engleskom jeziku.	 Voodoo Lounge je napisan na 	engleskom	Voodoo Lounge je napisan na 	engleskom	English|||engleski
Q170583	Pride and Prejudice	Ponos i predrasude	Q1860	English	engleski jezik	Pride and Prejudice was written in English .	Ponos i predrasude je napisano u engleski jezik.	Ponos i predrasude je napisano u 	" ""Ponos i predrasude"" napisan je na engleskom jeziku."	Ponos i predrasude je napisan na engleskom jeziku.	" ""Ponos i predrasude"" napisan je na "	engleskom	Ponos i predrasude je napisan na 	engleskom	English|||engleski
Q43297	Time	Time	Q1860	English	engleski jezik	Time was written in English .	Time je napisano u engleski jezik.	Time je napisano u 	 Vrijeme je bilo napisano na engleskom jeziku.	Time je napisan na engleskom jeziku.	 Vrijeme je bilo napisano na 	engleskom	Time je napisan na 	engleskom	English|||engleski
Q834410	Nursery Cryme	Nursery Cryme	Q1860	English	engleski jezik	Nursery Cryme was written in English .	Nursery Cryme je napisano u engleski jezik.	Nursery Cryme je napisano u 	" ""Nusry Cryme"" je napisan na engleskom jeziku."	Nursery Cryme je napisan na engleskom jeziku.	" ""Nusry Cryme"" je napisan na "	engleskom	Nursery Cryme je napisan na 	engleskom	English|||engleski
Q753298	Uncle Danya	Ujak Vanja	Q7737	Russian	ruski jezik	Uncle Danya was written in Russian .	Ujak Vanja je napisano u ruski jezik.	Ujak Vanja je napisano u 	" ""Ujak Danja"" je napisan na ruskom."	Ujak Vanja je napisan na ruskom jeziku.	ERROR	ERROR	ERROR	ERROR	Russian|||Ruski jezik|||ru
Q214371	The Great Gatsby	Veliki Gatsby	Q1860	English	engleski jezik	The Great Gatsby was written in English .	Veliki Gatsby je napisano u engleski jezik.	Veliki Gatsby je napisano u 	 Veliki Gatsby je napisan na engleskom jeziku.	Veliki Gatsby je napisan na engleskom jeziku.	 Veliki Gatsby je napisan na 	engleskom	Veliki Gatsby je napisan na 	engleskom	English|||engleski
Q10135	LibreOffice	LibreOffice	Q1860	English	engleski jezik	LibreOffice was written in English .	LibreOffice je napisano u engleski jezik.	LibreOffice je napisano u 	 LibreOffice je napisan na engleskom jeziku.	LibreOffice je napisan na engleskom jeziku.	 LibreOffice je napisan na 	engleskom	LibreOffice je napisan na 	engleskom	English|||engleski
Q255381	Pinterest	Pinterest	Q1321	Spanish	španjolski jezik	Pinterest was written in Spanish .	Pinterest je napisano u španjolski jezik.	Pinterest je napisano u 	 Pinterest je bio napisan na španjolskom.	Pinterest je napisan na španjolskom jeziku.	 Pinterest je bio napisan na 	španjolskom	Pinterest je napisan na 	španjolskom	Spanish|||španjolski|||kastiljanski|||kastiljski|||es|||šp.|||španj.
Q1930135	Power, Corruption & Lies	Power, Corruption & Lies	Q1860	English	engleski jezik	Power, Corruption & Lies was written in English .	Power, Corruption & Lies je napisano u engleski jezik.	Power, Corruption & Lies je napisano u 	 Moć, korupcija i laži napisana je na engleskom jeziku.	Power, Corruption & Lies je napisan na engleskom jeziku.	 Moć, korupcija i laži napisana je na 	engleskom	Power, Corruption & Lies je napisan na 	engleskom	English|||engleski
Q645573	Winnipeg Free Press	Winnipeg Free Press	Q1860	English	engleski jezik	Winnipeg Free Press was written in English .	Winnipeg Free Press je napisano u engleski jezik.	Winnipeg Free Press je napisano u 	 Winnipeg Free Press je pisan na engleskom jeziku.	Winnipeg Free Press je napisan na engleskom jeziku.	 Winnipeg Free Press je pisan na 	engleskom	Winnipeg Free Press je napisan na 	engleskom	English|||engleski
Q590208	Allgemeine Deutsche Biographie	Allgemeine Deutsche Biographie	Q188	German	njemački jezik	Allgemeine Deutsche Biographie was written in German .	Allgemeine Deutsche Biographie je napisano u njemački jezik.	Allgemeine Deutsche Biographie je napisano u 	 Allgemeine Deutsche Biographie napisana je na njemačkom jeziku.	Allgemeine Deutsche Biographie je napisana na njemačkom jeziku.	 Allgemeine Deutsche Biographie napisana je na 	njemačkom	Allgemeine Deutsche Biographie je napisana na 	njemačkom	German|||de
Q10135	LibreOffice	LibreOffice	Q1412	Finnish	Finski jezik	LibreOffice was written in Finnish .	LibreOffice je napisano u Finski jezik.	LibreOffice je napisano u 	 LibreOffice je napisan na finskom jeziku.	LibreOffice je napisan na finskom jeziku.	ERROR	ERROR	ERROR	ERROR	Finnish|||fi
Q745850	Sticky Fingers	Sticky Fingers	Q1860	English	engleski jezik	Sticky Fingers was written in English .	Sticky Fingers je napisano u engleski jezik.	Sticky Fingers je napisano u 	" ""Ljepljivi prsti"" je napisan na engleskom jeziku."	Sticky Fingers je napisan na engleskom jeziku.	" ""Ljepljivi prsti"" je napisan na "	engleskom	Sticky Fingers je napisan na 	engleskom	English|||engleski
Q48183	German Wikipedia	Wikipedija na njemačkom jeziku	Q188	German	njemački jezik	German Wikipedia was written in German .	Wikipedija na njemačkom jeziku je napisano u njemački jezik.	Wikipedija na njemačkom jeziku je napisano u 	 Njemačka Wikipedija je napisana na njemačkom jeziku.	Wikipedija na njemačkom jeziku je napisana na njemačkom jeziku.	 Njemačka Wikipedija je napisana na 	njemačkom	Wikipedija na njemačkom jeziku je napisana na 	njemačkom	German|||de
Q8736	Treaty of Versailles	Versajski ugovor	Q150	French	francuski jezik	Treaty of Versailles was written in French .	Versajski ugovor je napisano u francuski jezik.	Versajski ugovor je napisano u 	 Versajski ugovor je napisan na francuskom jeziku.	Versajski ugovor je napisan na francuskom jeziku.	 Versajski ugovor je napisan na 	francuskom	Versajski ugovor je napisan na 	francuskom	French|||francuski|||fr|||franc.|||fr.
Q535525	The Man-Machine	The Man-Machine	Q1860	English	engleski jezik	The Man-Machine was written in English .	The Man-Machine je napisano u engleski jezik.	The Man-Machine je napisano u 	 Roman Čovjek-stroj napisan je na engleskom jeziku.	The Man-Machine je napisan na engleskom jeziku.	 Roman Čovjek-stroj napisan je na 	engleskom	The Man-Machine je napisan na 	engleskom	English|||engleski
Q1249148	Richard	Richard	Q1860	English	engleski jezik	Richard was written in English .	Richard je napisano u engleski jezik.	Richard je napisano u 	Richard je napisan na engleskom jeziku.	Richard je napisan na engleskom jeziku.	Richard je napisan na 	engleskom	Richard je napisan na 	engleskom	English|||engleski
Q50948	Eugene Onegin	Jevgenij Onjegin	Q7737	Russian	ruski jezik	Eugene Onegin was written in Russian .	Jevgenij Onjegin je napisano u ruski jezik.	Jevgenij Onjegin je napisano u 	 Evgenij Onjegin napisan je na ruskom jeziku.	Jevgenij Onjegin je napisan na ruskom jeziku.	ERROR	ERROR	ERROR	ERROR	Russian|||Ruski jezik|||ru
Q19003	London Calling	London Calling	Q1860	English	engleski jezik	London Calling was written in English .	London Calling je napisano u engleski jezik.	London Calling je napisano u 	" ""London Calling"" je napisan na engleskom jeziku."	London Calling je napisan na engleskom jeziku.	" ""London Calling"" je napisan na "	engleskom	London Calling je napisan na 	engleskom	English|||engleski
Q2209224	Radio Courtoisie	Radio Courtoisie	Q150	French	francuski jezik	Radio Courtoisie was written in French .	Radio Courtoisie je napisano u francuski jezik.	Radio Courtoisie je napisano u 	 Radio Courtoisie je napisan na francuskom jeziku.	Radio Courtoisie je napisan na francuskom jeziku.	 Radio Courtoisie je napisan na 	francuskom	Radio Courtoisie je napisan na 	francuskom	French|||francuski|||fr|||franc.|||fr.
Q831	ciao	Ciao	Q652	Italian	talijanski jezik	ciao was written in Italian .	Ciao je napisano u talijanski jezik.	Ciao je napisano u 	 Ciao je napisano na talijanskom.	Ciao je napisano na talijanskom jeziku.	 Ciao je napisano na 	talijanskom	Ciao je napisano na 	talijanskom	Italian|||talijanski|||italijanski|||tal.|||it
Q838552	Dehumanizer	Dehumanizer	Q1860	English	engleski jezik	Dehumanizer was written in English .	Dehumanizer je napisano u engleski jezik.	Dehumanizer je napisano u 	" ""Dehumanizer"" je napisan na engleskom jeziku."	Dehumanizer je napisan na engleskom jeziku.	" ""Dehumanizer"" je napisan na "	engleskom	Dehumanizer je napisan na 	engleskom	English|||engleski
Q199698	Ukrainian Wikipedia	Wikipedija na ukrajinskom jeziku	Q8798	Ukrainian	Ukrajinski jezik	Ukrainian Wikipedia was written in Ukrainian .	Wikipedija na ukrajinskom jeziku je napisano u Ukrajinski jezik.	Wikipedija na ukrajinskom jeziku je napisano u 	 Ukrajinska Wikipedija je napisana na ukrajinskom jeziku.	Wikipedija na ukrajinskom jeziku je napisana na ukrajinskom jeziku.	 Ukrajinska Wikipedija je napisana na 	ukrajinskom	Wikipedija na ukrajinskom jeziku je napisana na 	ukrajinskom	Ukrainian
