sub_uri	en_sub_label	sub_label	obj_uri	en_obj_label	obj_label	en_template	template	template_prompt	gt_translation	chatgpt_translation	gt_prompt	gt_infl_object	chatgpt_prompt	chatgpt_infl_object	aliases
Q13979	Saturday Night Live	Saturday Night Live	Q13974	NBC	NBC	Saturday Night Live was originally aired on NBC .	Saturday Night Live je izvorno emitiran na NBC.	Saturday Night Live je izvorno emitiran na 	 Emisija Saturday Night Live izvorno se emitirala na NBC-u.	Saturday Night Live je izvorno emitiran na NBC-u.	 Emisija Saturday Night Live izvorno se emitirala na 	NBC-u	Saturday Night Live je izvorno emitiran na 	NBC-u	NBC
Q1969978	Passions	Strasti	Q13974	NBC	NBC	Passions was originally aired on NBC .	Strasti je izvorno emitiran na NBC.	Strasti je izvorno emitiran na 	 Strasti su izvorno emitirane na NBC-u.	Strasti su izvorno emitirane na NBC-u.	 Strasti su izvorno emitirane na 	NBC-u	Strasti su izvorno emitirane na 	NBC-u	NBC
Q11221	The Smurfs	Štrumpfovi	Q13974	NBC	NBC	The Smurfs was originally aired on NBC .	Štrumpfovi je izvorno emitiran na NBC.	Štrumpfovi je izvorno emitiran na 	 Štrumpfovi su izvorno emitirani na NBC-u.	Štrumpfovi su izvorno emitirani na NBC-u.	 Štrumpfovi su izvorno emitirani na 	NBC-u	Štrumpfovi su izvorno emitirani na 	NBC-u	NBC
Q874639	Wonder Pets!	Wonder Pets!	Q154958	Nickelodeon	Nickelodeon TV	Wonder Pets! was originally aired on Nickelodeon .	Wonder Pets! je izvorno emitiran na Nickelodeon TV.	Wonder Pets! je izvorno emitiran na 	 Wonder Pets! je izvorno emitiran na Nickelodeonu.	Wonder Pets! je izvorno emitiran na Nickelodeon TV-u.	ERROR	ERROR	Wonder Pets! je izvorno emitiran na 	Nickelodeon TV-u	Nickelodeon
Q559321	Miami Vice	Poroci Miamija	Q13974	NBC	NBC	Miami Vice was originally aired on NBC .	Poroci Miamija je izvorno emitiran na NBC.	Poroci Miamija je izvorno emitiran na 	 Miami Vice je izvorno emitiran na NBC-u.	Poroci Miamija su izvorno emitirani na NBC-u.	 Miami Vice je izvorno emitiran na 	NBC-u	Poroci Miamija su izvorno emitirani na 	NBC-u	NBC
Q15106029	PAW Patrol	Psići u ophodnji	Q154958	Nickelodeon	Nickelodeon TV	PAW Patrol was originally aired on Nickelodeon .	Psići u ophodnji je izvorno emitiran na Nickelodeon TV.	Psići u ophodnji je izvorno emitiran na 	 PAW Patrol se izvorno emitirao na Nickelodeonu.	Psići u ophodnji je izvorno emitiran na Nickelodeon TV-u.	ERROR	ERROR	Psići u ophodnji je izvorno emitiran na 	Nickelodeon TV-u	Nickelodeon
Q4851619	Ballers	Ballers	Q23633	HBO	HBO	Ballers was originally aired on HBO .	Ballers je izvorno emitiran na HBO.	Ballers je izvorno emitiran na 	 Ballers je izvorno emitiran na HBO-u.	Ballers je izvorno emitiran na HBO-u.	 Ballers je izvorno emitiran na 	HBO-u	Ballers je izvorno emitiran na 	HBO-u	HBO
Q850563	Bubble Guppies	Vodeni svijet malih gupija	Q154958	Nickelodeon	Nickelodeon TV	Bubble Guppies was originally aired on Nickelodeon .	Vodeni svijet malih gupija je izvorno emitiran na Nickelodeon TV.	Vodeni svijet malih gupija je izvorno emitiran na 	 Bubble Guppies se izvorno emitirao na Nickelodeonu.	Vodeni svijet malih gupija je izvorno emitiran na Nickelodeon TV-u.	ERROR	ERROR	Vodeni svijet malih gupija je izvorno emitiran na 	Nickelodeon TV-u	Nickelodeon
Q204228	The Mentalist	Mentalist	Q43380	CBS	CBS	The Mentalist was originally aired on CBS .	Mentalist je izvorno emitiran na CBS.	Mentalist je izvorno emitiran na 	 Mentalist je izvorno emitiran na CBS-u.	Mentalist je izvorno emitiran na CBS-u.	 Mentalist je izvorno emitiran na 	CBS-u	Mentalist je izvorno emitiran na 	CBS-u	CBS
Q607346	Invader Zim	Osvajač Zim	Q154958	Nickelodeon	Nickelodeon TV	Invader Zim was originally aired on Nickelodeon .	Osvajač Zim je izvorno emitiran na Nickelodeon TV.	Osvajač Zim je izvorno emitiran na 	 Invader Zim je izvorno emitiran na Nickelodeonu.	Osvajač Zim je izvorno emitiran na Nickelodeon TV-u.	ERROR	ERROR	Osvajač Zim je izvorno emitiran na 	Nickelodeon TV-u	Nickelodeon
Q147235	How I Met Your Mother	Kako sam upoznao vašu majku	Q43380	CBS	CBS	How I Met Your Mother was originally aired on CBS .	Kako sam upoznao vašu majku je izvorno emitiran na CBS.	Kako sam upoznao vašu majku je izvorno emitiran na 	" Serija ""Kako sam upoznao vašu majku"" izvorno je emitirana na CBS-u."	Kako sam upoznao vašu majku je izvorno emitirana na CBS-u.	" Serija ""Kako sam upoznao vašu majku"" izvorno je emitirana na "	CBS-u	Kako sam upoznao vašu majku je izvorno emitirana na 	CBS-u	CBS
Q23722	Curb Your Enthusiasm	Bez oduševljenja, molim!	Q23633	HBO	HBO	Curb Your Enthusiasm was originally aired on HBO .	Bez oduševljenja, molim! je izvorno emitiran na HBO.	Bez oduševljenja, molim! je izvorno emitiran na 	" ""Obuzdaj svoj entuzijazam"" izvorno je emitirana na HBO-u."	Bez oduševljenja, molim! je izvorno emitiran na HBO-u.	" ""Obuzdaj svoj entuzijazam"" izvorno je emitirana na "	HBO-u	Bez oduševljenja, molim! je izvorno emitiran na 	HBO-u	HBO
Q794761	Big Time Rush	Big Time Rush	Q154958	Nickelodeon	Nickelodeon TV	Big Time Rush was originally aired on Nickelodeon .	Big Time Rush je izvorno emitiran na Nickelodeon TV.	Big Time Rush je izvorno emitiran na 	 Big Time Rush je izvorno emitiran na Nickelodeonu.	Big Time Rush je izvorno emitiran na Nickelodeon TV-u.	ERROR	ERROR	Big Time Rush je izvorno emitiran na 	Nickelodeon TV-u	Nickelodeon
Q17080059	Sense8	Sense8	Q907311	Netflix	Netflix	Sense8 was originally aired on Netflix .	Sense8 je izvorno emitiran na Netflix.	Sense8 je izvorno emitiran na 	 Sense8 je izvorno emitiran na Netflixu.	Sense8 je izvorno emitiran na Netflixu.	 Sense8 je izvorno emitiran na 	Netflixu	Sense8 je izvorno emitiran na 	Netflixu	Netflix|||Netflix.com
Q130346	Empty Nest	Empty Nest	Q13974	NBC	NBC	Empty Nest was originally aired on NBC .	Empty Nest je izvorno emitiran na NBC.	Empty Nest je izvorno emitiran na 	 Empty Nest je izvorno emitiran na NBC-u.	Empty Nest je izvorno emitiran na NBC-u.	 Empty Nest je izvorno emitiran na 	NBC-u	Empty Nest je izvorno emitiran na 	NBC-u	NBC
Q6834331	Michael Shayne	Michael Shayne	Q13974	NBC	NBC	Michael Shayne was originally aired on NBC .	Michael Shayne je izvorno emitiran na NBC.	Michael Shayne je izvorno emitiran na 	 Michael Shayne je izvorno emitiran na NBC-u.	Michael Shayne je izvorno emitiran na NBC-u.	 Michael Shayne je izvorno emitiran na 	NBC-u	Michael Shayne je izvorno emitiran na 	NBC-u	NBC
Q212135	Will & Grace	Will i Grace	Q13974	NBC	NBC	Will & Grace was originally aired on NBC .	Will i Grace je izvorno emitiran na NBC.	Will i Grace je izvorno emitiran na 	 Will i Grace izvorno su emitirani na NBC-u.	Will i Grace je izvorno emitiran na NBC-u.	 Will i Grace izvorno su emitirani na 	NBC-u	Will i Grace je izvorno emitiran na 	NBC-u	NBC
Q1823996	The Morey Amsterdam Show	The Morey Amsterdam Show	Q43380	CBS	CBS	The Morey Amsterdam Show was originally aired on CBS .	The Morey Amsterdam Show je izvorno emitiran na CBS.	The Morey Amsterdam Show je izvorno emitiran na 	 Morey Amsterdam Show izvorno se emitirao na CBS-u.	The Morey Amsterdam Show je izvorno emitiran na CBS-u.	 Morey Amsterdam Show izvorno se emitirao na 	CBS-u	The Morey Amsterdam Show je izvorno emitiran na 	CBS-u	CBS
Q223320	Baywatch	Spasilačka služba	Q13974	NBC	NBC	Baywatch was originally aired on NBC .	Spasilačka služba je izvorno emitiran na NBC.	Spasilačka služba je izvorno emitiran na 	 Baywatch je izvorno emitiran na NBC-u.	Spasilačka služba je izvorno emitirana na NBC-u.	 Baywatch je izvorno emitiran na 	NBC-u	Spasilačka služba je izvorno emitirana na 	NBC-u	NBC
Q463999	The Cosby Show	Cosby Show	Q13974	NBC	NBC	The Cosby Show was originally aired on NBC .	Cosby Show je izvorno emitiran na NBC.	Cosby Show je izvorno emitiran na 	Cosby Show je izvorno emitiran na NBC-u.	Cosby Show je izvorno emitiran na NBC-u.	Cosby Show je izvorno emitiran na 	NBC-u	Cosby Show je izvorno emitiran na 	NBC-u	NBC
Q501529	Hatfields & McCoys	Hatfields & McCoys	Q1621107	History	History	Hatfields & McCoys was originally aired on History .	Hatfields & McCoys je izvorno emitiran na History.	Hatfields & McCoys je izvorno emitiran na 	 Hatfields & McCoys izvorno je emitiran na Historyju.	Hatfields & McCoys je izvorno emitiran na Historyju.	 Hatfields & McCoys izvorno je emitiran na 	Historyju	Hatfields & McCoys je izvorno emitiran na 	Historyju	History
Q1887148	Unsolved Mysteries	Neriješene misterije	Q13974	NBC	NBC	Unsolved Mysteries was originally aired on NBC .	Neriješene misterije je izvorno emitiran na NBC.	Neriješene misterije je izvorno emitiran na 	 Neriješene misterije izvorno su emitirane na NBC-u.	Neriješene misterije su izvorno emitirane na NBC-u.	 Neriješene misterije izvorno su emitirane na 	NBC-u	Neriješene misterije su izvorno emitirane na 	NBC-u	NBC
Q2259813	Hotel Room	Hotel Room	Q23633	HBO	HBO	Hotel Room was originally aired on HBO .	Hotel Room je izvorno emitiran na HBO.	Hotel Room je izvorno emitiran na 	 Hotelska soba je izvorno emitirana na HBO-u.	Hotel Room je izvorno emitiran na HBO-u.	 Hotelska soba je izvorno emitirana na 	HBO-u	Hotel Room je izvorno emitiran na 	HBO-u	HBO
Q1215196	Running Mates	Kandidat	Q688333	TNT	TNT (američka televizija)	Running Mates was originally aired on TNT .	Kandidat je izvorno emitiran na TNT (američka televizija).	Kandidat je izvorno emitiran na 	 Running Mates je izvorno emitiran na TNT-u.	Kandidat je izvorno emitiran na TNT-u.	ERROR	ERROR	ERROR	ERROR	TNT
Q1165866	Daria	Daria	Q43359	MTV	MTV	Daria was originally aired on MTV .	Daria je izvorno emitiran na MTV.	Daria je izvorno emitiran na 	 Daria je izvorno emitirana na MTV-u.	Daria je izvorno emitirana na MTV-u.	 Daria je izvorno emitirana na 	MTV-u	Daria je izvorno emitirana na 	MTV-u	MTV
Q732063	Cheers	"Kafić ""Uzdravlje"""	Q13974	NBC	NBC	Cheers was originally aired on NBC .	"Kafić ""Uzdravlje"" je izvorno emitiran na NBC."	"Kafić ""Uzdravlje"" je izvorno emitiran na "	 Cheers je izvorno emitiran na NBC-u.	"Kafić ""Uzdravlje"" je izvorno emitiran na NBC-u."	 Cheers je izvorno emitiran na 	NBC-u	"Kafić ""Uzdravlje"" je izvorno emitiran na "	NBC-u	NBC
Q1618805	The Biskitts	Bipsići	Q43380	CBS	CBS	The Biskitts was originally aired on CBS .	Bipsići je izvorno emitiran na CBS.	Bipsići je izvorno emitiran na 	 Biskittsi su izvorno emitirani na CBS-u.	Bipsići su izvorno emitirani na CBS-u.	 Biskittsi su izvorno emitirani na 	CBS-u	Bipsići su izvorno emitirani na 	CBS-u	CBS
Q1247241	Hill Street Blues	Hill Street Blues	Q13974	NBC	NBC	Hill Street Blues was originally aired on NBC .	Hill Street Blues je izvorno emitiran na NBC.	Hill Street Blues je izvorno emitiran na 	 Hill Street Blues je izvorno emitiran na NBC-u.	Hill Street Blues je izvorno emitiran na NBC-u.	 Hill Street Blues je izvorno emitiran na 	NBC-u	Hill Street Blues je izvorno emitiran na 	NBC-u	NBC
Q4533	Victorious	Victorious	Q154958	Nickelodeon	Nickelodeon TV	Victorious was originally aired on Nickelodeon .	Victorious je izvorno emitiran na Nickelodeon TV.	Victorious je izvorno emitiran na 	 Victorious je izvorno emitiran na Nickelodeonu.	Victorious je izvorno emitiran na Nickelodeon TV-u.	ERROR	ERROR	Victorious je izvorno emitiran na 	Nickelodeon TV-u	Nickelodeon
Q186219	True Blood	Okus krvi	Q23633	HBO	HBO	True Blood was originally aired on HBO .	Okus krvi je izvorno emitiran na HBO.	Okus krvi je izvorno emitiran na 	" Serija ""True Blood"" izvorno je emitirana na HBO-u."	Okus krvi je izvorno emitiran na HBO-u.	" Serija ""True Blood"" izvorno je emitirana na "	HBO-u	Okus krvi je izvorno emitiran na 	HBO-u	HBO
Q8539	The Big Bang Theory	Teorija velikog praska	Q43380	CBS	CBS	The Big Bang Theory was originally aired on CBS .	Teorija velikog praska je izvorno emitiran na CBS.	Teorija velikog praska je izvorno emitiran na 	 Teorija velikog praska izvorno je emitirana na CBS-u.	Teorija velikog praska je izvorno emitirana na CBS-u.	 Teorija velikog praska izvorno je emitirana na 	CBS-u	Teorija velikog praska je izvorno emitirana na 	CBS-u	CBS
Q331031	Dora the Explorer	Dora istražuje	Q154958	Nickelodeon	Nickelodeon TV	Dora the Explorer was originally aired on Nickelodeon .	Dora istražuje je izvorno emitiran na Nickelodeon TV.	Dora istražuje je izvorno emitiran na 	 Dora Istraživačica izvorno se emitirala na Nickelodeonu.	Dora istražuje je izvorno emitirana na Nickelodeon TV-u.	ERROR	ERROR	Dora istražuje je izvorno emitirana na 	Nickelodeon TV-u	Nickelodeon
Q3013	iCarly	ICarly	Q154958	Nickelodeon	Nickelodeon TV	iCarly was originally aired on Nickelodeon .	ICarly je izvorno emitiran na Nickelodeon TV.	ICarly je izvorno emitiran na 	 iCarly se izvorno emitirao na Nickelodeonu.	ICarly je izvorno emitirana na Nickelodeon TV-u.	ERROR	ERROR	ICarly je izvorno emitirana na 	Nickelodeon TV-u	Nickelodeon
Q301345	Northern Exposure	Život na sjeveru	Q43380	CBS	CBS	Northern Exposure was originally aired on CBS .	Život na sjeveru je izvorno emitiran na CBS.	Život na sjeveru je izvorno emitiran na 	 Northern Exposure je izvorno emitiran na CBS-u.	Život na sjeveru je izvorno emitiran na CBS-u.	 Northern Exposure je izvorno emitiran na 	CBS-u	Život na sjeveru je izvorno emitiran na 	CBS-u	CBS
Q912467	The Golden Girls	Zlatne djevojke	Q13974	NBC	NBC	The Golden Girls was originally aired on NBC .	Zlatne djevojke je izvorno emitiran na NBC.	Zlatne djevojke je izvorno emitiran na 	 Zlatne djevojke su izvorno emitirane na NBC-u.	Zlatne djevojke su izvorno emitirane na NBC-u.	 Zlatne djevojke su izvorno emitirane na 	NBC-u	Zlatne djevojke su izvorno emitirane na 	NBC-u	NBC
Q7847400	True Detective	Pravi detektiv	Q23633	HBO	HBO	True Detective was originally aired on HBO .	Pravi detektiv je izvorno emitiran na HBO.	Pravi detektiv je izvorno emitiran na 	 Pravi detektiv je izvorno emitiran na HBO-u.	Pravi detektiv je izvorno emitiran na HBO-u.	 Pravi detektiv je izvorno emitiran na 	HBO-u	Pravi detektiv je izvorno emitiran na 	HBO-u	HBO
Q478360	The Wire	Žica	Q23633	HBO	HBO	The Wire was originally aired on HBO .	Žica je izvorno emitiran na HBO.	Žica je izvorno emitiran na 	" Serija ""The Wire"" izvorno je emitirana na HBO-u."	Žica je izvorno emitirana na HBO-u.	" Serija ""The Wire"" izvorno je emitirana na "	HBO-u	Žica je izvorno emitirana na 	HBO-u	HBO
Q464865	The Nanny	Dadilja	Q43380	CBS	CBS	The Nanny was originally aired on CBS .	Dadilja je izvorno emitiran na CBS.	Dadilja je izvorno emitiran na 	 Dadilja je izvorno emitirana na CBS-u.	Dadilja je izvorno emitirana na CBS-u.	 Dadilja je izvorno emitirana na 	CBS-u	Dadilja je izvorno emitirana na 	CBS-u	CBS
Q321423	Law & Order	Zakon i red	Q13974	NBC	NBC	Law & Order was originally aired on NBC .	Zakon i red je izvorno emitiran na NBC.	Zakon i red je izvorno emitiran na 	 Zakon i red izvorno je emitiran na NBC-u.	Zakon i red je izvorno emitiran na NBC-u.	 Zakon i red izvorno je emitiran na 	NBC-u	Zakon i red je izvorno emitiran na 	NBC-u	NBC
Q733960	Cold Case	Zaboravljeni slučaj	Q43380	CBS	CBS	Cold Case was originally aired on CBS .	Zaboravljeni slučaj je izvorno emitiran na CBS.	Zaboravljeni slučaj je izvorno emitiran na 	"Serija ""Cold Case"" izvorno je emitirana na CBS-u."	Zaboravljeni slučaj je izvorno emitiran na CBS-u.	"Serija ""Cold Case"" izvorno je emitirana na "	CBS-u	Zaboravljeni slučaj je izvorno emitiran na 	CBS-u	CBS
Q205683	Scooby-Doo	Scooby Doo	Q43380	CBS	CBS	Scooby-Doo was originally aired on CBS .	Scooby Doo je izvorno emitiran na CBS.	Scooby Doo je izvorno emitiran na 	 Scooby-Doo je izvorno emitiran na CBS-u.	Scooby Doo je izvorno emitiran na CBS-u.	 Scooby-Doo je izvorno emitiran na 	CBS-u	Scooby Doo je izvorno emitiran na 	CBS-u	CBS
Q310966	SeaQuest DSV	SeaQuest DSV	Q13974	NBC	NBC	SeaQuest DSV was originally aired on NBC .	SeaQuest DSV je izvorno emitiran na NBC.	SeaQuest DSV je izvorno emitiran na 	 SeaQuest DSV je izvorno emitiran na NBC-u.	SeaQuest DSV je izvorno emitiran na NBC-u.	 SeaQuest DSV je izvorno emitiran na 	NBC-u	SeaQuest DSV je izvorno emitiran na 	NBC-u	NBC
Q23628	The Sopranos	Obitelj Soprano	Q23633	HBO	HBO	The Sopranos was originally aired on HBO .	Obitelj Soprano je izvorno emitiran na HBO.	Obitelj Soprano je izvorno emitiran na 	 Serija Sopranovi je izvorno emitirana na HBO-u.	Obitelj Soprano je izvorno emitirana na HBO-u.	 Serija Sopranovi je izvorno emitirana na 	HBO-u	Obitelj Soprano je izvorno emitirana na 	HBO-u	HBO
Q318649	Ghost Whisperer	Šaptačica duhovima	Q43380	CBS	CBS	Ghost Whisperer was originally aired on CBS .	Šaptačica duhovima je izvorno emitiran na CBS.	Šaptačica duhovima je izvorno emitiran na 	 Šaptač duhova izvorno je emitiran na CBS-u.	Šaptačica duhovima je izvorno emitirana na CBS-u.	 Šaptač duhova izvorno je emitiran na 	CBS-u	Šaptačica duhovima je izvorno emitirana na 	CBS-u	CBS
Q23733	Seinfeld	Seinfeld	Q13974	NBC	NBC	Seinfeld was originally aired on NBC .	Seinfeld je izvorno emitiran na NBC.	Seinfeld je izvorno emitiran na 	 Seinfeld je izvorno emitiran na NBC-u.	Seinfeld je izvorno emitiran na NBC-u.	 Seinfeld je izvorno emitiran na 	NBC-u	Seinfeld je izvorno emitiran na 	NBC-u	NBC
Q34659	My Name Is Earl	Zovem se Earl	Q13974	NBC	NBC	My Name Is Earl was originally aired on NBC .	Zovem se Earl je izvorno emitiran na NBC.	Zovem se Earl je izvorno emitiran na 	 My Name Is Earl izvorno je emitirana na NBC-u.	Zovem se Earl je izvorno emitiran na NBC-u.	 My Name Is Earl izvorno je emitirana na 	NBC-u	Zovem se Earl je izvorno emitiran na 	NBC-u	NBC
Q772923	House of Anubis	Kuća boga Anubisa	Q154958	Nickelodeon	Nickelodeon TV	House of Anubis was originally aired on Nickelodeon .	Kuća boga Anubisa je izvorno emitiran na Nickelodeon TV.	Kuća boga Anubisa je izvorno emitiran na 	 Kuća Anubisa izvorno je emitirana na Nickelodeonu.	Kuća boga Anubisa je izvorno emitirana na Nickelodeon TV-u.	ERROR	ERROR	Kuća boga Anubisa je izvorno emitirana na 	Nickelodeon TV-u	Nickelodeon
Q203245	Eurovision Song Contest 1960	Pjesma Eurovizije 1960.	Q9531	British Broadcasting Corporation	BBC	Eurovision Song Contest 1960 was originally aired on British Broadcasting Corporation .	Pjesma Eurovizije 1960. je izvorno emitiran na BBC.	Pjesma Eurovizije 1960. je izvorno emitiran na 	 Pjesma Eurosonga 1960. izvorno je emitirana na British Broadcasting Corporationu.	Pjesma Eurovizije 1960. je izvorno emitirana na BBC-u.	ERROR	ERROR	Pjesma Eurovizije 1960. je izvorno emitirana na 	BBC-u	BBC
Q371207	Columbo	Columbo	Q13974	NBC	NBC	Columbo was originally aired on NBC .	Columbo je izvorno emitiran na NBC.	Columbo je izvorno emitiran na 	 Columbo je izvorno emitiran na NBC-u.	Columbo je izvorno emitiran na NBC-u.	 Columbo je izvorno emitiran na 	NBC-u	Columbo je izvorno emitiran na 	NBC-u	NBC
Q39037	The Fairly OddParents	Čudnovili Roditelji	Q154958	Nickelodeon	Nickelodeon TV	The Fairly OddParents was originally aired on Nickelodeon .	Čudnovili Roditelji je izvorno emitiran na Nickelodeon TV.	Čudnovili Roditelji je izvorno emitiran na 	" Emisija ""Prilično čudni roditelji"" izvorno se emitirala na Nickelodeonu."	Čudnovili Roditelji su izvorno emitirani na Nickelodeon TV-u.	ERROR	ERROR	Čudnovili Roditelji su izvorno emitirani na 	Nickelodeon TV-u	Nickelodeon
Q927245	Third Watch	Heroji iz strasti	Q13974	NBC	NBC	Third Watch was originally aired on NBC .	Heroji iz strasti je izvorno emitiran na NBC.	Heroji iz strasti je izvorno emitiran na 	 Treća straža izvorno je emitirana na NBC-u.	Heroji iz strasti su izvorno emitirani na NBC-u.	 Treća straža izvorno je emitirana na 	NBC-u	Heroji iz strasti su izvorno emitirani na 	NBC-u	NBC
