sub_uri	en_sub_label	sub_label	obj_uri	en_obj_label	obj_label	en_template	template	template_prompt	gt_translation	chatgpt_translation	gt_prompt	gt_infl_object	chatgpt_prompt	chatgpt_infl_object	aliases
Q661881	Speicherstadt	Speicherstadt i Kontorhaus	Q1055	Hamburg	Hamburg	Speicherstadt is owned by Hamburg .	Speicherstadt i Kontorhaus je u vlasništvu Hamburg.	Speicherstadt i Kontorhaus je u vlasništvu 	 Speicherstadt je u vlasništvu Hamburga.	Speicherstadt i Kontorhaus su u vlasništvu Hamburga.	 Speicherstadt je u vlasništvu 	Hamburga	Speicherstadt i Kontorhaus su u vlasništvu 	Hamburga	Hamburg|||Slobodni i hanzeatski grad Hamburg|||Freie und Hansestadt Hamburg|||Hansestadt Hamburg
Q217365	Bell Labs	Bell Labs	Q1418	Nokia	Nokia	Bell Labs is owned by Nokia .	Bell Labs je u vlasništvu Nokia.	Bell Labs je u vlasništvu 	 Bell Labs je u vlasništvu Nokije.	Translation: Bell Labs je u vlasništvu Nokije.	 Bell Labs je u vlasništvu 	Nokije	Translation: Bell Labs je u vlasništvu 	Nokije	Nokia
Q1488700	Powder Tower	Barutna kula u Pragu	Q1085	Prague	Prag	Powder Tower is owned by Prague .	Barutna kula u Pragu je u vlasništvu Prag.	Barutna kula u Pragu je u vlasništvu 	 Barutna kula je u vlasništvu Praga.	Barutna kula u Pragu je u vlasništvu Praga.	 Barutna kula je u vlasništvu 	Praga	Barutna kula u Pragu je u vlasništvu 	Praga	Prague
Q15281614	Xbox	Xbox	Q2283	Microsoft	Microsoft	Xbox is owned by Microsoft .	Xbox je u vlasništvu Microsoft.	Xbox je u vlasništvu 	 Xbox je u vlasništvu Microsofta.	Xbox je u vlasništvu Microsofta.	 Xbox je u vlasništvu 	Microsofta	Xbox je u vlasništvu 	Microsofta	Microsoft
Q215399	Arena Lviv	Arena Lavov	Q36036	Lviv	Lavov	Arena Lviv is owned by Lviv .	Arena Lavov je u vlasništvu Lavov.	Arena Lavov je u vlasništvu 	 Arena Lviv je u vlasništvu Lviva.	Arena Lavov je u vlasništvu Lavova.	ERROR	ERROR	Arena 	Lavov	Lviv|||L'viv|||Ljviv|||Lviv|||Lvov|||Львів|||Львов|||Lwów|||Leopolis|||Lemberg
Q35886	Lamborghini	Lamborghini	Q23317	Audi	Audi	Lamborghini is owned by Audi .	Lamborghini je u vlasništvu Audi.	Lamborghini je u vlasništvu 	 Lamborghini je u vlasništvu Audija.	Lamborghini je u vlasništvu Audija.	ERROR	ERROR	ERROR	ERROR	Audi AG
Q243	Eiffel Tower	Eiffelov toranj	Q90	Paris	Pariz	Eiffel Tower is owned by Paris .	Eiffelov toranj je u vlasništvu Pariz.	Eiffelov toranj je u vlasništvu 	 Eiffelov toranj je u vlasništvu Pariza.	Eiffelov toranj je u vlasništvu Pariza.	 Eiffelov toranj je u vlasništvu 	Pariza	Eiffelov toranj je u vlasništvu 	Pariza	Paris|||Paris
Q155359	Zadar Airport	Zračna luka Zadar	Q224	Croatia	Hrvatska	Zadar Airport is owned by Croatia .	Zračna luka Zadar je u vlasništvu Hrvatska.	Zračna luka Zadar je u vlasništvu 	 Zračna luka Zadar je u vlasništvu Hrvatske.	Zračna luka Zadar je u vlasništvu Hrvatske.	 Zračna luka Zadar je u vlasništvu 	Hrvatske	Zračna luka Zadar je u vlasništvu 	Hrvatske	Croatia|||Republika Hrvatska|||RH
Q213660	LinkedIn	LinkedIn‏	Q2283	Microsoft	Microsoft	LinkedIn is owned by Microsoft .	LinkedIn‏ je u vlasništvu Microsoft.	LinkedIn‏ je u vlasništvu 	 LinkedIn je u vlasništvu Microsofta.	LinkedIn je u vlasništvu Microsofta.	 LinkedIn je u vlasništvu 	Microsofta	LinkedIn je u vlasništvu 	Microsofta	Microsoft
Q9366	Google	Google	Q95	Google	Google	Google is owned by Google .	Google je u vlasništvu Google.	Google je u vlasništvu 	 Google je u vlasništvu tvrtke Google.	Google je u vlasništvu Googlea.	 Google je u vlasništvu tvrtke 	Google	Google je u vlasništvu 	Googlea	Google
Q384060	Tumblr	Tumblr	Q37093	Yahoo	Yahoo!	Tumblr is owned by Yahoo .	Tumblr je u vlasništvu Yahoo!.	Tumblr je u vlasništvu 	 Tumblr je u vlasništvu Yahooa.	Tumblr je u vlasništvu Yahoo!.	ERROR	ERROR	ERROR	ERROR	Yahoo!
Q53097	Acura	Acura	Q9584	Honda	Honda	Acura is owned by Honda .	Acura je u vlasništvu Honda.	Acura je u vlasništvu 	 Acura je u vlasništvu Honde.	Acura je u vlasništvu Honde.	 Acura je u vlasništvu 	Honde	Acura je u vlasništvu 	Honde	Honda|||Honda Motor Company, Ltd.
Q795585	BBC Radio 1	BBC Radio 1	Q9531	British Broadcasting Corporation	BBC	BBC Radio 1 is owned by British Broadcasting Corporation .	BBC Radio 1 je u vlasništvu BBC.	BBC Radio 1 je u vlasništvu 	 BBC Radio 1 je u vlasništvu Britanske radiotelevizije (British Broadcasting Corporation).	BBC Radio 1 je u vlasništvu BBC-a.	 	BBC	BBC Radio 1 je u vlasništvu 	BBC-a	BBC
Q35919	Lexus	Lexus	Q53268	Toyota	Toyota	Lexus is owned by Toyota .	Lexus je u vlasništvu Toyota.	Lexus je u vlasništvu 	 Lexus je u vlasništvu Toyote.	Lexus je u vlasništvu Toyote.	 Lexus je u vlasništvu 	Toyote	Lexus je u vlasništvu 	Toyote	Toyota
Q173339	BMW M	BMW M serija	Q26678	BMW	BMW	BMW M is owned by BMW .	BMW M serija je u vlasništvu BMW.	BMW M serija je u vlasništvu 	 BMW M je u vlasništvu BMW-a.	BMW M serija je u vlasništvu BMW-a.	 BMW M je u vlasništvu 	BMW-a	BMW M serija je u vlasništvu 	BMW-a	BMW|||Bayerische Motoren Werke AG|||BMW AG|||BMW Group
Q866	YouTube	YouTube	Q95	Google	Google	YouTube is owned by Google .	YouTube je u vlasništvu Google.	YouTube je u vlasništvu 	 YouTube je u vlasništvu Googlea.	YouTube je u vlasništvu Googlea.	 YouTube je u vlasništvu 	Googlea	YouTube je u vlasništvu 	Googlea	Google
Q34467	Compact Disc	CD	Q41187	Sony	Sony	Compact Disc is owned by Sony .	CD je u vlasništvu Sony.	CD je u vlasništvu 	 Kompaktni disk je u vlasništvu tvrtke Sony.	CD je u vlasništvu Sony.	 Kompaktni disk je u vlasništvu tvrtke 	Sony	CD je u vlasništvu 	Sony	Sony Group
Q26823	Abarth	Abarth	Q27597	Fiat	Fiat	Abarth is owned by Fiat .	Abarth je u vlasništvu Fiat.	Abarth je u vlasništvu 	 Abarth je u vlasništvu Fiata.	Abarth je u vlasništvu Fiata.	 Abarth je u vlasništvu 	Fiata	Abarth je u vlasništvu 	Fiata	Fiat
Q1463929	Altice Arena	Altice Arena	Q597	Lisbon	Lisabon	Altice Arena is owned by Lisbon .	Altice Arena je u vlasništvu Lisabon.	Altice Arena je u vlasništvu 	 Altice Arena je u vlasništvu Lisabona.	Altice Arena je u vlasništvu Lisabona.	 Altice Arena je u vlasništvu 	Lisabona	Altice Arena je u vlasništvu 	Lisabona	Lisbon
Q82709	Stadio San Paolo	Stadio San Paolo	Q2634	Naples	Napulj	Stadio San Paolo is owned by Naples .	Stadio San Paolo je u vlasništvu Napulj.	Stadio San Paolo je u vlasništvu 	 Stadion San Paolo je u vlasništvu Napulja.	Stadio San Paolo je u vlasništvu Napulja.	 Stadion San Paolo je u vlasništvu 	Napulja	Stadio San Paolo je u vlasništvu 	Napulja	Naples
Q215493	Stadio delle Alpi	Delle Alpi	Q495	Turin	Torino	Stadio delle Alpi is owned by Turin .	Delle Alpi je u vlasništvu Torino.	Delle Alpi je u vlasništvu 	 Stadio delle Alpi je u vlasništvu Torina.	Delle Alpi je u vlasništvu Torina.	 Stadio delle Alpi je u vlasništvu 	Torina	Delle Alpi je u vlasništvu 	Torina	Turin
Q36033	Mitsubishi Motors	Mitsubishi Motors	Q183275	Mitsubishi	Mitsubishi	Mitsubishi Motors is owned by Mitsubishi .	Mitsubishi Motors je u vlasništvu Mitsubishi.	Mitsubishi Motors je u vlasništvu 	 Mitsubishi Motors je u vlasništvu Mitsubishija.	Mitsubishi Motors je u vlasništvu Mitsubishija.	 Mitsubishi Motors je u vlasništvu 	Mitsubishija	Mitsubishi Motors je u vlasništvu 	Mitsubishija	Mitsubishi|||Mitsubishi Motors
Q849027	Prudential Center	Prudential Center	Q25395	Newark	Newark, New Jersey	Prudential Center is owned by Newark .	Prudential Center je u vlasništvu Newark, New Jersey.	Prudential Center je u vlasništvu 	 Prudential Center je u vlasništvu Newarka.	"Subject translation: Prudential Center  
Object translation: Newark, New Jersey  
Translation: Prudential Center je u vlasništvu Newark-a, New Jersey."	ERROR	ERROR	"Subject translation: Prudential Center  
Object translation: Newark, New Jersey  
Translation: Prudential Center je u vlasništvu "	Newark-a, New Jersey	Newark
Q208811	Panathenaic Stadium	Stadion Panathinaiko	Q41	Greece	Grčka	Panathenaic Stadium is owned by Greece .	Stadion Panathinaiko je u vlasništvu Grčka.	Stadion Panathinaiko je u vlasništvu 	 Stadion Panateneik je u vlasništvu Grčke.	Stadion Panathinaiko je u vlasništvu Grčke.	 Stadion Panateneik je u vlasništvu 	Grčke	Stadion Panathinaiko je u vlasništvu 	Grčke	Greece|||Republika Grčka
Q822314	Sony Pictures	Sony Pictures Entertainment	Q41187	Sony	Sony	Sony Pictures is owned by Sony .	Sony Pictures Entertainment je u vlasništvu Sony.	Sony Pictures Entertainment je u vlasništvu 	 Sony Pictures je u vlasništvu tvrtke Sony.	Sony Pictures Entertainment je u vlasništvu Sonyja.	 Sony Pictures je u vlasništvu tvrtke 	Sony	Sony Pictures Entertainment je u vlasništvu 	Sonyja	Sony Group
Q145093	Apostolic Palace	Apostolska palača	Q19546	pope	Papa	Apostolic Palace is owned by pope .	Apostolska palača je u vlasništvu Papa.	Apostolska palača je u vlasništvu 	Apostolska palača je u vlasništvu pape.	Apostolska palača je u vlasništvu pape.	Apostolska palača je u vlasništvu 	pape	Apostolska palača je u vlasništvu 	pape	pope|||rimski biskup|||pape
Q1136614	Palazzo Barberini	Palača Barberini	Q38	Italy	Italija	Palazzo Barberini is owned by Italy .	Palača Barberini je u vlasništvu Italija.	Palača Barberini je u vlasništvu 	 Palazzo Barberini je u vlasništvu Italije.	Palača Barberini je u vlasništvu Italije.	 Palazzo Barberini je u vlasništvu 	Italije	Palača Barberini je u vlasništvu 	Italije	Italy|||Republika Italija
Q9334	Gmail	Gmail	Q95	Google	Google	Gmail is owned by Google .	Gmail je u vlasništvu Google.	Gmail je u vlasništvu 	 Gmail je u vlasništvu Googlea.	Gmail je u vlasništvu Googlea.	 Gmail je u vlasništvu 	Googlea	Gmail je u vlasništvu 	Googlea	Google
Q318851	Stade Louis II	Stade Louis II	Q235	Monaco	Monako	Stade Louis II is owned by Monaco .	Stade Louis II je u vlasništvu Monako.	Stade Louis II je u vlasništvu 	 Stadion Louis II je u vlasništvu Monaka.	Stade Louis II je u vlasništvu Monaka.	 Stadion Louis II je u vlasništvu 	Monaka	Stade Louis II je u vlasništvu 	Monaka	Monaco
Q193439	Dubai International Airport	Zračna luka Dubai	Q613	Emirates of Dubai	Dubai	Dubai International Airport is owned by Emirates of Dubai .	Zračna luka Dubai je u vlasništvu Dubai.	Zračna luka Dubai je u vlasništvu 	 Međunarodna zračna luka Dubai u vlasništvu je tvrtke Emirates of Dubai.	Zračna luka Dubai je u vlasništvu Emirata Dubaija.	 Međunarodna zračna luka Dubai u vlasništvu je tvrtke Emirates of 	Dubai	Zračna luka Dubai je u vlasništvu Emirata 	Dubaija	Emirate of Dubai
Q12013	Google Maps	Google Maps	Q95	Google	Google	Google Maps is owned by Google .	Google Maps je u vlasništvu Google.	Google Maps je u vlasništvu 	 Google karte su u vlasništvu tvrtke Google.	Google Maps je u vlasništvu Googlea.	 Google karte su u vlasništvu tvrtke 	Google	Google Maps je u vlasništvu 	Googlea	Google
Q7854718	Google Keep	Google Keep	Q95	Google	Google	Google Keep is owned by Google .	Google Keep je u vlasništvu Google.	Google Keep je u vlasništvu 	 Google Keep je u vlasništvu tvrtke Google.	Google Keep je u vlasništvu Googlea.	 Google Keep je u vlasništvu tvrtke 	Google	Google Keep je u vlasništvu 	Googlea	Google
Q1747710	Palacio Municipal de Deportes San Pablo	Palacio Municipal de Deportes San Pablo	Q8717	Seville	Sevilla	Palacio Municipal de Deportes San Pablo is owned by Seville .	Palacio Municipal de Deportes San Pablo je u vlasništvu Sevilla.	Palacio Municipal de Deportes San Pablo je u vlasništvu 	 Palacio Municipal de Deportes San Pablo je u vlasništvu Seville.	Palacio Municipal de Deportes San Pablo je u vlasništvu Seville.	 Palacio Municipal de Deportes San Pablo je u vlasništvu 	Seville	Palacio Municipal de Deportes San Pablo je u vlasništvu 	Seville	Seville
Q33277	Štark Arena	Beogradska arena	Q3711	Belgrade	Beograd	Štark Arena is owned by Belgrade .	Beogradska arena je u vlasništvu Beograd.	Beogradska arena je u vlasništvu 	 Štark Arena je u vlasništvu Beograda.	Beogradska arena je u vlasništvu Beograda.	 Štark Arena je u vlasništvu 	Beograda	Beogradska arena je u vlasništvu 	Beograda	Belgrade
Q234803	Rolls-Royce Motor Cars	Rolls-Royce	Q26678	BMW	BMW	Rolls-Royce Motor Cars is owned by BMW .	Rolls-Royce je u vlasništvu BMW.	Rolls-Royce je u vlasništvu 	 Rolls-Royce Motor Cars je u vlasništvu BMW-a.	Rolls-Royce je u vlasništvu BMW-a.	 Rolls-Royce Motor Cars je u vlasništvu 	BMW-a	Rolls-Royce je u vlasništvu 	BMW-a	BMW|||Bayerische Motoren Werke AG|||BMW AG|||BMW Group
Q182081	Ellis Park Stadium	Coca-Cola Park	Q34647	Johannesburg	Johannesburg	Ellis Park Stadium is owned by Johannesburg .	Coca-Cola Park je u vlasništvu Johannesburg.	Coca-Cola Park je u vlasništvu 	 Stadion Ellis Park je u vlasništvu Johannesburga.	Coca-Cola Park je u vlasništvu Johannesburga.	 Stadion Ellis Park je u vlasništvu 	Johannesburga	Coca-Cola Park je u vlasništvu 	Johannesburga	Johannesburg
Q5294	DVD	DVD	Q41187	Sony	Sony	DVD is owned by Sony .	DVD je u vlasništvu Sony.	DVD je u vlasništvu 	 DVD je vlasništvo tvrtke Sony.	DVD je u vlasništvu Sony.	 DVD je vlasništvo tvrtke 	Sony	DVD je u vlasništvu 	Sony	Sony Group
Q494817	Google Scholar	Google Scholar	Q95	Google	Google	Google Scholar is owned by Google .	Google Scholar je u vlasništvu Google.	Google Scholar je u vlasništvu 	 Google Scholar je u vlasništvu tvrtke Google.	Google Scholar je u vlasništvu Googlea.	 Google Scholar je u vlasništvu tvrtke 	Google	Google Scholar je u vlasništvu 	Googlea	Google
Q193431	Parc des Princes	Parc des Princes	Q90	Paris	Pariz	Parc des Princes is owned by Paris .	Parc des Princes je u vlasništvu Pariz.	Parc des Princes je u vlasništvu 	 Park prinčeva je u vlasništvu Pariza.	Parc des Princes je u vlasništvu Pariza.	 Park prinčeva je u vlasništvu 	Pariza	Parc des Princes je u vlasništvu 	Pariza	Paris|||Paris
Q12418	Mona Lisa	Mona Lisa	Q142	France	Francuska	Mona Lisa is owned by France .	Mona Lisa je u vlasništvu Francuska.	Mona Lisa je u vlasništvu 	 Mona Lisa je u vlasništvu Francuske.	Mona Lisa je u vlasništvu Francuske.	 Mona Lisa je u vlasništvu 	Francuske	Mona Lisa je u vlasništvu 	Francuske	France|||Republika Francuska|||Francuska republika|||République française
Q133566	San Siro Stadium	Stadio Giuseppe Meazza	Q490	Milan	Milano	San Siro Stadium is owned by Milan .	Stadio Giuseppe Meazza je u vlasništvu Milano.	Stadio Giuseppe Meazza je u vlasništvu 	 Stadion San Siro je u vlasništvu Milana.	Stadio Giuseppe Meazza je u vlasništvu Milana.	 Stadion San Siro je u vlasništvu 	Milana	Stadio Giuseppe Meazza je u vlasništvu 	Milana	Milan
Q2120364	Radio France	Radio France	Q142	France	Francuska	Radio France is owned by France .	Radio France je u vlasništvu Francuska.	Radio France je u vlasništvu 	 Radio France je u vlasništvu Francuske.	Radio France je u vlasništvu Francuske.	 Radio France je u vlasništvu 	Francuske	Radio France je u vlasništvu 	Francuske	France|||Republika Francuska|||Francuska republika|||République française
Q27460	Dacia	Dacia	Q6686	Renault	Renault	Dacia is owned by Renault .	Dacia je u vlasništvu Renault.	Dacia je u vlasništvu 	 Dacia je u vlasništvu Renaulta.	Dacia je u vlasništvu Renaulta.	 Dacia je u vlasništvu 	Renaulta	Dacia je u vlasništvu 	Renaulta	Renault
Q185741	Ernst-Happel-Stadion	Ernst Happel Stadion	Q1741	Vienna	Beč	Ernst-Happel-Stadion is owned by Vienna .	Ernst Happel Stadion je u vlasništvu Beč.	Ernst Happel Stadion je u vlasništvu 	 Ernst-Happel-Stadion je u vlasništvu Beča.	Ernst Happel Stadion je u vlasništvu Beča.	 Ernst-Happel-Stadion je u vlasništvu 	Beča	Ernst Happel Stadion je u vlasništvu 	Beča	Vienna
Q37312	Internet Movie Database	Internet Movie Database	Q3884	Amazon	Amazon.com	Internet Movie Database is owned by Amazon .	Internet Movie Database je u vlasništvu Amazon.com.	Internet Movie Database je u vlasništvu 	 Internetska filmska baza podataka u vlasništvu je Amazona.	Internet Movie Database je u vlasništvu Amazon.com.	ERROR	ERROR	Internet Movie Database je u vlasništvu 	Amazon.com	Amazon
Q2298325	Boston Dynamics	Boston Dynamics	Q95	Google	Google	Boston Dynamics is owned by Google .	Boston Dynamics je u vlasništvu Google.	Boston Dynamics je u vlasništvu 	 Boston Dynamics je u vlasništvu Googlea.	Boston Dynamics je u vlasništvu Googlea.	 Boston Dynamics je u vlasništvu 	Googlea	Boston Dynamics je u vlasništvu 	Googlea	Google
Q183480	Google AdSense	Google AdSense	Q95	Google	Google	Google AdSense is owned by Google .	Google AdSense je u vlasništvu Google.	Google AdSense je u vlasništvu 	 Google AdSense je u vlasništvu tvrtke Google.	Google AdSense je u vlasništvu Googlea.	 Google AdSense je u vlasništvu tvrtke 	Google	Google AdSense je u vlasništvu 	Googlea	Google
Q223142	Box Office Mojo	Box Office Mojo	Q3884	Amazon	Amazon.com	Box Office Mojo is owned by Amazon .	Box Office Mojo je u vlasništvu Amazon.com.	Box Office Mojo je u vlasništvu 	 Box Office Mojo je u vlasništvu Amazona.	Translation: Box Office Mojo je u vlasništvu Amazon.com.	ERROR	ERROR	Translation: Box Office Mojo je u vlasništvu 	Amazon.com	Amazon
Q738044	Stadium Municipal	Stadium Municipal	Q7880	Toulouse	Toulouse	Stadium Municipal is owned by Toulouse .	Stadium Municipal je u vlasništvu Toulouse.	Stadium Municipal je u vlasništvu 	Stadion Municipal je u vlasništvu Toulousea.	Stadium Municipal je u vlasništvu Toulousea.	Stadion Municipal je u vlasništvu 	Toulousea	Stadium Municipal je u vlasništvu 	Toulousea	Toulouse
Q173222	Gordini	Gordini	Q6686	Renault	Renault	Gordini is owned by Renault .	Gordini je u vlasništvu Renault.	Gordini je u vlasništvu 	 Gordini je u vlasništvu Renaulta.	Gordini je u vlasništvu Renaulta.	 Gordini je u vlasništvu 	Renaulta	Gordini je u vlasništvu 	Renaulta	Renault
Q848985	Microsoft Developer Network	Microsoft Developer Network	Q2283	Microsoft	Microsoft	Microsoft Developer Network is owned by Microsoft .	Microsoft Developer Network je u vlasništvu Microsoft.	Microsoft Developer Network je u vlasništvu 	 Microsoft Developer Network je u vlasništvu Microsofta.	Microsoft Developer Network je u vlasništvu Microsofta.	 Microsoft Developer Network je u vlasništvu 	Microsofta	Microsoft Developer Network je u vlasništvu 	Microsofta	Microsoft
Q28500	Stadio Renzo Barbera	Stadio Renzo Barbera	Q2656	Palermo	Palermo	Stadio Renzo Barbera is owned by Palermo .	Stadio Renzo Barbera je u vlasništvu Palermo.	Stadio Renzo Barbera je u vlasništvu 	 Stadion Renzo Barbera je u vlasništvu Palerma.	Stadio Renzo Barbera je u vlasništvu Palerma.	 Stadion Renzo Barbera je u vlasništvu 	Palerma	Stadio Renzo Barbera je u vlasništvu 	Palerma	Palermo
Q103204	Flickr	Flickr	Q37093	Yahoo	Yahoo!	Flickr is owned by Yahoo .	Flickr je u vlasništvu Yahoo!.	Flickr je u vlasništvu 	 Flickr je u vlasništvu Yahooa.	Flickr je u vlasništvu Yahoo!.	ERROR	ERROR	ERROR	ERROR	Yahoo!
Q1277048	Atelje 212	Atelje 212	Q3711	Belgrade	Beograd	Atelje 212 is owned by Belgrade .	Atelje 212 je u vlasništvu Beograd.	Atelje 212 je u vlasništvu 	 Atelje 212 je u vlasništvu tvrtke Belgrade.	Atelje 212 je u vlasništvu Beograda.	 Atelje 212 je u vlasništvu tvrtke 	Belgrade	Atelje 212 je u vlasništvu 	Beograda	Belgrade
Q4834855	BBC Music	BBC Music	Q9531	British Broadcasting Corporation	BBC	BBC Music is owned by British Broadcasting Corporation .	BBC Music je u vlasništvu BBC.	BBC Music je u vlasništvu 	 BBC Music je u vlasništvu Britanske radiotelevizije.	"Subject translation: BBC Glazba  
Object translation: Britanska radiodifuzna korporacija  
Translation: BBC Glazba je u vlasništvu Britanske radiodifuzne korporacije."	 	BBC	"Subject translation: BBC Glazba  
Object translation: Britanska radiodifuzna korporacija  
Translation: "	BBC	BBC
Q1635932	Palacio Vistalegre	Palacio Vistalegre	Q2807	Madrid	Madrid	Palacio Vistalegre is owned by Madrid .	Palacio Vistalegre je u vlasništvu Madrid.	Palacio Vistalegre je u vlasništvu 	 Palacio Vistalegre je u vlasništvu Madrida.	Palacio Vistalegre je u vlasništvu Madrida.	 Palacio Vistalegre je u vlasništvu 	Madrida	Palacio Vistalegre je u vlasništvu 	Madrida	Madrid
Q512468	Garuda Indonesia	Garuda Indonesia	Q252	Indonesia	Indonezija	Garuda Indonesia is owned by Indonesia .	Garuda Indonesia je u vlasništvu Indonezija.	Garuda Indonesia je u vlasništvu 	 Garuda Indonesia je u vlasništvu Indonezije.	Garuda Indonesia je u vlasništvu Indonezije.	 Garuda Indonesia je u vlasništvu 	Indonezije	Garuda Indonesia je u vlasništvu 	Indonezije	Indonesia
Q249892	Cinemax	Cinemax	Q23633	HBO	HBO	Cinemax is owned by HBO .	Cinemax je u vlasništvu HBO.	Cinemax je u vlasništvu 	 Cinemax je u vlasništvu HBO-a.	Cinemax je u vlasništvu HBO-a.	 Cinemax je u vlasništvu 	HBO-a	Cinemax je u vlasništvu 	HBO-a	HBO
Q545007	Bankers Life Fieldhouse	Bankers Life Fieldhouse	Q6346	Indianapolis	Indianapolis, Indiana	Bankers Life Fieldhouse is owned by Indianapolis .	Bankers Life Fieldhouse je u vlasništvu Indianapolis, Indiana.	Bankers Life Fieldhouse je u vlasništvu 	 Bankers Life Fieldhouse je u vlasništvu Indianapolisa.	Bankers Life Fieldhouse je u vlasništvu Indianapolisa.	ERROR	ERROR	ERROR	ERROR	Indianapolis
Q230051	Alexa Internet	Alexa Internet	Q3884	Amazon	Amazon.com	Alexa Internet is owned by Amazon .	Alexa Internet je u vlasništvu Amazon.com.	Alexa Internet je u vlasništvu 	 Alexa Internet je u vlasništvu Amazona.	Alexa Internet je u vlasništvu Amazon.com.	ERROR	ERROR	Alexa Internet je u vlasništvu 	Amazon.com	Amazon
Q42274	Google Earth	Google Earth	Q95	Google	Google	Google Earth is owned by Google .	Google Earth je u vlasništvu Google.	Google Earth je u vlasništvu 	 Google Earth je u vlasništvu tvrtke Google.	Google Earth je u vlasništvu Googlea.	 Google Earth je u vlasništvu tvrtke 	Google	Google Earth je u vlasništvu 	Googlea	Google
Q271982	Google Ads	Google AdWords	Q95	Google	Google	Google Ads is owned by Google .	Google AdWords je u vlasništvu Google.	Google AdWords je u vlasništvu 	 Google oglasi su u vlasništvu Googlea.	Google Ads je u vlasništvu Googlea.	 Google oglasi su u vlasništvu 	Googlea	Google Ads je u vlasništvu 	Googlea	Google
Q1961036	Beats Electronics	Beats by Dr. Dre	Q312	Apple Inc.	Apple Inc.	Beats Electronics is owned by Apple Inc. .	Beats by Dr. Dre je u vlasništvu Apple Inc..	Beats by Dr. Dre je u vlasništvu 	 Beats Electronics je u vlasništvu tvrtke Apple Inc.	Beats by Dr. Dre je u vlasništvu Apple Inc.	 Beats Electronics je u vlasništvu tvrtke 	Apple Inc.	Beats by Dr. Dre je u vlasništvu 	Apple Inc.	Apple
Q958338	Microsoft TechNet	TechNet	Q2283	Microsoft	Microsoft	Microsoft TechNet is owned by Microsoft .	TechNet je u vlasništvu Microsoft.	TechNet je u vlasništvu 	 Microsoft TechNet je u vlasništvu tvrtke Microsoft.	TechNet je u vlasništvu Microsofta.	 Microsoft TechNet je u vlasništvu tvrtke 	Microsoft	TechNet je u vlasništvu 	Microsofta	Microsoft
Q64436	Arc de Triomphe	Slavoluk pobjede u Parizu	Q142	France	Francuska	Arc de Triomphe is owned by France .	Slavoluk pobjede u Parizu je u vlasništvu Francuska.	Slavoluk pobjede u Parizu je u vlasništvu 	 Slavoluk pobjede je u vlasništvu Francuske.	Slavoluk pobjede u Parizu je u vlasništvu Francuske.	 Slavoluk pobjede je u vlasništvu 	Francuske	Slavoluk pobjede u Parizu je u vlasništvu 	Francuske	France|||Republika Francuska|||Francuska republika|||République française
Q157273	Deutsche Bank Park	Commerzbank-Arena	Q1794	Frankfurt am Main	Frankfurt na Majni	Deutsche Bank Park is owned by Frankfurt am Main .	Commerzbank-Arena je u vlasništvu Frankfurt na Majni.	Commerzbank-Arena je u vlasništvu 	 Deutsche Bank Park je u vlasništvu Frankfurta na Majni.	Commerzbank-Arena je u vlasništvu Frankfurta na Majni.	 Deutsche Bank Park je u vlasništvu 	Frankfurta na Majni	Commerzbank-Arena je u vlasništvu 	Frankfurta na Majni	Frankfurt
Q201428	Palace of Fontainebleau	Dvorac Fontainebleau	Q142	France	Francuska	Palace of Fontainebleau is owned by France .	Dvorac Fontainebleau je u vlasništvu Francuska.	Dvorac Fontainebleau je u vlasništvu 	 Palača Fontainebleau je u vlasništvu Francuske.	Dvorac Fontainebleau je u vlasništvu Francuske.	 Palača Fontainebleau je u vlasništvu 	Francuske	Dvorac Fontainebleau je u vlasništvu 	Francuske	France|||Republika Francuska|||Francuska republika|||République française
Q83382	Pentium III	Pentium III	Q248	Intel	Intel	Pentium III is owned by Intel .	Pentium III je u vlasništvu Intel.	Pentium III je u vlasništvu 	 Pentium III je u vlasništvu Intela.	Pentium III je u vlasništvu Intela.	 Pentium III je u vlasništvu 	Intela	Pentium III je u vlasništvu 	Intela	Intel
Q433505	AltaVista	AltaVista	Q37093	Yahoo	Yahoo!	AltaVista is owned by Yahoo .	AltaVista je u vlasništvu Yahoo!.	AltaVista je u vlasništvu 	 AltaVista je u vlasništvu Yahooa.	AltaVista je u vlasništvu Yahoo!.	ERROR	ERROR	ERROR	ERROR	Yahoo!
Q330015	Denver International Airport	Zračna luka Denver	Q16554	Denver	Denver, Colorado	Denver International Airport is owned by Denver .	Zračna luka Denver je u vlasništvu Denver, Colorado.	Zračna luka Denver je u vlasništvu 	 Međunarodna zračna luka Denver u vlasništvu je Denvera.	Zračna luka Denver je u vlasništvu Denvera, Colorado.	ERROR	ERROR	Zračna luka Denver je u vlasništvu 	Denvera, Colorado	Denver
Q1147000	Dubrovnik Airport	Zračna luka Dubrovnik	Q224	Croatia	Hrvatska	Dubrovnik Airport is owned by Croatia .	Zračna luka Dubrovnik je u vlasništvu Hrvatska.	Zračna luka Dubrovnik je u vlasništvu 	Zračna luka Dubrovnik je u vlasništvu Hrvatske.	Zračna luka Dubrovnik je u vlasništvu Hrvatske.	Zračna luka Dubrovnik je u vlasništvu 	Hrvatske	Zračna luka Dubrovnik je u vlasništvu 	Hrvatske	Croatia|||Republika Hrvatska|||RH
Q522618	Priority Records	Priority Records	Q183412	EMI	EMI	Priority Records is owned by EMI .	Priority Records je u vlasništvu EMI.	Priority Records je u vlasništvu 	 Priority Records je u vlasništvu tvrtke EMI.	Priority Records je u vlasništvu EMI-a.	 Priority Records je u vlasništvu tvrtke 	EMI	Priority Records je u vlasništvu 	EMI-a	EMI
Q201773	Hongkou Football Stadium	Stadion Hongkou	Q8686	Shanghai	Šangaj	Hongkou Football Stadium is owned by Shanghai .	Stadion Hongkou je u vlasništvu Šangaj.	Stadion Hongkou je u vlasništvu 	 Nogometni stadion Hongkou je u vlasništvu tvrtke Shanghai.	Stadion Hongkou je u vlasništvu Šangaja.	ERROR	ERROR	Stadion Hongkou je u vlasništvu 	Šangaja	Shanghai
Q845263	Liquor Control Board of Ontario	LCBO	Q1904	Ontario	Ontario	Liquor Control Board of Ontario is owned by Ontario .	LCBO je u vlasništvu Ontario.	LCBO je u vlasništvu 	 Odbor za kontrolu alkohola Ontarija je u vlasništvu Ontarija.	LCBO je u vlasništvu Ontarija.	 Odbor za kontrolu alkohola Ontarija je u vlasništvu 	Ontarija	LCBO je u vlasništvu 	Ontarija	Ontario
Q9340	Google Drive	Google Drive	Q95	Google	Google	Google Drive is owned by Google .	Google Drive je u vlasništvu Google.	Google Drive je u vlasništvu 	 Google Drive je u vlasništvu Googlea.	Google Drive je u vlasništvu Googlea.	 Google Drive je u vlasništvu 	Googlea	Google Drive je u vlasništvu 	Googlea	Google
Q328698	Stadio San Nicola	Stadio San Nicola	Q3519	Bari	Bari	Stadio San Nicola is owned by Bari .	Stadio San Nicola je u vlasništvu Bari.	Stadio San Nicola je u vlasništvu 	 Stadion San Nicola je u vlasništvu Barija.	Stadio San Nicola je u vlasništvu Barija.	ERROR	ERROR	ERROR	ERROR	Bari
Q152599	Stadion Nürnberg	EasyCredit-Stadion	Q2090	Nuremberg	Nürnberg	Stadion Nürnberg is owned by Nuremberg .	EasyCredit-Stadion je u vlasništvu Nürnberg.	EasyCredit-Stadion je u vlasništvu 	 Stadion Nürnberg je u vlasništvu Nürnberga.	EasyCredit-Stadion je u vlasništvu Nürnberga.	 Stadion Nürnberg je u vlasništvu 	Nürnberga	EasyCredit-Stadion je u vlasništvu 	Nürnberga	Nuremberg
Q206033	Google Books	Google knjige	Q95	Google	Google	Google Books is owned by Google .	Google knjige je u vlasništvu Google.	Google knjige je u vlasništvu 	 Google knjige su u vlasništvu tvrtke Google.	Google knjige su u vlasništvu Googlea.	 Google knjige su u vlasništvu tvrtke 	Google	Google knjige su u vlasništvu 	Googlea	Google
Q214629	Stadio Olimpico Grande Torino	Stadio Olimpico di Torino	Q495	Turin	Torino	Stadio Olimpico Grande Torino is owned by Turin .	Stadio Olimpico di Torino je u vlasništvu Torino.	Stadio Olimpico di Torino je u vlasništvu 	 Stadio Olimpico Grande Torino je u vlasništvu Torina.	Stadio Olimpico di Torino je u vlasništvu Torina.	 Stadio Olimpico Grande Torino je u vlasništvu 	Torina	Stadio Olimpico di Torino je u vlasništvu 	Torina	Turin
Q208033	Qatar Airways	Qatar Airways	Q846	Qatar	Katar	Qatar Airways is owned by Qatar .	Qatar Airways je u vlasništvu Katar.	Qatar Airways je u vlasništvu 	 Qatar Airways je u vlasništvu Katara.	Qatar Airways je u vlasništvu Katara.	 Qatar Airways je u vlasništvu 	Katara	Qatar Airways je u vlasništvu 	Katara	Qatar
Q2359213	Goodreads	Goodreads	Q3884	Amazon	Amazon.com	Goodreads is owned by Amazon .	Goodreads je u vlasništvu Amazon.com.	Goodreads je u vlasništvu 	 Goodreads je u vlasništvu Amazona.	Goodreads je u vlasništvu Amazon.com.	ERROR	ERROR	Goodreads je u vlasništvu 	Amazon.com	Amazon
Q980831	Oboronprom	Oboronprom	Q159	Russia	Rusija	Oboronprom is owned by Russia .	Oboronprom je u vlasništvu Rusija.	Oboronprom je u vlasništvu 	 Oboronprom je u vlasništvu Rusije.	Oboronprom je u vlasništvu Rusije.	 Oboronprom je u vlasništvu 	Rusije	Oboronprom je u vlasništvu 	Rusije	Russia|||Ruska Federacija
Q723603	Stadion Maksimir	Stadion Maksimir	Q1435	Zagreb	Zagreb	Stadion Maksimir is owned by Zagreb .	Stadion Maksimir je u vlasništvu Zagreb.	Stadion Maksimir je u vlasništvu 	 Stadion Maksimir je u vlasništvu Zagreba .	Stadion Maksimir je u vlasništvu Zagreba.	 Stadion Maksimir je u vlasništvu 	Zagreba	Stadion Maksimir je u vlasništvu 	Zagreba	Zagreb|||Agram
Q219831	The Night Watch	Noćna straža	Q727	Amsterdam	Amsterdam	The Night Watch is owned by Amsterdam .	Noćna straža je u vlasništvu Amsterdam.	Noćna straža je u vlasništvu 	 Noćna straža je u vlasništvu tvrtke Amsterdam.	Noćna straža je u vlasništvu Amsterdama.	 Noćna straža je u vlasništvu tvrtke 	Amsterdam	Noćna straža je u vlasništvu 	Amsterdama	Amsterdam
Q1218180	Nikon	Nikon	Q183275	Mitsubishi	Mitsubishi	Nikon is owned by Mitsubishi .	Nikon je u vlasništvu Mitsubishi.	Nikon je u vlasništvu 	 Nikon je u vlasništvu Mitsubishija.	Nikon je u vlasništvu Mitsubishija.	 Nikon je u vlasništvu 	Mitsubishija	Nikon je u vlasništvu 	Mitsubishija	Mitsubishi|||Mitsubishi Motors
Q151374	Olympiastadion Berlin	Olimpijski stadion u Berlinu	Q64	Berlin	Berlin	Olympiastadion Berlin is owned by Berlin .	Olimpijski stadion u Berlinu je u vlasništvu Berlin.	Olimpijski stadion u Berlinu je u vlasništvu 	 Olympiastadion Berlin je u vlasništvu Berlina.	Olimpijski stadion u Berlinu je u vlasništvu Berlina.	 Olympiastadion Berlin je u vlasništvu 	Berlina	Olimpijski stadion u Berlinu je u vlasništvu 	Berlina	Berlin
Q204268	LOT Polish Airlines	Polskie Linie Lotnicze	Q36	Poland	Poljska	LOT Polish Airlines is owned by Poland .	Polskie Linie Lotnicze je u vlasništvu Poljska.	Polskie Linie Lotnicze je u vlasništvu 	 LOT Polish Airlines je u vlasništvu Poljske.	Polskie Linie Lotnicze su u vlasništvu Poljske.	 LOT Polish Airlines je u vlasništvu 	Poljske	Polskie Linie Lotnicze su u vlasništvu 	Poljske	Poland|||Republika Poljska|||Polska|||🇵🇱
Q923337	Ukrainian Railways	Ukrajinske željeznice	Q212	Ukraine	Ukrajina	Ukrainian Railways is owned by Ukraine .	Ukrajinske željeznice je u vlasništvu Ukrajina.	Ukrajinske željeznice je u vlasništvu 	 Ukrajinske željeznice su u vlasništvu Ukrajine.	Ukrajinske željeznice su u vlasništvu Ukrajine.	 Ukrajinske željeznice su u vlasništvu 	Ukrajine	Ukrajinske željeznice su u vlasništvu 	Ukrajine	Ukraine
Q1238495	Narodne novine	Narodne novine	Q224	Croatia	Hrvatska	Narodne novine is owned by Croatia .	Narodne novine je u vlasništvu Hrvatska.	Narodne novine je u vlasništvu 	 Narodne novine su u vlasništvu Hrvatske.	Narodne novine su u vlasništvu Hrvatske.	 Narodne novine su u vlasništvu 	Hrvatske	Narodne novine su u vlasništvu 	Hrvatske	Croatia|||Republika Hrvatska|||RH
Q1121020	Compact Disc Digital Audio	Zvučni CD	Q41187	Sony	Sony	Compact Disc Digital Audio is owned by Sony .	Zvučni CD je u vlasništvu Sony.	Zvučni CD je u vlasništvu 	 Compact Disc Digital Audio je vlasništvo tvrtke Sony.	Zvučni CD je u vlasništvu Sony.	 Compact Disc Digital Audio je vlasništvo tvrtke 	Sony	Zvučni CD je u vlasništvu 	Sony	Sony Group
Q1575434	Metaweb	Metaweb	Q95	Google	Google	Metaweb is owned by Google .	Metaweb je u vlasništvu Google.	Metaweb je u vlasništvu 	 Metaweb je u vlasništvu Googlea.	Metaweb je u vlasništvu Googlea.	 Metaweb je u vlasništvu 	Googlea	Metaweb je u vlasništvu 	Googlea	Google
Q127372	Allianz Riviera	Allianz Riviera	Q33959	Nice	Nica	Allianz Riviera is owned by Nice .	Allianz Riviera je u vlasništvu Nica.	Allianz Riviera je u vlasništvu 	 Allianz Riviera je u vlasništvu tvrtke Nice.	Allianz Riviera je u vlasništvu Nice.	 Allianz Riviera je u vlasništvu tvrtke 	Nice	Allianz Riviera je u vlasništvu 	Nice	Nice|||Nice
Q213508	Karaiskakis Stadium	Stadion Karaiskakis	Q41	Greece	Grčka	Karaiskakis Stadium is owned by Greece .	Stadion Karaiskakis je u vlasništvu Grčka.	Stadion Karaiskakis je u vlasništvu 	Stadion Karaiskakis je u vlasništvu Grčke.	Stadion Karaiskakis je u vlasništvu Grčke.	Stadion Karaiskakis je u vlasništvu 	Grčke	Stadion Karaiskakis je u vlasništvu 	Grčke	Greece|||Republika Grčka
Q135622	Google Translate	Google prevoditelj	Q95	Google	Google	Google Translate is owned by Google .	Google prevoditelj je u vlasništvu Google.	Google prevoditelj je u vlasništvu 	 Google Prevoditelj je vlasništvo tvrtke Google.	Google prevoditelj je u vlasništvu Googlea.	 Google Prevoditelj je vlasništvo tvrtke 	Google	Google prevoditelj je u vlasništvu 	Googlea	Google
Q1353687	Strahov Stadium	Stadion Strahov	Q1085	Prague	Prag	Strahov Stadium is owned by Prague .	Stadion Strahov je u vlasništvu Prag.	Stadion Strahov je u vlasništvu 	 Stadion Strahov je u vlasništvu Praga.	Stadion Strahov je u vlasništvu Praga.	 Stadion Strahov je u vlasništvu 	Praga	Stadion Strahov je u vlasništvu 	Praga	Prague
Q473873	Vevo	Vevo	Q95	Google	Google	Vevo is owned by Google .	Vevo je u vlasništvu Google.	Vevo je u vlasništvu 	 Vevo je u vlasništvu Googlea.	Vevo je u vlasništvu Googlea.	 Vevo je u vlasništvu 	Googlea	Vevo je u vlasništvu 	Googlea	Google
Q18536	The Shard	The Shard	Q846	Qatar	Katar	The Shard is owned by Qatar .	The Shard je u vlasništvu Katar.	The Shard je u vlasništvu 	 Shard je u vlasništvu Katara.	The Shard je u vlasništvu Katara.	 Shard je u vlasništvu 	Katara	The Shard je u vlasništvu 	Katara	Qatar
Q13205	Stade de France	Stade de France	Q142	France	Francuska	Stade de France is owned by France .	Stade de France je u vlasništvu Francuska.	Stade de France je u vlasništvu 	 Stade de France je u vlasništvu Francuske.	Stade de France je u vlasništvu Francuske.	 Stade de France je u vlasništvu 	Francuske	Stade de France je u vlasništvu 	Francuske	France|||Republika Francuska|||Francuska republika|||République française
