sub_uri	en_sub_label	sub_label	obj_uri	en_obj_label	obj_label	en_template	template	template_prompt	gt_translation	chatgpt_translation	gt_prompt	gt_infl_object	chatgpt_prompt	chatgpt_infl_object	aliases
Q2096	Edmonton	Edmonton	Q1951	Alberta	Alberta	Edmonton is the capital of Alberta .	Edmonton je glavni grad Alberta.	Edmonton je glavni grad 	 Edmonton je glavni grad Alberte.	Edmonton je glavni grad Alberte.	 Edmonton je glavni grad 	Alberte	Edmonton je glavni grad 	Alberte	Alberta
Q3640	Ankara	Ankara	Q43	Turkey	Turska	Ankara is the capital of Turkey .	Ankara je glavni grad Turska.	Ankara je glavni grad 	 Ankara je glavni grad Turske.	Ankara je glavni grad Turske.	 Ankara je glavni grad 	Turske	Ankara je glavni grad 	Turske	Turkey|||Republika Turska
Q727	Amsterdam	Amsterdam	Q55	Netherlands	Nizozemska	Amsterdam is the capital of Netherlands .	Amsterdam je glavni grad Nizozemska.	Amsterdam je glavni grad 	 Amsterdam je glavni grad Nizozemske.	Amsterdam je glavni grad Nizozemske.	 Amsterdam je glavni grad 	Nizozemske	Amsterdam je glavni grad 	Nizozemske	Netherlands|||Holandija
Q9248	Baku	Baku	Q227	Azerbaijan	Azerbajdžan	Baku is the capital of Azerbaijan .	Baku je glavni grad Azerbajdžan.	Baku je glavni grad 	 Baku je glavni grad Azerbajdžana.	Baku je glavni grad Azerbejdžana.	 Baku je glavni grad 	Azerbajdžana	Baku je glavni grad 	Azerbejdžana	Azerbaijan
Q85	Cairo	Kairo	Q79	Egypt	Egipat	Cairo is the capital of Egypt .	Kairo je glavni grad Egipat.	Kairo je glavni grad 	 Kairo je glavni grad Egipta.	Kairo je glavni grad Egipta.	ERROR	ERROR	ERROR	ERROR	Egypt
Q1748	Copenhagen	Kopenhagen	Q35	Denmark	Danska	Copenhagen is the capital of Denmark .	Kopenhagen je glavni grad Danska.	Kopenhagen je glavni grad 	 Kopenhagen je glavni grad Danske.	Kopenhagen je glavni grad Danske.	 Kopenhagen je glavni grad 	Danske	Kopenhagen je glavni grad 	Danske	Denmark|||Kraljevina Danska
Q1492	Barcelona	Barcelona	Q5705	Catalonia	Katalonija	Barcelona is the capital of Catalonia .	Barcelona je glavni grad Katalonija.	Barcelona je glavni grad 	 Barcelona je glavni grad Katalonije.	Barcelona je glavni grad Katalonije.	 Barcelona je glavni grad 	Katalonije	Barcelona je glavni grad 	Katalonije	Catalonia
Q1486	Buenos Aires	Buenos Aires	Q414	Argentina	Argentina	Buenos Aires is the capital of Argentina .	Buenos Aires je glavni grad Argentina.	Buenos Aires je glavni grad 	 Buenos Aires je glavni grad Argentine.	Buenos Aires je glavni grad Argentinske.	 Buenos Aires je glavni grad 	Argentine	Buenos Aires je glavni grad 	Argentinske	Argentina
Q1726	Munich	München	Q980	Bavaria	Bavarska	Munich is the capital of Bavaria .	München je glavni grad Bavarska.	München je glavni grad 	 München je glavni grad Bavarske.	München je glavni grad Bavarske.	 München je glavni grad 	Bavarske	München je glavni grad 	Bavarske	Bavaria|||Bayern|||Slobodna Država Bavarska|||Freistaat Bayern
Q2044	Florence	Firenca	Q1273	Tuscany	Toskana	Florence is the capital of Tuscany .	Firenca je glavni grad Toskana.	Firenca je glavni grad 	 Firenca je glavni grad Toskane.	Firenca je glavni grad Toskane.	 Firenca je glavni grad 	Toskane	Firenca je glavni grad 	Toskane	Tuscany
Q220	Rome	Rim	Q38	Italy	Italija	Rome is the capital of Italy .	Rim je glavni grad Italija.	Rim je glavni grad 	 Rim je glavni grad Italije.	Rim je glavni grad Italije.	 Rim je glavni grad 	Italije	Rim je glavni grad 	Italije	Italy|||Republika Italija
Q3561	Algiers	Alžir	Q262	Algeria	Alžir	Algiers is the capital of Algeria .	Alžir je glavni grad Alžir.	Alžir je glavni grad 	 Alžir je glavni grad Alžira.	Alžir je glavni grad Alžira.	 Alžir je glavni grad 	Alžira	Alžir je glavni grad 	Alžira	Algeria
Q3579	Tripoli	Tripoli	Q1016	Libya	Libija	Tripoli is the capital of Libya .	Tripoli je glavni grad Libija.	Tripoli je glavni grad 	 Tripoli je glavni grad Libije.	Tripoli je glavni grad Libije.	 Tripoli je glavni grad 	Libije	Tripoli je glavni grad 	Libije	Libya
Q12892	Antwerp	Antwerpen	Q1116	Antwerp	Antwerpen	Antwerp is the capital of Antwerp .	Antwerpen je glavni grad Antwerpen.	Antwerpen je glavni grad 	 Antwerpen je glavni grad Antwerpena.	Antwerpen je glavni grad Antwerpena.	 Antwerpen je glavni grad 	Antwerpena	Antwerpen je glavni grad 	Antwerpena	Province of Antwerp
Q3114	Canberra	Canberra	Q408	Australia	Australija	Canberra is the capital of Australia .	Canberra je glavni grad Australija.	Canberra je glavni grad 	 Canberra je glavni grad Australije.	Canberra je glavni grad Australije.	 Canberra je glavni grad 	Australije	Canberra je glavni grad 	Australije	Australia
Q3935	Windhoek	Windhoek	Q1030	Namibia	Namibija	Windhoek is the capital of Namibia .	Windhoek je glavni grad Namibija.	Windhoek je glavni grad 	 Windhoek je glavni grad Namibije.	Windhoek je glavni grad Namibije.	 Windhoek je glavni grad 	Namibije	Windhoek je glavni grad 	Namibije	Namibia
Q160544	Heraklion	Heraklion	Q34374	Crete	Kreta	Heraklion is the capital of Crete .	Heraklion je glavni grad Kreta.	Heraklion je glavni grad 	 Heraklion je glavni grad Krete.	Heraklion je glavni grad Krete.	 Heraklion je glavni grad 	Krete	Heraklion je glavni grad 	Krete	Crete
Q1530	Baghdad	Bagdad	Q796	Iraq	Irak	Baghdad is the capital of Iraq .	Bagdad je glavni grad Irak.	Bagdad je glavni grad 	 Bagdad je glavni grad Iraka.	Bagdad je glavni grad Iraka.	 Bagdad je glavni grad 	Iraka	Bagdad je glavni grad 	Iraka	Iraq
Q23436	Edinburgh	Edinburgh	Q22	Scotland	Škotska	Edinburgh is the capital of Scotland .	Edinburgh je glavni grad Škotska.	Edinburgh je glavni grad 	 Edinburgh je glavni grad Škotske.	Edinburgh je glavni grad Škotske.	 Edinburgh je glavni grad 	Škotske	Edinburgh je glavni grad 	Škotske	Scotland|||Kaledonija
Q5838	Kabul	Kabul	Q889	Afghanistan	Afganistan	Kabul is the capital of Afghanistan .	Kabul je glavni grad Afganistan.	Kabul je glavni grad 	 Kabul je glavni grad Afganistana.	Kabul je glavni grad Afganistana.	 Kabul je glavni grad 	Afganistana	Kabul je glavni grad 	Afganistana	Afghanistan
Q586	Bonn	Bonn	Q183	Germany	Njemačka	Bonn is the capital of Germany .	Bonn je glavni grad Njemačka.	Bonn je glavni grad 	 Bonn je glavni grad Njemačke.	Bonn je glavni grad Njemačke.	 Bonn je glavni grad 	Njemačke	Bonn je glavni grad 	Njemačke	Germany
Q64	Berlin	Berlin	Q183	Germany	Njemačka	Berlin is the capital of Germany .	Berlin je glavni grad Njemačka.	Berlin je glavni grad 	 Berlin je glavni grad Njemačke.	Translation: Berlin je glavni grad Njemačke.	 Berlin je glavni grad 	Njemačke	Translation: Berlin je glavni grad 	Njemačke	Germany
Q3799	Porto-Novo	Porto-Novo	Q962	Benin	Benin	Porto-Novo is the capital of Benin .	Porto-Novo je glavni grad Benin.	Porto-Novo je glavni grad 	 Porto-Novo je glavni grad Benina.	Porto-Novo je glavni grad Benina.	 Porto-Novo je glavni grad 	Benina	Porto-Novo je glavni grad 	Benina	Benin
Q3919	Gaborone	Gaborone	Q963	Botswana	Bocvana	Gaborone is the capital of Botswana .	Gaborone je glavni grad Bocvana.	Gaborone je glavni grad 	Gaborone je glavni grad Bocvane.	Gaborone je glavni grad Bocvane.	Gaborone je glavni grad 	Bocvane	Gaborone je glavni grad 	Bocvane	Botswana
Q90	Paris	Pariz	Q142	France	Francuska	Paris is the capital of France .	Pariz je glavni grad Francuska.	Pariz je glavni grad 	 Pariz je glavni grad Francuske.	Pariz je glavni grad Francuske.	 Pariz je glavni grad 	Francuske	Pariz je glavni grad 	Francuske	France|||Republika Francuska|||Francuska republika|||République française
Q1156	Mumbai	Mumbai	Q1191	Maharashtra	Maharashtra	Mumbai is the capital of Maharashtra .	Mumbai je glavni grad Maharashtra.	Mumbai je glavni grad 	 Mumbai je glavni grad Maharashtre.	Mumbai je glavni grad Maharaštre.	 Mumbai je glavni grad 	Maharashtre	Mumbai je glavni grad 	Maharaštre	Maharashtra
Q585	Oslo	Oslo	Q20	Norway	Norveška	Oslo is the capital of Norway .	Oslo je glavni grad Norveška.	Oslo je glavni grad 	 Oslo je glavni grad Norveške.	Oslo je glavni grad Norveške.	 Oslo je glavni grad 	Norveške	Oslo je glavni grad 	Norveške	Norway|||no|||Norveško kraljevstvo
Q1218	Jerusalem	Jeruzalem	Q48685	Judah	Kraljevstvo Juda	Jerusalem is the capital of Judah .	Jeruzalem je glavni grad Kraljevstvo Juda.	Jeruzalem je glavni grad 	 Jeruzalem je glavni grad Judeje.	Jeruzalem je glavni grad Kraljevstva Jude.	ERROR	ERROR	Jeruzalem je glavni grad 	Kraljevstva Jude	Kingdom of Judah|||Judejsko kraljevstvo
Q9361	Bishkek	Biškek	Q813	Kyrgyzstan	Kirgistan	Bishkek is the capital of Kyrgyzstan .	Biškek je glavni grad Kirgistan.	Biškek je glavni grad 	 Biškek je glavni grad Kirgistana.	Biškek je glavni grad Kirgistana.	 Biškek je glavni grad 	Kirgistana	Biškek je glavni grad 	Kirgistana	Kyrgyzstan
Q19660	Bucharest	Bukurešt	Q218	Romania	Rumunjska	Bucharest is the capital of Romania .	Bukurešt je glavni grad Rumunjska.	Bukurešt je glavni grad 	 Bukurešt je glavni grad Rumunjske.	Bukurešt je glavni grad Rumunjske.	 Bukurešt je glavni grad 	Rumunjske	Bukurešt je glavni grad 	Rumunjske	Romania
Q3141	Melbourne	Melbourne	Q36687	Victoria	Victoria	Melbourne is the capital of Victoria .	Melbourne je glavni grad Victoria.	Melbourne je glavni grad 	 Melbourne je glavni grad Viktorije.	Melbourne je glavni grad Victorije.	 Melbourne je glavni grad 	Viktorije	Melbourne je glavni grad 	Victorije	Victoria
Q956	Beijing	Peking	Q865	Taiwan	Republika Kina	Beijing is the capital of Taiwan .	Peking je glavni grad Republika Kina.	Peking je glavni grad 	 Peking je glavni grad Tajvana.	Peking je glavni grad Republike Kine.	ERROR	ERROR	Peking je glavni grad 	Republike Kine	Taiwan
Q11725	Chongqing	Chongqing	Q865	Taiwan	Republika Kina	Chongqing is the capital of Taiwan .	Chongqing je glavni grad Republika Kina.	Chongqing je glavni grad 	 Chongqing je glavni grad Tajvana.	Chongqing je glavni grad Republike Kine.	ERROR	ERROR	Chongqing je glavni grad 	Republike Kine	Taiwan
Q1563	Havana	Havana	Q241	Cuba	Kuba	Havana is the capital of Cuba .	Havana je glavni grad Kuba.	Havana je glavni grad 	 Havana je glavni grad Kube.	Havana je glavni grad Kube.	 Havana je glavni grad 	Kube	Havana je glavni grad 	Kube	Cuba
Q16554	Denver	Denver, Colorado	Q1261	Colorado	Colorado	Denver is the capital of Colorado .	Denver, Colorado je glavni grad Colorado.	Denver, Colorado je glavni grad 	 Denver je glavni grad Colorada.	Denver, Colorado je glavni grad Colorada.	 Denver je glavni grad 	Colorada	Denver, Colorado je glavni grad 	Colorada	Colorado
Q2449	Mogadishu	Mogadishu	Q1045	Somalia	Somalija	Mogadishu is the capital of Somalia .	Mogadishu je glavni grad Somalija.	Mogadishu je glavni grad 	 Mogadishu je glavni grad Somalije.	Mogadishu je glavni grad Somalije.	 Mogadishu je glavni grad 	Somalije	Mogadishu je glavni grad 	Somalije	Somalia
Q10690	Cardiff	Cardiff	Q25	Wales	Wales	Cardiff is the capital of Wales .	Cardiff je glavni grad Wales.	Cardiff je glavni grad 	 Cardiff je glavni grad Walesa.	Cardiff je glavni grad Walesa.	 Cardiff je glavni grad 	Walesa	Cardiff je glavni grad 	Walesa	Wales|||WAL|||WLS|||Cymru
Q1761	Dublin	Dublin	Q27	Ireland	Irska	Dublin is the capital of Ireland .	Dublin je glavni grad Irska.	Dublin je glavni grad 	 Dublin je glavni grad Irske.	Dublin je glavni grad Irske.	 Dublin je glavni grad 	Irske	Dublin je glavni grad 	Irske	Ireland|||Republika Irska
Q3572	Tunis	Tunis	Q948	Tunisia	Tunis	Tunis is the capital of Tunisia .	Tunis je glavni grad Tunis.	Tunis je glavni grad 	 Tunis je glavni grad Tunisa.	Translation: Tunis je glavni grad Tunisa.	 Tunis je glavni grad 	Tunisa	Translation: Tunis je glavni grad 	Tunisa	Tunisia
Q8678	Rio de Janeiro	Rio de Janeiro	Q155	Brazil	Brazil	Rio de Janeiro is the capital of Brazil .	Rio de Janeiro je glavni grad Brazil.	Rio de Janeiro je glavni grad 	 Rio de Janeiro je glavni grad Brazila.	Rio de Janeiro je glavni grad Brazila.	 Rio de Janeiro je glavni grad 	Brazila	Rio de Janeiro je glavni grad 	Brazila	Brazil
Q23800	Valletta	Valletta	Q233	Malta	Malta	Valletta is the capital of Malta .	Valletta je glavni grad Malta.	Valletta je glavni grad 	 Valletta je glavni grad Malte.	Valletta je glavni grad Malte.	 Valletta je glavni grad 	Malte	Valletta je glavni grad 	Malte	Malta
Q84	London	London	Q21	England	Engleska	London is the capital of England .	London je glavni grad Engleska.	London je glavni grad 	 London je glavni grad Engleske.	London je glavni grad Engleske.	 London je glavni grad 	Engleske	London je glavni grad 	Engleske	England|||ENG
Q3551	Rabat	Rabat	Q1028	Morocco	Maroko	Rabat is the capital of Morocco .	Rabat je glavni grad Maroko.	Rabat je glavni grad 	 Rabat je glavni grad Maroka.	Rabat je glavni grad Maroka.	 Rabat je glavni grad 	Maroka	Rabat je glavni grad 	Maroka	Morocco|||Marocco
Q1773	Riga	Riga	Q211	Latvia	Latvija	Riga is the capital of Latvia .	Riga je glavni grad Latvija.	Riga je glavni grad 	 Riga je glavni grad Latvije.	Riga je glavni grad Latvije.	 Riga je glavni grad 	Latvije	Riga je glavni grad 	Latvije	Latvia
Q3766	Damascus	Damask	Q858	Syria	Sirija	Damascus is the capital of Syria .	Damask je glavni grad Sirija.	Damask je glavni grad 	 Damask je glavni grad Sirije.	Damask je glavni grad Sirije.	 Damask je glavni grad 	Sirije	Damask je glavni grad 	Sirije	Syria
Q1960	Dar es Salaam	Dar-es-Salaam	Q924	Tanzania	Tanzanija	Dar es Salaam is the capital of Tanzania .	Dar-es-Salaam je glavni grad Tanzanija.	Dar-es-Salaam je glavni grad 	 Dar es Salaam je glavni grad Tanzanije.	Dar es Salaam je glavni grad Tanzanije.	 Dar es Salaam je glavni grad 	Tanzanije	Dar es Salaam je glavni grad 	Tanzanije	Tanzania
Q1754	Stockholm	Stockholm	Q34	Sweden	Švedska	Stockholm is the capital of Sweden .	Stockholm je glavni grad Švedska.	Stockholm je glavni grad 	 Stockholm je glavni grad Švedske.	Stockholm je glavni grad Švedske.	 Stockholm je glavni grad 	Švedske	Stockholm je glavni grad 	Švedske	Sweden|||Kraljevina Švedska
Q1757	Helsinki	Helsinki	Q33	Finland	Finska	Helsinki is the capital of Finland .	Helsinki je glavni grad Finska.	Helsinki je glavni grad 	Helsinki je glavni grad Finske.	Helsinki je glavni grad Finske.	Helsinki je glavni grad 	Finske	Helsinki je glavni grad 	Finske	Finland|||Republika Finska
Q1085	Prague	Prag	Q39193	Bohemia	Češka	Prague is the capital of Bohemia .	Prag je glavni grad Češka.	Prag je glavni grad 	 Prag je glavni grad Bohemije.	Prag je glavni grad Češke.	ERROR	ERROR	Prag je glavni grad 	Češke	Bohemia|||Bohemija
Q6346	Indianapolis	Indianapolis, Indiana	Q1415	Indiana	Indiana	Indianapolis is the capital of Indiana .	Indianapolis, Indiana je glavni grad Indiana.	Indianapolis, Indiana je glavni grad 	 Indianapolis je glavni grad Indiane.	Indianapolis je glavni grad Indiane.	 Indianapolis je glavni grad 	Indiane	Indianapolis je glavni grad 	Indiane	Indiana
Q2807	Madrid	Madrid	Q29	Spain	Španjolska	Madrid is the capital of Spain .	Madrid je glavni grad Španjolska.	Madrid je glavni grad 	 Madrid je glavni grad Španjolske.	Madrid je glavni grad Španjolske.	 Madrid je glavni grad 	Španjolske	Madrid je glavni grad 	Španjolske	Spain
Q1555	Guatemala City	Guatemala	Q774	Guatemala	Gvatemala	Guatemala City is the capital of Guatemala .	Guatemala je glavni grad Gvatemala.	Guatemala je glavni grad 	 Guatemala City je glavni grad Gvatemale.	Guatemala City je glavni grad Gvatemale.	 Guatemala City je glavni grad 	Gvatemale	Guatemala City je glavni grad 	Gvatemale	Guatemala
Q270	Warsaw	Varšava	Q36	Poland	Poljska	Warsaw is the capital of Poland .	Varšava je glavni grad Poljska.	Varšava je glavni grad 	 Varšava je glavni grad Poljske.	Varšava je glavni grad Poljske.	 Varšava je glavni grad 	Poljske	Varšava je glavni grad 	Poljske	Poland|||Republika Poljska|||Polska|||🇵🇱
Q16572	Guangzhou	Guangzhou	Q15175	Guangdong	Guangdong	Guangzhou is the capital of Guangdong .	Guangzhou je glavni grad Guangdong.	Guangzhou je glavni grad 	 Guangzhou je glavni grad Guangdonga.	Guangzhou je glavni grad Guangdonga.	 Guangzhou je glavni grad 	Guangdonga	Guangzhou je glavni grad 	Guangdonga	Guangdong
Q1731	Dresden	Dresden	Q1202	Saxony	Saska	Dresden is the capital of Saxony .	Dresden je glavni grad Saska.	Dresden je glavni grad 	 Dresden je glavni grad Saske.	Dresden je glavni grad Sase.	 Dresden je glavni grad 	Saske	ERROR	ERROR	Saxony|||Slobodna Država Saska|||Freistaat Sachsen
Q34261	Port-au-Prince	Port-au-Prince	Q790	Haiti	Haiti	Port-au-Prince is the capital of Haiti .	Port-au-Prince je glavni grad Haiti.	Port-au-Prince je glavni grad 	 Port-au-Prince je glavni grad Haitija.	Port-au-Prince je glavni grad Haitija.	 Port-au-Prince je glavni grad 	Haitija	Port-au-Prince je glavni grad 	Haitija	Haiti
Q1524	Athens	Atena	Q41	Greece	Grčka	Athens is the capital of Greece .	Atena je glavni grad Grčka.	Atena je glavni grad 	 Atena je glavni grad Grčke.	Atena je glavni grad Grčke.	 Atena je glavni grad 	Grčke	Atena je glavni grad 	Grčke	Greece|||Republika Grčka
Q40191	Hobart	Hobart	Q34366	Tasmania	Tasmanija	Hobart is the capital of Tasmania .	Hobart je glavni grad Tasmanija.	Hobart je glavni grad 	 Hobart je glavni grad Tasmanije.	Hobart je glavni grad Tasmanije.	 Hobart je glavni grad 	Tasmanije	Hobart je glavni grad 	Tasmanije	Tasmania
Q1770	Tallinn	Tallinn	Q191	Estonia	Estonija	Tallinn is the capital of Estonia .	Tallinn je glavni grad Estonija.	Tallinn je glavni grad 	 Tallinn je glavni grad Estonije.	Tallinn je glavni grad Estonije.	 Tallinn je glavni grad 	Estonije	Tallinn je glavni grad 	Estonije	Estonia
Q1490	Tokyo	Tokio	Q17	Japan	Japan	Tokyo is the capital of Japan .	Tokio je glavni grad Japan.	Tokio je glavni grad 	 Tokio je glavni grad Japana.	Tokio je glavni grad Japana.	 Tokio je glavni grad 	Japana	Tokio je glavni grad 	Japana	Japan|||Nippon|||Zemlja Izlazećeg Sunca
Q1741	Vienna	Beč	Q40	Austria	Austrija	Vienna is the capital of Austria .	Beč je glavni grad Austrija.	Beč je glavni grad 	 Beč je glavni grad Austrije.	Beč je glavni grad Austrije.	 Beč je glavni grad 	Austrije	Beč je glavni grad 	Austrije	Austria|||Republika Austrija|||Österreich
Q437	Ljubljana	Ljubljana	Q215	Slovenia	Slovenija	Ljubljana is the capital of Slovenia .	Ljubljana je glavni grad Slovenija.	Ljubljana je glavni grad 	 Ljubljana je glavni grad Slovenije.	Ljubljana je glavni grad Slovenije.	 Ljubljana je glavni grad 	Slovenije	Ljubljana je glavni grad 	Slovenije	Slovenia|||Republika Slovenija
Q1218	Jerusalem	Jeruzalem	Q801	Israel	Izrael	Jerusalem is the capital of Israel .	Jeruzalem je glavni grad Izrael.	Jeruzalem je glavni grad 	 Jeruzalem je glavni grad Izraela.	Jeruzalem je glavni grad Izraela.	 Jeruzalem je glavni grad 	Izraela	Jeruzalem je glavni grad 	Izraela	Israel
Q3630	Jakarta	Jakarta	Q252	Indonesia	Indonezija	Jakarta is the capital of Indonesia .	Jakarta je glavni grad Indonezija.	Jakarta je glavni grad 	 Jakarta je glavni grad Indonezije.	Jakarta je glavni grad Indonezije.	 Jakarta je glavni grad 	Indonezije	Jakarta je glavni grad 	Indonezije	Indonesia
Q495	Turin	Torino	Q1216	Piedmont	Pijemont	Turin is the capital of Piedmont .	Torino je glavni grad Pijemont.	Torino je glavni grad 	 Torino je glavni grad Pijemonta.	Torino je glavni grad Pijemonta.	 Torino je glavni grad 	Pijemonta	Torino je glavni grad 	Pijemonta	Piedmont
Q3870	Nairobi	Nairobi	Q114	Kenya	Kenija	Nairobi is the capital of Kenya .	Nairobi je glavni grad Kenija.	Nairobi je glavni grad 	 Nairobi je glavni grad Kenije.	Nairobi je glavni grad Kenije.	 Nairobi je glavni grad 	Kenije	Nairobi je glavni grad 	Kenije	Kenya
Q1865	Kuala Lumpur	Kuala Lumpur	Q833	Malaysia	Malezija	Kuala Lumpur is the capital of Malaysia .	Kuala Lumpur je glavni grad Malezija.	Kuala Lumpur je glavni grad 	 Kuala Lumpur je glavni grad Malezije.	Kuala Lumpur je glavni grad Malezije.	 Kuala Lumpur je glavni grad 	Malezije	Kuala Lumpur je glavni grad 	Malezije	Malaysia
Q1362	Islamabad	Islamabad	Q843	Pakistan	Pakistan	Islamabad is the capital of Pakistan .	Islamabad je glavni grad Pakistan.	Islamabad je glavni grad 	 Islamabad je glavni grad Pakistana.	Islamabad je glavni grad Pakistana.	 Islamabad je glavni grad 	Pakistana	Islamabad je glavni grad 	Pakistana	Pakistan|||Islamska Republika Pakistan
Q3037	Kathmandu	Katmandu	Q837	Nepal	Nepal	Kathmandu is the capital of Nepal .	Katmandu je glavni grad Nepal.	Katmandu je glavni grad 	 Katmandu je glavni grad Nepala.	Katmandu je glavni grad Nepala.	 Katmandu je glavni grad 	Nepala	Katmandu je glavni grad 	Nepala	Nepal
Q1963	Khartoum	Khartoum	Q1049	Sudan	Sudan	Khartoum is the capital of Sudan .	Khartoum je glavni grad Sudan.	Khartoum je glavni grad 	 Kartum je glavni grad Sudana.	Khartoum je glavni grad Sudana.	 Kartum je glavni grad 	Sudana	Khartoum je glavni grad 	Sudana	Sudan
Q216	Vilnius	Vilnius	Q37	Lithuania	Litva	Vilnius is the capital of Lithuania .	Vilnius je glavni grad Litva.	Vilnius je glavni grad 	Vilnius je glavni grad Litve.	Vilnius je glavni grad Litve.	Vilnius je glavni grad 	Litve	Vilnius je glavni grad 	Litve	Lithuania|||Litvanija|||Republika Litva
Q3820	Beirut	Beirut	Q822	Lebanon	Libanon	Beirut is the capital of Lebanon .	Beirut je glavni grad Libanon.	Beirut je glavni grad 	 Bejrut je glavni grad Libanona.	Beirut je glavni grad Libanona.	 Bejrut je glavni grad 	Libanona	Beirut je glavni grad 	Libanona	Lebanon
Q597	Lisbon	Lisabon	Q45	Portugal	Portugal	Lisbon is the capital of Portugal .	Lisabon je glavni grad Portugal.	Lisabon je glavni grad 	 Lisabon je glavni grad Portugala.	Lisabon je glavni grad Portugala.	 Lisabon je glavni grad 	Portugala	Lisabon je glavni grad 	Portugala	Portugal|||Republika Portugal
Q3897	Luanda	Luanda	Q916	Angola	Angola	Luanda is the capital of Angola .	Luanda je glavni grad Angola.	Luanda je glavni grad 	 Luanda je glavni grad Angole.	Luanda je glavni grad Angole.	 Luanda je glavni grad 	Angole	Luanda je glavni grad 	Angole	Angola
Q649	Moscow	Moskva	Q159	Russia	Rusija	Moscow is the capital of Russia .	Moskva je glavni grad Rusija.	Moskva je glavni grad 	 Moskva je glavni grad Rusije.	Moskva je glavni grad Rusije.	 Moskva je glavni grad 	Rusije	Moskva je glavni grad 	Rusije	Russia|||Ruska Federacija
Q2135	Winnipeg	Winnipeg	Q1948	Manitoba	Manitoba	Winnipeg is the capital of Manitoba .	Winnipeg je glavni grad Manitoba.	Winnipeg je glavni grad 	 Winnipeg je glavni grad Manitobe.	Winnipeg je glavni grad Manitobe.	 Winnipeg je glavni grad 	Manitobe	Winnipeg je glavni grad 	Manitobe	Manitoba
Q3876	Lilongwe	Lilongwe	Q1020	Malawi	Malavi	Lilongwe is the capital of Malawi .	Lilongwe je glavni grad Malavi.	Lilongwe je glavni grad 	 Lilongwe je glavni grad Malavija.	Lilongwe je glavni grad Malavija.	 Lilongwe je glavni grad 	Malavija	Lilongwe je glavni grad 	Malavija	Malawi
Q1489	Mexico City	Ciudad de México	Q96	Mexico	Meksiko	Mexico City is the capital of Mexico .	Ciudad de México je glavni grad Meksiko.	Ciudad de México je glavni grad 	 Mexico City je glavni grad Meksika.	Ciudad de México je glavni grad Meksika.	 Mexico City je glavni grad 	Meksika	Ciudad de México je glavni grad 	Meksika	Mexico
Q3889	Maputo	Maputo	Q1029	Mozambique	Mozambik	Maputo is the capital of Mozambique .	Maputo je glavni grad Mozambik.	Maputo je glavni grad 	 Maputo je glavni grad Mozambika.	Maputo je glavni grad Mozambika.	 Maputo je glavni grad 	Mozambika	Maputo je glavni grad 	Mozambika	Mozambique
Q100	Boston	Boston, Massachusetts	Q771	Massachusetts	Massachusetts	Boston is the capital of Massachusetts .	Boston, Massachusetts je glavni grad Massachusetts.	Boston, Massachusetts je glavni grad 	 Boston je glavni grad Massachusettsa.	Translation: Boston, Massachusetts je glavni grad Massachusettsa.	 Boston je glavni grad 	Massachusettsa	Translation: Boston, Massachusetts je glavni grad 	Massachusettsa	Massachusetts
Q1930	Ottawa	Ottawa	Q16	Canada	Kanada	Ottawa is the capital of Canada .	Ottawa je glavni grad Kanada.	Ottawa je glavni grad 	 Ottawa je glavni grad Kanade.	Ottawa je glavni grad Kanade.	 Ottawa je glavni grad 	Kanade	Ottawa je glavni grad 	Kanade	Canada
Q1335	Montevideo	Montevideo	Q77	Uruguay	Urugvaj	Montevideo is the capital of Uruguay .	Montevideo je glavni grad Urugvaj.	Montevideo je glavni grad 	 Montevideo je glavni grad Urugvaja.	Montevideo je glavni grad Urugvaja.	 Montevideo je glavni grad 	Urugvaja	Montevideo je glavni grad 	Urugvaja	Uruguay
Q3882	Manama	Manama	Q398	Bahrain	Bahrein	Manama is the capital of Bahrain .	Manama je glavni grad Bahrein.	Manama je glavni grad 	 Manama je glavni grad Bahreina.	Manama je glavni grad Bahreina.	 Manama je glavni grad 	Bahreina	Manama je glavni grad 	Bahreina	Bahrain
Q1355	Bengaluru	Bangalore	Q1185	Karnataka	Karnataka	Bengaluru is the capital of Karnataka .	Bangalore je glavni grad Karnataka.	Bangalore je glavni grad 	 Bengaluru je glavni grad Karnatake.	Bengaluru je glavni grad Karnatake.	ERROR	ERROR	ERROR	ERROR	Karnataka
Q1781	Budapest	Budimpešta	Q28	Hungary	Mađarska	Budapest is the capital of Hungary .	Budimpešta je glavni grad Mađarska.	Budimpešta je glavni grad 	 Budimpešta je glavni grad Mađarske.	Budimpešta je glavni grad Mađarske.	 Budimpešta je glavni grad 	Mađarske	Budimpešta je glavni grad 	Mađarske	Hungary|||Madžarska
Q3238	Tegucigalpa	Tegucigalpa	Q783	Honduras	Honduras	Tegucigalpa is the capital of Honduras .	Tegucigalpa je glavni grad Honduras.	Tegucigalpa je glavni grad 	 Tegucigalpa je glavni grad Hondurasa.	Tegucigalpa je glavni grad Hondurasa.	 Tegucigalpa je glavni grad 	Hondurasa	Tegucigalpa je glavni grad 	Hondurasa	Honduras
Q23564	Podgorica	Podgorica	Q236	Montenegro	Crna Gora	Podgorica is the capital of Montenegro .	Podgorica je glavni grad Crna Gora.	Podgorica je glavni grad 	 Podgorica je glavni grad Crne Gore.	Podgorica je glavni grad Crne Gore.	 Podgorica je glavni grad 	Crne Gore	Podgorica je glavni grad 	Crne Gore	Montenegro
Q172	Toronto	Toronto	Q1904	Ontario	Ontario	Toronto is the capital of Ontario .	Toronto je glavni grad Ontario.	Toronto je glavni grad 	 Toronto je glavni grad Ontarija.	Toronto je glavni grad Ontarija.	 Toronto je glavni grad 	Ontarija	Toronto je glavni grad 	Ontarija	Ontario
Q3306	Panama City	Panamá	Q804	Panama	Panama	Panama City is the capital of Panama .	Panamá je glavni grad Panama.	Panamá je glavni grad 	 Panama City je glavni grad Paname.	Panama City je glavni grad Paname.	 	Panama		Panama	Panama
Q3718	Dakar	Dakar	Q1041	Senegal	Senegal	Dakar is the capital of Senegal .	Dakar je glavni grad Senegal.	Dakar je glavni grad 	 Dakar je glavni grad Senegala.	Dakar je glavni grad Senegala.	 Dakar je glavni grad 	Senegala	Dakar je glavni grad 	Senegala	Senegal
Q8673	Lagos	Lagos	Q1033	Nigeria	Nigerija	Lagos is the capital of Nigeria .	Lagos je glavni grad Nigerija.	Lagos je glavni grad 	 Lagos je glavni grad Nigerije.	Lagos je glavni grad Nigerije.	 Lagos je glavni grad 	Nigerije	Lagos je glavni grad 	Nigerije	Nigeria
Q1861	Bangkok	Bangkok	Q869	Thailand	Tajland	Bangkok is the capital of Thailand .	Bangkok je glavni grad Tajland.	Bangkok je glavni grad 	 Bangkok je glavni grad Tajlanda.	Bangkok je glavni grad Tajlanda.	 Bangkok je glavni grad 	Tajlanda	Bangkok je glavni grad 	Tajlanda	Thailand
Q2887	Santiago	Santiago de Chile	Q298	Chile	Čile	Santiago is the capital of Chile .	Santiago de Chile je glavni grad Čile.	Santiago de Chile je glavni grad 	 Santiago je glavni grad Čilea.	Santiago de Chile je glavni grad Čilea.	 Santiago je glavni grad 	Čilea	Santiago de Chile je glavni grad 	Čilea	Chile
Q987	New Delhi	New Delhi	Q668	India	Indija	New Delhi is the capital of India .	New Delhi je glavni grad Indija.	New Delhi je glavni grad 	New Delhi je glavni grad Indije.	New Delhi je glavni grad Indije.	New Delhi je glavni grad 	Indije	New Delhi je glavni grad 	Indije	India
Q3711	Belgrade	Beograd	Q403	Serbia	Srbija	Belgrade is the capital of Serbia .	Beograd je glavni grad Srbija.	Beograd je glavni grad 	 Beograd je glavni grad Srbije.	Beograd je glavni grad Srbije.	 Beograd je glavni grad 	Srbije	Beograd je glavni grad 	Srbije	Serbia|||Republika Srbija|||SRB|||RS
Q1897	Cagliari	Cagliari	Q1462	Sardinia	Sardinija	Cagliari is the capital of Sardinia .	Cagliari je glavni grad Sardinija.	Cagliari je glavni grad 	 Cagliari je glavni grad Sardinije.	Cagliari je glavni grad Sardinije.	 Cagliari je glavni grad 	Sardinije	Cagliari je glavni grad 	Sardinije	Sardinia
Q1533	Caracas	Caracas	Q717	Venezuela	Venezuela	Caracas is the capital of Venezuela .	Caracas je glavni grad Venezuela.	Caracas je glavni grad 	 Caracas je glavni grad Venezuele.	Caracas je glavni grad Venezuele.	 Caracas je glavni grad 	Venezuele	Caracas je glavni grad 	Venezuele	Venezuela
Q3856	Nicosia	Nikozija	Q229	Cyprus	Cipar	Nicosia is the capital of Cyprus .	Nikozija je glavni grad Cipar.	Nikozija je glavni grad 	 Nikozija je glavni grad Cipra.	Nikozija je glavni grad Cipra.	 Nikozija je glavni grad 	Cipra	Nikozija je glavni grad 	Cipra	Cyprus
Q1899	Kiev	Kijev	Q212	Ukraine	Ukrajina	Kiev is the capital of Ukraine .	Kijev je glavni grad Ukrajina.	Kijev je glavni grad 	 Kijev je glavni grad Ukrajine.	Kijev je glavni grad Ukrajine.	 Kijev je glavni grad 	Ukrajine	Kijev je glavni grad 	Ukrajine	Ukraine
Q1867	Taipei	Taipei	Q865	Taiwan	Republika Kina	Taipei is the capital of Taiwan .	Taipei je glavni grad Republika Kina.	Taipei je glavni grad 	 Taipei je glavni grad Tajvana.	Taipei je glavni grad Republike Kine.	ERROR	ERROR	Taipei je glavni grad 	Republike Kine	Taiwan
Q3787	Abuja	Abuja	Q1033	Nigeria	Nigerija	Abuja is the capital of Nigeria .	Abuja je glavni grad Nigerija.	Abuja je glavni grad 	 Abuja je glavni grad Nigerije.	Abuja je glavni grad Nigerije.	 Abuja je glavni grad 	Nigerije	Abuja je glavni grad 	Nigerije	Nigeria
Q472	Sofia	Sofija	Q219	Bulgaria	Bugarska	Sofia is the capital of Bulgaria .	Sofija je glavni grad Bugarska.	Sofija je glavni grad 	 Sofija je glavni grad Bugarske.	Sofija je glavni grad Bugarske.	 Sofija je glavni grad 	Bugarske	Sofija je glavni grad 	Bugarske	Bulgaria|||Republika Bugarska
Q23337	Salt Lake City	Salt Lake City, Utah	Q829	Utah	Utah	Salt Lake City is the capital of Utah .	Salt Lake City, Utah je glavni grad Utah.	Salt Lake City, Utah je glavni grad 	 Salt Lake City je glavni grad Utaha.	Salt Lake City, Utah je glavni grad Utaha.	 Salt Lake City je glavni grad 	Utaha	Salt Lake City, Utah je glavni grad 	Utaha	Utah
Q2656	Palermo	Palermo	Q1460	Sicily	Sicilija	Palermo is the capital of Sicily .	Palermo je glavni grad Sicilija.	Palermo je glavni grad 	 Palermo je glavni grad Sicilije.	Palermo je glavni grad Sicilije.	 Palermo je glavni grad 	Sicilije	Palermo je glavni grad 	Sicilije	Sicily
Q3616	Tehran	Teheran	Q794	Iran	Iran	Tehran is the capital of Iran .	Teheran je glavni grad Iran.	Teheran je glavni grad 	 Teheran je glavni grad Irana.	Teheran je glavni grad Irana.	 Teheran je glavni grad 	Irana	Teheran je glavni grad 	Irana	Iran
Q2145	Quebec City	Québec	Q176	Quebec	Québec	Quebec City is the capital of Quebec .	Québec je glavni grad Québec.	Québec je glavni grad 	 Quebec City je glavni grad Quebeca.	Québec je glavni grad Québeca.	 Quebec City je glavni grad 	Quebeca	Québec je glavni grad 	Québeca	Quebec
Q1085	Prague	Prag	Q33946	Czechoslovakia	Čehoslovačka	Prague is the capital of Czechoslovakia .	Prag je glavni grad Čehoslovačka.	Prag je glavni grad 	 Prag je glavni grad Čehoslovačke.	Prag je glavni grad Čehoslovačke.	 Prag je glavni grad 	Čehoslovačke	Prag je glavni grad 	Čehoslovačke	Czechoslovakia|||ČSSR|||Češka i Slovačka
Q1354	Dhaka	Dhaka	Q902	Bangladesh	Bangladeš	Dhaka is the capital of Bangladesh .	Dhaka je glavni grad Bangladeš.	Dhaka je glavni grad 	 Dhaka je glavni grad Bangladeša.	Dhaka je glavni grad Bangladeša.	 Dhaka je glavni grad 	Bangladeša	Dhaka je glavni grad 	Bangladeša	Bangladesh
Q34932	Brisbane	Brisbane	Q36074	Queensland	Queensland	Brisbane is the capital of Queensland .	Brisbane je glavni grad Queensland.	Brisbane je glavni grad 	 Brisbane je glavni grad Queenslanda.	Brisbane je glavni grad Queenslanda.	 Brisbane je glavni grad 	Queenslanda	Brisbane je glavni grad 	Queenslanda	Queensland
Q3921	Harare	Harare	Q954	Zimbabwe	Zimbabve	Harare is the capital of Zimbabwe .	Harare je glavni grad Zimbabve.	Harare je glavni grad 	 Harare je glavni grad Zimbabvea.	Harare je glavni grad Zimbabvea.	 Harare je glavni grad 	Zimbabvea	Harare je glavni grad 	Zimbabvea	Zimbabwe
Q47465	Aix-en-Provence	Aix-en-Provence	Q101081	Provence	Provansa	Aix-en-Provence is the capital of Provence .	Aix-en-Provence je glavni grad Provansa.	Aix-en-Provence je glavni grad 	 Aix-en-Provence je glavni grad Provanse.	Aix-en-Provence je glavni grad Provanse.	 Aix-en-Provence je glavni grad 	Provanse	Aix-en-Provence je glavni grad 	Provanse	Provence
Q3748	Monrovia	Monrovia	Q1014	Liberia	Liberija	Monrovia is the capital of Liberia .	Monrovia je glavni grad Liberija.	Monrovia je glavni grad 	 Monrovia je glavni grad Liberije.	Monrovia je glavni grad Liberije.	 Monrovia je glavni grad 	Liberije	Monrovia je glavni grad 	Liberije	Liberia
Q70	Bern	Bern	Q39	Switzerland	Švicarska	Bern is the capital of Switzerland .	Bern je glavni grad Švicarska.	Bern je glavni grad 	 Bern je glavni grad Švicarske.	Bern je glavni grad Švicarske.	 Bern je glavni grad 	Švicarske	Bern je glavni grad 	Švicarske	Switzerland|||Švicarska Konfederacija
Q3624	Addis Ababa	Adis Abeba	Q115	Ethiopia	Etiopija	Addis Ababa is the capital of Ethiopia .	Adis Abeba je glavni grad Etiopija.	Adis Abeba je glavni grad 	 Addis Ababa je glavni grad Etiopije.	Adis Abeba je glavni grad Etiopije.	 Addis Ababa je glavni grad 	Etiopije	Adis Abeba je glavni grad 	Etiopije	Ethiopia
Q1435	Zagreb	Zagreb	Q224	Croatia	Hrvatska	Zagreb is the capital of Croatia .	Zagreb je glavni grad Hrvatska.	Zagreb je glavni grad 	 Zagreb je glavni grad Hrvatske.	Zagreb je glavni grad Hrvatske.	 Zagreb je glavni grad 	Hrvatske	Zagreb je glavni grad 	Hrvatske	Croatia|||Republika Hrvatska|||RH
Q1850	Phnom Penh	Phnom Penh	Q424	Cambodia	Kambodža	Phnom Penh is the capital of Cambodia .	Phnom Penh je glavni grad Kambodža.	Phnom Penh je glavni grad 	 Phnom Penh je glavni grad Kambodže.	Phnom Penh je glavni grad Kambodže.	 Phnom Penh je glavni grad 	Kambodže	Phnom Penh je glavni grad 	Kambodže	Cambodia
Q9365	Dushanbe	Dušanbe	Q863	Tajikistan	Tadžikistan	Dushanbe is the capital of Tajikistan .	Dušanbe je glavni grad Tadžikistan.	Dušanbe je glavni grad 	Dušanbe je glavni grad Tadžikistana.	Dušanbe je glavni grad Tadžikistana.	Dušanbe je glavni grad 	Tadžikistana	Dušanbe je glavni grad 	Tadžikistana	Tajikistan
Q1461	Manila	Manila	Q928	Philippines	Filipini	Manila is the capital of Philippines .	Manila je glavni grad Filipini.	Manila je glavni grad 	 Manila je glavni grad Filipina.	Manila je glavni grad Filipina.	 Manila je glavni grad 	Filipina	Manila je glavni grad 	Filipina	Philippines
Q2900	Quito	Quito	Q736	Ecuador	Ekvador	Quito is the capital of Ecuador .	Quito je glavni grad Ekvador.	Quito je glavni grad 	 Quito je glavni grad Ekvadora.	Quito je glavni grad Ekvadora.	 Quito je glavni grad 	Ekvadora	Quito je glavni grad 	Ekvadora	Ecuador|||Republika Ekvador|||ECU|||EC|||ecu|||ec
Q83065	Leicester	Leicester	Q23106	Leicestershire	Leicestershire	Leicester is the capital of Leicestershire .	Leicester je glavni grad Leicestershire.	Leicester je glavni grad 	 Leicester je glavni grad Leicestershirea.	Leicester je glavni grad Leicestershirea.	 Leicester je glavni grad 	Leicestershirea	Leicester je glavni grad 	Leicestershirea	Leicestershire
Q182852	Kunming	Kunming	Q43194	Yunnan	Yunnan	Kunming is the capital of Yunnan .	Kunming je glavni grad Yunnan.	Kunming je glavni grad 	 Kunming je glavni grad Yunnana.	Kunming je glavni grad Yunna.	 Kunming je glavni grad 	Yunnana	Kunming je glavni grad 	Yunna	Yunnan|||Junan
Q3274	Managua	Managua	Q811	Nicaragua	Nikaragva	Managua is the capital of Nicaragua .	Managua je glavni grad Nikaragva.	Managua je glavni grad 	 Managua je glavni grad Nikaragve.	Managua je glavni grad Nikaragve.	 Managua je glavni grad 	Nikaragve	Managua je glavni grad 	Nikaragve	Nicaragua
Q2907	Sucre	Sucre	Q750	Bolivia	Bolivija	Sucre is the capital of Bolivia .	Sucre je glavni grad Bolivija.	Sucre je glavni grad 	 Sucre je glavni grad Bolivije.	Sucre je glavni grad Bolivije.	 Sucre je glavni grad 	Bolivije	Sucre je glavni grad 	Bolivije	Bolivia
Q18094	Honolulu	Honolulu, Havaji	Q782	Hawaii	Havaji	Honolulu is the capital of Hawaii .	Honolulu, Havaji je glavni grad Havaji.	Honolulu, Havaji je glavni grad 	 Honolulu je glavni grad Havaja.	Honolulu je glavni grad Havaja.	 Honolulu je glavni grad 	Havaja	Honolulu je glavni grad 	Havaja	Hawaii
Q9326	Vientiane	Vientiane	Q819	Laos	Laos	Vientiane is the capital of Laos .	Vientiane je glavni grad Laos.	Vientiane je glavni grad 	 Vientiane je glavni grad Laosa.	Vientiane je glavni grad Laosa.	 Vientiane je glavni grad 	Laosa	Vientiane je glavni grad 	Laosa	Laos
Q30002	Chengdu	Chengdu	Q19770	Sichuan	Sečuan	Chengdu is the capital of Sichuan .	Chengdu je glavni grad Sečuan.	Chengdu je glavni grad 	 Chengdu je glavni grad Sečuana.	Chengdu je glavni grad Sečuana.	 Chengdu je glavni grad 	Sečuana	Chengdu je glavni grad 	Sečuana	Sichuan
Q10305	Zaragoza	Zaragoza	Q4040	Aragon	Aragonija	Zaragoza is the capital of Aragon .	Zaragoza je glavni grad Aragonija.	Zaragoza je glavni grad 	 Zaragoza je glavni grad Aragona.	Zaragoza je glavni grad Aragonije.	ERROR	ERROR	Zaragoza je glavni grad 	Aragonije	Aragon
Q43433	Chandigarh	Chandigarh	Q1174	Haryana	Haryana	Chandigarh is the capital of Haryana .	Chandigarh je glavni grad Haryana.	Chandigarh je glavni grad 	 Chandigarh je glavni grad Haryane.	Chandigarh je glavni grad Haryane.	ERROR	ERROR	ERROR	ERROR	Haryana
Q3674	Niamey	Niamey	Q1032	Niger	Niger	Niamey is the capital of Niger .	Niamey je glavni grad Niger.	Niamey je glavni grad 	 Niamey je glavni grad Nigera.	Niamey je glavni grad Nigera.	 Niamey je glavni grad 	Nigera	Niamey je glavni grad 	Nigera	Niger
Q16666	Nanjing	Nanjing	Q865	Taiwan	Republika Kina	Nanjing is the capital of Taiwan .	Nanjing je glavni grad Republika Kina.	Nanjing je glavni grad 	 Nanjing je glavni grad Tajvana.	Nanjing je glavni grad Republike Kine.	ERROR	ERROR	Nanjing je glavni grad 	Republike Kine	Taiwan
Q3861	Doha	Doha	Q846	Qatar	Katar	Doha is the capital of Qatar .	Doha je glavni grad Katar.	Doha je glavni grad 	 Doha je glavni grad Katara.	Doha je glavni grad Katara.	 Doha je glavni grad 	Katara	Doha je glavni grad 	Katara	Qatar
Q36260	Apia	Apia	Q683	Samoa	Samoa	Apia is the capital of Samoa .	Apia je glavni grad Samoa.	Apia je glavni grad 	 Apia je glavni grad Samoe.	Apia je glavni grad Samoe.	ERROR	ERROR	ERROR	ERROR	Samoa
Q1780	Bratislava	Bratislava	Q214	Slovakia	Slovačka	Bratislava is the capital of Slovakia .	Bratislava je glavni grad Slovačka.	Bratislava je glavni grad 	 Bratislava je glavni grad Slovačke.	Bratislava je glavni grad Slovačke.	 Bratislava je glavni grad 	Slovačke	Bratislava je glavni grad 	Slovačke	Slovakia
Q269	Tashkent	Taškent	Q265	Uzbekistan	Uzbekistan	Tashkent is the capital of Uzbekistan .	Taškent je glavni grad Uzbekistan.	Taškent je glavni grad 	 Taškent je glavni grad Uzbekistana.	Taškent je glavni grad Uzbekistana.	 Taškent je glavni grad 	Uzbekistana	Taškent je glavni grad 	Uzbekistana	Uzbekistan
Q3866	Dodoma	Dodoma	Q924	Tanzania	Tanzanija	Dodoma is the capital of Tanzania .	Dodoma je glavni grad Tanzanija.	Dodoma je glavni grad 	 Dodoma je glavni grad Tanzanije.	Dodoma je glavni grad Tanzanije.	 Dodoma je glavni grad 	Tanzanije	Dodoma je glavni grad 	Tanzanije	Tanzania
Q19689	Tirana	Tirana	Q222	Albania	Albanija	Tirana is the capital of Albania .	Tirana je glavni grad Albanija.	Tirana je glavni grad 	 Tirana je glavni grad Albanije.	Tirana je glavni grad Albanije.	 Tirana je glavni grad 	Albanije	Tirana je glavni grad 	Albanije	Albania
Q3894	Kampala	Kampala	Q1036	Uganda	Uganda	Kampala is the capital of Uganda .	Kampala je glavni grad Uganda.	Kampala je glavni grad 	 Kampala je glavni grad Ugande.	Kampala je glavni grad Ugande.	 Kampala je glavni grad 	Ugande	Kampala je glavni grad 	Ugande	Uganda
Q1858	Hanoi	Hanoi	Q881	Vietnam	Vijetnam	Hanoi is the capital of Vietnam .	Hanoi je glavni grad Vijetnam.	Hanoi je glavni grad 	 Hanoi je glavni grad Vijetnama.	Hanoi je glavni grad Vijetnama.	 Hanoi je glavni grad 	Vijetnama	Hanoi je glavni grad 	Vijetnama	Vietnam
Q131694	Aden	Aden	Q805	Yemen	Jemen	Aden is the capital of Yemen .	Aden je glavni grad Jemen.	Aden je glavni grad 	 Aden je glavni grad Jemena.	Aden je glavni grad Jemena.	 Aden je glavni grad 	Jemena	Aden je glavni grad 	Jemena	Yemen
Q3881	Lusaka	Lusaka	Q953	Zambia	Zambija	Lusaka is the capital of Zambia .	Lusaka je glavni grad Zambija.	Lusaka je glavni grad 	 Lusaka je glavni grad Zambije.	Lusaka je glavni grad Zambije.	 Lusaka je glavni grad 	Zambije	Lusaka je glavni grad 	Zambije	Zambia
Q1953	Yerevan	Erevan	Q399	Armenia	Armenija	Yerevan is the capital of Armenia .	Erevan je glavni grad Armenija.	Erevan je glavni grad 	Erevan je glavni grad Armenije.	Erevan je glavni grad Armenije.	Erevan je glavni grad 	Armenije	Erevan je glavni grad 	Armenije	Armenia|||Republika Armenija|||Հայաստան|||Hayastan|||Հայաստանի Հանրապետություն|||Hayastani Hanrapetut’yun
Q35178	Kuwait City	Kuwait	Q817	Kuwait	Kuvajt	Kuwait City is the capital of Kuwait .	Kuwait je glavni grad Kuvajt.	Kuwait je glavni grad 	 Kuvajt je glavni grad Kuvajta.	Kuwait City je glavni grad Kuvajta.	 Kuvajt je glavni grad 	Kuvajta	Kuwait City je glavni grad 	Kuvajta	Kuwait
Q3929	Port Louis	Port Louis	Q1027	Mauritius	Mauricijus	Port Louis is the capital of Mauritius .	Port Louis je glavni grad Mauricijus.	Port Louis je glavni grad 	 Port Louis je glavni grad Mauricijusa.	Port Louis je glavni grad Mauricijusa.	 Port Louis je glavni grad 	Mauricijusa	Port Louis je glavni grad 	Mauricijusa	Mauritius
Q3761	Accra	Accra	Q117	Ghana	Gana	Accra is the capital of Ghana .	Accra je glavni grad Gana.	Accra je glavni grad 	 Accra je glavni grad Gane.	Accra je glavni grad Gane.	 Accra je glavni grad 	Gane	Accra je glavni grad 	Gane	Ghana
Q66485	Jaipur	Jaipur	Q1437	Rajasthan	Radžastan	Jaipur is the capital of Rajasthan .	Jaipur je glavni grad Radžastan.	Jaipur je glavni grad 	 Jaipur je glavni grad Rajasthana.	Jaipur je glavni grad Radžastana.	ERROR	ERROR	Jaipur je glavni grad 	Radžastana	Rajasthan
Q2280	Minsk	Minsk	Q184	Belarus	Bjelorusija	Minsk is the capital of Belarus .	Minsk je glavni grad Bjelorusija.	Minsk je glavni grad 	 Minsk je glavni grad Bjelorusije.	Minsk je glavni grad Bjelorusije.	 Minsk je glavni grad 	Bjelorusije	Minsk je glavni grad 	Bjelorusije	Belarus
Q39709	Des Moines	Des Moines	Q1546	Iowa	Iowa	Des Moines is the capital of Iowa .	Des Moines je glavni grad Iowa.	Des Moines je glavni grad 	 Des Moines je glavni grad Iowe.	Des Moines je glavni grad Iowe.	 Des Moines je glavni grad 	Iowe	Des Moines je glavni grad 	Iowe	Iowa
Q28218	Baton Rouge	Baton Rouge	Q1588	Louisiana	Louisiana	Baton Rouge is the capital of Louisiana .	Baton Rouge je glavni grad Louisiana.	Baton Rouge je glavni grad 	 Baton Rouge je glavni grad Louisiane.	Baton Rouge je glavni grad Louisiane.	 Baton Rouge je glavni grad 	Louisiane	Baton Rouge je glavni grad 	Louisiane	Louisiana
Q7568	Yogyakarta	Yogyakarta	Q252	Indonesia	Indonezija	Yogyakarta is the capital of Indonesia .	Yogyakarta je glavni grad Indonezija.	Yogyakarta je glavni grad 	 Yogyakarta je glavni grad Indonezije.	Yogyakarta je glavni grad Indonezije.	 Yogyakarta je glavni grad 	Indonezije	Yogyakarta je glavni grad 	Indonezije	Indonesia
Q1520	Nur-Sultan	Nur-Sultan	Q232	Kazakhstan	Kazahstan	Nur-Sultan is the capital of Kazakhstan .	Nur-Sultan je glavni grad Kazahstan.	Nur-Sultan je glavni grad 	 Nur-Sultan je glavni grad Kazahstana.	Nur-Sultan je glavni grad Kazahstana.	 Nur-Sultan je glavni grad 	Kazahstana	Nur-Sultan je glavni grad 	Kazahstana	Kazakhstan
Q1721	Wiesbaden	Wiesbaden	Q1199	Hesse	Hessen	Wiesbaden is the capital of Hesse .	Wiesbaden je glavni grad Hessen.	Wiesbaden je glavni grad 	 Wiesbaden je glavni grad Hessea.	Wiesbaden je glavni grad Hessena.	 Wiesbaden je glavni grad 	Hessea	Wiesbaden je glavni grad 	Hessena	Hesse
Q7003	Dijon	Dijon	Q1173	Burgundy	Burgundija	Dijon is the capital of Burgundy .	Dijon je glavni grad Burgundija.	Dijon je glavni grad 	 Dijon je glavni grad Burgundije.	Dijon je glavni grad Burgundije.	 Dijon je glavni grad 	Burgundije	Dijon je glavni grad 	Burgundije	Burgundy
Q30974	Rouen	Rouen	Q15878	Normandy	Normandija	Rouen is the capital of Normandy .	Rouen je glavni grad Normandija.	Rouen je glavni grad 	 Rouen je glavni grad Normandije.	Rouen je glavni grad Normandije.	 Rouen je glavni grad 	Normandije	Rouen je glavni grad 	Normandije	Normandy
Q34863	Oklahoma City	Oklahoma City	Q1649	Oklahoma	Oklahoma	Oklahoma City is the capital of Oklahoma .	Oklahoma City je glavni grad Oklahoma.	Oklahoma City je glavni grad 	 Oklahoma City je glavni grad Oklahome.	Oklahoma City je glavni grad Oklahome.	ERROR	ERROR	ERROR	ERROR	Oklahoma
Q33405	Little Rock	Little Rock, Arkansas	Q1612	Arkansas	Arkansas	Little Rock is the capital of Arkansas .	Little Rock, Arkansas je glavni grad Arkansas.	Little Rock, Arkansas je glavni grad 	 Little Rock je glavni grad Arkansasa.	Little Rock, Arkansas je glavni grad Arkansasa.	 Little Rock je glavni grad 	Arkansasa	Little Rock, Arkansas je glavni grad 	Arkansasa	Arkansas
Q3659	N'Djamena	N'Djamena	Q657	Chad	Čad	N'Djamena is the capital of Chad .	N'Djamena je glavni grad Čad.	N'Djamena je glavni grad 	 N'Djamena je glavni grad Čada.	N'Djamena je glavni grad Čada.	 N'Djamena je glavni grad 	Čada	N'Djamena je glavni grad 	Čada	Chad
Q3805	Amman	Amman	Q810	Jordan	Jordan	Amman is the capital of Jordan .	Amman je glavni grad Jordan.	Amman je glavni grad 	 Aman je glavni grad Jordana.	Amman je glavni grad Jordana.	 Aman je glavni grad 	Jordana	Amman je glavni grad 	Jordana	Jordan|||JOR
Q36168	Bridgetown	Bridgetown	Q244	Barbados	Barbados	Bridgetown is the capital of Barbados .	Bridgetown je glavni grad Barbados.	Bridgetown je glavni grad 	 Bridgetown je glavni grad Barbadosa.	Bridgetown je glavni grad Barbadosa.	 Bridgetown je glavni grad 	Barbadosa	Bridgetown je glavni grad 	Barbadosa	Barbados
Q612	Dubai	Dubai	Q613	Emirates of Dubai	Dubai	Dubai is the capital of Emirates of Dubai .	Dubai je glavni grad Dubai.	Dubai je glavni grad 	 Dubai je glavni grad Emiratesa iz Dubaija.	Dubai je glavni grad Dubaja.	 Dubai je glavni grad Emiratesa iz 	Dubaija	Dubai je glavni grad 	Dubaja	Emirate of Dubai
Q1711	Potsdam	Potsdam	Q1208	Brandenburg	Brandenburg	Potsdam is the capital of Brandenburg .	Potsdam je glavni grad Brandenburg.	Potsdam je glavni grad 	 Potsdam je glavni grad Brandenburga.	Potsdam je glavni grad Brandenburg.	 Potsdam je glavni grad 	Brandenburga	Potsdam je glavni grad 	Brandenburg	Brandenburg
Q3915	Antananarivo	Antananarivo	Q1019	Madagascar	Madagaskar	Antananarivo is the capital of Madagascar .	Antananarivo je glavni grad Madagaskar.	Antananarivo je glavni grad 	 Antananarivo je glavni grad Madagaskara.	Antananarivo je glavni grad Madagaskara.	 Antananarivo je glavni grad 	Madagaskara	Antananarivo je glavni grad 	Madagaskara	Madagascar
Q3703	Bamako	Bamako	Q912	Mali	Mali	Bamako is the capital of Mali .	Bamako je glavni grad Mali.	Bamako je glavni grad 	 Bamako je glavni grad Malija.	Bamako je glavni grad Malija.	ERROR	ERROR	ERROR	ERROR	Mali
Q43433	Chandigarh	Chandigarh	Q22424	Punjab	Punjab	Chandigarh is the capital of Punjab .	Chandigarh je glavni grad Punjab.	Chandigarh je glavni grad 	 Chandigarh je glavni grad Punjaba.	Chandigarh je glavni grad Punjaba.	 Chandigarh je glavni grad 	Punjaba	Chandigarh je glavni grad 	Punjaba	Punjab
Q38807	Suva	Suva	Q712	Fiji	Fidži	Suva is the capital of Fiji .	Suva je glavni grad Fidži.	Suva je glavni grad 	Suva je glavni grad Fidžija.	Suva je glavni grad Fidžija.	Suva je glavni grad 	Fidžija	Suva je glavni grad 	Fidžija	Fiji
Q2471	Sana'a	Sana	Q805	Yemen	Jemen	Sana'a is the capital of Yemen .	Sana je glavni grad Jemen.	Sana je glavni grad 	 Sana je glavni grad Jemena.	Sana'a je glavni grad Jemena.	 Sana je glavni grad 	Jemena	Sana'a je glavni grad 	Jemena	Yemen
Q9279	Bandar Seri Begawan	Bandar Seri Begawan	Q921	Brunei	Brunej	Bandar Seri Begawan is the capital of Brunei .	Bandar Seri Begawan je glavni grad Brunej.	Bandar Seri Begawan je glavni grad 	 Bandar Seri Begawan je glavni grad Bruneja.	Bandar Seri Begawan je glavni grad Bruneja.	 Bandar Seri Begawan je glavni grad 	Bruneja	Bandar Seri Begawan je glavni grad 	Bruneja	Brunei
Q10282	Pamplona	Pamplona	Q4018	Navarre	Navara	Pamplona is the capital of Navarre .	Pamplona je glavni grad Navara.	Pamplona je glavni grad 	 Pamplona je glavni grad Navare.	Pamplona je glavni grad Navare.	ERROR	ERROR	ERROR	ERROR	Navarre
Q3825	Libreville	Libreville	Q1000	Gabon	Gabon	Libreville is the capital of Gabon .	Libreville je glavni grad Gabon.	Libreville je glavni grad 	 Libreville je glavni grad Gabona.	Libreville je glavni grad Gabona.	 Libreville je glavni grad 	Gabona	Libreville je glavni grad 	Gabona	Gabon
Q25270	Pristina	Priština	Q1246	Kosovo	Kosovo	Pristina is the capital of Kosovo .	Priština je glavni grad Kosovo.	Priština je glavni grad 	 Priština je glavni grad Kosova.	Priština je glavni grad Kosova.	 Priština je glavni grad 	Kosova	Priština je glavni grad 	Kosova	Kosovo
Q226	Nuuk	Nuuk	Q223	Greenland	Grenland	Nuuk is the capital of Greenland .	Nuuk je glavni grad Grenland.	Nuuk je glavni grad 	 Nuuk je glavni grad Grenlanda.	Nuuk je glavni grad Grenlanda.	 Nuuk je glavni grad 	Grenlanda	Nuuk je glavni grad 	Grenlanda	Greenland
Q3711	Belgrade	Beograd	Q36704	Yugoslavia	Jugoslavija	Belgrade is the capital of Yugoslavia .	Beograd je glavni grad Jugoslavija.	Beograd je glavni grad 	 Beograd je glavni grad Jugoslavije.	Beograd je glavni grad Jugoslavije.	 Beograd je glavni grad 	Jugoslavije	Beograd je glavni grad 	Jugoslavije	Yugoslavia
Q33486	Hartford	Hartford, Connecticut	Q779	Connecticut	Connecticut	Hartford is the capital of Connecticut .	Hartford, Connecticut je glavni grad Connecticut.	Hartford, Connecticut je glavni grad 	 Hartford je glavni grad Connecticuta.	Hartford, Connecticut je glavni grad Connecticuta.	 Hartford je glavni grad 	Connecticuta	Hartford, Connecticut je glavni grad 	Connecticuta	Connecticut
Q2868	Lima	Lima	Q419	Peru	Peru	Lima is the capital of Peru .	Lima je glavni grad Peru.	Lima je glavni grad 	 Lima je glavni grad Perua.	Lima je glavni grad Perua.	ERROR	ERROR	ERROR	ERROR	Peru
Q3733	Conakry	Conakry	Q1006	Guinea	Gvineja	Conakry is the capital of Guinea .	Conakry je glavni grad Gvineja.	Conakry je glavni grad 	 Conakry je glavni grad Gvineje.	Conakry je glavni grad Gvineje.	 Conakry je glavni grad 	Gvineje	Conakry je glavni grad 	Gvineje	Guinea
Q29445	Juneau	Juneau, Aljaska	Q797	Alaska	Aljaska	Juneau is the capital of Alaska .	Juneau, Aljaska je glavni grad Aljaska.	Juneau, Aljaska je glavni grad 	 Juneau je glavni grad Aljaske.	Juneau je glavni grad Aljaske.	 Juneau je glavni grad 	Aljaske	Juneau je glavni grad 	Aljaske	Alaska
Q3043	Belmopan	Belmopan	Q242	Belize	Belize	Belmopan is the capital of Belize .	Belmopan je glavni grad Belize.	Belmopan je glavni grad 	 Belmopan je glavni grad Belizea.	Belmopan je glavni grad Beliza.	 Belmopan je glavni grad 	Belizea	Belmopan je glavni grad 	Beliza	Belize
Q18013	Sacramento	Sacramento, Kalifornija	Q99	California	Kalifornija	Sacramento is the capital of California .	Sacramento, Kalifornija je glavni grad Kalifornija.	Sacramento, Kalifornija je glavni grad 	 Sacramento je glavni grad Kalifornije.	Sacramento je glavni grad Kalifornije.	 Sacramento je glavni grad 	Kalifornije	Sacramento je glavni grad 	Kalifornije	California|||CA|||The Golden State|||California
Q3859	Kigali	Kigali	Q1037	Rwanda	Ruanda	Kigali is the capital of Rwanda .	Kigali je glavni grad Ruanda.	Kigali je glavni grad 	 Kigali je glavni grad Ruande.	Kigali je glavni grad Ruande.	 Kigali je glavni grad 	Ruande	Kigali je glavni grad 	Ruande	Rwanda
Q239	Brussels	Bruxelles	Q31	Belgium	Belgija	Brussels is the capital of Belgium .	Bruxelles je glavni grad Belgija.	Bruxelles je glavni grad 	 Bruxelles je glavni grad Belgije.	Bruxelles je glavni grad Belgije.	 Bruxelles je glavni grad 	Belgije	Bruxelles je glavni grad 	Belgije	Belgium|||Kraljevina Belgija
Q9270	Thimphu	Thimphu	Q917	Bhutan	Kraljevina Butan	Thimphu is the capital of Bhutan .	Thimphu je glavni grad Kraljevina Butan.	Thimphu je glavni grad 	 Thimphu je glavni grad Butana.	Thimphu je glavni grad Kraljevine Butan.	 Thimphu je 	glavni grad Butana	Thimphu je glavni grad 	Kraljevine Butan	Bhutan
Q7248	Bukittinggi	Bukittinggi	Q252	Indonesia	Indonezija	Bukittinggi is the capital of Indonesia .	Bukittinggi je glavni grad Indonezija.	Bukittinggi je glavni grad 	 Bukittinggi je glavni grad Indonezije.	Bukittinggi je glavni grad Indonezije.	 Bukittinggi je glavni grad 	Indonezije	Bukittinggi je glavni grad 	Indonezije	Indonesia
Q202337	Nauplion	Nauplion	Q41	Greece	Grčka	Nauplion is the capital of Greece .	Nauplion je glavni grad Grčka.	Nauplion je glavni grad 	 Nauplion je glavni grad Grčke.	Nauplion je glavni grad Grčke.	 Nauplion je glavni grad 	Grčke	Nauplion je glavni grad 	Grčke	Greece|||Republika Grčka
Q174665	Alba Iulia	Alba Iulia	Q45868	Alba	Alba	Alba Iulia is the capital of Alba .	Alba Iulia je glavni grad Alba.	Alba Iulia je glavni grad 	 Alba Iulia je glavni grad Albe.	Alba Iulia je glavni grad Albe.	 Alba Iulia je glavni grad 	Albe	Alba Iulia je glavni grad 	Albe	Alba County
Q23197	Nashville	Nashville, Tennessee	Q1509	Tennessee	Tennessee	Nashville is the capital of Tennessee .	Nashville, Tennessee je glavni grad Tennessee.	Nashville, Tennessee je glavni grad 	 Nashville je glavni grad Tennesseeja.	Nashville, Tennessee je glavni grad Tenesija.	 Nashville je glavni grad 	Tennesseeja	Nashville, 	Tennessee	Tennessee
Q34713	Salzburg	Salzburg	Q43325	Salzburg	Salzburg	Salzburg is the capital of Salzburg .	Salzburg je glavni grad Salzburg.	Salzburg je glavni grad 	 Salzburg je glavni grad Salzburga.	Salzburg je glavni grad Salzburga.	 Salzburg je glavni grad 	Salzburga	Salzburg je glavni grad 	Salzburga	Salzburg
Q16559	Austin	Austin	Q1439	Texas	Teksas	Austin is the capital of Texas .	Austin je glavni grad Teksas.	Austin je glavni grad 	 Austin je glavni grad Teksasa.	Austin je glavni grad Teksasa.	 Austin je glavni grad 	Teksasa	Austin je glavni grad 	Teksasa	Texas
Q28848	Saint Paul	Saint Paul	Q1527	Minnesota	Minnesota	Saint Paul is the capital of Minnesota .	Saint Paul je glavni grad Minnesota.	Saint Paul je glavni grad 	Saint Paul je glavni grad Minnesote.	Saint Paul je glavni grad Minnesote.	ERROR	ERROR	ERROR	ERROR	Minnesota
Q3826	Muscat	Muskat	Q842	Oman	Oman	Muscat is the capital of Oman .	Muskat je glavni grad Oman.	Muskat je glavni grad 	 Muscat je glavni grad Omana.	Muskat je glavni grad Omana.	 Muscat je glavni grad 	Omana	Muskat je glavni grad 	Omana	Oman
Q994	Tbilisi	Tbilisi	Q230	Georgia	Gruzija	Tbilisi is the capital of Georgia .	Tbilisi je glavni grad Gruzija.	Tbilisi je glavni grad 	 Tbilisi je glavni grad Gruzije.	Tbilisi je glavni grad Gruzije.	 Tbilisi je glavni grad 	Gruzije	Tbilisi je glavni grad 	Gruzije	Georgia
Q213916	Vergina	Vergina	Q83958	Macedonia	Kraljevina Makedonija	Vergina is the capital of Macedonia .	Vergina je glavni grad Kraljevina Makedonija.	Vergina je glavni grad 	 Vergina je glavni grad Makedonije.	Vergina je glavni grad Kraljevine Makedonije.	 Vergina je 	glavni grad Makedonije	Vergina je glavni grad 	Kraljevine Makedonije	Macedonia|||Makedonija|||Makedonsko kraljevstvo|||Antička Makedonija
Q239	Brussels	Bruxelles	Q234	Flanders	Flandrija	Brussels is the capital of Flanders .	Bruxelles je glavni grad Flandrija.	Bruxelles je glavni grad 	 Bruxelles je glavni grad Flandrije.	Bruxelles je glavni grad Flandrije.	 Bruxelles je glavni grad 	Flandrije	Bruxelles je glavni grad 	Flandrije	Flanders|||Flamanska
Q168225	Hebron	Hebron	Q48685	Judah	Kraljevstvo Juda	Hebron is the capital of Judah .	Hebron je glavni grad Kraljevstvo Juda.	Hebron je glavni grad 	 Hebron je glavni grad Judeje.	Hebron je glavni grad Kraljevstva Jude.	ERROR	ERROR	Hebron je glavni grad 	Kraljevstva Jude	Kingdom of Judah|||Judejsko kraljevstvo
Q41057	Topeka	Topeka	Q1558	Kansas	Kansas	Topeka is the capital of Kansas .	Topeka je glavni grad Kansas.	Topeka je glavni grad 	 Topeka je glavni grad Kansasa.	Topeka je glavni grad Kansasa.	 Topeka je glavni grad 	Kansasa	Topeka je glavni grad 	Kansasa	Kansas
Q14314	Santiago de Compostela	Santiago de Compostela	Q3908	Galicia	Galicija	Santiago de Compostela is the capital of Galicia .	Santiago de Compostela je glavni grad Galicija.	Santiago de Compostela je glavni grad 	 Santiago de Compostela je glavni grad Galicije.	Santiago de Compostela je glavni grad Galicije.	 Santiago de Compostela je glavni grad 	Galicije	Santiago de Compostela je glavni grad 	Galicije	Galicia
