sub_uri	en_sub_label	sub_label	obj_uri	en_obj_label	obj_label	en_template	template	template_prompt	gt_translation	chatgpt_translation	gt_prompt	gt_infl_object	chatgpt_prompt	chatgpt_infl_object	aliases
Q19837	Steve Jobs	Steve Jobs	Q312	Apple Inc.	Apple Inc.	Steve Jobs works for Apple Inc. .	Steve Jobs djeluje za Apple Inc..	Steve Jobs djeluje za 	 Steve Jobs radi za Apple Inc.	Steve Jobs radi u Apple Inc.	 Steve Jobs radi za 	Apple Inc.	Steve Jobs radi u 	Apple Inc.	Apple
Q483382	Steve Wozniak	Steve Wozniak	Q312	Apple Inc.	Apple Inc.	Steve Wozniak works for Apple Inc. .	Steve Wozniak djeluje za Apple Inc..	Steve Wozniak djeluje za 	 Steve Wozniak radi za Apple Inc.	Steve Wozniak radi u Apple Inc.	 Steve Wozniak radi za 	Apple Inc.	Steve Wozniak radi u 	Apple Inc.	Apple
Q162005	Paul G. Allen	Paul Allen	Q2283	Microsoft	Microsoft	Paul G. Allen works for Microsoft .	Paul Allen djeluje za Microsoft.	Paul Allen djeluje za 	 Paul G. Allen radi za Microsoft.	Paul Allen radi u Microsoftu.	 Paul G. Allen radi za 	Microsoft	Paul Allen radi u 	Microsoftu	Microsoft
Q192912	Stephen Fry	Stephen Fry	Q9531	British Broadcasting Corporation	BBC	Stephen Fry works for British Broadcasting Corporation .	Stephen Fry djeluje za BBC.	Stephen Fry djeluje za 	 Stephen Fry radi za British Broadcasting Corporation.	Stephen Fry radi na BBC-u.	ERROR	ERROR	Stephen Fry radi na 	BBC-u	BBC
Q5284	Bill Gates	Bill Gates	Q2283	Microsoft	Microsoft	Bill Gates works for Microsoft .	Bill Gates djeluje za Microsoft.	Bill Gates djeluje za 	 Bill Gates radi za Microsoft.	Bill Gates radi u Microsoftu.	 Bill Gates radi za 	Microsoft	Bill Gates radi u 	Microsoftu	Microsoft
Q48971	Susan Kare	Susan Kare	Q312	Apple Inc.	Apple Inc.	Susan Kare works for Apple Inc. .	Susan Kare djeluje za Apple Inc..	Susan Kare djeluje za 	 Susan Kare radi za Apple Inc.	Susan Kare radi u Apple Inc.	 Susan Kare radi za 	Apple Inc.	Susan Kare radi u 	Apple Inc.	Apple
Q76766	Gerd Binnig	Gerd Binnig	Q37156	IBM	IBM	Gerd Binnig works for IBM .	Gerd Binnig djeluje za IBM.	Gerd Binnig djeluje za 	 Gerd Binnig radi za IBM.	Gerd Binnig radi u IBM-u.	 Gerd Binnig radi za 	IBM	Gerd Binnig radi u 	IBM-u	IBM
Q123029	Heinrich Rohrer	Heinrich Rohrer	Q37156	IBM	IBM	Heinrich Rohrer works for IBM .	Heinrich Rohrer djeluje za IBM.	Heinrich Rohrer djeluje za 	 Heinrich Rohrer radi za IBM.	Heinrich Rohrer radi u IBM-u.	 Heinrich Rohrer radi za 	IBM	Heinrich Rohrer radi u 	IBM-u	IBM
Q2514	Willy Brandt	Willy Brandt	Q183	Germany	Njemačka	Willy Brandt works for Germany .	Willy Brandt djeluje za Njemačka.	Willy Brandt djeluje za 	 Willy Brandt radi za Njemačku.	Willy Brandt radi u Njemačkoj.	 Willy Brandt radi za 	Njemačku	Willy Brandt radi u 	Njemačkoj	Germany
Q34943	Ptolemy	Klaudije Ptolemej	Q87	Alexandria	Aleksandrija	Ptolemy works for Alexandria .	Klaudije Ptolemej djeluje za Aleksandrija.	Klaudije Ptolemej djeluje za 	 Ptolomej radi za Aleksandriju.	Klaudije Ptolemej radi u Aleksandriji.	 Ptolomej radi za 	Aleksandriju	Klaudije Ptolemej radi u 	Aleksandriji	Alexandria
Q507574	Scott Mills	Scott Mills	Q9531	British Broadcasting Corporation	BBC	Scott Mills works for British Broadcasting Corporation .	Scott Mills djeluje za BBC.	Scott Mills djeluje za 	 Scott Mills radi za British Broadcasting Corporation.	Scott Mills radi na BBC-u.	ERROR	ERROR	Scott Mills radi na 	BBC-u	BBC
Q5236967	David M. Thompson	David M. Thompson	Q9531	British Broadcasting Corporation	BBC	David M. Thompson works for British Broadcasting Corporation .	David M. Thompson djeluje za BBC.	David M. Thompson djeluje za 	 David M. Thompson radi za British Broadcasting Corporation.	David M. Thompson radi na BBC-u.	ERROR	ERROR	David M. Thompson radi na 	BBC-u	BBC
Q529233	Angela Ahrendts	Angela Ahrendts	Q312	Apple Inc.	Apple Inc.	Angela Ahrendts works for Apple Inc. .	Angela Ahrendts djeluje za Apple Inc..	Angela Ahrendts djeluje za 	 Angela Ahrendts radi za Apple Inc.	Angela Ahrendts radi u Apple Inc.	 Angela Ahrendts radi za 	Apple Inc.	Angela Ahrendts radi u 	Apple Inc.	Apple
Q3047191	Ed Logg	Ed Logg	Q207922	Atari	Atari	Ed Logg works for Atari .	Ed Logg djeluje za Atari.	Ed Logg djeluje za 	 Ed Logg radi za Atari.	Ed Logg radi u Atari-u.	 Ed Logg radi za 	Atari	Ed Logg radi u 	Atari-u	Atari
Q42	Douglas Adams	Douglas Adams	Q9531	British Broadcasting Corporation	BBC	Douglas Adams works for British Broadcasting Corporation .	Douglas Adams djeluje za BBC.	Douglas Adams djeluje za 	 Douglas Adams radi za British Broadcasting Corporation.	Douglas Adams radi na BBC-u.	ERROR	ERROR	Douglas Adams radi na 	BBC-u	BBC
Q49819	Charles Simonyi	Charles Simonyi	Q2283	Microsoft	Microsoft	Charles Simonyi works for Microsoft .	Charles Simonyi djeluje za Microsoft.	Charles Simonyi djeluje za 	 Charles Simonyi radi za Microsoft.	Charles Simonyi radi u Microsoftu.	 Charles Simonyi radi za 	Microsoft	Charles Simonyi radi u 	Microsoftu	Microsoft
Q182408	Glenda Jackson	Glenda Jackson	Q9531	British Broadcasting Corporation	BBC	Glenda Jackson works for British Broadcasting Corporation .	Glenda Jackson djeluje za BBC.	Glenda Jackson djeluje za 	 Glenda Jackson radi za British Broadcasting Corporation.	Glenda Jackson radi na BBC-u.	ERROR	ERROR	Glenda Jackson radi na 	BBC-u	BBC
Q3398699	Ernie Wise	Ernie Wise	Q9531	British Broadcasting Corporation	BBC	Ernie Wise works for British Broadcasting Corporation .	Ernie Wise djeluje za BBC.	Ernie Wise djeluje za 	 Ernie Wise radi za British Broadcasting Corporation.	Ernie Wise radi na BBC-u.	ERROR	ERROR	Ernie Wise radi na 	BBC-u	BBC
Q1174689	David Hatch	David Hatch	Q9531	British Broadcasting Corporation	BBC	David Hatch works for British Broadcasting Corporation .	David Hatch djeluje za BBC.	David Hatch djeluje za 	 David Hatch radi za British Broadcasting Corporation.	David Hatch radi na BBC-u.	ERROR	ERROR	David Hatch radi na 	BBC-u	BBC
Q2514	Willy Brandt	Willy Brandt	Q64	Berlin	Berlin	Willy Brandt works for Berlin .	Willy Brandt djeluje za Berlin.	Willy Brandt djeluje za 	 Willy Brandt radi za Berlin.	Willy Brandt radi u Berlinu.	 Willy Brandt radi za 	Berlin	Willy Brandt radi u 	Berlinu	Berlin
Q6114554	Jack Pease, 1st Baron Gainford	Jack Pease	Q9531	British Broadcasting Corporation	BBC	Jack Pease, 1st Baron Gainford works for British Broadcasting Corporation .	Jack Pease djeluje za BBC.	Jack Pease djeluje za 	Jack Pease, prvi baron Gainford, radi za British Broadcasting Corporation.	Jack Pease radi na BBC-u.	ERROR	ERROR	Jack Pease radi na 	BBC-u	BBC
Q62890	Gene Amdahl	Gene Amdahl	Q37156	IBM	IBM	Gene Amdahl works for IBM .	Gene Amdahl djeluje za IBM.	Gene Amdahl djeluje za 	 Gene Amdahl radi za IBM.	Gene Amdahl radi u IBM-u.	 Gene Amdahl radi za 	IBM	Gene Amdahl radi u 	IBM-u	IBM
Q3441802	Ronnie Waldman	Ronnie Waldman	Q9531	British Broadcasting Corporation	BBC	Ronnie Waldman works for British Broadcasting Corporation .	Ronnie Waldman djeluje za BBC.	Ronnie Waldman djeluje za 	 Ronnie Waldman radi za British Broadcasting Corporation.	Ronnie Waldman radi na BBC-u.	ERROR	ERROR	Ronnie Waldman radi na 	BBC-u	BBC
Q14945635	Ned Sherrin	Ned Sherrin	Q9531	British Broadcasting Corporation	BBC	Ned Sherrin works for British Broadcasting Corporation .	Ned Sherrin djeluje za BBC.	Ned Sherrin djeluje za 	 Ned Sherrin radi za British Broadcasting Corporation.	Ned Sherrin radi na BBC-u.	ERROR	ERROR	Ned Sherrin radi na 	BBC-u	BBC
Q173175	Eddie Jordan	Eddie Jordan	Q9531	British Broadcasting Corporation	BBC	Eddie Jordan works for British Broadcasting Corporation .	Eddie Jordan djeluje za BBC.	Eddie Jordan djeluje za 	 Eddie Jordan radi za British Broadcasting Corporation.	Eddie Jordan radi na BBC-u.	ERROR	ERROR	Eddie Jordan radi na 	BBC-u	BBC
Q4758108	Andrew Neil	Andrew Neil	Q9531	British Broadcasting Corporation	BBC	Andrew Neil works for British Broadcasting Corporation .	Andrew Neil djeluje za BBC.	Andrew Neil djeluje za 	 Andrew Neil radi za British Broadcasting Corporation.	Andrew Neil radi na BBC-u.	ERROR	ERROR	Andrew Neil radi na 	BBC-u	BBC
Q230744	Anna Wintour	Anna Wintour	Q154008	Vogue	Vogue	Anna Wintour works for Vogue .	Anna Wintour djeluje za Vogue.	Anna Wintour djeluje za 	 Anna Wintour radi za Vogue.	Anna Wintour radi u Vogueu.	 Anna Wintour radi za 	Vogue	Anna Wintour radi u 	Vogueu	Vogue
Q230850	Irina Bokova	Irina Bokova	Q7809	UNESCO	UNESCO	Irina Bokova works for UNESCO .	Irina Bokova djeluje za UNESCO.	Irina Bokova djeluje za 	 Irina Bokova radi za UNESCO.	Irina Bokova radi u UNESCO-u.	 Irina Bokova radi za 	UNESCO	Irina Bokova radi u 	UNESCO-u	UNESCO
Q15052597	John Timpson	John Timpson	Q9531	British Broadcasting Corporation	BBC	John Timpson works for British Broadcasting Corporation .	John Timpson djeluje za BBC.	John Timpson djeluje za 	 John Timpson radi za British Broadcasting Corporation.	John Timpson radi na BBC-u.	ERROR	ERROR	John Timpson radi na 	BBC-u	BBC
Q71074	Hasso Plattner	Hasso Plattner	Q37156	IBM	IBM	Hasso Plattner works for IBM .	Hasso Plattner djeluje za IBM.	Hasso Plattner djeluje za 	 Hasso Plattner radi za IBM.	Hasso Plattner radi u IBM-u.	 Hasso Plattner radi za 	IBM	Hasso Plattner radi u 	IBM-u	IBM
Q646929	Armando Iannucci	Armando Iannucci	Q9531	British Broadcasting Corporation	BBC	Armando Iannucci works for British Broadcasting Corporation .	Armando Iannucci djeluje za BBC.	Armando Iannucci djeluje za 	 Armando Iannucci radi za British Broadcasting Corporation.	Armando Iannucci radi na BBC-u.	ERROR	ERROR	Armando Iannucci radi na 	BBC-u	BBC
Q52680	Matthew Pinsent	Matthew Pinsent	Q9531	British Broadcasting Corporation	BBC	Matthew Pinsent works for British Broadcasting Corporation .	Matthew Pinsent djeluje za BBC.	Matthew Pinsent djeluje za 	 Matthew Pinsent radi za British Broadcasting Corporation.	Matthew Pinsent radi na BBC-u.	ERROR	ERROR	Matthew Pinsent radi na 	BBC-u	BBC
Q92600	Alexey Pajitnov	Aleksej Pažitnov	Q2283	Microsoft	Microsoft	Alexey Pajitnov works for Microsoft .	Aleksej Pažitnov djeluje za Microsoft.	Aleksej Pažitnov djeluje za 	 Aleksej Pajitnov radi za Microsoft.	Aleksej Pažitnov radi u Microsoftu.	 Aleksej Pajitnov radi za 	Microsoft	Aleksej Pažitnov radi u 	Microsoftu	Microsoft
Q29544	Delia Derbyshire	Delia Derbyshire	Q9531	British Broadcasting Corporation	BBC	Delia Derbyshire works for British Broadcasting Corporation .	Delia Derbyshire djeluje za BBC.	Delia Derbyshire djeluje za 	 Delia Derbyshire radi za British Broadcasting Corporation.	Delia Derbyshire radi na BBC-u.	ERROR	ERROR	Delia Derbyshire radi na 	BBC-u	BBC
Q5076227	Charles Chilton	Charles Chilton	Q9531	British Broadcasting Corporation	BBC	Charles Chilton works for British Broadcasting Corporation .	Charles Chilton djeluje za BBC.	Charles Chilton djeluje za 	 Charles Chilton radi za British Broadcasting Corporation.	Charles Chilton radi na BBC-u.	ERROR	ERROR	Charles Chilton radi na 	BBC-u	BBC
Q47778	Gary Lineker	Gary Lineker	Q9531	British Broadcasting Corporation	BBC	Gary Lineker works for British Broadcasting Corporation .	Gary Lineker djeluje za BBC.	Gary Lineker djeluje za 	 Gary Lineker radi za British Broadcasting Corporation.	Gary Lineker radi na BBC-u.	ERROR	ERROR	Gary Lineker radi na 	BBC-u	BBC
