sub_uri	en_sub_label	sub_label	obj_uri	en_obj_label	obj_label	en_template	template	template_prompt	gt_translation	chatgpt_translation	gt_prompt	gt_infl_object	chatgpt_prompt	chatgpt_infl_object	aliases
Q1281282	Slobodna Dalmacija	Slobodna Dalmacija	Q224	Croatia	Hrvatska	Slobodna Dalmacija was created in Croatia .	Slobodna Dalmacija je kreirana u Hrvatska.	Slobodna Dalmacija je kreirana u 	 U Hrvatskoj je nastala Slobodna Dalmacija .	Slobodna Dalmacija je nastala u Hrvatskoj.	 U 	Hrvatskoj	Slobodna Dalmacija je nastala u 	Hrvatskoj	Croatia|||Republika Hrvatska|||RH
Q2026820	SR 88	SR 88	Q334	Singapore	Singapur	SR 88 was created in Singapore .	SR 88 je kreirana u Singapur.	SR 88 je kreirana u 	 SR 88 je stvoren u Singapuru.	SR 88 je nastao u Singapuru.	 SR 88 je stvoren u 	Singapuru	SR 88 je nastao u 	Singapuru	Singapore
Q600344	The Band	The Band	Q16	Canada	Kanada	The Band was created in Canada .	The Band je kreirana u Kanada.	The Band je kreirana u 	 Bend je osnovan u Kanadi.	The Band je nastao u Kanadi.	 Bend je osnovan u 	Kanadi	The Band je nastao u 	Kanadi	Canada
Q6541479	Libertatea	Libertatea	Q218	Romania	Rumunjska	Libertatea was created in Romania .	Libertatea je kreirana u Rumunjska.	Libertatea je kreirana u 	 Libertatea je nastala u Rumunjskoj.	Libertatea je nastala u Rumunjskoj.	 Libertatea je nastala u 	Rumunjskoj	Libertatea je nastala u 	Rumunjskoj	Romania
Q146673	Basic Instinct	Sirove strasti	Q142	France	Francuska	Basic Instinct was created in France .	Sirove strasti je kreirana u Francuska.	Sirove strasti je kreirana u 	 Basic Instinct je nastao u Francuskoj.	Sirove strasti je nastalo u Francuskoj.	 Basic Instinct je nastao u 	Francuskoj	Sirove strasti je nastalo u 	Francuskoj	France|||Republika Francuska|||Francuska republika|||République française
Q498448	Finntroll	Finntroll	Q33	Finland	Finska	Finntroll was created in Finland .	Finntroll je kreirana u Finska.	Finntroll je kreirana u 	 Finntroll je nastao u Finskoj.	Finntroll je nastao u Finskoj.	 Finntroll je nastao u 	Finskoj	Finntroll je nastao u 	Finskoj	Finland|||Republika Finska
Q587835	RSM-56 Bulava	RSM-56 Bulava	Q159	Russia	Rusija	RSM-56 Bulava was created in Russia .	RSM-56 Bulava je kreirana u Rusija.	RSM-56 Bulava je kreirana u 	 RSM-56 Bulava je stvoren u Rusiji.	RSM-56 Bulava je nastao u Rusiji.	 RSM-56 Bulava je stvoren u 	Rusiji	RSM-56 Bulava je nastao u 	Rusiji	Russia|||Ruska Federacija
Q150570	Exocet	Exocet	Q142	France	Francuska	Exocet was created in France .	Exocet je kreirana u Francuska.	Exocet je kreirana u 	 Exocet je nastao u Francuskoj.	Exocet je nastao u Francuskoj.	 Exocet je nastao u 	Francuskoj	Exocet je nastao u 	Francuskoj	France|||Republika Francuska|||Francuska republika|||République française
Q1091086	The Third of May 1808	Treći svibnja 1808.	Q29	Spain	Španjolska	The Third of May 1808 was created in Spain .	Treći svibnja 1808. je kreirana u Španjolska.	Treći svibnja 1808. je kreirana u 	 Treći svibanj 1808. nastao je u Španjolskoj.	Treći svibnja 1808. je nastao u Španjolskoj.	 Treći svibanj 1808. nastao je u 	Španjolskoj	Treći svibnja 1808. je nastao u 	Španjolskoj	Spain
Q148257	Zastava M91	Zastava M91	Q403	Serbia	Srbija	Zastava M91 was created in Serbia .	Zastava M91 je kreirana u Srbija.	Zastava M91 je kreirana u 	 Zastava M91 je proizvedena u Srbiji.	Zastava M91 je nastala u Srbiji.	 Zastava M91 je proizvedena u 	Srbiji	Zastava M91 je nastala u 	Srbiji	Serbia|||Republika Srbija|||SRB|||RS
Q1179895	De Gelderlander	De Gelderlander	Q55	Netherlands	Nizozemska	De Gelderlander was created in Netherlands .	De Gelderlander je kreirana u Nizozemska.	De Gelderlander je kreirana u 	 De Gelderlander je nastao u Nizozemskoj.	De Gelderlander je nastao u Nizozemskoj.	 De Gelderlander je nastao u 	Nizozemskoj	De Gelderlander je nastao u 	Nizozemskoj	Netherlands|||Holandija
Q1421703	Grenache Blanc	Grenache blanc	Q29	Spain	Španjolska	Grenache Blanc was created in Spain .	Grenache blanc je kreirana u Španjolska.	Grenache blanc je kreirana u 	 Grenache Blanc je stvoren u Španjolskoj.	Grenache blanc je nastao u Španjolskoj.	 Grenache Blanc je stvoren u 	Španjolskoj	Grenache blanc je nastao u 	Španjolskoj	Spain
Q8269	The Tale of Genji	Priča o Genjiju	Q17	Japan	Japan	The Tale of Genji was created in Japan .	Priča o Genjiju je kreirana u Japan.	Priča o Genjiju je kreirana u 	 Priča o Genjiju nastala je u Japanu.	Priča o Genjiju je nastala u Japanu.	 Priča o Genjiju nastala je u 	Japanu	Priča o Genjiju je nastala u 	Japanu	Japan|||Nippon|||Zemlja Izlazećeg Sunca
Q489801	INXS	INXS	Q408	Australia	Australija	INXS was created in Australia .	INXS je kreirana u Australija.	INXS je kreirana u 	 INXS je osnovan u Australiji.	INXS je nastao u Australiji.	 INXS je osnovan u 	Australiji	INXS je nastao u 	Australiji	Australia
Q32826	Lyapis Trubetskoy	Ljapis Trubeckoj	Q184	Belarus	Bjelorusija	Lyapis Trubetskoy was created in Belarus .	Ljapis Trubeckoj je kreirana u Bjelorusija.	Ljapis Trubeckoj je kreirana u 	 Lyapis Trubetskoy nastao je u Bjelorusiji.	Ljapis Trubeckoj je nastao u Bjelorusiji.	 Lyapis Trubetskoy nastao je u 	Bjelorusiji	Ljapis Trubeckoj je nastao u 	Bjelorusiji	Belarus
Q1547803	Leprous	Leprous	Q20	Norway	Norveška	Leprous was created in Norway .	Leprous je kreirana u Norveška.	Leprous je kreirana u 	 Guba je nastala u Norveškoj.	Leprous je nastao u Norveškoj.	 Guba je nastala u 	Norveškoj	Leprous je nastao u 	Norveškoj	Norway|||no|||Norveško kraljevstvo
Q3930	table tennis	stolni tenis	Q21	England	Engleska	table tennis was created in England .	stolni tenis je kreirana u Engleska.	stolni tenis je kreirana u 	 Stolni tenis je nastao u Engleskoj.	Stolni tenis je nastao u Engleskoj.	 Stolni tenis je nastao u 	Engleskoj	Stolni tenis je nastao u 	Engleskoj	England|||ENG
Q182056	Inuyasha	InuYasha	Q17	Japan	Japan	Inuyasha was created in Japan .	InuYasha je kreirana u Japan.	InuYasha je kreirana u 	 Inuyasha je nastao u Japanu.	InuYasha je nastao u Japanu.	 Inuyasha je nastao u 	Japanu	InuYasha je nastao u 	Japanu	Japan|||Nippon|||Zemlja Izlazećeg Sunca
Q258546	In Flames	In Flames	Q34	Sweden	Švedska	In Flames was created in Sweden .	In Flames je kreirana u Švedska.	In Flames je kreirana u 	 In Flames je nastao u Švedskoj.	In Flames je nastao u Švedskoj.	 In Flames je nastao u 	Švedskoj	In Flames je nastao u 	Švedskoj	Sweden|||Kraljevina Švedska
Q215287	Stargate Atlantis	Stargate Atlantis	Q16	Canada	Kanada	Stargate Atlantis was created in Canada .	Stargate Atlantis je kreirana u Kanada.	Stargate Atlantis je kreirana u 	 Zvjezdana vrata Atlantida stvorena su u Kanadi.	Stargate Atlantis je nastao u Kanadi.	 Zvjezdana vrata Atlantida stvorena su u 	Kanadi	Stargate Atlantis je nastao u 	Kanadi	Canada
Q3699636	macaroon	Makronen	Q38	Italy	Italija	macaroon was created in Italy .	Makronen je kreirana u Italija.	Makronen je kreirana u 	 Makaroni su nastali u Italiji.	Makronen su nastali u Italiji.	 Makaroni su nastali u 	Italiji	Makronen su nastali u 	Italiji	Italy|||Republika Italija
Q1001864	Buenos Aires Herald	Buenos Aires Herald	Q414	Argentina	Argentina	Buenos Aires Herald was created in Argentina .	Buenos Aires Herald je kreirana u Argentina.	Buenos Aires Herald je kreirana u 	 Buenos Aires Herald je osnovan u Argentini.	Buenos Aires Herald je nastao u Argentini.	 Buenos Aires Herald je osnovan u 	Argentini	Buenos Aires Herald je nastao u 	Argentini	Argentina
Q2826643	French Development Agency	Agence française de développement	Q142	France	Francuska	French Development Agency was created in France .	Agence française de développement je kreirana u Francuska.	Agence française de développement je kreirana u 	 Francuskoj je osnovana Francuska razvojna agencija.	Agence française de développement je nastala u Francuskoj.	 Francuskoj je osnovana 	Francuska	Agence française de développement je nastala u 	Francuskoj	France|||Republika Francuska|||Francuska republika|||République française
Q208094	Peer Gynt	Peer Gynt	Q20	Norway	Norveška	Peer Gynt was created in Norway .	Peer Gynt je kreirana u Norveška.	Peer Gynt je kreirana u 	 Peer Gynt je nastao u Norveškoj.	Peer Gynt je nastao u Norveškoj.	 Peer Gynt je nastao u 	Norveškoj	Peer Gynt je nastao u 	Norveškoj	Norway|||no|||Norveško kraljevstvo
Q187462	Stargate SG-1	Zvjezdana vrata SG-1	Q16	Canada	Kanada	Stargate SG-1 was created in Canada .	Zvjezdana vrata SG-1 je kreirana u Kanada.	Zvjezdana vrata SG-1 je kreirana u 	 Stargate SG-1 je stvoren u Kanadi.	Zvjezdana vrata SG-1 je nastala u Kanadi.	 Stargate SG-1 je stvoren u 	Kanadi	Zvjezdana vrata SG-1 je nastala u 	Kanadi	Canada
Q738526	Closely Watched Trains	Strogo kontrolirani vlakovi	Q33946	Czechoslovakia	Čehoslovačka	Closely Watched Trains was created in Czechoslovakia .	Strogo kontrolirani vlakovi je kreirana u Čehoslovačka.	Strogo kontrolirani vlakovi je kreirana u 	" ""Strogo praćeni vlakovi"" nastali su u Čehoslovačkoj."	Strogo kontrolirani vlakovi su nastali u Čehoslovačkoj.	" ""Strogo praćeni vlakovi"" nastali su u "	Čehoslovačkoj	Strogo kontrolirani vlakovi su nastali u 	Čehoslovačkoj	Czechoslovakia|||ČSSR|||Češka i Slovačka
Q158333	Heaven Shall Burn	Heaven Shall Burn	Q183	Germany	Njemačka	Heaven Shall Burn was created in Germany .	Heaven Shall Burn je kreirana u Njemačka.	Heaven Shall Burn je kreirana u 	 Heaven Shall Burn nastao je u Njemačkoj.	Heaven Shall Burn je nastao u Njemačkoj.	 Heaven Shall Burn nastao je u 	Njemačkoj	Heaven Shall Burn je nastao u 	Njemačkoj	Germany
Q131578	J-pop	J-pop	Q17	Japan	Japan	J-pop was created in Japan .	J-pop je kreirana u Japan.	J-pop je kreirana u 	 J-pop je nastao u Japanu.	J-pop je nastao u Japanu.	 J-pop je nastao u 	Japanu	J-pop je nastao u 	Japanu	Japan|||Nippon|||Zemlja Izlazećeg Sunca
Q27460	Dacia	Dacia	Q218	Romania	Rumunjska	Dacia was created in Romania .	Dacia je kreirana u Rumunjska.	Dacia je kreirana u 	 Dacia je nastala u Rumunjskoj.	Dacia je nastala u Rumunjskoj.	 Dacia je nastala u 	Rumunjskoj	Dacia je nastala u 	Rumunjskoj	Romania
Q375	waffle	Vafel proizvod	Q31	Belgium	Belgija	waffle was created in Belgium .	Vafel proizvod je kreirana u Belgija.	Vafel proizvod je kreirana u 	 Vafl je nastao u Belgiji.	Vafel proizvod je nastao u Belgiji.	 Vafl je nastao u 	Belgiji	Vafel proizvod je nastao u 	Belgiji	Belgium|||Kraljevina Belgija
Q193172	Burzum	Burzum	Q20	Norway	Norveška	Burzum was created in Norway .	Burzum je kreirana u Norveška.	Burzum je kreirana u 	 Burzum je nastao u Norveškoj.	Burzum je nastao u Norveškoj.	 Burzum je nastao u 	Norveškoj	Burzum je nastao u 	Norveškoj	Norway|||no|||Norveško kraljevstvo
Q847	tennis	tenis	Q21	England	Engleska	tennis was created in England .	tenis je kreirana u Engleska.	tenis je kreirana u 	 Tenis je nastao u Engleskoj.	tenis je nastao u Engleskoj.	 Tenis je nastao u 	Engleskoj	tenis je nastao u 	Engleskoj	England|||ENG
Q106506	The Fifth Element	Peti element	Q142	France	Francuska	The Fifth Element was created in France .	Peti element je kreirana u Francuska.	Peti element je kreirana u 	 Peti element je nastao u Francuskoj.	Peti element je nastao u Francuskoj.	 Peti element je nastao u 	Francuskoj	Peti element je nastao u 	Francuskoj	France|||Republika Francuska|||Francuska republika|||République française
Q9794	reggae	Reggae	Q766	Jamaica	Jamajka	reggae was created in Jamaica .	Reggae je kreirana u Jamajka.	Reggae je kreirana u 	 Reggae je nastao na Jamajci.	Reggae je nastao na Jamajci.	 Reggae je nastao na 	Jamajci	Reggae je nastao na 	Jamajci	Jamaica
Q1324151	El Espectador	El Espectador	Q739	Colombia	Kolumbija	El Espectador was created in Colombia .	El Espectador je kreirana u Kolumbija.	El Espectador je kreirana u 	 El Espectador je nastao u Kolumbiji.	El Espectador je nastao u Kolumbiji.	 El Espectador je nastao u 	Kolumbiji	El Espectador je nastao u 	Kolumbiji	Colombia
Q656616	Dors, mon amour	Dors	Q142	France	Francuska	Dors, mon amour was created in France .	Dors je kreirana u Francuska.	Dors je kreirana u 	 Dors, mon amour nastao je u Francuskoj.	Dors, mon amour je nastao u Francuskoj.	 Dors, mon amour nastao je u 	Francuskoj	Dors, mon amour je nastao u 	Francuskoj	France|||Republika Francuska|||Francuska republika|||République française
Q876182	Lupin III	Lupin III	Q17	Japan	Japan	Lupin III was created in Japan .	Lupin III je kreirana u Japan.	Lupin III je kreirana u 	 Lupin III je stvoren u Japanu.	Lupin III je nastao u Japanu.	 Lupin III je stvoren u 	Japanu	Lupin III je nastao u 	Japanu	Japan|||Nippon|||Zemlja Izlazećeg Sunca
Q2736	association football	nogomet	Q21	England	Engleska	association football was created in England .	nogomet je kreirana u Engleska.	nogomet je kreirana u 	 nogomet je nastao u Engleskoj.	Nogomet je nastao u Engleskoj.	 nogomet je nastao u 	Engleskoj	Nogomet je nastao u 	Engleskoj	England|||ENG
Q10184	Frankfurter Allgemeine Zeitung	Frankfurter Allgemeine Zeitung	Q183	Germany	Njemačka	Frankfurter Allgemeine Zeitung was created in Germany .	Frankfurter Allgemeine Zeitung je kreirana u Njemačka.	Frankfurter Allgemeine Zeitung je kreirana u 	 Frankfurter Allgemeine Zeitung nastao je u Njemačkoj.	Frankfurter Allgemeine Zeitung je nastala u Njemačkoj.	 Frankfurter Allgemeine Zeitung nastao je u 	Njemačkoj	Frankfurter Allgemeine Zeitung je nastala u 	Njemačkoj	Germany
Q7103920	Orphan Black	Orphan Black	Q16	Canada	Kanada	Orphan Black was created in Canada .	Orphan Black je kreirana u Kanada.	Orphan Black je kreirana u 	 Orphan Black je nastao u Kanadi.	Orphan Black je nastao u Kanadi.	 Orphan Black je nastao u 	Kanadi	Orphan Black je nastao u 	Kanadi	Canada
Q188461	Dannii Minogue	Dannii Minogue	Q408	Australia	Australija	Dannii Minogue was created in Australia .	Dannii Minogue je kreirana u Australija.	Dannii Minogue je kreirana u 	 Dannii Minogue nastala je u Australiji.	Dannii Minogue je nastala u Australiji.	 Dannii Minogue nastala je u 	Australiji	Dannii Minogue je nastala u 	Australiji	Australia
Q165704	high jump	Skok u vis	Q22	Scotland	Škotska	high jump was created in Scotland .	Skok u vis je kreirana u Škotska.	Skok u vis je kreirana u 	 Skok u vis nastao je u Škotskoj.	Skok u vis je nastao u Škotskoj.	 Skok u vis nastao je u 	Škotskoj	Skok u vis je nastao u 	Škotskoj	Scotland|||Kaledonija
Q3398806	Y Cymro	Y Cymro	Q25	Wales	Wales	Y Cymro was created in Wales .	Y Cymro je kreirana u Wales.	Y Cymro je kreirana u 	 Y Cymro je osnovan u Walesu.	Y Cymro je nastao u Walesu.	 Y Cymro je osnovan u 	Walesu	Y Cymro je nastao u 	Walesu	Wales|||WAL|||WLS|||Cymru
Q92572	FLCL	FLCL	Q17	Japan	Japan	FLCL was created in Japan .	FLCL je kreirana u Japan.	FLCL je kreirana u 	 FLCL je nastao u Japanu.	FLCL je nastao u Japanu.	 FLCL je nastao u 	Japanu	FLCL je nastao u 	Japanu	Japan|||Nippon|||Zemlja Izlazećeg Sunca
Q156203	Bild	Bild	Q183	Germany	Njemačka	Bild was created in Germany .	Bild je kreirana u Njemačka.	Bild je kreirana u 	 Bild je nastao u Njemačkoj.	Bild je nastao u Njemačkoj.	 Bild je nastao u 	Njemačkoj	Bild je nastao u 	Njemačkoj	Germany
Q16438	The Decameron	Dekameron	Q38	Italy	Italija	The Decameron was created in Italy .	Dekameron je kreirana u Italija.	Dekameron je kreirana u 	Dekameron je nastao u Italiji.	Dekameron je nastao u Italiji.	Dekameron je nastao u 	Italiji	Dekameron je nastao u 	Italiji	Italy|||Republika Italija
Q1077402	Cutie Honey	Cutie Honey	Q17	Japan	Japan	Cutie Honey was created in Japan .	Cutie Honey je kreirana u Japan.	Cutie Honey je kreirana u 	 Cutie Honey je nastao u Japanu.	Cutie Honey je nastao u Japanu.	 Cutie Honey je nastao u 	Japanu	Cutie Honey je nastao u 	Japanu	Japan|||Nippon|||Zemlja Izlazećeg Sunca
Q856805	The Boat That Rocked	Rock'n'roll brod	Q142	France	Francuska	The Boat That Rocked was created in France .	Rock'n'roll brod je kreirana u Francuska.	Rock'n'roll brod je kreirana u 	" ""Brod koji se ljuljao"" nastao je u Francuskoj."	Rock'n'roll brod je nastao u Francuskoj.	" ""Brod koji se ljuljao"" nastao je u "	Francuskoj	Rock'n'roll brod je nastao u 	Francuskoj	France|||Republika Francuska|||Francuska republika|||République française
Q1208013	Diabolik	Diabolik	Q38	Italy	Italija	Diabolik was created in Italy .	Diabolik je kreirana u Italija.	Diabolik je kreirana u 	 Diabolik je nastao u Italiji.	Diabolik je nastao u Italiji.	 Diabolik je nastao u 	Italiji	Diabolik je nastao u 	Italiji	Italy|||Republika Italija
Q379852	Dir en grey	Dir En Grey	Q17	Japan	Japan	Dir en grey was created in Japan .	Dir En Grey je kreirana u Japan.	Dir En Grey je kreirana u 	 Dir en grey je nastao u Japanu.	Dir En Grey je nastao u Japanu.	 Dir en grey je nastao u 	Japanu	Dir En Grey je nastao u 	Japanu	Japan|||Nippon|||Zemlja Izlazećeg Sunca
Q318763	tatami	Tatami	Q17	Japan	Japan	tatami was created in Japan .	Tatami je kreirana u Japan.	Tatami je kreirana u 	 Tatami je nastao u Japanu.	Tatami je nastao u Japanu.	 Tatami je nastao u 	Japanu	Tatami je nastao u 	Japanu	Japan|||Nippon|||Zemlja Izlazećeg Sunca
Q29221	puff pastry	Lisnato tijesto	Q142	France	Francuska	puff pastry was created in France .	Lisnato tijesto je kreirana u Francuska.	Lisnato tijesto je kreirana u 	 Lisnato tijesto nastalo je u Francuskoj.	Lisnato tijesto je nastalo u Francuskoj.	 Lisnato tijesto nastalo je u 	Francuskoj	Lisnato tijesto je nastalo u 	Francuskoj	France|||Republika Francuska|||Francuska republika|||République française
Q213495	Boyzone	Boyzone	Q27	Ireland	Irska	Boyzone was created in Ireland .	Boyzone je kreirana u Irska.	Boyzone je kreirana u 	 Boyzone je nastao u Irskoj.	Boyzone je nastao u Irskoj.	 Boyzone je nastao u 	Irskoj	Boyzone je nastao u 	Irskoj	Ireland|||Republika Irska
Q396	U2	U2	Q27	Ireland	Irska	U2 was created in Ireland .	U2 je kreirana u Irska.	U2 je kreirana u 	 U2 je nastao u Irskoj.	U2 je nastao u Irskoj.	 U2 je nastao u 	Irskoj	U2 je nastao u 	Irskoj	Ireland|||Republika Irska
Q41675	Guinness World Records	Guinnessova knjiga rekorda	Q27	Ireland	Irska	Guinness World Records was created in Ireland .	Guinnessova knjiga rekorda je kreirana u Irska.	Guinnessova knjiga rekorda je kreirana u 	 Guinnessova knjiga rekorda stvorena je u Irskoj.	Guinnessova knjiga rekorda je nastala u Irskoj.	 Guinnessova knjiga rekorda stvorena je u 	Irskoj	Guinnessova knjiga rekorda je nastala u 	Irskoj	Ireland|||Republika Irska
Q19871	Waiting for Godot	U očekivanju Godota	Q142	France	Francuska	Waiting for Godot was created in France .	U očekivanju Godota je kreirana u Francuska.	U očekivanju Godota je kreirana u 	 Čekajući Godota nastao je u Francuskoj.	U očekivanju Godota je nastalo u Francuskoj.	 Čekajući Godota nastao je u 	Francuskoj	U očekivanju Godota je nastalo u 	Francuskoj	France|||Republika Francuska|||Francuska republika|||République française
Q428130	Sonic X	Sonic X	Q17	Japan	Japan	Sonic X was created in Japan .	Sonic X je kreirana u Japan.	Sonic X je kreirana u 	 Sonic X je nastao u Japanu.	Sonic X je nastao u Japanu.	 Sonic X je nastao u 	Japanu	Sonic X je nastao u 	Japanu	Japan|||Nippon|||Zemlja Izlazećeg Sunca
Q5377	golf	Golf	Q22	Scotland	Škotska	golf was created in Scotland .	Golf je kreirana u Škotska.	Golf je kreirana u 	 Golf je nastao u Škotskoj.	Golf je nastao u Škotskoj.	 Golf je nastao u 	Škotskoj	Golf je nastao u 	Škotskoj	Scotland|||Kaledonija
Q1024861	Cabiria	Cabiria	Q38	Italy	Italija	Cabiria was created in Italy .	Cabiria je kreirana u Italija.	Cabiria je kreirana u 	 Cabiria je nastala u Italiji.	Cabiria je nastala u Italiji.	 Cabiria je nastala u 	Italiji	Cabiria je nastala u 	Italiji	Italy|||Republika Italija
Q1052463	Carosello	Carosello	Q38	Italy	Italija	Carosello was created in Italy .	Carosello je kreirana u Italija.	Carosello je kreirana u 	 Carosello je nastao u Italiji.	Carosello je nastao u Italiji.	 Carosello je nastao u 	Italiji	Carosello je nastao u 	Italiji	Italy|||Republika Italija
Q1645734	Save Tonight	Save Tonight	Q34	Sweden	Švedska	Save Tonight was created in Sweden .	Save Tonight je kreirana u Švedska.	Save Tonight je kreirana u 	 Save Tonight je nastao u Švedskoj.	Save Tonight je nastao u Švedskoj.	 Save Tonight je nastao u 	Švedskoj	Save Tonight je nastao u 	Švedskoj	Sweden|||Kraljevina Švedska
Q18557	Opeth	Opeth	Q34	Sweden	Švedska	Opeth was created in Sweden .	Opeth je kreirana u Švedska.	Opeth je kreirana u 	 Opeth je nastao u Švedskoj.	Opeth je nastao u Švedskoj.	 Opeth je nastao u 	Švedskoj	Opeth je nastao u 	Švedskoj	Sweden|||Kraljevina Švedska
Q160525	pretzel	Perec	Q183	Germany	Njemačka	pretzel was created in Germany .	Perec je kreirana u Njemačka.	Perec je kreirana u 	 Perec je nastao u Njemačkoj.	Perec je nastao u Njemačkoj.	 Perec je nastao u 	Njemačkoj	Perec je nastao u 	Njemačkoj	Germany
Q878189	feijoada	Feijoada	Q45	Portugal	Portugal	feijoada was created in Portugal .	Feijoada je kreirana u Portugal.	Feijoada je kreirana u 	 feijoada je nastala u Portugalu.	Feijoada je nastala u Portugalu.	 feijoada je nastala u 	Portugalu	Feijoada je nastala u 	Portugalu	Portugal|||Republika Portugal
Q311467	Ronan Keating	Ronan Keating	Q408	Australia	Australija	Ronan Keating was created in Australia .	Ronan Keating je kreirana u Australija.	Ronan Keating je kreirana u 	 Ronan Keating je nastao u Australiji.	Ronan Keating je nastao u Australiji.	 Ronan Keating je nastao u 	Australiji	Ronan Keating je nastao u 	Australiji	Australia
Q542725	Mi Gorda Bella	Slatka Valentina	Q717	Venezuela	Venezuela	Mi Gorda Bella was created in Venezuela .	Slatka Valentina je kreirana u Venezuela.	Slatka Valentina je kreirana u 	 Mi Gorda Bella je nastala u Venezueli.	Slatka Valentina je nastala u Venezueli.	 Mi Gorda Bella je nastala u 	Venezueli	Slatka Valentina je nastala u 	Venezueli	Venezuela
Q460163	Die Nibelungen	Nibelunzi (1924.)	Q183	Germany	Njemačka	Die Nibelungen was created in Germany .	Nibelunzi (1924.) je kreirana u Njemačka.	Nibelunzi (1924.) je kreirana u 	 Die Nibelungen je nastao u Njemačkoj.	Nibelunzi je nastao u Njemačkoj.	 Die Nibelungen je nastao u 	Njemačkoj	Nibelunzi je nastao u 	Njemačkoj	Germany
Q19355	Life is Beautiful	Život je lijep	Q38	Italy	Italija	Life is Beautiful was created in Italy .	Život je lijep je kreirana u Italija.	Život je lijep je kreirana u 	 Život je lijep nastao je u Italiji.	Život je lijep je nastao u Italiji.	 Život je lijep nastao je u 	Italiji	Život je lijep je nastao u 	Italiji	Italy|||Republika Italija
Q281619	Euroclear	Euroclear	Q31	Belgium	Belgija	Euroclear was created in Belgium .	Euroclear je kreirana u Belgija.	Euroclear je kreirana u 	 Euroclear je osnovan u Belgiji.	Euroclear je nastao u Belgiji.	 Euroclear je osnovan u 	Belgiji	Euroclear je nastao u 	Belgiji	Belgium|||Kraljevina Belgija
Q309135	Corriere della Sera	Corriere della Sera	Q38	Italy	Italija	Corriere della Sera was created in Italy .	Corriere della Sera je kreirana u Italija.	Corriere della Sera je kreirana u 	Corriere della Sera nastao je u Italiji.	Corriere della Sera je nastao u Italiji.	Corriere della Sera nastao je u 	Italiji	Corriere della Sera je nastao u 	Italiji	Italy|||Republika Italija
Q637447	Hearts of Soul	Hearts of Soul	Q55	Netherlands	Nizozemska	Hearts of Soul was created in Netherlands .	Hearts of Soul je kreirana u Nizozemska.	Hearts of Soul je kreirana u 	 Hearts of Soul nastao je u Nizozemskoj.	Hearts of Soul je nastao u Nizozemskoj.	 Hearts of Soul nastao je u 	Nizozemskoj	Hearts of Soul je nastao u 	Nizozemskoj	Netherlands|||Holandija
Q151895	Nosferatu	Nosferatu	Q183	Germany	Njemačka	Nosferatu was created in Germany .	Nosferatu je kreirana u Njemačka.	Nosferatu je kreirana u 	 Nosferatu je nastao u Njemačkoj.	Nosferatu je nastao u Njemačkoj.	 Nosferatu je nastao u 	Njemačkoj	Nosferatu je nastao u 	Njemačkoj	Germany
Q131425	visual kei	Visual Kei	Q17	Japan	Japan	visual kei was created in Japan .	Visual Kei je kreirana u Japan.	Visual Kei je kreirana u 	 Visual kei je nastao u Japanu.	Visual Kei je nastao u Japanu.	 Visual kei je nastao u 	Japanu	Visual Kei je nastao u 	Japanu	Japan|||Nippon|||Zemlja Izlazećeg Sunca
Q43022	Turkish coffee	Turska kava	Q43	Turkey	Turska	Turkish coffee was created in Turkey .	Turska kava je kreirana u Turska.	Turska kava je kreirana u 	 Turska kava je nastala u Turskoj.	Turska kava je nastala u Turskoj.	 Turska kava je nastala u 	Turskoj	Turska kava je nastala u 	Turskoj	Turkey|||Republika Turska
Q219960	Scania	Scania	Q34	Sweden	Švedska	Scania was created in Sweden .	Scania je kreirana u Švedska.	Scania je kreirana u 	 Scania je nastala u Švedskoj.	Scania je nastala u Švedskoj.	 Scania je nastala u 	Švedskoj	Scania je nastala u 	Švedskoj	Sweden|||Kraljevina Švedska
Q372681	Amaury Sport Organisation	Amaury Sport Organisation	Q142	France	Francuska	Amaury Sport Organisation was created in France .	Amaury Sport Organisation je kreirana u Francuska.	Amaury Sport Organisation je kreirana u 	 U Francuskoj je osnovana Amaury Sportska organizacija.	Amaury Sport Organisation je nastala u Francuskoj.	 U 	Francuskoj	Amaury Sport Organisation je nastala u 	Francuskoj	France|||Republika Francuska|||Francuska republika|||République française
Q1834	Death Note	Death Note	Q17	Japan	Japan	Death Note was created in Japan .	Death Note je kreirana u Japan.	Death Note je kreirana u 	 Smrtna bilježnica (Death Note) nastala je u Japanu.	Death Note je nastao u Japanu.	 Smrtna bilježnica (Death Note) nastala je u 	Japanu	Death Note je nastao u 	Japanu	Japan|||Nippon|||Zemlja Izlazećeg Sunca
Q177378	tofu	Tofu	Q17	Japan	Japan	tofu was created in Japan .	Tofu je kreirana u Japan.	Tofu je kreirana u 	 Tofu je nastao u Japanu.	Tofu je nastao u Japanu.	 Tofu je nastao u 	Japanu	Tofu je nastao u 	Japanu	Japan|||Nippon|||Zemlja Izlazećeg Sunca
Q644344	FN Model 1903	FN M1903	Q31	Belgium	Belgija	FN Model 1903 was created in Belgium .	FN M1903 je kreirana u Belgija.	FN M1903 je kreirana u 	 FN Model 1903 je stvoren u Belgiji.	FN M1903 je nastao u Belgiji.	 FN Model 1903 je stvoren u 	Belgiji	FN M1903 je nastao u 	Belgiji	Belgium|||Kraljevina Belgija
Q44892	Kraftwerk	Kraftwerk	Q183	Germany	Njemačka	Kraftwerk was created in Germany .	Kraftwerk je kreirana u Njemačka.	Kraftwerk je kreirana u 	 Kraftwerk je nastao u Njemačkoj.	Kraftwerk je nastao u Njemačkoj.	 Kraftwerk je nastao u 	Njemačkoj	Kraftwerk je nastao u 	Njemačkoj	Germany
Q1044246	Furikake	Furikake	Q17	Japan	Japan	Furikake was created in Japan .	Furikake je kreirana u Japan.	Furikake je kreirana u 	 Furikake je nastao u Japanu.	Furikake je nastao u Japanu.	 Furikake je nastao u 	Japanu	Furikake je nastao u 	Japanu	Japan|||Nippon|||Zemlja Izlazećeg Sunca
