sub_uri	en_sub_label	sub_label	obj_uri	en_obj_label	obj_label	en_template	template	template_prompt	gt_translation	chatgpt_translation	gt_prompt	gt_infl_object	chatgpt_prompt	chatgpt_infl_object	aliases
Q9235	Georg Wilhelm Friedrich Hegel	Georg Wilhelm Friedrich Hegel	Q64	Berlin	Berlin	Georg Wilhelm Friedrich Hegel died in Berlin .	Georg Wilhelm Friedrich Hegel umro u Berlin.	Georg Wilhelm Friedrich Hegel umro u 	 Georg Wilhelm Friedrich Hegel umro je u Berlinu.	Georg Wilhelm Friedrich Hegel je umro u Berlinu.	 Georg Wilhelm Friedrich Hegel umro je u 	Berlinu	Georg Wilhelm Friedrich Hegel je umro u 	Berlinu	Berlin
Q5592	Michelangelo	Michelangelo Buonarroti	Q220	Rome	Rim	Michelangelo died in Rome .	Michelangelo Buonarroti umro u Rim.	Michelangelo Buonarroti umro u 	 Michelangelo je umro u Rimu.	Michelangelo Buonarroti je umro u Rimu.	 Michelangelo je umro u 	Rimu	Michelangelo Buonarroti je umro u 	Rimu	Rome|||Prijestolnica svijeta|||Vječni grad
Q983318	Carlo Alberto Castigliano	Carlo Alberto Castigliano	Q490	Milan	Milano	Carlo Alberto Castigliano died in Milan .	Carlo Alberto Castigliano umro u Milano.	Carlo Alberto Castigliano umro u 	 Carlo Alberto Castigliano preminuo je u Milanu.	Carlo Alberto Castigliano je umro u Milanu.	 Carlo Alberto Castigliano preminuo je u 	Milanu	Carlo Alberto Castigliano je umro u 	Milanu	Milan
Q60861	Friedrich August Theodor Winnecke	Friedrich August Theodor Winnecke	Q586	Bonn	Bonn	Friedrich August Theodor Winnecke died in Bonn .	Friedrich August Theodor Winnecke umro u Bonn.	Friedrich August Theodor Winnecke umro u 	 Friedrich August Theodor Winnecke umro je u Bonnu.	Friedrich August Theodor Winnecke je umro u Bonnu.	 Friedrich August Theodor Winnecke umro je u 	Bonnu	Friedrich August Theodor Winnecke je umro u 	Bonnu	Bonn
Q698096	Eduardo Scarpetta	Eduardo Scarpetta	Q2634	Naples	Napulj	Eduardo Scarpetta died in Naples .	Eduardo Scarpetta umro u Napulj.	Eduardo Scarpetta umro u 	 Eduardo Scarpetta umro je u Napulju.	Eduardo Scarpetta je umro u Napulju.	 Eduardo Scarpetta umro je u 	Napulju	Eduardo Scarpetta je umro u 	Napulju	Naples
Q298789	Santiago Carrillo	Santiago Carrillo Solares	Q2807	Madrid	Madrid	Santiago Carrillo died in Madrid .	Santiago Carrillo Solares umro u Madrid.	Santiago Carrillo Solares umro u 	 Santiago Carrillo umro je u Madridu.	Santiago Carrillo Solares je umro u Madridu.	 Santiago Carrillo umro je u 	Madridu	Santiago Carrillo Solares je umro u 	Madridu	Madrid
Q45661	Coco Chanel	Coco Chanel	Q90	Paris	Pariz	Coco Chanel died in Paris .	Coco Chanel umro u Pariz.	Coco Chanel umro u 	 Coco Chanel je umrla u Parizu.	Coco Chanel je umrla u Parizu.	 Coco Chanel je umrla u 	Parizu	Coco Chanel je umrla u 	Parizu	Paris|||Paris
Q85112	Bruno Pittermann	Bruno Pittermann	Q1741	Vienna	Beč	Bruno Pittermann died in Vienna .	Bruno Pittermann umro u Beč.	Bruno Pittermann umro u 	 Bruno Pittermann je umro u Beču.	Bruno Pittermann je umro u Beču.	 Bruno Pittermann je umro u 	Beču	Bruno Pittermann je umro u 	Beču	Vienna
Q566766	Rudi Supek	Rudi Supek	Q1435	Zagreb	Zagreb	Rudi Supek died in Zagreb .	Rudi Supek umro u Zagreb.	Rudi Supek umro u 	 Rudi Supek je umro u Zagrebu.	Rudi Supek je umro u Zagrebu.	 Rudi Supek je umro u 	Zagrebu	Rudi Supek je umro u 	Zagrebu	Zagreb|||Agram
Q297565	Giacomo Barozzi da Vignola	Jacopo Barozzi da Vignola	Q220	Rome	Rim	Giacomo Barozzi da Vignola died in Rome .	Jacopo Barozzi da Vignola umro u Rim.	Jacopo Barozzi da Vignola umro u 	 Giacomo Barozzi da Vignola umro je u Rimu.	Jacopo Barozzi da Vignola je umro u Rimu.	 Giacomo Barozzi da Vignola umro je u 	Rimu	Jacopo Barozzi da Vignola je umro u 	Rimu	Rome|||Prijestolnica svijeta|||Vječni grad
Q182474	Lucius III	Lucije III.	Q2028	Verona	Verona	Lucius III died in Verona .	Lucije III. umro u Verona.	Lucije III. umro u 	 Lucije III. umro je u Veroni.	Lucije III. je umro u Veroni.	 Lucije III. umro je u 	Veroni	Lucije III. je umro u 	Veroni	Verona
Q979154	Jean Drapeau	Jean Drapeau	Q340	Montreal	Montréal	Jean Drapeau died in Montreal .	Jean Drapeau umro u Montréal.	Jean Drapeau umro u 	 Jean Drapeau umro je u Montrealu.	Jean Drapeau je umro u Montréalu.	 Jean Drapeau umro je u 	Montrealu	Jean Drapeau je umro u 	Montréalu	Montreal
Q586389	Antoine Houdar de La Motte	Antoine Houdar de la Motte	Q90	Paris	Pariz	Antoine Houdar de La Motte died in Paris .	Antoine Houdar de la Motte umro u Pariz.	Antoine Houdar de la Motte umro u 	 Antoine Houdar de La Motte umro je u Parizu.	Antoine Houdar de la Motte je umro u Parizu.	 Antoine Houdar de La Motte umro je u 	Parizu	Antoine Houdar de la Motte je umro u 	Parizu	Paris|||Paris
Q5643773	Halvor Schou	Halvor Schou	Q585	Oslo	Oslo	Halvor Schou died in Oslo .	Halvor Schou umro u Oslo.	Halvor Schou umro u 	 Halvor Schou je umro u Oslu.	Halvor Schou je umro u Oslu.	 Halvor Schou je umro u 	Oslu	Halvor Schou je umro u 	Oslu	Oslo
Q5669	Sandro Botticelli	Sandro Botticelli	Q2044	Florence	Firenca	Sandro Botticelli died in Florence .	Sandro Botticelli umro u Firenca.	Sandro Botticelli umro u 	 Sandro Botticelli je umro u Firenci.	Sandro Botticelli je umro u Firenci.	 Sandro Botticelli je umro u 	Firenci	Sandro Botticelli je umro u 	Firenci	Florence
Q499508	Harold Sakata	Harold Sakata	Q18094	Honolulu	Honolulu, Havaji	Harold Sakata died in Honolulu .	Harold Sakata umro u Honolulu, Havaji.	Harold Sakata umro u 	 Harold Sakata je umro u Honoluluu.	Harold Sakata je umro u Honoluluu, Havaji.	ERROR	ERROR	Harold Sakata je umro u 	Honoluluu, Havaji	Honolulu
Q131587	Clement XIV	Klement XIV.	Q220	Rome	Rim	Clement XIV died in Rome .	Klement XIV. umro u Rim.	Klement XIV. umro u 	 Klement XIV umro je u Rimu.	Klement XIV. je umro u Rimu.	 Klement XIV umro je u 	Rimu	Klement XIV. je umro u 	Rimu	Rome|||Prijestolnica svijeta|||Vječni grad
Q66292	Salomon Munk	Salomon Munk	Q90	Paris	Pariz	Salomon Munk died in Paris .	Salomon Munk umro u Pariz.	Salomon Munk umro u 	 Salomon Munk je umro u Parizu.	Salomon Munk je umro u Parizu.	 Salomon Munk je umro u 	Parizu	Salomon Munk je umro u 	Parizu	Paris|||Paris
Q82409	Samuel Taylor Coleridge	Samuel Taylor Coleridge	Q84	London	London	Samuel Taylor Coleridge died in London .	Samuel Taylor Coleridge umro u London.	Samuel Taylor Coleridge umro u 	 Samuel Taylor Coleridge umro je u Londonu.	Samuel Taylor Coleridge je umro u Londonu.	 Samuel Taylor Coleridge umro je u 	Londonu	Samuel Taylor Coleridge je umro u 	Londonu	London
Q309709	Thomas Arne	Thomas Arne	Q84	London	London	Thomas Arne died in London .	Thomas Arne umro u London.	Thomas Arne umro u 	 Thomas Arne je umro u Londonu.	Thomas Arne je umro u Londonu.	 Thomas Arne je umro u 	Londonu	Thomas Arne je umro u 	Londonu	London
Q8467	Umar ibn Al-Khattāb	Omar	Q35484	Medina	Medina	Umar ibn Al-Khattāb died in Medina .	Omar umro u Medina.	Omar umro u 	 Omer ibn El-Hattab je umro u Medini.	Omar je umro u Medini.	 Omer ibn El-Hattab je umro u 	Medini	Omar je umro u 	Medini	Medina
Q255190	Anna Harrison	Anna Harrison	Q1397	Ohio	Ohio	Anna Harrison died in Ohio .	Anna Harrison umro u Ohio.	Anna Harrison umro u 	 Anna Harrison umrla je u Ohiju.	Anna Harrison je umrla u Ohiju.	ERROR	ERROR	ERROR	ERROR	Ohio
Q41766	Ctesibius	Ktesibije Aleksandrijski	Q87	Alexandria	Aleksandrija	Ctesibius died in Alexandria .	Ktesibije Aleksandrijski umro u Aleksandrija.	Ktesibije Aleksandrijski umro u 	 Ktezibije je umro u Aleksandriji.	Ktesibije Aleksandrijski je umro u Aleksandriji.	 Ktezibije je umro u 	Aleksandriji	Ktesibije Aleksandrijski je umro u 	Aleksandriji	Alexandria
Q432938	Reynaldo Hahn	Reynaldo Hahn	Q90	Paris	Pariz	Reynaldo Hahn died in Paris .	Reynaldo Hahn umro u Pariz.	Reynaldo Hahn umro u 	 Reynaldo Hahn je umro u Parizu.	Reynaldo Hahn je umro u Parizu.	 Reynaldo Hahn je umro u 	Parizu	Reynaldo Hahn je umro u 	Parizu	Paris|||Paris
Q210740	Wilkie Collins	Wilkie Collins	Q84	London	London	Wilkie Collins died in London .	Wilkie Collins umro u London.	Wilkie Collins umro u 	 Wilkie Collins je umro u Londonu.	Wilkie Collins je umro u Londonu.	 Wilkie Collins je umro u 	Londonu	Wilkie Collins je umro u 	Londonu	London
Q9294	Ibn Khaldun	Ibn Haldun	Q85	Cairo	Kairo	Ibn Khaldun died in Cairo .	Ibn Haldun umro u Kairo.	Ibn Haldun umro u 	Ibn Haldun je umro u Kairu.	Ibn Haldun je umro u Kairu.	Ibn Haldun je umro u 	Kairu	Ibn Haldun je umro u 	Kairu	Cairo
Q463766	Roman Shukhevych	Roman Šuhevič	Q36036	Lviv	Lavov	Roman Shukhevych died in Lviv .	Roman Šuhevič umro u Lavov.	Roman Šuhevič umro u 	 Roman Šuhevič je umro u Lavovu.	Roman Šuhevič je umro u Lavovu.	ERROR	ERROR	ERROR	ERROR	Lviv|||L'viv|||Ljviv|||Lviv|||Lvov|||Львів|||Львов|||Lwów|||Leopolis|||Lemberg
Q171001	Clement III	Klement III.	Q220	Rome	Rim	Clement III died in Rome .	Klement III. umro u Rim.	Klement III. umro u 	 Klement III. umro je u Rimu.	Klement III. je umro u Rimu.	 Klement III. umro je u 	Rimu	Klement III. je umro u 	Rimu	Rome|||Prijestolnica svijeta|||Vječni grad
Q1805	Balbinus	Balbin	Q220	Rome	Rim	Balbinus died in Rome .	Balbin umro u Rim.	Balbin umro u 	 Balbin je umro u Rimu.	Balbin je umro u Rimu.	 Balbin je umro u 	Rimu	Balbin je umro u 	Rimu	Rome|||Prijestolnica svijeta|||Vječni grad
Q315444	Theudigisel	Teudigisil	Q8717	Seville	Sevilla	Theudigisel died in Seville .	Teudigisil umro u Sevilla.	Teudigisil umro u 	 Theudigisel je umro u Sevilli.	Teudigisil je umro u Sevilli.	 Theudigisel je umro u 	Sevilli	Teudigisil je umro u 	Sevilli	Seville
Q311153	Muhammad al-Baqir	Muhammad al-Bakir	Q35484	Medina	Medina	Muhammad al-Baqir died in Medina .	Muhammad al-Bakir umro u Medina.	Muhammad al-Bakir umro u 	 Muhammed al-Baqir umro je u Medini.	Muhammad al-Bakir je umro u Medini.	 Muhammed al-Baqir umro je u 	Medini	Muhammad al-Bakir je umro u 	Medini	Medina
Q161866	Henry IV of England	Henrik IV., kralj Engleske	Q84	London	London	Henry IV of England died in London .	Henrik IV., kralj Engleske umro u London.	Henrik IV., kralj Engleske umro u 	 Henrik IV., kralj Engleske, umro je u Londonu.	Henrik IV., kralj Engleske je umro u Londonu.	 Henrik IV., kralj Engleske, umro je u 	Londonu	Henrik IV., kralj Engleske je umro u 	Londonu	London
Q53018	Marco Ferreri	Marco Ferreri	Q90	Paris	Pariz	Marco Ferreri died in Paris .	Marco Ferreri umro u Pariz.	Marco Ferreri umro u 	 Marco Ferreri je umro u Parizu.	Marco Ferreri je umro u Parizu.	 Marco Ferreri je umro u 	Parizu	Marco Ferreri je umro u 	Parizu	Paris|||Paris
Q313430	Bartholomew Roberts	Bartholomew Roberts	Q1000	Gabon	Gabon	Bartholomew Roberts died in Gabon .	Bartholomew Roberts umro u Gabon.	Bartholomew Roberts umro u 	 Bartholomew Roberts umro je u Gabonu.	Bartholomew Roberts je umro u Gabonu.	 Bartholomew Roberts umro je u 	Gabonu	Bartholomew Roberts je umro u 	Gabonu	Gabon
Q2121322	Ticky Holgado	Ticky Holgado	Q90	Paris	Pariz	Ticky Holgado died in Paris .	Ticky Holgado umro u Pariz.	Ticky Holgado umro u 	 Ticky Holgado je umro u Parizu.	Ticky Holgado je umro u Parizu.	 Ticky Holgado je umro u 	Parizu	Ticky Holgado je umro u 	Parizu	Paris|||Paris
Q46479	Zarah Leander	Zarah Leander	Q1754	Stockholm	Stockholm	Zarah Leander died in Stockholm .	Zarah Leander umro u Stockholm.	Zarah Leander umro u 	 Zarah Leander umrla je u Stockholmu.	Zarah Leander je umrla u Stockholmu.	 Zarah Leander umrla je u 	Stockholmu	Zarah Leander je umrla u 	Stockholmu	Stockholm
Q174606	Tomaso Albinoni	Tomaso Albinoni	Q641	Venice	Venecija	Tomaso Albinoni died in Venice .	Tomaso Albinoni umro u Venecija.	Tomaso Albinoni umro u 	 Tomaso Albinoni umro je u Veneciji.	Tomaso Albinoni je umro u Veneciji.	 Tomaso Albinoni umro je u 	Veneciji	Tomaso Albinoni je umro u 	Veneciji	Venice
Q10327831	May Wright Sewall	May Wright Sewall	Q6346	Indianapolis	Indianapolis, Indiana	May Wright Sewall died in Indianapolis .	May Wright Sewall umro u Indianapolis, Indiana.	May Wright Sewall umro u 	 May Wright Sewall umrla je u Indianapolisu.	May Wright Sewall je umrla u Indianapolisu, Indiana.	ERROR	ERROR	ERROR	ERROR	Indianapolis
Q101942	Paavo Nurmi	Paavo Nurmi	Q1757	Helsinki	Helsinki	Paavo Nurmi died in Helsinki .	Paavo Nurmi umro u Helsinki.	Paavo Nurmi umro u 	 Paavo Nurmi preminuo je u Helsinkiju.	Paavo Nurmi je umro u Helsinkiju.	 Paavo Nurmi preminuo je u 	Helsinkiju	Paavo Nurmi je umro u 	Helsinkiju	Helsinki
Q980208	Alexander Alexeyevich Gorsky	Aleksandar Gorski	Q649	Moscow	Moskva	Alexander Alexeyevich Gorsky died in Moscow .	Aleksandar Gorski umro u Moskva.	Aleksandar Gorski umro u 	 Aleksandar Aleksejevič Gorski umro je u Moskvi.	Aleksandar Gorski je umro u Moskvi.	 Aleksandar Aleksejevič Gorski umro je u 	Moskvi	Aleksandar Gorski je umro u 	Moskvi	Moscow
Q640589	Miko Tripalo	Miko Tripalo	Q1435	Zagreb	Zagreb	Miko Tripalo died in Zagreb .	Miko Tripalo umro u Zagreb.	Miko Tripalo umro u 	 Miko Tripalo je umro u Zagrebu.	Miko Tripalo je umro u Zagrebu.	 Miko Tripalo je umro u 	Zagrebu	Miko Tripalo je umro u 	Zagrebu	Zagreb|||Agram
Q57481	Hans Scharoun	Hans Scharoun	Q64	Berlin	Berlin	Hans Scharoun died in Berlin .	Hans Scharoun umro u Berlin.	Hans Scharoun umro u 	 Hans Scharoun je umro u Berlinu.	Hans Scharoun je umro u Berlinu.	 Hans Scharoun je umro u 	Berlinu	Hans Scharoun je umro u 	Berlinu	Berlin
Q76485	Johann Pachelbel	Johann Pachelbel	Q2090	Nuremberg	Nürnberg	Johann Pachelbel died in Nuremberg .	Johann Pachelbel umro u Nürnberg.	Johann Pachelbel umro u 	 Johann Pachelbel je umro u Nürnbergu.	Johann Pachelbel je umro u Nürnbergu.	 Johann Pachelbel je umro u 	Nürnbergu	Johann Pachelbel je umro u 	Nürnbergu	Nuremberg
Q346159	Enric Sagnier	Enric Sagnier	Q1492	Barcelona	Barcelona	Enric Sagnier died in Barcelona .	Enric Sagnier umro u Barcelona.	Enric Sagnier umro u 	 Enric Sagnier preminuo je u Barceloni.	Enric Sagnier je umro u Barceloni.	 Enric Sagnier preminuo je u 	Barceloni	Enric Sagnier je umro u 	Barceloni	Barcelona
Q194363	Vaslav Nijinsky	Vaclav Nižinski	Q84	London	London	Vaslav Nijinsky died in London .	Vaclav Nižinski umro u London.	Vaclav Nižinski umro u 	 Vaslav Nižinski umro je u Londonu.	Vaclav Nižinski je umro u Londonu.	 Vaslav Nižinski umro je u 	Londonu	Vaclav Nižinski je umro u 	Londonu	London
Q49237	Leo X	Lav X.	Q220	Rome	Rim	Leo X died in Rome .	Lav X. umro u Rim.	Lav X. umro u 	 Lav X. umro je u Rimu.	Lav X. je umro u Rimu.	 Lav X. umro je u 	Rimu	Lav X. je umro u 	Rimu	Rome|||Prijestolnica svijeta|||Vječni grad
Q42887	Clement I	Klement I.	Q220	Rome	Rim	Clement I died in Rome .	Klement I. umro u Rim.	Klement I. umro u 	 Klement I. umro je u Rimu.	Klement I. je umro u Rimu.	 Klement I. umro je u 	Rimu	Klement I. je umro u 	Rimu	Rome|||Prijestolnica svijeta|||Vječni grad
Q218960	Laurence Sterne	Laurence Sterne	Q84	London	London	Laurence Sterne died in London .	Laurence Sterne umro u London.	Laurence Sterne umro u 	 Laurence Sterne umro je u Londonu.	Laurence Sterne je umro u Londonu.	 Laurence Sterne umro je u 	Londonu	Laurence Sterne je umro u 	Londonu	London
Q708082	Barnaba Oriani	Barnaba Oriani	Q490	Milan	Milano	Barnaba Oriani died in Milan .	Barnaba Oriani umro u Milano.	Barnaba Oriani umro u 	 Barnaba Oriani preminuo je u Milanu.	Barnaba Oriani je umro u Milanu.	 Barnaba Oriani preminuo je u 	Milanu	Barnaba Oriani je umro u 	Milanu	Milan
Q467246	Pedro Calungsod	Pedro Calungsod	Q16635	Guam	Guam	Pedro Calungsod died in Guam .	Pedro Calungsod umro u Guam.	Pedro Calungsod umro u 	 Pedro Calungsod je umro u Guamu.	Pedro Calungsod je umro u Guamu.	 Pedro Calungsod je umro u 	Guamu	Pedro Calungsod je umro u 	Guamu	Guam
Q272	Paul Morand	Paul Morand	Q90	Paris	Pariz	Paul Morand died in Paris .	Paul Morand umro u Pariz.	Paul Morand umro u 	 Paul Morand je umro u Parizu.	Paul Morand je umro u Parizu.	 Paul Morand je umro u 	Parizu	Paul Morand je umro u 	Parizu	Paris|||Paris
Q49765	Louis XVII of France	Luj XVII.	Q90	Paris	Pariz	Louis XVII of France died in Paris .	Luj XVII. umro u Pariz.	Luj XVII. umro u 	 Luj XVII., kralj Francuske, umro je u Parizu.	Luj XVII. je umro u Parizu.	 Luj XVII., kralj Francuske, umro je u 	Parizu	Luj XVII. je umro u 	Parizu	Paris|||Paris
Q37562	Donatello	Donatello	Q2044	Florence	Firenca	Donatello died in Florence .	Donatello umro u Firenca.	Donatello umro u 	Donatello je umro u Firenci.	Donatello je umro u Firenci.	Donatello je umro u 	Firenci	Donatello je umro u 	Firenci	Florence
Q44197	Maximilien Robespierre	Maximilien Robespierre	Q90	Paris	Pariz	Maximilien Robespierre died in Paris .	Maximilien Robespierre umro u Pariz.	Maximilien Robespierre umro u 	 Maximilien Robespierre umro je u Parizu.	Maximilien Robespierre je umro u Parizu.	 Maximilien Robespierre umro je u 	Parizu	Maximilien Robespierre je umro u 	Parizu	Paris|||Paris
Q85918	Hans Riegel	Hans Riegel	Q586	Bonn	Bonn	Hans Riegel died in Bonn .	Hans Riegel umro u Bonn.	Hans Riegel umro u 	 Hans Riegel je umro u Bonnu.	Hans Riegel je umro u Bonnu.	 Hans Riegel je umro u 	Bonnu	Hans Riegel je umro u 	Bonnu	Bonn
Q8459	Giorgione	Giorgione	Q641	Venice	Venecija	Giorgione died in Venice .	Giorgione umro u Venecija.	Giorgione umro u 	 Giorgione je umro u Veneciji.	Giorgione je umro u Veneciji.	 Giorgione je umro u 	Veneciji	Giorgione je umro u 	Veneciji	Venice
Q211827	Peter I of Serbia	Petar I. Karađorđević	Q3711	Belgrade	Beograd	Peter I of Serbia died in Belgrade .	Petar I. Karađorđević umro u Beograd.	Petar I. Karađorđević umro u 	 Petar I. od Srbije umro je u Beogradu.	Petar I. Karađorđević je umro u Beogradu.	 Petar I. od Srbije umro je u 	Beogradu	Petar I. Karađorđević je umro u 	Beogradu	Belgrade
Q11758	L. L. Zamenhof	Lazar Ludvig Zamenhof	Q270	Warsaw	Varšava	L. L. Zamenhof died in Warsaw .	Lazar Ludvig Zamenhof umro u Varšava.	Lazar Ludvig Zamenhof umro u 	 LL Zamenhof je umro u Varšavi.	Lazar Ludvig Zamenhof je umro u Varšavi.	 LL Zamenhof je umro u 	Varšavi	Lazar Ludvig Zamenhof je umro u 	Varšavi	Warsaw
Q473937	Jean-Baptiste Annibal Aubert du Bayet	Jean-Baptiste Annibal Aubert du Bayet	Q406	Istanbul	Istanbul	Jean-Baptiste Annibal Aubert du Bayet died in Istanbul .	Jean-Baptiste Annibal Aubert du Bayet umro u Istanbul.	Jean-Baptiste Annibal Aubert du Bayet umro u 	 Jean-Baptiste Annibal Aubert du Bayet umro je u Istanbulu.	Jean-Baptiste Annibal Aubert du Bayet je umro u Istanbulu.	 Jean-Baptiste Annibal Aubert du Bayet umro je u 	Istanbulu	Jean-Baptiste Annibal Aubert du Bayet je umro u 	Istanbulu	Istanbul
Q6309774	Julius Eichberg	Julius Eichberg	Q100	Boston	Boston, Massachusetts	Julius Eichberg died in Boston .	Julius Eichberg umro u Boston, Massachusetts.	Julius Eichberg umro u 	 Julius Eichberg umro je u Bostonu.	Julius Eichberg je umro u Bostonu, Massachusetts.	ERROR	ERROR	ERROR	ERROR	Boston
Q46830	Robert Hooke	Robert Hooke	Q84	London	London	Robert Hooke died in London .	Robert Hooke umro u London.	Robert Hooke umro u 	 Robert Hooke je umro u Londonu.	Robert Hooke je umro u Londonu.	 Robert Hooke je umro u 	Londonu	Robert Hooke je umro u 	Londonu	London
Q2586973	Nirmala Joshi	Nirmala Joshi	Q1348	Kolkata	Kolkata	Nirmala Joshi died in Kolkata .	Nirmala Joshi umro u Kolkata.	Nirmala Joshi umro u 	 Nirmala Joshi umrla je u Kolkati.	Nirmala Joshi je umrla u Kolkati.	 Nirmala Joshi umrla je u 	Kolkati	Nirmala Joshi je umrla u 	Kolkati	Kolkata
Q212963	Samuel Adams	Samuel Adams	Q100	Boston	Boston, Massachusetts	Samuel Adams died in Boston .	Samuel Adams umro u Boston, Massachusetts.	Samuel Adams umro u 	 Samuel Adams je umro u Bostonu.	Samuel Adams je umro u Bostonu, Massachusetts.	ERROR	ERROR	ERROR	ERROR	Boston
Q41921	Rosa Parks	Rosa Parks	Q12439	Detroit	Detroit, Michigan	Rosa Parks died in Detroit .	Rosa Parks umro u Detroit, Michigan.	Rosa Parks umro u 	 Rosa Parks umrla je u Detroitu.	Rosa Parks je umrla u Detroitu, Michigan.	ERROR	ERROR	Rosa Parks je umrla u 	Detroitu, Michigan	Detroit
Q628346	Dick Bruna	Dick Bruna	Q803	Utrecht	Utrecht	Dick Bruna died in Utrecht .	Dick Bruna umro u Utrecht.	Dick Bruna umro u 	 Dick Bruna je umro u Utrechtu.	Dick Bruna je umro u Utrechtu.	 Dick Bruna je umro u 	Utrechtu	Dick Bruna je umro u 	Utrechtu	Utrecht
Q333393	Giovanni di Bicci de' Medici	Giovanni di Bicci de' Medici	Q2044	Florence	Firenca	Giovanni di Bicci de' Medici died in Florence .	Giovanni di Bicci de' Medici umro u Firenca.	Giovanni di Bicci de' Medici umro u 	 Giovanni di Bicci de' Medici umro je u Firenci.	Giovanni di Bicci de' Medici je umro u Firenci.	 Giovanni di Bicci de' Medici umro je u 	Firenci	Giovanni di Bicci de' Medici je umro u 	Firenci	Florence
Q243419	Julian Huxley	Julian Huxley	Q84	London	London	Julian Huxley died in London .	Julian Huxley umro u London.	Julian Huxley umro u 	 Julian Huxley je umro u Londonu.	Julian Huxley je umro u Londonu.	 Julian Huxley je umro u 	Londonu	Julian Huxley je umro u 	Londonu	London
Q231997	Sadako Sasaki	Sadako Sasaki	Q34664	Hiroshima	Hirošima	Sadako Sasaki died in Hiroshima .	Sadako Sasaki umro u Hirošima.	Sadako Sasaki umro u 	 Sadako Sasaki umrla je u Hirošimi.	Sadako Sasaki je umrla u Hirošimi.	ERROR	ERROR	ERROR	ERROR	Hiroshima|||Hiroshima
Q133108	Clement XII	Klement XII.	Q220	Rome	Rim	Clement XII died in Rome .	Klement XII. umro u Rim.	Klement XII. umro u 	 Klement XII. umro je u Rimu.	Klement XII. je umro u Rimu.	 Klement XII. umro je u 	Rimu	Klement XII. je umro u 	Rimu	Rome|||Prijestolnica svijeta|||Vječni grad
Q246517	Jean-Baptiste Joseph Delambre	Jean-Baptiste Joseph Delambre	Q90	Paris	Pariz	Jean-Baptiste Joseph Delambre died in Paris .	Jean-Baptiste Joseph Delambre umro u Pariz.	Jean-Baptiste Joseph Delambre umro u 	 Jean-Baptiste Joseph Delambre umro je u Parizu.	Jean-Baptiste Joseph Delambre je umro u Parizu.	 Jean-Baptiste Joseph Delambre umro je u 	Parizu	Jean-Baptiste Joseph Delambre je umro u 	Parizu	Paris|||Paris
Q182123	Irenaeus	Irenej Lionski	Q456	Lyon	Lyon	Irenaeus died in Lyon .	Irenej Lionski umro u Lyon.	Irenej Lionski umro u 	 Irenej je umro u Lyonu.	Irenej Lionski je umro u Lyonu.	 Irenej je umro u 	Lyonu	Irenej Lionski je umro u 	Lyonu	Lyon
Q688884	Quirinus of Neuss	Kvirin od Neussa	Q220	Rome	Rim	Quirinus of Neuss died in Rome .	Kvirin od Neussa umro u Rim.	Kvirin od Neussa umro u 	 Kvirin iz Neussa umro je u Rimu.	Kvirin od Neussa je umro u Rimu.	 Kvirin iz Neussa umro je u 	Rimu	Kvirin od Neussa je umro u 	Rimu	Rome|||Prijestolnica svijeta|||Vječni grad
Q255492	Edward Gibbon Wakefield	Edward Gibbon Wakefield	Q23661	Wellington	Wellington	Edward Gibbon Wakefield died in Wellington .	Edward Gibbon Wakefield umro u Wellington.	Edward Gibbon Wakefield umro u 	 Edward Gibbon Wakefield umro je u Wellingtonu.	Edward Gibbon Wakefield je umro u Wellingtonu.	 Edward Gibbon Wakefield umro je u 	Wellingtonu	Edward Gibbon Wakefield je umro u 	Wellingtonu	Wellington
Q193507	Saint Christopher	Sveti Kristofor	Q51614	Anatolia	Anatolija	Saint Christopher died in Anatolia .	Sveti Kristofor umro u Anatolija.	Sveti Kristofor umro u 	 Sveti Kristofor je umro u Anatoliji.	Sveti Kristofor je umro u Anatoliji.	 Sveti Kristofor je umro u 	Anatoliji	Sveti Kristofor je umro u 	Anatoliji	Anatolia
Q974734	Phillips Brooks	Phillips Brooks	Q100	Boston	Boston, Massachusetts	Phillips Brooks died in Boston .	Phillips Brooks umro u Boston, Massachusetts.	Phillips Brooks umro u 	 Phillips Brooks umro je u Bostonu.	Phillips Brooks je umro u Bostonu, Massachusetts.	ERROR	ERROR	ERROR	ERROR	Boston
Q61218	Peter Henlein	Peter Henlein	Q2090	Nuremberg	Nürnberg	Peter Henlein died in Nuremberg .	Peter Henlein umro u Nürnberg.	Peter Henlein umro u 	 Peter Henlein je umro u Nürnbergu.	Peter Henlein je umro u Nürnbergu.	 Peter Henlein je umro u 	Nürnbergu	Peter Henlein je umro u 	Nürnbergu	Nuremberg
Q315835	Taddeo Gaddi	Taddeo Gaddi	Q2044	Florence	Firenca	Taddeo Gaddi died in Florence .	Taddeo Gaddi umro u Firenca.	Taddeo Gaddi umro u 	 Taddeo Gaddi umro je u Firenci.	Taddeo Gaddi je umro u Firenci.	 Taddeo Gaddi umro je u 	Firenci	Taddeo Gaddi je umro u 	Firenci	Florence
Q129092	Fernandel	Fernandel	Q90	Paris	Pariz	Fernandel died in Paris .	Fernandel umro u Pariz.	Fernandel umro u 	Fernandel je umro u Parizu.	Fernandel je umro u Parizu.	Fernandel je umro u 	Parizu	Fernandel je umro u 	Parizu	Paris|||Paris
Q3051572	Elmer McCurdy	Elmer McCurdy	Q1649	Oklahoma	Oklahoma	Elmer McCurdy died in Oklahoma .	Elmer McCurdy umro u Oklahoma.	Elmer McCurdy umro u 	 Elmer McCurdy je umro u Oklahomi.	Elmer McCurdy je umro u Oklahomi.	ERROR	ERROR	ERROR	ERROR	Oklahoma
Q508029	Stephen Leacock	Stephen Butler Leacock	Q172	Toronto	Toronto	Stephen Leacock died in Toronto .	Stephen Butler Leacock umro u Toronto.	Stephen Butler Leacock umro u 	 Stephen Leacock je umro u Torontu.	Stephen Butler Leacock je umro u Torontu.	 Stephen Leacock je umro u 	Torontu	Stephen Butler Leacock je umro u 	Torontu	Toronto
Q1452355	Fred Hampton	Fred Hampton	Q1297	Chicago	Chicago	Fred Hampton died in Chicago .	Fred Hampton umro u Chicago.	Fred Hampton umro u 	 Fred Hampton je umro u Chicagu.	Fred Hampton je umro u Chicagu.	 Fred Hampton je umro u 	Chicagu	Fred Hampton je umro u 	Chicagu	Chicago
Q549786	John Soane	John Soane	Q84	London	London	John Soane died in London .	John Soane umro u London.	John Soane umro u 	 John Soane je umro u Londonu.	John Soane je umro u Londonu.	 John Soane je umro u 	Londonu	John Soane je umro u 	Londonu	London
Q130631	Jacques Derrida	Jacques Derrida	Q90	Paris	Pariz	Jacques Derrida died in Paris .	Jacques Derrida umro u Pariz.	Jacques Derrida umro u 	 Jacques Derrida je umro u Parizu.	Jacques Derrida je umro u Parizu.	 Jacques Derrida je umro u 	Parizu	Jacques Derrida je umro u 	Parizu	Paris|||Paris
Q75886	Karl Liebknecht	Karl Liebknecht	Q64	Berlin	Berlin	Karl Liebknecht died in Berlin .	Karl Liebknecht umro u Berlin.	Karl Liebknecht umro u 	 Karl Liebknecht je umro u Berlinu.	Karl Liebknecht je umro u Berlinu.	 Karl Liebknecht je umro u 	Berlinu	Karl Liebknecht je umro u 	Berlinu	Berlin
Q1511	Richard Wagner	Richard Wagner	Q641	Venice	Venecija	Richard Wagner died in Venice .	Richard Wagner umro u Venecija.	Richard Wagner umro u 	 Richard Wagner je umro u Veneciji.	Richard Wagner je umro u Veneciji.	 Richard Wagner je umro u 	Veneciji	Richard Wagner je umro u 	Veneciji	Venice
Q37098	Michael IX Palaiologos	Mihael IX. Paleolog	Q17151	Thessaloniki	Solun	Michael IX Palaiologos died in Thessaloniki .	Mihael IX. Paleolog umro u Solun.	Mihael IX. Paleolog umro u 	 Mihael IX Paleolog umro je u Solunu.	Mihael IX. Paleolog je umro u Solunu.	 Mihael IX Paleolog umro je u 	Solunu	Mihael IX. Paleolog je umro u 	Solunu	Thessaloniki
Q179149	Antisthenes	Antisten iz Atene	Q1524	Athens	Atena	Antisthenes died in Athens .	Antisten iz Atene umro u Atena.	Antisten iz Atene umro u 	 Antisten je umro u Ateni.	Antisten iz Atene je umro u Ateni.	 Antisten je umro u 	Ateni	Antisten iz Atene je umro u 	Ateni	Athens
Q70764	Anita Berber	Anita Berber	Q64	Berlin	Berlin	Anita Berber died in Berlin .	Anita Berber umro u Berlin.	Anita Berber umro u 	 Anita Berber umrla je u Berlinu.	Anita Berber je umrla u Berlinu.	 Anita Berber umrla je u 	Berlinu	Anita Berber je umrla u 	Berlinu	Berlin
Q1354027	Paul Huet	Paul Huet	Q90	Paris	Pariz	Paul Huet died in Paris .	Paul Huet umro u Pariz.	Paul Huet umro u 	 Paul Huet je umro u Parizu.	Paul Huet je umro u Parizu.	 Paul Huet je umro u 	Parizu	Paul Huet je umro u 	Parizu	Paris|||Paris
Q154842	Max Ernst	Max Ernst	Q90	Paris	Pariz	Max Ernst died in Paris .	Max Ernst umro u Pariz.	Max Ernst umro u 	 Max Ernst je umro u Parizu.	Max Ernst je umro u Parizu.	 Max Ernst je umro u 	Parizu	Max Ernst je umro u 	Parizu	Paris|||Paris
Q603952	Antonio Ozores Puchol	Antonio Ozores Puchol	Q2807	Madrid	Madrid	Antonio Ozores Puchol died in Madrid .	Antonio Ozores Puchol umro u Madrid.	Antonio Ozores Puchol umro u 	 U Madridu je preminuo Antonio Ozores Puchol.	Antonio Ozores Puchol je umro u Madridu.	 U 	Madridu	Antonio Ozores Puchol je umro u 	Madridu	Madrid
Q61428	Conny Plank	Conny Plank	Q365	Cologne	Köln	Conny Plank died in Cologne .	Conny Plank umro u Köln.	Conny Plank umro u 	 Conny Plank je umro u Kölnu.	Conny Plank je umro u Kölnu.	 Conny Plank je umro u 	Kölnu	Conny Plank je umro u 	Kölnu	Cologne
Q574083	Anthony Veiller	Anthony Veiller	Q34006	Hollywood	Hollywood	Anthony Veiller died in Hollywood .	Anthony Veiller umro u Hollywood.	Anthony Veiller umro u 	 Anthony Veiller je umro u Hollywoodu.	Anthony Veiller je umro u Hollywoodu.	 Anthony Veiller je umro u 	Hollywoodu	Anthony Veiller je umro u 	Hollywoodu	Hollywood
Q183226	Charles IV of Spain	Karlo IV., španjolski kralj	Q220	Rome	Rim	Charles IV of Spain died in Rome .	Karlo IV., španjolski kralj umro u Rim.	Karlo IV., španjolski kralj umro u 	 Karlo IV., kralj Španjolske, umro je u Rimu.	Karlo IV., španjolski kralj je umro u Rimu.	 Karlo IV., kralj Španjolske, umro je u 	Rimu	Karlo IV., španjolski kralj je umro u 	Rimu	Rome|||Prijestolnica svijeta|||Vječni grad
Q211787	Jules Bordet	Jules Bordet	Q239	Brussels	Bruxelles	Jules Bordet died in Brussels .	Jules Bordet umro u Bruxelles.	Jules Bordet umro u 	 Jules Bordet je umro u Bruxellesu.	Jules Bordet je umro u Bruxellesu.	 Jules Bordet je umro u 	Bruxellesu	Jules Bordet je umro u 	Bruxellesu	City of Brussels
Q84423	Martin Buber	Martin Buber	Q1218	Jerusalem	Jeruzalem	Martin Buber died in Jerusalem .	Martin Buber umro u Jeruzalem.	Martin Buber umro u 	 Martin Buber je umro u Jeruzalemu.	Martin Buber je umro u Jeruzalemu.	 Martin Buber je umro u 	Jeruzalemu	Martin Buber je umro u 	Jeruzalemu	Jerusalem
Q41749	Joseph Goebbels	Joseph Goebbels	Q64	Berlin	Berlin	Joseph Goebbels died in Berlin .	Joseph Goebbels umro u Berlin.	Joseph Goebbels umro u 	 Joseph Goebbels je umro u Berlinu.	Joseph Goebbels je umro u Berlinu.	 Joseph Goebbels je umro u 	Berlinu	Joseph Goebbels je umro u 	Berlinu	Berlin
Q15975	Montesquieu	Charles-Louis de Secondat Montesquieu	Q90	Paris	Pariz	Montesquieu died in Paris .	Charles-Louis de Secondat Montesquieu umro u Pariz.	Charles-Louis de Secondat Montesquieu umro u 	 Montesquieu je umro u Parizu.	Charles-Louis de Secondat Montesquieu je umro u Parizu.	 Montesquieu je umro u 	Parizu	Charles-Louis de Secondat Montesquieu je umro u 	Parizu	Paris|||Paris
Q312366	Bartolomeo Ammannati	Bartolomeo Ammannati	Q2044	Florence	Firenca	Bartolomeo Ammannati died in Florence .	Bartolomeo Ammannati umro u Firenca.	Bartolomeo Ammannati umro u 	 Bartolomeo Ammannati umro je u Firenci.	Bartolomeo Ammannati je umro u Firenci.	 Bartolomeo Ammannati umro je u 	Firenci	Bartolomeo Ammannati je umro u 	Firenci	Florence
Q117840	Nicholas II	Nikola II.	Q2044	Florence	Firenca	Nicholas II died in Florence .	Nikola II. umro u Firenca.	Nikola II. umro u 	 Nikola II. umro je u Firenci.	Nikola II. je umro u Firenci.	 Nikola II. umro je u 	Firenci	Nikola II. je umro u 	Firenci	Florence
Q55193	Dziga Vertov	Dziga Vertov	Q649	Moscow	Moskva	Dziga Vertov died in Moscow .	Dziga Vertov umro u Moskva.	Dziga Vertov umro u 	 Dziga Vertov je umro u Moskvi.	Dziga Vertov je umro u Moskvi.	 Dziga Vertov je umro u 	Moskvi	Dziga Vertov je umro u 	Moskvi	Moscow
Q184267	Andrei Gromyko	Andrej Gromijko	Q649	Moscow	Moskva	Andrei Gromyko died in Moscow .	Andrej Gromijko umro u Moskva.	Andrej Gromijko umro u 	 Andrej Gromiko je umro u Moskvi.	Andrej Gromijko je umro u Moskvi.	 Andrej Gromiko je umro u 	Moskvi	Andrej Gromijko je umro u 	Moskvi	Moscow
Q1699682	John Creasey	John Creasey	Q160642	Salisbury	Salisbury	John Creasey died in Salisbury .	John Creasey umro u Salisbury.	John Creasey umro u 	 John Creasey je umro u Salisburyju.	John Creasey je umro u Salisburyju.	 John Creasey je umro u 	Salisburyju	John Creasey je umro u 	Salisburyju	Salisbury
Q178293	Mauricio Kagel	Mauricio Kagel	Q365	Cologne	Köln	Mauricio Kagel died in Cologne .	Mauricio Kagel umro u Köln.	Mauricio Kagel umro u 	Mauricio Kagel umro je u Kölnu.	Mauricio Kagel je umro u Kölnu.	Mauricio Kagel umro je u 	Kölnu	Mauricio Kagel je umro u 	Kölnu	Cologne
Q217839	Otis Redding	Otis Redding	Q43788	Madison	Madison	Otis Redding died in Madison .	Otis Redding umro u Madison.	Otis Redding umro u 	 Otis Redding je umro u Madisonu.	Otis Redding je umro u Madisonu.	 Otis Redding je umro u 	Madisonu	Otis Redding je umro u 	Madisonu	Madison
Q3541260	George Murnu	George Murnu	Q19660	Bucharest	Bukurešt	George Murnu died in Bucharest .	George Murnu umro u Bukurešt.	George Murnu umro u 	 George Murnu je umro u Bukureštu.	George Murnu je umro u Bukureštu.	 George Murnu je umro u 	Bukureštu	George Murnu je umro u 	Bukureštu	Bucharest|||București
Q298698	Pachomius the Great	Pahomije	Q79	Egypt	Egipat	Pachomius the Great died in Egypt .	Pahomije umro u Egipat.	Pahomije umro u 	 Pahomije Veliki umro je u Egiptu.	Pahomije je umro u Egiptu.	 Pahomije Veliki umro je u 	Egiptu	Pahomije je umro u 	Egiptu	Egypt
Q134588	Nicholas V	Nikola V.	Q220	Rome	Rim	Nicholas V died in Rome .	Nikola V. umro u Rim.	Nikola V. umro u 	 Nikola V. umro je u Rimu.	Nikola V. je umro u Rimu.	 Nikola V. umro je u 	Rimu	Nikola V. je umro u 	Rimu	Rome|||Prijestolnica svijeta|||Vječni grad
Q61332	Peter Parler	Peter Parler	Q1085	Prague	Prag	Peter Parler died in Prague .	Peter Parler umro u Prag.	Peter Parler umro u 	 Peter Parler umro je u Pragu.	Peter Parler je umro u Pragu.	 Peter Parler umro je u 	Pragu	Peter Parler je umro u 	Pragu	Prague
Q4275949	Penelope Rich, Lady Rich	Penelope Rich	Q84	London	London	Penelope Rich, Lady Rich died in London .	Penelope Rich umro u London.	Penelope Rich umro u 	 Penelope Rich, Lady Rich, umrla je u Londonu.	Penelope Rich je umrla u Londonu.	 Penelope Rich, Lady Rich, umrla je u 	Londonu	Penelope Rich je umrla u 	Londonu	London
Q3771952	Glen MacDonough	Glen MacDonough	Q49169	Stamford	Stamford	Glen MacDonough died in Stamford .	Glen MacDonough umro u Stamford.	Glen MacDonough umro u 	 Glen MacDonough je umro u Stamfordu.	Glen MacDonough je umro u Stamfordu.	 Glen MacDonough je umro u 	Stamfordu	Glen MacDonough je umro u 	Stamfordu	Stamford|||Stamford, Connecticut
Q367415	William I of Sicily	Vilim I., kralj Sicilije	Q2656	Palermo	Palermo	William I of Sicily died in Palermo .	Vilim I., kralj Sicilije umro u Palermo.	Vilim I., kralj Sicilije umro u 	 Vilim I. od Sicilije umro je u Palermu.	Vilim I., kralj Sicilije je umro u Palermu.	 Vilim I. od Sicilije umro je u 	Palermu	Vilim I., kralj Sicilije je umro u 	Palermu	Palermo
Q244912	Hezekiah	Ezekija	Q1218	Jerusalem	Jeruzalem	Hezekiah died in Jerusalem .	Ezekija umro u Jeruzalem.	Ezekija umro u 	 Ezekija je umro u Jeruzalemu.	Ezekija je umro u Jeruzalemu.	 Ezekija je umro u 	Jeruzalemu	Ezekija je umro u 	Jeruzalemu	Jerusalem
Q529696	Horton Foote	Horton Foote	Q33486	Hartford	Hartford, Connecticut	Horton Foote died in Hartford .	Horton Foote umro u Hartford, Connecticut.	Horton Foote umro u 	 Horton Foote je umro u Hartfordu.	Horton Foote je umro u Hartfordu, Connecticut.	ERROR	ERROR	Horton Foote je umro u 	Hartfordu, Connecticut	Hartford
Q215158	Rudolf Lothar	Rudolf Lothar	Q1781	Budapest	Budimpešta	Rudolf Lothar died in Budapest .	Rudolf Lothar umro u Budimpešta.	Rudolf Lothar umro u 	 Rudolf Lothar je umro u Budimpešti.	Rudolf Lothar je umro u Budimpešti.	 Rudolf Lothar je umro u 	Budimpešti	Rudolf Lothar je umro u 	Budimpešti	Budapest|||Budapest|||Budim|||Pešta
Q893746	Boris Papandopulo	Boris Papandopulo	Q1435	Zagreb	Zagreb	Boris Papandopulo died in Zagreb .	Boris Papandopulo umro u Zagreb.	Boris Papandopulo umro u 	 U Zagrebu je preminuo Boris Papandopulo .	Boris Papandopulo je umro u Zagrebu.	 U 	Zagrebu	Boris Papandopulo je umro u 	Zagrebu	Zagreb|||Agram
Q321160	Willy Alberti	Willy Alberti	Q727	Amsterdam	Amsterdam	Willy Alberti died in Amsterdam .	Willy Alberti umro u Amsterdam.	Willy Alberti umro u 	 Willy Alberti je umro u Amsterdamu.	Willy Alberti je umro u Amsterdamu.	 Willy Alberti je umro u 	Amsterdamu	Willy Alberti je umro u 	Amsterdamu	Amsterdam
Q3049047	Pedro de Ribera	Pedro de Ribera	Q2807	Madrid	Madrid	Pedro de Ribera died in Madrid .	Pedro de Ribera umro u Madrid.	Pedro de Ribera umro u 	 Pedro de Ribera preminuo je u Madridu.	Pedro de Ribera je umro u Madridu.	 Pedro de Ribera preminuo je u 	Madridu	Pedro de Ribera je umro u 	Madridu	Madrid
Q4128	Louis Aragon	Louis Aragon	Q90	Paris	Pariz	Louis Aragon died in Paris .	Louis Aragon umro u Pariz.	Louis Aragon umro u 	 Louis Aragon umro je u Parizu.	Louis Aragon je umro u Parizu.	 Louis Aragon umro je u 	Parizu	Louis Aragon je umro u 	Parizu	Paris|||Paris
Q336806	Domenico Fontana	Domenico Fontana	Q2634	Naples	Napulj	Domenico Fontana died in Naples .	Domenico Fontana umro u Napulj.	Domenico Fontana umro u 	 Domenico Fontana umro je u Napulju.	Domenico Fontana je umro u Napulju.	 Domenico Fontana umro je u 	Napulju	Domenico Fontana je umro u 	Napulju	Naples
Q3751269	Concha Espina	Concha Espina	Q2807	Madrid	Madrid	Concha Espina died in Madrid .	Concha Espina umro u Madrid.	Concha Espina umro u 	 Concha Espina umrla je u Madridu.	Concha Espina je umrla u Madridu.	 Concha Espina umrla je u 	Madridu	Concha Espina je umrla u 	Madridu	Madrid
Q216063	Charlotte Corday	Charlotte Corday	Q90	Paris	Pariz	Charlotte Corday died in Paris .	Charlotte Corday umro u Pariz.	Charlotte Corday umro u 	 Charlotte Corday umrla je u Parizu.	Charlotte Corday je umrla u Parizu.	 Charlotte Corday umrla je u 	Parizu	Charlotte Corday je umrla u 	Parizu	Paris|||Paris
Q230507	Saint Margaret of Scotland	Sveta Margareta Škotska	Q23436	Edinburgh	Edinburgh	Saint Margaret of Scotland died in Edinburgh .	Sveta Margareta Škotska umro u Edinburgh.	Sveta Margareta Škotska umro u 	 Sveta Margareta Škotska umrla je u Edinburghu.	Sveta Margareta Škotska je umrla u Edinburghu.	 Sveta Margareta Škotska umrla je u 	Edinburghu	Sveta Margareta Škotska je umrla u 	Edinburghu	Edinburgh
Q233552	Princess Milica of Montenegro	Milica Petrović	Q87	Alexandria	Aleksandrija	Princess Milica of Montenegro died in Alexandria .	Milica Petrović umro u Aleksandrija.	Milica Petrović umro u 	 Crnogorska princeza Milica umrla je u Aleksandriji.	Milica Petrović je umrla u Aleksandriji.	 Crnogorska princeza Milica umrla je u 	Aleksandriji	Milica Petrović je umrla u 	Aleksandriji	Alexandria
Q190884	Viktor Chernomyrdin	Viktor Černomirdin	Q649	Moscow	Moskva	Viktor Chernomyrdin died in Moscow .	Viktor Černomirdin umro u Moskva.	Viktor Černomirdin umro u 	 Viktor Černomirdin je umro u Moskvi.	Viktor Černomirdin je umro u Moskvi.	 Viktor Černomirdin je umro u 	Moskvi	Viktor Černomirdin je umro u 	Moskvi	Moscow
Q233265	Robert Browning	Robert Browning	Q641	Venice	Venecija	Robert Browning died in Venice .	Robert Browning umro u Venecija.	Robert Browning umro u 	 Robert Browning je umro u Veneciji.	Robert Browning je umro u Veneciji.	 Robert Browning je umro u 	Veneciji	Robert Browning je umro u 	Veneciji	Venice
Q332055	Omar Torrijos	Omar Torrijos	Q804	Panama	Panama	Omar Torrijos died in Panama .	Omar Torrijos umro u Panama.	Omar Torrijos umro u 	 Omar Torrijos preminuo je u Panami.	Omar Torrijos je umro u Panami.	ERROR	ERROR	ERROR	ERROR	Panama
Q61970	Theodor Lipps	Theodor Lipps	Q1726	Munich	München	Theodor Lipps died in Munich .	Theodor Lipps umro u München.	Theodor Lipps umro u 	 Theodor Lipps umro je u Münchenu.	Theodor Lipps je umro u Münchenu.	 Theodor Lipps umro je u 	Münchenu	Theodor Lipps je umro u 	Münchenu	Munich
Q21209	Claus Schenk Graf von Stauffenberg	Claus von Stauffenberg	Q64	Berlin	Berlin	Claus Schenk Graf von Stauffenberg died in Berlin .	Claus von Stauffenberg umro u Berlin.	Claus von Stauffenberg umro u 	Claus Schenk Graf von Stauffenberg umro je u Berlinu.	Claus von Stauffenberg je umro u Berlinu.	Claus Schenk Graf von Stauffenberg umro je u 	Berlinu	Claus von Stauffenberg je umro u 	Berlinu	Berlin
Q160907	Boniface I	Bonifacije I.	Q220	Rome	Rim	Boniface I died in Rome .	Bonifacije I. umro u Rim.	Bonifacije I. umro u 	 Bonifacije I. umro je u Rimu.	Bonifacije I. je umro u Rimu.	 Bonifacije I. umro je u 	Rimu	Bonifacije I. je umro u 	Rimu	Rome|||Prijestolnica svijeta|||Vječni grad
Q380719	Cotton Mather	Cotton Mather	Q100	Boston	Boston, Massachusetts	Cotton Mather died in Boston .	Cotton Mather umro u Boston, Massachusetts.	Cotton Mather umro u 	 Cotton Mather je umro u Bostonu.	Cotton Mather je umro u Bostonu, Massachusetts.	ERROR	ERROR	ERROR	ERROR	Boston
Q123807	Alphonse Pyramus de Candolle	Alphonse Pyramus de Candolle	Q71	Geneva	Ženeva	Alphonse Pyramus de Candolle died in Geneva .	Alphonse Pyramus de Candolle umro u Ženeva.	Alphonse Pyramus de Candolle umro u 	 Alphonse Pyramus de Candolle umro je u Ženevi.	Alphonse Pyramus de Candolle je umro u Ženevi.	 Alphonse Pyramus de Candolle umro je u 	Ženevi	Alphonse Pyramus de Candolle je umro u 	Ženevi	Geneva
Q923806	William Massey	William Massey	Q23661	Wellington	Wellington	William Massey died in Wellington .	William Massey umro u Wellington.	William Massey umro u 	 William Massey je umro u Wellingtonu.	William Massey je umro u Wellingtonu.	 William Massey je umro u 	Wellingtonu	William Massey je umro u 	Wellingtonu	Wellington
Q7793	Donato Bramante	Donato Bramante	Q220	Rome	Rim	Donato Bramante died in Rome .	Donato Bramante umro u Rim.	Donato Bramante umro u 	 Donato Bramante umro je u Rimu.	Donato Bramante je umro u Rimu.	 Donato Bramante umro je u 	Rimu	Donato Bramante je umro u 	Rimu	Rome|||Prijestolnica svijeta|||Vječni grad
Q739190	Paul van Ostaijen	Paul van Ostaijen	Q31	Belgium	Belgija	Paul van Ostaijen died in Belgium .	Paul van Ostaijen umro u Belgija.	Paul van Ostaijen umro u 	 Paul van Ostaijen umro je u Belgiji.	Paul van Ostaijen je umro u Belgiji.	 Paul van Ostaijen umro je u 	Belgiji	Paul van Ostaijen je umro u 	Belgiji	Belgium|||Kraljevina Belgija
Q29179	Francisco Franco	Francisco Franco	Q2807	Madrid	Madrid	Francisco Franco died in Madrid .	Francisco Franco umro u Madrid.	Francisco Franco umro u 	 Francisco Franco je umro u Madridu.	Francisco Franco je umro u Madridu.	 Francisco Franco je umro u 	Madridu	Francisco Franco je umro u 	Madridu	Madrid
Q284282	Giovanni Antonio Amadeo	Giovanni Antonio Amadeo	Q490	Milan	Milano	Giovanni Antonio Amadeo died in Milan .	Giovanni Antonio Amadeo umro u Milano.	Giovanni Antonio Amadeo umro u 	 Giovanni Antonio Amadeo preminuo je u Milanu.	Giovanni Antonio Amadeo je umro u Milanu.	 Giovanni Antonio Amadeo preminuo je u 	Milanu	Giovanni Antonio Amadeo je umro u 	Milanu	Milan
Q101286	Innocent XI	Inocent XI.	Q220	Rome	Rim	Innocent XI died in Rome .	Inocent XI. umro u Rim.	Inocent XI. umro u 	 Inocent XI umro je u Rimu.	Inocent XI. je umro u Rimu.	 Inocent XI umro je u 	Rimu	Inocent XI. je umro u 	Rimu	Rome|||Prijestolnica svijeta|||Vječni grad
Q208230	Claude Bernard	Claude Bernard	Q90	Paris	Pariz	Claude Bernard died in Paris .	Claude Bernard umro u Pariz.	Claude Bernard umro u 	 Claude Bernard je umro u Parizu.	Claude Bernard je umro u Parizu.	 Claude Bernard je umro u 	Parizu	Claude Bernard je umro u 	Parizu	Paris|||Paris
Q39524	Gamal Abdel Nasser	Gamal Abdel Naser	Q85	Cairo	Kairo	Gamal Abdel Nasser died in Cairo .	Gamal Abdel Naser umro u Kairo.	Gamal Abdel Naser umro u 	 Gamal Abdel Nasser umro je u Kairu.	Gamal Abdel Naser je umro u Kairu.	 Gamal Abdel Nasser umro je u 	Kairu	Gamal Abdel Naser je umro u 	Kairu	Cairo
Q182128	Giovanni Pico della Mirandola	Giovanni Pico della Mirandola	Q2044	Florence	Firenca	Giovanni Pico della Mirandola died in Florence .	Giovanni Pico della Mirandola umro u Firenca.	Giovanni Pico della Mirandola umro u 	 Giovanni Pico della Mirandola umro je u Firenci.	Giovanni Pico della Mirandola je umro u Firenci.	 Giovanni Pico della Mirandola umro je u 	Firenci	Giovanni Pico della Mirandola je umro u 	Firenci	Florence
Q76474	Walther Bothe	Walther Bothe	Q2966	Heidelberg	Heidelberg	Walther Bothe died in Heidelberg .	Walther Bothe umro u Heidelberg.	Walther Bothe umro u 	 Walther Bothe je umro u Heidelbergu.	Walther Bothe je umro u Heidelbergu.	 Walther Bothe je umro u 	Heidelbergu	Walther Bothe je umro u 	Heidelbergu	Heidelberg
Q1803	Gordian II	Gordijan II.	Q6343	Carthage	Kartaga	Gordian II died in Carthage .	Gordijan II. umro u Kartaga.	Gordijan II. umro u 	 Gordijan II je umro u Kartagi.	Gordijan II. je umro u Kartagi.	ERROR	ERROR	ERROR	ERROR	Carthage
Q234952	Betsy Ross	Betsy Ross	Q1345	Philadelphia	Philadelphia	Betsy Ross died in Philadelphia .	Betsy Ross umro u Philadelphia.	Betsy Ross umro u 	 Betsy Ross umrla je u Philadelphiji.	Betsy Ross je umrla u Philadelphiji.	 Betsy Ross umrla je u 	Philadelphiji	Betsy Ross je umrla u 	Philadelphiji	Philadelphia
Q189006	Charles Louis Alphonse Laveran	Charles Louis Alphonse Laveran	Q90	Paris	Pariz	Charles Louis Alphonse Laveran died in Paris .	Charles Louis Alphonse Laveran umro u Pariz.	Charles Louis Alphonse Laveran umro u 	 Charles Louis Alphonse Laveran umro je u Parizu.	Charles Louis Alphonse Laveran je umro u Parizu.	 Charles Louis Alphonse Laveran umro je u 	Parizu	Charles Louis Alphonse Laveran je umro u 	Parizu	Paris|||Paris
Q1381348	Francisco de Ibarra	Francisco Ibarra	Q96	Mexico	Meksiko	Francisco de Ibarra died in Mexico .	Francisco Ibarra umro u Meksiko.	Francisco Ibarra umro u 	 Francisco de Ibarra umro je u Meksiku.	Francisco Ibarra je umro u Meksiku.	 Francisco de Ibarra umro je u 	Meksiku	Francisco Ibarra je umro u 	Meksiku	Mexico
Q152043	Mstislav Rostropovich	Mstislav Rostropovič	Q649	Moscow	Moskva	Mstislav Rostropovich died in Moscow .	Mstislav Rostropovič umro u Moskva.	Mstislav Rostropovič umro u 	 Mstislav Rostropovič je umro u Moskvi.	Mstislav Rostropovič je umro u Moskvi.	 Mstislav Rostropovič je umro u 	Moskvi	Mstislav Rostropovič je umro u 	Moskvi	Moscow
Q529276	Studs Terkel	Studs Terkel	Q1297	Chicago	Chicago	Studs Terkel died in Chicago .	Studs Terkel umro u Chicago.	Studs Terkel umro u 	 Studs Terkel je umro u Chicagu.	Studs Terkel je umro u Chicagu.	 Studs Terkel je umro u 	Chicagu	Studs Terkel je umro u 	Chicagu	Chicago
Q36620	Tycho Brahe	Tycho Brahe	Q1085	Prague	Prag	Tycho Brahe died in Prague .	Tycho Brahe umro u Prag.	Tycho Brahe umro u 	 Tycho Brahe je umro u Pragu.	Tycho Brahe je umro u Pragu.	 Tycho Brahe je umro u 	Pragu	Tycho Brahe je umro u 	Pragu	Prague
Q365387	Gabriel Ramanantsoa	Gabriel Ramanantsoa	Q90	Paris	Pariz	Gabriel Ramanantsoa died in Paris .	Gabriel Ramanantsoa umro u Pariz.	Gabriel Ramanantsoa umro u 	 Gabriel Ramanantsoa umro je u Parizu.	Gabriel Ramanantsoa je umro u Parizu.	 Gabriel Ramanantsoa umro je u 	Parizu	Gabriel Ramanantsoa je umro u 	Parizu	Paris|||Paris
Q29297	Carl Ritter	Carl Ritter	Q64	Berlin	Berlin	Carl Ritter died in Berlin .	Carl Ritter umro u Berlin.	Carl Ritter umro u 	 Carl Ritter je umro u Berlinu.	Carl Ritter je umro u Berlinu.	 Carl Ritter je umro u 	Berlinu	Carl Ritter je umro u 	Berlinu	Berlin
Q560099	Sedat Alp	Sedat Alp	Q3640	Ankara	Ankara	Sedat Alp died in Ankara .	Sedat Alp umro u Ankara.	Sedat Alp umro u 	 Sedat Alp je umro u Ankari.	Sedat Alp je umro u Ankari.	 Sedat Alp je umro u 	Ankari	Sedat Alp je umro u 	Ankari	Ankara
Q160030	Pius III	Pio III.	Q220	Rome	Rim	Pius III died in Rome .	Pio III. umro u Rim.	Pio III. umro u 	 Pio III. umro je u Rimu.	Pio III. je umro u Rimu.	 Pio III. umro je u 	Rimu	Pio III. je umro u 	Rimu	Rome|||Prijestolnica svijeta|||Vječni grad
Q377045	Judith Binney	Judith Binney	Q37100	Auckland	Auckland	Judith Binney died in Auckland .	Judith Binney umro u Auckland.	Judith Binney umro u 	Judith Binney umrla je u Aucklandu.	Judith Binney je umrla u Aucklandu.	Judith Binney umrla je u 	Aucklandu	Judith Binney je umrla u 	Aucklandu	Auckland
Q43734	Gregory XVI	Grgur XVI.	Q220	Rome	Rim	Gregory XVI died in Rome .	Grgur XVI. umro u Rim.	Grgur XVI. umro u 	 Grgur XVI. umro je u Rimu.	Grgur XVI. je umro u Rimu.	 Grgur XVI. umro je u 	Rimu	Grgur XVI. je umro u 	Rimu	Rome|||Prijestolnica svijeta|||Vječni grad
Q1607155	Henry Pickering Bowditch	Henry Pickering Bowditch	Q100	Boston	Boston, Massachusetts	Henry Pickering Bowditch died in Boston .	Henry Pickering Bowditch umro u Boston, Massachusetts.	Henry Pickering Bowditch umro u 	 Henry Pickering Bowditch umro je u Bostonu.	Henry Pickering Bowditch je umro u Bostonu, Massachusetts.	ERROR	ERROR	ERROR	ERROR	Boston
Q152293	Aram Khachaturian	Aram Hačaturjan	Q649	Moscow	Moskva	Aram Khachaturian died in Moscow .	Aram Hačaturjan umro u Moskva.	Aram Hačaturjan umro u 	 Aram Khachaturian je umro u Moskvi.	Aram Hačaturjan je umro u Moskvi.	 Aram Khachaturian je umro u 	Moskvi	Aram Hačaturjan je umro u 	Moskvi	Moscow
Q332626	Francesco Crispi	Francesco Crispi	Q2634	Naples	Napulj	Francesco Crispi died in Naples .	Francesco Crispi umro u Napulj.	Francesco Crispi umro u 	 Francesco Crispi preminuo je u Napulju.	Francesco Crispi je umro u Napulju.	 Francesco Crispi preminuo je u 	Napulju	Francesco Crispi je umro u 	Napulju	Naples
Q28494	Heinrich von Kleist	Heinrich von Kleist	Q64	Berlin	Berlin	Heinrich von Kleist died in Berlin .	Heinrich von Kleist umro u Berlin.	Heinrich von Kleist umro u 	 Heinrich von Kleist umro je u Berlinu.	Heinrich von Kleist je umro u Berlinu.	 Heinrich von Kleist umro je u 	Berlinu	Heinrich von Kleist je umro u 	Berlinu	Berlin
Q342765	Arthur Griffith	Arthur Griffith	Q1761	Dublin	Dublin	Arthur Griffith died in Dublin .	Arthur Griffith umro u Dublin.	Arthur Griffith umro u 	 Arthur Griffith umro je u Dublinu.	Arthur Griffith je umro u Dublinu.	 Arthur Griffith umro je u 	Dublinu	Arthur Griffith je umro u 	Dublinu	Dublin
Q267845	Gina Pane	Gina Pane	Q90	Paris	Pariz	Gina Pane died in Paris .	Gina Pane umro u Pariz.	Gina Pane umro u 	 Gina Pane umrla je u Parizu.	Gina Pane je umrla u Parizu.	 Gina Pane umrla je u 	Parizu	Gina Pane je umrla u 	Parizu	Paris|||Paris
Q217771	George Gurdjieff	Georgij Ivanovič Gurdijev	Q90	Paris	Pariz	George Gurdjieff died in Paris .	Georgij Ivanovič Gurdijev umro u Pariz.	Georgij Ivanovič Gurdijev umro u 	 George Gurdjieff je umro u Parizu.	Georgij Ivanovič Gurdijev je umro u Parizu.	 George Gurdjieff je umro u 	Parizu	Georgij Ivanovič Gurdijev je umro u 	Parizu	Paris|||Paris
Q101294	Alexander VIII	Aleksandar VIII.	Q220	Rome	Rim	Alexander VIII died in Rome .	Aleksandar VIII. umro u Rim.	Aleksandar VIII. umro u 	 Aleksandar VIII. umro je u Rimu.	Aleksandar VIII. je umro u Rimu.	 Aleksandar VIII. umro je u 	Rimu	Aleksandar VIII. je umro u 	Rimu	Rome|||Prijestolnica svijeta|||Vječni grad
Q273233	Paul Robeson	Paul Robeson	Q1345	Philadelphia	Philadelphia	Paul Robeson died in Philadelphia .	Paul Robeson umro u Philadelphia.	Paul Robeson umro u 	 Paul Robeson je umro u Philadelphiji.	Paul Robeson je umro u Philadelphiji.	 Paul Robeson je umro u 	Philadelphiji	Paul Robeson je umro u 	Philadelphiji	Philadelphia
Q104607	Andrew Huxley	Andrew Huxley	Q350	Cambridge	Cambridge	Andrew Huxley died in Cambridge .	Andrew Huxley umro u Cambridge.	Andrew Huxley umro u 	 Andrew Huxley je umro u Cambridgeu.	Andrew Huxley je umro u Cambridgeu.	 Andrew Huxley je umro u 	Cambridgeu	Andrew Huxley je umro u 	Cambridgeu	Cambridge
Q106641	Johann Christian Bach	Johann Christian Bach	Q84	London	London	Johann Christian Bach died in London .	Johann Christian Bach umro u London.	Johann Christian Bach umro u 	 Johann Christian Bach umro je u Londonu.	Johann Christian Bach je umro u Londonu.	 Johann Christian Bach umro je u 	Londonu	Johann Christian Bach je umro u 	Londonu	London
Q183266	Samuel Johnson	Samuel Johnson	Q84	London	London	Samuel Johnson died in London .	Samuel Johnson umro u London.	Samuel Johnson umro u 	 Samuel Johnson umro je u Londonu.	Samuel Johnson je umro u Londonu.	 Samuel Johnson umro je u 	Londonu	Samuel Johnson je umro u 	Londonu	London
Q1350489	Jack Cassidy	Jack Cassidy	Q34006	Hollywood	Hollywood	Jack Cassidy died in Hollywood .	Jack Cassidy umro u Hollywood.	Jack Cassidy umro u 	 Jack Cassidy je umro u Hollywoodu.	Jack Cassidy je umro u Hollywoodu.	 Jack Cassidy je umro u 	Hollywoodu	Jack Cassidy je umro u 	Hollywoodu	Hollywood
Q1248451	Marc Sangnier	Marc Sangnier	Q90	Paris	Pariz	Marc Sangnier died in Paris .	Marc Sangnier umro u Pariz.	Marc Sangnier umro u 	 Marc Sangnier je umro u Parizu.	Marc Sangnier je umro u Parizu.	 Marc Sangnier je umro u 	Parizu	Marc Sangnier je umro u 	Parizu	Paris|||Paris
Q73361	Hermann Nothnagel	Hermann Nothnagel	Q1741	Vienna	Beč	Hermann Nothnagel died in Vienna .	Hermann Nothnagel umro u Beč.	Hermann Nothnagel umro u 	 Hermann Nothnagel umro je u Beču.	Hermann Nothnagel je umro u Beču.	 Hermann Nothnagel umro je u 	Beču	Hermann Nothnagel je umro u 	Beču	Vienna
Q209212	Girolamo Frescobaldi	Girolamo Frescobaldi	Q220	Rome	Rim	Girolamo Frescobaldi died in Rome .	Girolamo Frescobaldi umro u Rim.	Girolamo Frescobaldi umro u 	 Girolamo Frescobaldi umro je u Rimu.	Girolamo Frescobaldi je umro u Rimu.	 Girolamo Frescobaldi umro je u 	Rimu	Girolamo Frescobaldi je umro u 	Rimu	Rome|||Prijestolnica svijeta|||Vječni grad
Q83233	Jacques Cousteau	Jacques-Yves Cousteau	Q90	Paris	Pariz	Jacques Cousteau died in Paris .	Jacques-Yves Cousteau umro u Pariz.	Jacques-Yves Cousteau umro u 	 Jacques Cousteau je umro u Parizu.	Jacques-Yves Cousteau je umro u Parizu.	 Jacques Cousteau je umro u 	Parizu	Jacques-Yves Cousteau je umro u 	Parizu	Paris|||Paris
Q156128	Georges Rouault	Georges Rouault	Q90	Paris	Pariz	Georges Rouault died in Paris .	Georges Rouault umro u Pariz.	Georges Rouault umro u 	 Georges Rouault umro je u Parizu.	Georges Rouault je umro u Parizu.	 Georges Rouault umro je u 	Parizu	Georges Rouault je umro u 	Parizu	Paris|||Paris
