sub_uri	en_sub_label	sub_label	obj_uri	en_obj_label	obj_label	en_template	template	template_prompt	gt_translation	chatgpt_translation	gt_prompt	gt_infl_object	chatgpt_prompt	chatgpt_infl_object	aliases
Q748836	Simple Minds	Simple Minds	Q4093	Glasgow	Glasgow	Simple Minds was founded in Glasgow .	Simple Minds osnovana je u Glasgow.	Simple Minds osnovana je u 	 Simple Minds je osnovan u Glasgowu.	Simple Minds je osnovan u Glasgowu.	 Simple Minds je osnovan u 	Glasgowu	Simple Minds je osnovan u 	Glasgowu	Glasgow
Q83835	Swiss Federal Railways	Švicarske federalne željeznice	Q70	Bern	Bern	Swiss Federal Railways was founded in Bern .	Švicarske federalne željeznice osnovana je u Bern.	Švicarske federalne željeznice osnovana je u 	 Švicarske savezne željeznice osnovane su u Bernu.	Švicarske federalne željeznice su osnovane u Bernu.	 Švicarske savezne željeznice osnovane su u 	Bernu	Švicarske federalne željeznice su osnovane u 	Bernu	Bern
Q14799	Lenovo	Lenovo	Q956	Beijing	Peking	Lenovo was founded in Beijing .	Lenovo osnovana je u Peking.	Lenovo osnovana je u 	 Lenovo je osnovan u Pekingu.	Lenovo je osnovan u Pekingu.	 Lenovo je osnovan u 	Pekingu	Lenovo je osnovan u 	Pekingu	Beijing
Q3552193	Urban Outfitters	Urban Outfitters	Q1345	Philadelphia	Philadelphia	Urban Outfitters was founded in Philadelphia .	Urban Outfitters osnovana je u Philadelphia.	Urban Outfitters osnovana je u 	 Tvrtka Urban Outfitters osnovana je u Philadelphiji.	Urban Outfitters je osnovan u Philadelphiji.	 Tvrtka Urban Outfitters osnovana je u 	Philadelphiji	Urban Outfitters je osnovan u 	Philadelphiji	Philadelphia
Q211965	The Moody Blues	The Moody Blues	Q2256	Birmingham	Birmingham	The Moody Blues was founded in Birmingham .	The Moody Blues osnovana je u Birmingham.	The Moody Blues osnovana je u 	 Moody Blues osnovan je u Birminghamu.	The Moody Blues je osnovan u Birminghamu.	 Moody Blues osnovan je u 	Birminghamu	The Moody Blues je osnovan u 	Birminghamu	Birmingham
Q521096	Pride Fighting Championships	PRIDE Fighting Championships	Q1490	Tokyo	Tokio	Pride Fighting Championships was founded in Tokyo .	PRIDE Fighting Championships osnovana je u Tokio.	PRIDE Fighting Championships osnovana je u 	 U Tokiju je osnovano Prvenstvo u borbama Pridea.	PRIDE Fighting Championships je osnovan u Tokiju.	 U 	Tokiju	PRIDE Fighting Championships je osnovan u 	Tokiju	Tokyo
Q3295867	The Coca-Cola Company	The Coca-Cola Company	Q23556	Atlanta	Atlanta	The Coca-Cola Company was founded in Atlanta .	The Coca-Cola Company osnovana je u Atlanta.	The Coca-Cola Company osnovana je u 	 Tvrtka Coca-Cola osnovana je u Atlanti.	The Coca-Cola Company je osnovana u Atlanti.	 Tvrtka Coca-Cola osnovana je u 	Atlanti	The Coca-Cola Company je osnovana u 	Atlanti	Atlanta
Q52618	Ericsson	Ericsson	Q1754	Stockholm	Stockholm	Ericsson was founded in Stockholm .	Ericsson osnovana je u Stockholm.	Ericsson osnovana je u 	 Ericsson je osnovan u Stockholmu.	Ericsson je osnovan u Stockholmu.	 Ericsson je osnovan u 	Stockholmu	Ericsson je osnovan u 	Stockholmu	Stockholm
Q483140	Anaal Nathrakh	Anaal Nathrakh	Q2256	Birmingham	Birmingham	Anaal Nathrakh was founded in Birmingham .	Anaal Nathrakh osnovana je u Birmingham.	Anaal Nathrakh osnovana je u 	 Anaal Nathrakh osnovan je u Birminghamu.	Anaal Nathrakh je osnovan u Birminghamu.	 Anaal Nathrakh osnovan je u 	Birminghamu	Anaal Nathrakh je osnovan u 	Birminghamu	Birmingham
Q484255	Alice in Chains	Alice in Chains	Q5083	Seattle	Seattle	Alice in Chains was founded in Seattle .	Alice in Chains osnovana je u Seattle.	Alice in Chains osnovana je u 	 Alice in Chains osnovana je u Seattleu.	Alice in Chains je osnovana u Seattleu.	 Alice in Chains osnovana je u 	Seattleu	Alice in Chains je osnovana u 	Seattleu	Seattle
Q705715	RuPaul	RuPaul	Q23556	Atlanta	Atlanta	RuPaul was founded in Atlanta .	RuPaul osnovana je u Atlanta.	RuPaul osnovana je u 	 RuPaul je osnovan u Atlanti.	RuPaul je osnovan u Atlanti.	 RuPaul je osnovan u 	Atlanti	RuPaul je osnovan u 	Atlanti	Atlanta
Q714	Stevie Wonder	Stevie Wonder	Q12439	Detroit	Detroit, Michigan	Stevie Wonder was founded in Detroit .	Stevie Wonder osnovana je u Detroit, Michigan.	Stevie Wonder osnovana je u 	 Stevie Wonder osnovan je u Detroitu.	Stevie Wonder je osnovan u Detroitu, Michigan.	ERROR	ERROR	Stevie Wonder je osnovan u 	Detroitu, Michigan	Detroit
Q269836	SHINee	SHINee	Q8684	Seoul	Seul	SHINee was founded in Seoul .	SHINee osnovana je u Seul.	SHINee osnovana je u 	 SHINee je osnovan u Seulu.	SHINee je osnovan u Seulu.	 SHINee je osnovan u 	Seulu	SHINee je osnovan u 	Seulu	Seoul
Q1141123	Rosneft	Rosneft	Q649	Moscow	Moskva	Rosneft was founded in Moscow .	Rosneft osnovana je u Moskva.	Rosneft osnovana je u 	 Rosnjeft je osnovan u Moskvi.	Rosneft je osnovan u Moskvi.	 Rosnjeft je osnovan u 	Moskvi	Rosneft je osnovan u 	Moskvi	Moscow
Q1417704	The Agonist	The Agonist	Q340	Montreal	Montréal	The Agonist was founded in Montreal .	The Agonist osnovana je u Montréal.	The Agonist osnovana je u 	 Agonist je osnovan u Montrealu.	The Agonist je osnovan u Montrealu.	 Agonist je osnovan u 	Montrealu	The Agonist je osnovan u 	Montrealu	Montreal
Q1364657	The Pretty Things	The Pretty Things	Q84	London	London	The Pretty Things was founded in London .	The Pretty Things osnovana je u London.	The Pretty Things osnovana je u 	 Grupa The Pretty Things osnovana je u Londonu.	The Pretty Things su osnovani u Londonu.	 Grupa The Pretty Things osnovana je u 	Londonu	The Pretty Things su osnovani u 	Londonu	London
Q489801	INXS	INXS	Q3130	Sydney	Sydney	INXS was founded in Sydney .	INXS osnovana je u Sydney.	INXS osnovana je u 	 INXS je osnovan u Sydneyu.	INXS je osnovan u Sydneyu.	 INXS je osnovan u 	Sydneyu	INXS je osnovan u 	Sydneyu	Sydney
Q1127565	The Fratellis	The Fratellis	Q4093	Glasgow	Glasgow	The Fratellis was founded in Glasgow .	The Fratellis osnovana je u Glasgow.	The Fratellis osnovana je u 	 Fratellis je osnovan u Glasgowu.	The Fratellis je osnovan u Glasgowu.	 Fratellis je osnovan u 	Glasgowu	The Fratellis je osnovan u 	Glasgowu	Glasgow
Q600311	Cock Sparrer	Cock Sparrer	Q84	London	London	Cock Sparrer was founded in London .	Cock Sparrer osnovana je u London.	Cock Sparrer osnovana je u 	 Cock Sparrer je osnovan u Londonu.	Cock Sparrer je osnovan u Londonu.	 Cock Sparrer je osnovan u 	Londonu	Cock Sparrer je osnovan u 	Londonu	London
Q35962	Maserati	Maserati	Q1891	Bologna	Bologna	Maserati was founded in Bologna .	Maserati osnovana je u Bologna.	Maserati osnovana je u 	 Maserati je osnovan u Bologni.	Maserati je osnovan u Bologni.	 Maserati je osnovan u 	Bologni	Maserati je osnovan u 	Bologni	Bologna
Q1006517	Off Course	Off Course	Q17	Japan	Japan	Off Course was founded in Japan .	Off Course osnovana je u Japan.	Off Course osnovana je u 	 Off Course je osnovan u Japanu.	Off Course je osnovan u Japanu.	 Off Course je osnovan u 	Japanu	Off Course je osnovan u 	Japanu	Japan|||Nippon|||Zemlja Izlazećeg Sunca
Q483718	Foo Fighters	Foo Fighters	Q5083	Seattle	Seattle	Foo Fighters was founded in Seattle .	Foo Fighters osnovana je u Seattle.	Foo Fighters osnovana je u 	 Foo Fighters osnovan je u Seattleu.	Foo Fighters je osnovan u Seattleu.	 Foo Fighters osnovan je u 	Seattleu	Foo Fighters je osnovan u 	Seattleu	Seattle
Q3665077	Cerebral Bore	Cerebral Bore	Q4093	Glasgow	Glasgow	Cerebral Bore was founded in Glasgow .	Cerebral Bore osnovana je u Glasgow.	Cerebral Bore osnovana je u 	Cerebral Bore osnovan je u Glasgowu.	Cerebral Bore je osnovan u Glasgowu.	Cerebral Bore osnovan je u 	Glasgowu	Cerebral Bore je osnovan u 	Glasgowu	Glasgow
Q93346	The Who	The Who	Q84	London	London	The Who was founded in London .	The Who osnovana je u London.	The Who osnovana je u 	 Grupa The Who osnovana je u Londonu.	The Who je osnovan u Londonu.	 Grupa The Who osnovana je u 	Londonu	The Who je osnovan u 	Londonu	London
Q20718	Samsung Electronics	Samsung Electronics	Q8684	Seoul	Seul	Samsung Electronics was founded in Seoul .	Samsung Electronics osnovana je u Seul.	Samsung Electronics osnovana je u 	 Tvrtka Samsung Electronics osnovana je u Seulu.	Samsung Electronics je osnovan u Seulu.	 Tvrtka Samsung Electronics osnovana je u 	Seulu	Samsung Electronics je osnovan u 	Seulu	Seoul
Q134241	Feyenoord	Feyenoord Rotterdam	Q34370	Rotterdam	Rotterdam	Feyenoord was founded in Rotterdam .	Feyenoord Rotterdam osnovana je u Rotterdam.	Feyenoord Rotterdam osnovana je u 	 Feyenoord je osnovan u Rotterdamu.	Feyenoord je osnovan u Rotterdamu.	 Feyenoord je osnovan u 	Rotterdamu	Feyenoord je osnovan u 	Rotterdamu	Rotterdam
Q938889	Rotting Christ	Rotting Christ	Q1524	Athens	Atena	Rotting Christ was founded in Athens .	Rotting Christ osnovana je u Atena.	Rotting Christ osnovana je u 	 Rotting Christ osnovan je u Ateni.	Rotting Christ je osnovan u Ateni.	 Rotting Christ osnovan je u 	Ateni	Rotting Christ je osnovan u 	Ateni	Athens
Q15935	Kanye West	Kanye West	Q1297	Chicago	Chicago	Kanye West was founded in Chicago .	Kanye West osnovana je u Chicago.	Kanye West osnovana je u 	 Kanye West je osnovan u Chicagu.	Kanye West je osnovan u Chicagu.	 Kanye West je osnovan u 	Chicagu	Kanye West je osnovan u 	Chicagu	Chicago
Q203223	Ciara	Ciara	Q23556	Atlanta	Atlanta	Ciara was founded in Atlanta .	Ciara osnovana je u Atlanta.	Ciara osnovana je u 	 Ciara je osnovana u Atlanti.	Ciara je osnovana u Atlanti.	 Ciara je osnovana u 	Atlanti	Ciara je osnovana u 	Atlanti	Atlanta
Q960061	Radiotelevizija Slovenija	Radiotelevizija Slovenija	Q437	Ljubljana	Ljubljana	Radiotelevizija Slovenija was founded in Ljubljana .	Radiotelevizija Slovenija osnovana je u Ljubljana.	Radiotelevizija Slovenija osnovana je u 	 U Ljubljani je osnovana Radiotelevizija Slovenija .	Radiotelevizija Slovenija je osnovana u Ljubljani.	 U 	Ljubljani	Radiotelevizija Slovenija je osnovana u 	Ljubljani	Ljubljana
Q268160	The White Stripes	The White Stripes	Q12439	Detroit	Detroit, Michigan	The White Stripes was founded in Detroit .	The White Stripes osnovana je u Detroit, Michigan.	The White Stripes osnovana je u 	 Grupa White Stripes osnovana je u Detroitu.	The White Stripes je osnovan u Detroitu, Michigan.	ERROR	ERROR	The White Stripes je osnovan u 	Detroitu, Michigan	Detroit
Q483810	The Cranberries	The Cranberries	Q133315	Limerick	Limerick	The Cranberries was founded in Limerick .	The Cranberries osnovana je u Limerick.	The Cranberries osnovana je u 	 Grupa Cranberries osnovana je u Limericku.	The Cranberries je osnovan u Limericku.	 Grupa Cranberries osnovana je u 	Limericku	The Cranberries je osnovan u 	Limericku	Limerick|||Luimneach
Q1123938	The Dresden Dolls	The Dresden Dolls	Q100	Boston	Boston, Massachusetts	The Dresden Dolls was founded in Boston .	The Dresden Dolls osnovana je u Boston, Massachusetts.	The Dresden Dolls osnovana je u 	 Dresden Dolls osnovan je u Bostonu.	Translation: The Dresden Dolls su osnovani u Bostonu, Massachusetts.	ERROR	ERROR	ERROR	ERROR	Boston
Q81888	AFC Ajax	AFC Ajax	Q727	Amsterdam	Amsterdam	AFC Ajax was founded in Amsterdam .	AFC Ajax osnovana je u Amsterdam.	AFC Ajax osnovana je u 	 AFC Ajax osnovan je u Amsterdamu.	AFC Ajax je osnovan u Amsterdamu.	 AFC Ajax osnovan je u 	Amsterdamu	AFC Ajax je osnovan u 	Amsterdamu	Amsterdam
Q313571	Daniel Diges	Daniel Diges	Q29	Spain	Španjolska	Daniel Diges was founded in Spain .	Daniel Diges osnovana je u Španjolska.	Daniel Diges osnovana je u 	 Daniel Diges osnovan je u Španjolskoj.	Daniel Diges je osnovan u Španjolskoj.	 Daniel Diges osnovan je u 	Španjolskoj	Daniel Diges je osnovan u 	Španjolskoj	Spain
Q1136349	Costa Cruises	Costa Crociere	Q1449	Genoa	Genova	Costa Cruises was founded in Genoa .	Costa Crociere osnovana je u Genova.	Costa Crociere osnovana je u 	 Costa Cruises osnovana je u Genovi.	Costa Crociere je osnovana u Genovi.	 Costa Cruises osnovana je u 	Genovi	Costa Crociere je osnovana u 	Genovi	Genoa
Q122741	Sega	Sega	Q1490	Tokyo	Tokio	Sega was founded in Tokyo .	Sega osnovana je u Tokio.	Sega osnovana je u 	 Sega je osnovana u Tokiju.	Sega je osnovana u Tokiju.	 Sega je osnovana u 	Tokiju	Sega je osnovana u 	Tokiju	Tokyo
Q163989	Arch Enemy	Arch Enemy	Q34	Sweden	Švedska	Arch Enemy was founded in Sweden .	Arch Enemy osnovana je u Švedska.	Arch Enemy osnovana je u 	 Arch Enemy je osnovan u Švedskoj.	Arch Enemy je osnovan u Švedskoj.	 Arch Enemy je osnovan u 	Švedskoj	Arch Enemy je osnovan u 	Švedskoj	Sweden|||Kraljevina Švedska
Q4409	Sinclair Research	Sinclair Research Ltd	Q350	Cambridge	Cambridge	Sinclair Research was founded in Cambridge .	Sinclair Research Ltd osnovana je u Cambridge.	Sinclair Research Ltd osnovana je u 	 Sinclair Research osnovan je u Cambridgeu.	Sinclair Research Ltd je osnovan u Cambridgeu.	 Sinclair Research osnovan je u 	Cambridgeu	Sinclair Research Ltd je osnovan u 	Cambridgeu	Cambridge
Q27074	Aston Martin Lagonda	Aston Martin	Q84	London	London	Aston Martin Lagonda was founded in London .	Aston Martin osnovana je u London.	Aston Martin osnovana je u 	 Aston Martin Lagonda osnovan je u Londonu.	Aston Martin je osnovan u Londonu.	 Aston Martin Lagonda osnovan je u 	Londonu	Aston Martin je osnovan u 	Londonu	London
Q45188	Coldplay	Coldplay	Q84	London	London	Coldplay was founded in London .	Coldplay osnovana je u London.	Coldplay osnovana je u 	 Coldplay je osnovan u Londonu.	Coldplay je osnovan u Londonu.	 Coldplay je osnovan u 	Londonu	Coldplay je osnovan u 	Londonu	London
Q334648	Roxy Music	Roxy Music	Q84	London	London	Roxy Music was founded in London .	Roxy Music osnovana je u London.	Roxy Music osnovana je u 	 Roxy Music osnovan je u Londonu.	Roxy Music je osnovan u Londonu.	 Roxy Music osnovan je u 	Londonu	Roxy Music je osnovan u 	Londonu	London
Q623921	Drowning Pool	Drowning Pool	Q16557	Dallas	Dallas, Teksas	Drowning Pool was founded in Dallas .	Drowning Pool osnovana je u Dallas, Teksas.	Drowning Pool osnovana je u 	 Drowning Pool osnovan je u Dallasu.	Drowning Pool je osnovan u Dallasu, Teksas.	ERROR	ERROR	Drowning Pool je osnovan u 	Dallasu, Teksas	Dallas
Q170599	Arctic Monkeys	Arctic Monkeys	Q42448	Sheffield	Sheffield	Arctic Monkeys was founded in Sheffield .	Arctic Monkeys osnovana je u Sheffield.	Arctic Monkeys osnovana je u 	 Arctic Monkeys osnovan je u Sheffieldu.	Arctic Monkeys je osnovan u Sheffieldu.	 Arctic Monkeys osnovan je u 	Sheffieldu	Arctic Monkeys je osnovan u 	Sheffieldu	Sheffield
Q184697	Gloria Estefan	Gloria Estefan	Q8652	Miami	Miami, Florida	Gloria Estefan was founded in Miami .	Gloria Estefan osnovana je u Miami, Florida.	Gloria Estefan osnovana je u 	 Gloria Estefan osnovana je u Miamiju.	Gloria Estefan je osnovana u Miamiju, Florida.	ERROR	ERROR	ERROR	ERROR	Miami
Q944379	Kataklysm	Kataklysm	Q340	Montreal	Montréal	Kataklysm was founded in Montreal .	Kataklysm osnovana je u Montréal.	Kataklysm osnovana je u 	Kataklysm je osnovan u Montrealu.	Kataklysm je osnovan u Montrealu.	Kataklysm je osnovan u 	Montrealu	Kataklysm je osnovan u 	Montrealu	Montreal
Q81230	Siemens	Siemens AG	Q64	Berlin	Berlin	Siemens was founded in Berlin .	Siemens AG osnovana je u Berlin.	Siemens AG osnovana je u 	 Siemens je osnovan u Berlinu.	Siemens AG je osnovan u Berlinu.	 Siemens je osnovan u 	Berlinu	Siemens AG je osnovan u 	Berlinu	Berlin
Q295919	Sam Cooke	Sam Cooke	Q1297	Chicago	Chicago	Sam Cooke was founded in Chicago .	Sam Cooke osnovana je u Chicago.	Sam Cooke osnovana je u 	 Sam Cooke osnovan je u Chicagu.	Sam Cooke je osnovan u Chicagu.	 Sam Cooke osnovan je u 	Chicagu	Sam Cooke je osnovan u 	Chicagu	Chicago
Q81307	Greenpeace	Greenpeace	Q24639	Vancouver	Vancouver	Greenpeace was founded in Vancouver .	Greenpeace osnovana je u Vancouver.	Greenpeace osnovana je u 	 Greenpeace je osnovan u Vancouveru.	Greenpeace je osnovan u Vancouveru.	 Greenpeace je osnovan u 	Vancouveru	Greenpeace je osnovan u 	Vancouveru	Vancouver|||Vankuver
Q18557	Opeth	Opeth	Q34	Sweden	Švedska	Opeth was founded in Sweden .	Opeth osnovana je u Švedska.	Opeth osnovana je u 	 Opeth je osnovan u Švedskoj.	Opeth je osnovan u Švedskoj.	 Opeth je osnovan u 	Švedskoj	Opeth je osnovan u 	Švedskoj	Sweden|||Kraljevina Švedska
Q29852	Itala	Itala	Q495	Turin	Torino	Itala was founded in Turin .	Itala osnovana je u Torino.	Itala osnovana je u 	 Itala je osnovana u Torinu.	Itala je osnovana u Torinu.	 Itala je osnovana u 	Torinu	Itala je osnovana u 	Torinu	Turin
Q605901	Swedish East India Company	Švedska Istočnoindijska kompanija	Q25287	Gothenburg	Göteborg	Swedish East India Company was founded in Gothenburg .	Švedska Istočnoindijska kompanija osnovana je u Göteborg.	Švedska Istočnoindijska kompanija osnovana je u 	 U Göteborgu je osnovana Švedska istočnoindijska kompanija.	Švedska Istočnoindijska kompanija je osnovana u Göteborgu.	 U 	Göteborgu	Švedska Istočnoindijska kompanija je osnovana u 	Göteborgu	Gothenburg|||Goteborg|||Gothenburg
Q253414	FIFA	FIFA	Q90	Paris	Pariz	FIFA was founded in Paris .	FIFA osnovana je u Pariz.	FIFA osnovana je u 	 FIFA je osnovana u Parizu.	FIFA je osnovana u Parizu.	 FIFA je osnovana u 	Parizu	FIFA je osnovana u 	Parizu	Paris|||Paris
Q1636188	Organized Noize	Organized Noize	Q23556	Atlanta	Atlanta	Organized Noize was founded in Atlanta .	Organized Noize osnovana je u Atlanta.	Organized Noize osnovana je u 	 Organized Noize osnovan je u Atlanti.	Organized Noize je osnovan u Atlanti.	 Organized Noize osnovan je u 	Atlanti	Organized Noize je osnovan u 	Atlanti	Atlanta
Q183412	EMI	EMI	Q84	London	London	EMI was founded in London .	EMI osnovana je u London.	EMI osnovana je u 	 EMI je osnovan u Londonu.	EMI je osnovan u Londonu.	 EMI je osnovan u 	Londonu	EMI je osnovan u 	Londonu	London
Q931544	Half Japanese	Half Japanese	Q1391	Maryland	Maryland	Half Japanese was founded in Maryland .	Half Japanese osnovana je u Maryland.	Half Japanese osnovana je u 	 Tvrtka Half Japanese osnovana je u Marylandu.	Half Japanese je osnovan u Marylandu.	 Tvrtka Half Japanese osnovana je u 	Marylandu	Half Japanese je osnovan u 	Marylandu	Maryland
Q282925	The Hollies	The Hollies	Q18125	Manchester	Manchester	The Hollies was founded in Manchester .	The Hollies osnovana je u Manchester.	The Hollies osnovana je u 	 Grupa Hollies osnovana je u Manchesteru.	The Hollies je osnovan u Manchesteru.	 Grupa Hollies osnovana je u 	Manchesteru	The Hollies je osnovan u 	Manchesteru	Manchester
Q963303	Union of Lublin	Lublinska unija	Q37333	Lublin	Lublin	Union of Lublin was founded in Lublin .	Lublinska unija osnovana je u Lublin.	Lublinska unija osnovana je u 	 U Lublinu je osnovana Lublinska unija.	Lublinska unija je osnovana u Lublinu.	 U 	Lublinu	Lublinska unija je osnovana u 	Lublinu	Lublin
Q464097	Lhasa de Sela	Lhasa de Sela	Q96	Mexico	Meksiko	Lhasa de Sela was founded in Mexico .	Lhasa de Sela osnovana je u Meksiko.	Lhasa de Sela osnovana je u 	 Lhasa de Sela osnovana je u Meksiku.	Lhasa de Sela je osnovana u Meksiku.	 Lhasa de Sela osnovana je u 	Meksiku	Lhasa de Sela je osnovana u 	Meksiku	Mexico
Q4356488	Ultrabeat	Ultrabeat	Q24826	Liverpool	Liverpool	Ultrabeat was founded in Liverpool .	Ultrabeat osnovana je u Liverpool.	Ultrabeat osnovana je u 	 Ultrabeat je osnovan u Liverpoolu.	Ultrabeat je osnovan u Liverpoolu.	 Ultrabeat je osnovan u 	Liverpoolu	Ultrabeat je osnovan u 	Liverpoolu	Liverpool
Q58381	Duran Duran	Duran Duran	Q2256	Birmingham	Birmingham	Duran Duran was founded in Birmingham .	Duran Duran osnovana je u Birmingham.	Duran Duran osnovana je u 	 Duran Duran je osnovan u Birminghamu.	Duran Duran je osnovan u Birminghamu.	 Duran Duran je osnovan u 	Birminghamu	Duran Duran je osnovan u 	Birminghamu	Birmingham
Q154815	Billy Talent	Billy Talent	Q16	Canada	Kanada	Billy Talent was founded in Canada .	Billy Talent osnovana je u Kanada.	Billy Talent osnovana je u 	 Billy Talent osnovan je u Kanadi.	Billy Talent je osnovan u Kanadi.	 Billy Talent osnovan je u 	Kanadi	Billy Talent je osnovan u 	Kanadi	Canada
Q194393	SK Slavia Prague	Slavia Prag	Q1085	Prague	Prag	SK Slavia Prague was founded in Prague .	Slavia Prag osnovana je u Prag.	Slavia Prag osnovana je u 	 SK Slavia Prag osnovan je u Pragu.	Slavia Prag je osnovan u Pragu.	 SK Slavia Prag osnovan je u 	Pragu	Slavia Prag je osnovan u 	Pragu	Prague
Q504998	LVMH	Moët Hennessy Louis Vuitton	Q90	Paris	Pariz	LVMH was founded in Paris .	Moët Hennessy Louis Vuitton osnovana je u Pariz.	Moët Hennessy Louis Vuitton osnovana je u 	 LVMH je osnovan u Parizu.	Moët Hennessy Louis Vuitton je osnovan u Parizu.	 LVMH je osnovan u 	Parizu	Moët Hennessy Louis Vuitton je osnovan u 	Parizu	Paris|||Paris
Q703617	Die Apokalyptischen Reiter	Die Apokalyptischen Reiter	Q3955	Weimar	Weimar	Die Apokalyptischen Reiter was founded in Weimar .	Die Apokalyptischen Reiter osnovana je u Weimar.	Die Apokalyptischen Reiter osnovana je u 	 Die Apokalyptischen Reiter osnovan je u Weimaru.	Die Apokalyptischen Reiter je osnovan u Weimaru.	 Die Apokalyptischen Reiter osnovan je u 	Weimaru	Die Apokalyptischen Reiter je osnovan u 	Weimaru	Weimar
Q498448	Finntroll	Finntroll	Q1757	Helsinki	Helsinki	Finntroll was founded in Helsinki .	Finntroll osnovana je u Helsinki.	Finntroll osnovana je u 	 Finntroll je osnovan u Helsinkiju.	Finntroll je osnovan u Helsinkiju.	 Finntroll je osnovan u 	Helsinkiju	Finntroll je osnovan u 	Helsinkiju	Helsinki
Q12009	Ell & Nikki	Eldar & Nigar	Q9248	Baku	Baku	Ell & Nikki was founded in Baku .	Eldar & Nigar osnovana je u Baku.	Eldar & Nigar osnovana je u 	 Ell & Nikki osnovan je u Bakuu.	Eldar & Nigar su osnovani u Bakuu.	ERROR	ERROR	ERROR	ERROR	Baku
Q158895	Helloween	Helloween	Q1055	Hamburg	Hamburg	Helloween was founded in Hamburg .	Helloween osnovana je u Hamburg.	Helloween osnovana je u 	 Helloween je osnovan u Hamburgu.	Helloween je osnovan u Hamburgu.	 Helloween je osnovan u 	Hamburgu	Helloween je osnovan u 	Hamburgu	Hamburg|||Slobodni i hanzeatski grad Hamburg|||Freie und Hansestadt Hamburg|||Hansestadt Hamburg
Q171240	London Stock Exchange	London Stock Exchange	Q84	London	London	London Stock Exchange was founded in London .	London Stock Exchange osnovana je u London.	London Stock Exchange osnovana je u 	Londonska burza osnovana je u Londonu.	London Stock Exchange je osnovan u Londonu.	Londonska burza osnovana je u 	Londonu	London Stock Exchange je osnovan u 	Londonu	London
Q115095	Institut de Droit International	Institut za međunarodno pravo	Q1296	Ghent	Gent	Institut de Droit International was founded in Ghent .	Institut za međunarodno pravo osnovana je u Gent.	Institut za međunarodno pravo osnovana je u 	 U Gentu je osnovan Institut za međunarodno pravo.	Institut za međunarodno pravo je osnovan u Gentu.	 U 	Gentu	Institut za međunarodno pravo je osnovan u 	Gentu	Ghent
Q1236967	Ex Deo	Ex Deo	Q340	Montreal	Montréal	Ex Deo was founded in Montreal .	Ex Deo osnovana je u Montréal.	Ex Deo osnovana je u 	 Ex Deo je osnovan u Montrealu.	Ex Deo je osnovan u Montrealu.	 Ex Deo je osnovan u 	Montrealu	Ex Deo je osnovan u 	Montrealu	Montreal
Q29606	The Stone Roses	The Stone Roses	Q18125	Manchester	Manchester	The Stone Roses was founded in Manchester .	The Stone Roses osnovana je u Manchester.	The Stone Roses osnovana je u 	 The Stone Roses osnovan je u Manchesteru.	The Stone Roses je osnovan u Manchesteru.	 The Stone Roses osnovan je u 	Manchesteru	The Stone Roses je osnovan u 	Manchesteru	Manchester
Q623459	Silicon Graphics	Silicon Graphics	Q99	California	Kalifornija	Silicon Graphics was founded in California .	Silicon Graphics osnovana je u Kalifornija.	Silicon Graphics osnovana je u 	 Silicon Graphics je osnovan u Kaliforniji.	Silicon Graphics je osnovan u Kaliforniji.	 Silicon Graphics je osnovan u 	Kaliforniji	Silicon Graphics je osnovan u 	Kaliforniji	California|||CA|||The Golden State|||California
Q151843	Frankfurt School	Frankfurtska škola	Q1794	Frankfurt am Main	Frankfurt na Majni	Frankfurt School was founded in Frankfurt am Main .	Frankfurtska škola osnovana je u Frankfurt na Majni.	Frankfurtska škola osnovana je u 	 Frankfurtska škola osnovana je u Frankfurtu na Majni.	Frankfurtska škola je osnovana u Frankfurtu na Majni.	 Frankfurtska škola osnovana je u 	Frankfurtu na Majni	Frankfurtska škola je osnovana u 	Frankfurtu na Majni	Frankfurt
Q872181	scouting	Izviđači	Q21	England	Engleska	scouting was founded in England .	Izviđači osnovana je u Engleska.	Izviđači osnovana je u 	 Izviđaštvo je osnovano u Engleskoj.	Izviđači su osnovani u Engleskoj.	 Izviđaštvo je osnovano u 	Engleskoj	Izviđači su osnovani u 	Engleskoj	England|||ENG
Q218178	Ensiferum	Ensiferum	Q1757	Helsinki	Helsinki	Ensiferum was founded in Helsinki .	Ensiferum osnovana je u Helsinki.	Ensiferum osnovana je u 	 Ensiferum je osnovan u Helsinkiju.	Ensiferum je osnovan u Helsinkiju.	 Ensiferum je osnovan u 	Helsinkiju	Ensiferum je osnovan u 	Helsinkiju	Helsinki
Q193697	Sugababes	Sugababes	Q84	London	London	Sugababes was founded in London .	Sugababes osnovana je u London.	Sugababes osnovana je u 	 Sugababes je osnovan u Londonu.	Sugababes je osnovan u Londonu.	 Sugababes je osnovan u 	Londonu	Sugababes je osnovan u 	Londonu	London
Q857965	Alien Ant Farm	Alien Ant Farm	Q49243	Riverside	Riverside, Kalifornija	Alien Ant Farm was founded in Riverside .	Alien Ant Farm osnovana je u Riverside, Kalifornija.	Alien Ant Farm osnovana je u 	 U Riversideu je osnovana Alien Ant Farm.	Alien Ant Farm je osnovana u Riversideu, Kalifornija.	ERROR	ERROR	Alien Ant Farm je osnovana u 	Riversideu, Kalifornija	Riverside
Q1129658	Cool & Dre	Cool & Dre	Q8652	Miami	Miami, Florida	Cool & Dre was founded in Miami .	Cool & Dre osnovana je u Miami, Florida.	Cool & Dre osnovana je u 	 Cool & Dre osnovan je u Miamiju.	Cool & Dre je osnovan u Miamiju, Florida.	ERROR	ERROR	ERROR	ERROR	Miami
Q1180767	Deacon Blue	Deacon Blue	Q4093	Glasgow	Glasgow	Deacon Blue was founded in Glasgow .	Deacon Blue osnovana je u Glasgow.	Deacon Blue osnovana je u 	 Deacon Blue osnovan je u Glasgowu.	Deacon Blue je osnovan u Glasgowu.	 Deacon Blue osnovan je u 	Glasgowu	Deacon Blue je osnovan u 	Glasgowu	Glasgow
Q182890	Def Leppard	Def Leppard	Q42448	Sheffield	Sheffield	Def Leppard was founded in Sheffield .	Def Leppard osnovana je u Sheffield.	Def Leppard osnovana je u 	 Def Leppard je osnovan u Sheffieldu.	Def Leppard je osnovan u Sheffieldu.	 Def Leppard je osnovan u 	Sheffieldu	Def Leppard je osnovan u 	Sheffieldu	Sheffield
Q133405	Bee Gees	The Bee Gees	Q18125	Manchester	Manchester	Bee Gees was founded in Manchester .	The Bee Gees osnovana je u Manchester.	The Bee Gees osnovana je u 	 Bee Gees je osnovan u Manchesteru.	Bee Gees je osnovan u Manchesteru.	 Bee Gees je osnovan u 	Manchesteru	Bee Gees je osnovan u 	Manchesteru	Manchester
Q1218180	Nikon	Nikon	Q1490	Tokyo	Tokio	Nikon was founded in Tokyo .	Nikon osnovana je u Tokio.	Nikon osnovana je u 	 Nikon je osnovan u Tokiju.	Nikon je osnovan u Tokiju.	 Nikon je osnovan u 	Tokiju	Nikon je osnovan u 	Tokiju	Tokyo
Q1091077	The Rockin' Vickers	The Rockin' Vickers	Q170377	Blackpool	Blackpool	The Rockin' Vickers was founded in Blackpool .	The Rockin' Vickers osnovana je u Blackpool.	The Rockin' Vickers osnovana je u 	 Rockin' Vickers osnovan je u Blackpoolu.	The Rockin' Vickers je osnovan u Blackpoolu.	 Rockin' Vickers osnovan je u 	Blackpoolu	The Rockin' Vickers je osnovan u 	Blackpoolu	Blackpool
Q141336	Mosfilm	Mosfilm	Q649	Moscow	Moskva	Mosfilm was founded in Moscow .	Mosfilm osnovana je u Moskva.	Mosfilm osnovana je u 	 Mosfilm je osnovan u Moskvi.	Mosfilm je osnovan u Moskvi.	 Mosfilm je osnovan u 	Moskvi	Mosfilm je osnovan u 	Moskvi	Moscow
Q877512	Hot Chip	Hot Chip	Q84	London	London	Hot Chip was founded in London .	Hot Chip osnovana je u London.	Hot Chip osnovana je u 	 Hot Chip je osnovan u Londonu.	Hot Chip je osnovan u Londonu.	 Hot Chip je osnovan u 	Londonu	Hot Chip je osnovan u 	Londonu	London
Q66	Boeing	Boeing	Q5083	Seattle	Seattle	Boeing was founded in Seattle .	Boeing osnovana je u Seattle.	Boeing osnovana je u 	 Boeing je osnovan u Seattleu.	Boeing je osnovan u Seattleu.	 Boeing je osnovan u 	Seattleu	Boeing je osnovan u 	Seattleu	Seattle
Q46573	Lacuna Coil	Lacuna Coil	Q490	Milan	Milano	Lacuna Coil was founded in Milan .	Lacuna Coil osnovana je u Milano.	Lacuna Coil osnovana je u 	 Lacuna Coil je osnovan u Milanu.	Lacuna Coil je osnovan u Milanu.	 Lacuna Coil je osnovan u 	Milanu	Lacuna Coil je osnovan u 	Milanu	Milan
Q254371	Papa Roach	Papa Roach	Q99	California	Kalifornija	Papa Roach was founded in California .	Papa Roach osnovana je u Kalifornija.	Papa Roach osnovana je u 	 Papa Roach je osnovan u Kaliforniji.	Papa Roach je osnovan u Kaliforniji.	 Papa Roach je osnovan u 	Kaliforniji	Papa Roach je osnovan u 	Kaliforniji	California|||CA|||The Golden State|||California
Q172740	Cosworth	Cosworth	Q84	London	London	Cosworth was founded in London .	Cosworth osnovana je u London.	Cosworth osnovana je u 	 Cosworth je osnovan u Londonu.	Cosworth je osnovan u Londonu.	 Cosworth je osnovan u 	Londonu	Cosworth je osnovan u 	Londonu	London
Q23471	Lordi	Lordi	Q1757	Helsinki	Helsinki	Lordi was founded in Helsinki .	Lordi osnovana je u Helsinki.	Lordi osnovana je u 	 Lordi je osnovan u Helsinkiju.	Lordi je osnovan u Helsinkiju.	 Lordi je osnovan u 	Helsinkiju	Lordi je osnovan u 	Helsinkiju	Helsinki
Q478629	The Dubliners	The Dubliners	Q1761	Dublin	Dublin	The Dubliners was founded in Dublin .	The Dubliners osnovana je u Dublin.	The Dubliners osnovana je u 	Dubliners je osnovan u Dublinu.	The Dubliners je osnovan u Dublinu.	Dubliners je osnovan u 	Dublinu	The Dubliners je osnovan u 	Dublinu	Dublin
Q389870	Lady A	Lady A	Q23197	Nashville	Nashville, Tennessee	Lady A was founded in Nashville .	Lady A osnovana je u Nashville, Tennessee.	Lady A osnovana je u 	 Lady A osnovana je u Nashvilleu.	Lady A je osnovan u Nashvilleu, Tennessee.	ERROR	ERROR	Lady A je osnovan u 	Nashvilleu, Tennessee	Nashville
Q177054	Burger King	Burger King	Q8652	Miami	Miami, Florida	Burger King was founded in Miami .	Burger King osnovana je u Miami, Florida.	Burger King osnovana je u 	 Burger King je osnovan u Miamiju.	Burger King je osnovan u Miamiju, Florida.	ERROR	ERROR	ERROR	ERROR	Miami
Q594855	Sunn O)))	Sunn O)))	Q5083	Seattle	Seattle	Sunn O))) was founded in Seattle .	Sunn O))) osnovana je u Seattle.	Sunn O))) osnovana je u 	 Sunn O))) osnovan je u Seattleu.	Sunn O))) je osnovan u Seattleu.	 Sunn O))) osnovan je u 	Seattleu	Sunn O))) je osnovan u 	Seattleu	Seattle
Q714491	Marks & Spencer	Marks & Spencer	Q39121	Leeds	Leeds	Marks & Spencer was founded in Leeds .	Marks & Spencer osnovana je u Leeds.	Marks & Spencer osnovana je u 	 Marks & Spencer osnovan je u Leedsu.	Marks & Spencer je osnovan u Leedsu.	 Marks & Spencer osnovan je u 	Leedsu	Marks & Spencer je osnovan u 	Leedsu	Leeds
Q25177	Rammstein	Rammstein	Q64	Berlin	Berlin	Rammstein was founded in Berlin .	Rammstein osnovana je u Berlin.	Rammstein osnovana je u 	 Rammstein je osnovan u Berlinu.	Rammstein je osnovan u Berlinu.	 Rammstein je osnovan u 	Berlinu	Rammstein je osnovan u 	Berlinu	Berlin
Q893858	Borknagar	Borknagar	Q26793	Bergen	Bergen	Borknagar was founded in Bergen .	Borknagar osnovana je u Bergen.	Borknagar osnovana je u 	 Borknagar je osnovan u Bergenu.	Borknagar je osnovan u Bergenu.	 Borknagar je osnovan u 	Bergenu	Borknagar je osnovan u 	Bergenu	Bergen
