sub_uri	en_sub_label	sub_label	obj_uri	en_obj_label	obj_label	en_template	template	template_prompt	gt_translation	chatgpt_translation	gt_prompt	gt_infl_object	chatgpt_prompt	chatgpt_infl_object	aliases
Q19837	Steve Jobs	Стив Джобс	Q312	Apple Inc.	Apple	Steve Jobs works for Apple Inc. .	Стив Джобс работает на Apple.	Стив Джобс работает на 	 Стив Джобс работает в Apple Inc.	Стив Джобс работает в Apple.	 Стив Джобс работает в 	Apple	Стив Джобс работает в 	Apple	Apple|||Apple Incorporation|||Apple Computer|||Apple Computer Company|||Фирма Apple|||Apple Computers|||Apple Inc|||Эппл|||Apple, Inc.|||Apple Computer Inc.|||Яблочники
Q483382	Steve Wozniak	Стив Возняк	Q312	Apple Inc.	Apple	Steve Wozniak works for Apple Inc. .	Стив Возняк работает на Apple.	Стив Возняк работает на 	 Стив Возняк работает в Apple Inc.	Стив Возняк работает в Apple.	 Стив Возняк работает в 	Apple	Стив Возняк работает в 	Apple	Apple|||Apple Incorporation|||Apple Computer|||Apple Computer Company|||Фирма Apple|||Apple Computers|||Apple Inc|||Эппл|||Apple, Inc.|||Apple Computer Inc.|||Яблочники
Q162005	Paul G. Allen	Пол Аллен	Q2283	Microsoft	Майкрософт	Paul G. Allen works for Microsoft .	Пол Аллен работает на Майкрософт.	Пол Аллен работает на 	 Пол Г. Аллен работает в Microsoft.	Пол Аллен работает в Майкрософт.	 Пол Г. Аллен работает в 	Microsoft	Пол Аллен работает в 	Майкрософт	Microsoft|||Микрософт|||Microsoft
Q7426870	Satya Nadella	Наделла, Сатья	Q2283	Microsoft	Майкрософт	Satya Nadella works for Microsoft .	Наделла, Сатья работает на Майкрософт.	Наделла, Сатья работает на 	 Сатья Наделла работает в Microsoft.	Наделла, Сатья работает в Майкрософт.	 Сатья Наделла работает в 	Microsoft	Наделла, Сатья работает в 	Майкрософт	Microsoft|||Микрософт|||Microsoft
Q1942003	Jeremy Paxman	Джереми Пэксман	Q9531	British Broadcasting Corporation	Би-би-си	Jeremy Paxman works for British Broadcasting Corporation .	Джереми Пэксман работает на Би-би-си.	Джереми Пэксман работает на 	 Джереми Паксман работает в Британской вещательной корпорации.	Джереми Пэксман работает в Би-би-си.	ERROR	ERROR	Джереми Пэксман работает в 	Би-би-си	BBC
Q92803	Grady Booch	Гради Буч	Q37156	IBM	IBM	Grady Booch works for IBM .	Гради Буч работает на IBM.	Гради Буч работает на 	 Грейди Буч работает в IBM.	Гради Буч работает в IBM.	 Грейди Буч работает в 	IBM	Гради Буч работает в 	IBM	IBM|||Big Blue|||Ай-би-эм
Q62164	Horst Feistel	Фейстель, Хорст	Q37156	IBM	IBM	Horst Feistel works for IBM .	Фейстель, Хорст работает на IBM.	Фейстель, Хорст работает на 	 Хорст Фейстель работает в IBM.	Фейстель, Хорст работает в IBM.	 Хорст Фейстель работает в 	IBM	Фейстель, Хорст работает в 	IBM	IBM|||Big Blue|||Ай-би-эм
Q712551	Philip Don Estridge	Эстридж, Филипп	Q37156	IBM	IBM	Philip Don Estridge works for IBM .	Эстридж, Филипп работает на IBM.	Эстридж, Филипп работает на 	 Филип Дон Эстридж работает в IBM.	Эстридж, Филипп работает в IBM.	 Филип Дон Эстридж работает в 	IBM	Эстридж, Филипп работает в 	IBM	IBM|||Big Blue|||Ай-би-эм
Q5284	Bill Gates	Билл Гейтс	Q2283	Microsoft	Майкрософт	Bill Gates works for Microsoft .	Билл Гейтс работает на Майкрософт.	Билл Гейтс работает на 	 Билл Гейтс работает в Microsoft.	Билл Гейтс работает в Майкрософт.	 Билл Гейтс работает в 	Microsoft	Билл Гейтс работает в 	Майкрософт	Microsoft|||Микрософт|||Microsoft
Q181162	Steve Ballmer	Стив Балмер	Q2283	Microsoft	Майкрософт	Steve Ballmer works for Microsoft .	Стив Балмер работает на Майкрософт.	Стив Балмер работает на 	 Стив Балмер работает в Microsoft.	Стив Балмер работает в Майкрософт.	 Стив Балмер работает в 	Microsoft	Стив Балмер работает в 	Майкрософт	Microsoft|||Микрософт|||Microsoft
Q317320	Abdul Karim	Абдул Карим	Q9439	Queen Victoria	Виктория	Abdul Karim works for Queen Victoria .	Абдул Карим работает на Виктория.	Абдул Карим работает на 	 Абдул Карим работает на королеву Викторию.	Абдул Карим работает у Виктории.	 Абдул Карим работает на королеву 	Викторию	Абдул Карим работает у 	Виктории	Victoria|||Виктория, Александрина Виктория
Q248747	Jonathan King	Джонатан Кинг	Q9531	British Broadcasting Corporation	Би-би-си	Jonathan King works for British Broadcasting Corporation .	Джонатан Кинг работает на Би-би-си.	Джонатан Кинг работает на 	 Джонатан Кинг работает в Британской вещательной корпорации.	Джонатан Кинг работает в Би-би-си.	ERROR	ERROR	Джонатан Кинг работает в 	Би-би-си	BBC
Q14086	Marissa Mayer	Марисса Майер	Q95	Google	Google	Marissa Mayer works for Google .	Марисса Майер работает на Google.	Марисса Майер работает на 	 Марисса Майер работает в Google.	Марисса Майер работает в Google.	 Марисса Майер работает в 	Google	Марисса Майер работает в 	Google	Google|||Гугл|||Google LLC|||Google Inc.
Q15516663	Jeff Fager	Джефф Фагер	Q43380	CBS	CBS	Jeff Fager works for CBS .	Джефф Фагер работает на CBS.	Джефф Фагер работает на 	 Джефф Фейгер работает на CBS.	Джефф Фагер работает в CBS.	 Джефф Фейгер работает на 	CBS	Джефф Фагер работает в 	CBS	CBS|||Columbia Broadcasting System
Q983111	Stephen Elop	Стивен Элоп	Q2283	Microsoft	Майкрософт	Stephen Elop works for Microsoft .	Стивен Элоп работает на Майкрософт.	Стивен Элоп работает на 	 Стивен Элоп работает в Microsoft.	Стивен Элоп работает в Майкрософт.	 Стивен Элоп работает в 	Microsoft	Стивен Элоп работает в 	Майкрософт	Microsoft|||Микрософт|||Microsoft
Q337024	John Sculley	Скалли, Джон	Q312	Apple Inc.	Apple	John Sculley works for Apple Inc. .	Скалли, Джон работает на Apple.	Скалли, Джон работает на 	 Джон Скалли работает в Apple Inc.	Скалли, Джон работает в Apple.	 Джон Скалли работает в 	Apple	Скалли, Джон работает в 	Apple	Apple|||Apple Incorporation|||Apple Computer|||Apple Computer Company|||Фирма Apple|||Apple Computers|||Apple Inc|||Эппл|||Apple, Inc.|||Apple Computer Inc.|||Яблочники
Q659176	Phil Schiller	Шиллер, Филипп	Q312	Apple Inc.	Apple	Phil Schiller works for Apple Inc. .	Шиллер, Филипп работает на Apple.	Шиллер, Филипп работает на 	 Фил Шиллер работает в Apple Inc.	Шиллер, Филипп работает в Apple.	 Фил Шиллер работает в 	Apple	Шиллер, Филипп работает в 	Apple	Apple|||Apple Incorporation|||Apple Computer|||Apple Computer Company|||Фирма Apple|||Apple Computers|||Apple Inc|||Эппл|||Apple, Inc.|||Apple Computer Inc.|||Яблочники
Q76766	Gerd Binnig	Герд Карл Бинниг	Q37156	IBM	IBM	Gerd Binnig works for IBM .	Герд Карл Бинниг работает на IBM.	Герд Карл Бинниг работает на 	 Герд Бинниг работает в IBM.	Герд Карл Бинниг работает в IBM.	 Герд Бинниг работает в 	IBM	Герд Карл Бинниг работает в 	IBM	IBM|||Big Blue|||Ай-би-эм
Q123029	Heinrich Rohrer	Генрих Рорер	Q37156	IBM	IBM	Heinrich Rohrer works for IBM .	Генрих Рорер работает на IBM.	Генрих Рорер работает на 	 Генрих Рорер работает в IBM.	Генрих Рорер работает в IBM.	 Генрих Рорер работает в 	IBM	Генрих Рорер работает в 	IBM	IBM|||Big Blue|||Ай-би-эм
Q12572999	Brian Krzanich	Брайан Кржанич	Q248	Intel	Intel	Brian Krzanich works for Intel .	Брайан Кржанич работает на Intel.	Брайан Кржанич работает на 	 Брайан Кржанич работает в Intel.	Брайан Кржанич работает в Intel.	 Брайан Кржанич работает в 	Intel	Брайан Кржанич работает в 	Intel	Intel|||Интэл|||Интел
Q316013	Satoru Iwata	Ивата, Сатору	Q8093	Nintendo	Nintendo	Satoru Iwata works for Nintendo .	Ивата, Сатору работает на Nintendo.	Ивата, Сатору работает на 	 Сатору Ивата работает в Nintendo.	Ивата, Сатору работает в Nintendo.	 Сатору Ивата работает в 	Nintendo	Ивата, Сатору работает в 	Nintendo	Nintendo|||Nintendo Co.
Q561401	Spike Milligan	Миллиган, Спайк	Q9531	British Broadcasting Corporation	Би-би-си	Spike Milligan works for British Broadcasting Corporation .	Миллиган, Спайк работает на Би-би-си.	Миллиган, Спайк работает на 	 Спайк Миллиган работает в Британской вещательной корпорации.	Миллиган, Спайк работает в Би-би-си.	ERROR	ERROR	Миллиган, Спайк работает в 	Би-би-си	BBC
Q5220109	Danny Baker	Дэнни Бейкер	Q9531	British Broadcasting Corporation	Би-би-си	Danny Baker works for British Broadcasting Corporation .	Дэнни Бейкер работает на Би-би-си.	Дэнни Бейкер работает на 	Дэнни Бейкер работает в Британской вещательной корпорации.	Дэнни Бейкер работает в Би-би-си.	ERROR	ERROR	Дэнни Бейкер работает в 	Би-би-си	BBC
Q216160	Jeremy Clarkson	Кларксон, Джереми	Q9531	British Broadcasting Corporation	Би-би-си	Jeremy Clarkson works for British Broadcasting Corporation .	Кларксон, Джереми работает на Би-би-си.	Кларксон, Джереми работает на 	 Джереми Кларксон работает в Британской вещательной корпорации.	Кларксон, Джереми работает в Би-би-си.	ERROR	ERROR	Кларксон, Джереми работает в 	Би-би-си	BBC
Q7172689	Peter Barron	Питер Баррон	Q95	Google	Google	Peter Barron works for Google .	Питер Баррон работает на Google.	Питер Баррон работает на 	 Питер Баррон работает в Google.	Питер Баррон работает в Google.	 Питер Баррон работает в 	Google	Питер Баррон работает в 	Google	Google|||Гугл|||Google LLC|||Google Inc.
Q6318257	Justin Webb	Джастин Уэбб	Q9531	British Broadcasting Corporation	Би-би-си	Justin Webb works for British Broadcasting Corporation .	Джастин Уэбб работает на Би-би-си.	Джастин Уэбб работает на 	 Джастин Уэбб работает в Британской вещательной корпорации.	Джастин Уэбб работает в Би-би-си.	ERROR	ERROR	Джастин Уэбб работает в 	Би-би-си	BBC
Q6390839	Kenneth Wolstenholme	Кеннет Уолстенхолм	Q9531	British Broadcasting Corporation	Би-би-си	Kenneth Wolstenholme works for British Broadcasting Corporation .	Кеннет Уолстенхолм работает на Би-би-си.	Кеннет Уолстенхолм работает на 	 Кеннет Уолстенхолм работает в Британской вещательной корпорации.	Кеннет Уолстенхолм работает в Би-би-си.	ERROR	ERROR	Кеннет Уолстенхолм работает в 	Би-би-си	BBC
Q734264	Terry Wogan	Терри Воган	Q9531	British Broadcasting Corporation	Би-би-си	Terry Wogan works for British Broadcasting Corporation .	Терри Воган работает на Би-би-си.	Терри Воган работает на 	 Терри Воган работает в Британской вещательной корпорации.	Терри Воган работает в Би-би-си.	ERROR	ERROR	Терри Воган работает в 	Би-би-си	BBC
Q19276753	Leslie Megahey	Лесли Мегахи	Q9531	British Broadcasting Corporation	Би-би-си	Leslie Megahey works for British Broadcasting Corporation .	Лесли Мегахи работает на Би-би-си.	Лесли Мегахи работает на 	 Лесли Мегахи работает в Британской вещательной корпорации.	Лесли Мегахи работает в Би-би-си.	ERROR	ERROR	Лесли Мегахи работает в 	Би-би-си	BBC
Q2094347	Alistair Cooke	Алистер Кук	Q9531	British Broadcasting Corporation	Би-би-си	Alistair Cooke works for British Broadcasting Corporation .	Алистер Кук работает на Би-би-си.	Алистер Кук работает на 	 Алистер Кук работает в Британской вещательной корпорации.	Алистер Кук работает в Би-би-си.	ERROR	ERROR	Алистер Кук работает в 	Би-би-си	BBC
Q270648	P. D. James	Джеймс, Филлис Дороти	Q9531	British Broadcasting Corporation	Би-би-си	P. D. James works for British Broadcasting Corporation .	Джеймс, Филлис Дороти работает на Би-би-си.	Джеймс, Филлис Дороти работает на 	 Продюсер Джеймс работает в Британской вещательной корпорации.	Джеймс, Филлис Дороти работает в Би-би-си.	ERROR	ERROR	Джеймс, Филлис Дороти работает в 	Би-би-си	BBC
Q349069	Adam Curtis	Кёртис, Адам	Q9531	British Broadcasting Corporation	Би-би-си	Adam Curtis works for British Broadcasting Corporation .	Кёртис, Адам работает на Би-би-си.	Кёртис, Адам работает на 	 Адам Кертис работает в Британской вещательной корпорации.	Кёртис, Адам работает в Би-би-си.	ERROR	ERROR	Кёртис, Адам работает в 	Би-би-си	BBC
Q55238	Ken Loach	Кен Лоуч	Q9531	British Broadcasting Corporation	Би-би-си	Ken Loach works for British Broadcasting Corporation .	Кен Лоуч работает на Би-би-си.	Кен Лоуч работает на 	 Кен Лоуч работает в Британской вещательной корпорации.	Кен Лоуч работает в Би-би-си.	ERROR	ERROR	Кен Лоуч работает в 	Би-би-си	BBC
Q7519325	Simon McCoy	Саймон МакКой	Q9531	British Broadcasting Corporation	Би-би-си	Simon McCoy works for British Broadcasting Corporation .	Саймон МакКой работает на Би-би-си.	Саймон МакКой работает на 	 Саймон Маккой работает в Британской вещательной корпорации.	Саймон МакКой работает в Би-би-си.	ERROR	ERROR	Саймон МакКой работает в 	Би-би-си	BBC
Q49819	Charles Simonyi	Чарльз Симони	Q2283	Microsoft	Майкрософт	Charles Simonyi works for Microsoft .	Чарльз Симони работает на Майкрософт.	Чарльз Симони работает на 	 Чарльз Симони работает в Microsoft.	Чарльз Симони работает в Майкрософт.	 Чарльз Симони работает в 	Microsoft	Чарльз Симони работает в 	Майкрософт	Microsoft|||Микрософт|||Microsoft
Q182408	Glenda Jackson	Гленда Джексон	Q9531	British Broadcasting Corporation	Би-би-си	Glenda Jackson works for British Broadcasting Corporation .	Гленда Джексон работает на Би-би-си.	Гленда Джексон работает на 	 Гленда Джексон работает в Британской вещательной корпорации.	Гленда Джексон работает в Би-би-си.	ERROR	ERROR	Гленда Джексон работает в 	Би-би-си	BBC
Q380865	David Frost	Фрост, Дэвид	Q9531	British Broadcasting Corporation	Би-би-си	David Frost works for British Broadcasting Corporation .	Фрост, Дэвид работает на Би-би-си.	Фрост, Дэвид работает на 	 Дэвид Фрост работает в Британской вещательной корпорации.	Фрост, Дэвид работает в Би-би-си.	ERROR	ERROR	Фрост, Дэвид работает в 	Би-би-си	BBC
Q5623430	Gwen Ifill	Гвен Ифилл	Q215616	PBS	Public Broadcasting Service	Gwen Ifill works for PBS .	Гвен Ифилл работает на Public Broadcasting Service.	Гвен Ифилл работает на 	 Гвен Айфилл работает на PBS.	Гвен Ифилл работает в Public Broadcasting Service.	ERROR	ERROR	Гвен Ифилл работает в 	Public Broadcasting Service	PBS
Q2514	Willy Brandt	Вилли Брандт	Q64	Berlin	Берлин	Willy Brandt works for Berlin .	Вилли Брандт работает на Берлин.	Вилли Брандт работает на 	 Вилли Брандт работает в Берлине.	Вилли Брандт работает в Берлине.	 Вилли Брандт работает в 	Берлине	Вилли Брандт работает в 	Берлине	Berlin
Q14086	Marissa Mayer	Марисса Майер	Q37093	Yahoo	Yahoo!	Marissa Mayer works for Yahoo .	Марисса Майер работает на Yahoo!.	Марисса Майер работает на 	 Марисса Майер работает в Yahoo.	Марисса Майер работает в Yahoo!	ERROR	ERROR	Марисса Майер работает в 	Yahoo!	Yahoo!|||Yahoo.com
Q822377	Bernard Cribbins	Бернард Криббинс	Q9531	British Broadcasting Corporation	Би-би-си	Bernard Cribbins works for British Broadcasting Corporation .	Бернард Криббинс работает на Би-би-си.	Бернард Криббинс работает на 	Бернард Криббинс работает в Британской вещательной корпорации.	Бернард Криббинс работает в Би-би-си.	ERROR	ERROR	Бернард Криббинс работает в 	Би-би-си	BBC
Q110294	Jan Pieterszoon Sweelinck	Ян Питерсзон Свелинк	Q727	Amsterdam	Амстердам	Jan Pieterszoon Sweelinck works for Amsterdam .	Ян Питерсзон Свелинк работает на Амстердам.	Ян Питерсзон Свелинк работает на 	 Ян Питерсзон Свелинк работает в Амстердаме.	Ян Питерсзон Свелинк работает в Амстердаме.	 Ян Питерсзон Свелинк работает в 	Амстердаме	Ян Питерсзон Свелинк работает в 	Амстердаме	Amsterdam
Q1351469	Eric Maschwitz	Эрик Машвиц	Q9531	British Broadcasting Corporation	Би-би-си	Eric Maschwitz works for British Broadcasting Corporation .	Эрик Машвиц работает на Би-би-си.	Эрик Машвиц работает на 	 Эрик Машвиц работает в Британской вещательной корпорации.	Эрик Машвиц работает в Би-би-си.	ERROR	ERROR	Эрик Машвиц работает в 	Би-би-си	BBC
Q62890	Gene Amdahl	Джин Амдал	Q37156	IBM	IBM	Gene Amdahl works for IBM .	Джин Амдал работает на IBM.	Джин Амдал работает на 	 Джин Амдал работает в IBM.	Джин Амдал работает в IBM.	 Джин Амдал работает в 	IBM	Джин Амдал работает в 	IBM	IBM|||Big Blue|||Ай-би-эм
Q313908	Geert Hofstede	Хофстеде, Герт	Q37156	IBM	IBM	Geert Hofstede works for IBM .	Хофстеде, Герт работает на IBM.	Хофстеде, Герт работает на 	 Герт Хофстеде работает в IBM.	Хофстеде, Герт работает в IBM.	 Герт Хофстеде работает в 	IBM	Хофстеде, Герт работает в 	IBM	IBM|||Big Blue|||Ай-би-эм
Q628479	Terry Nation	Терри Нэйшн	Q9531	British Broadcasting Corporation	Би-би-си	Terry Nation works for British Broadcasting Corporation .	Терри Нэйшн работает на Би-би-си.	Терри Нэйшн работает на 	 Терри Нейшн работает в Британской вещательной корпорации.	Терри Нэйшн работает в Би-би-си.	ERROR	ERROR	Терри Нэйшн работает в 	Би-би-си	BBC
Q1975172	Rolf Harris	Харрис, Ролф	Q9531	British Broadcasting Corporation	Би-би-си	Rolf Harris works for British Broadcasting Corporation .	Харрис, Ролф работает на Би-би-си.	Харрис, Ролф работает на 	 Рольф Харрис работает в Британской вещательной корпорации.	Харрис, Ролф работает в Би-би-си.	ERROR	ERROR	Харрис, Ролф работает в 	Би-би-си	BBC
Q49971	Ginni Rometty	Вирджиния Рометти	Q37156	IBM	IBM	Ginni Rometty works for IBM .	Вирджиния Рометти работает на IBM.	Вирджиния Рометти работает на 	 Джинни Рометти работает в IBM.	Вирджиния Рометти работает в IBM.	 Джинни Рометти работает в 	IBM	Вирджиния Рометти работает в 	IBM	IBM|||Big Blue|||Ай-би-эм
Q14798562	Margarita Luti	Форнарина	Q5597	Raphael	Рафаэль Санти	Margarita Luti works for Raphael .	Форнарина работает на Рафаэль Санти.	Форнарина работает на 	 Маргарита Лути работает на Рафаэля.	Форнарина работает на Рафаэля Санти.	ERROR	ERROR	Форнарина работает на 	Рафаэля Санти	Raphael|||Санти, Рафаэль|||Raffaello Sanzio|||Рафаэль|||Санцио, Рафаэль|||Рафаэль Санцио
Q92875	Gordon Bell	Гордон Белл	Q2283	Microsoft	Майкрософт	Gordon Bell works for Microsoft .	Гордон Белл работает на Майкрософт.	Гордон Белл работает на 	 Гордон Белл работает в Microsoft.	Гордон Белл работает в Майкрософт.	 Гордон Белл работает в 	Microsoft	Гордон Белл работает в 	Майкрософт	Microsoft|||Микрософт|||Microsoft
Q1288608	William S. Paley	Уильям Пейли	Q43380	CBS	CBS	William S. Paley works for CBS .	Уильям Пейли работает на CBS.	Уильям Пейли работает на 	 Уильям С. Пейли работает на CBS.	Уильям Пейли работает в CBS.	 Уильям С. Пейли работает на 	CBS	Уильям Пейли работает в 	CBS	CBS|||Columbia Broadcasting System
Q92940	Tim Paterson	Тим Патерсон	Q2283	Microsoft	Майкрософт	Tim Paterson works for Microsoft .	Тим Патерсон работает на Майкрософт.	Тим Патерсон работает на 	 Тим Патерсон работает в Microsoft.	Тим Патерсон работает в Майкрософт.	 Тим Патерсон работает в 	Microsoft	Тим Патерсон работает в 	Майкрософт	Microsoft|||Микрософт|||Microsoft
Q173380	Adrian Newey	Ньюи, Эдриан	Q172030	McLaren	Макларен	Adrian Newey works for McLaren .	Ньюи, Эдриан работает на Макларен.	Ньюи, Эдриан работает на 	 Эдриан Ньюи работает в McLaren.	Ньюи, Эдриан работает в Макларен.	ERROR	ERROR	Ньюи, Эдриан работает в 	Макларен	McLaren|||West McLaren Mercedes|||McLaren Racing|||Team McLaren|||McLaren|||McLaren Mercedes|||Vodafone McLaren Mercedes
Q72790	Victoria Ocampo	Окампо, Виктория	Q2269998	Sur	Sur	Victoria Ocampo works for Sur .	Окампо, Виктория работает на Sur.	Окампо, Виктория работает на 	 Виктория Окампо работает в Sur.	Окампо, Виктория работает в Sur.	 Виктория Окампо работает в 	Sur	Окампо, Виктория работает в 	Sur	Sur
Q861110	Shane McMahon	Шэйн МакМахон	Q35339	WWE	WWE	Shane McMahon works for WWE .	Шэйн МакМахон работает на WWE.	Шэйн МакМахон работает на 	 Шейн МакМэн работает в WWE.	Шэйн МакМахон работает в WWE.	 Шейн МакМэн работает в 	WWE	Шэйн МакМахон работает в 	WWE	WWE|||WWF|||World Wrestling Entertainment|||World Wrestling Federation|||ВВЕ|||Дабл ю Дабл ю И|||ВВИ
Q325487	Mike Wallace	Уоллес, Майк	Q43380	CBS	CBS	Mike Wallace works for CBS .	Уоллес, Майк работает на CBS.	Уоллес, Майк работает на 	 Майк Уоллес работает на CBS.	Уоллес, Майк работает в CBS.	 Майк Уоллес работает на 	CBS	Уоллес, Майк работает в 	CBS	CBS|||Columbia Broadcasting System
Q4758108	Andrew Neil	Эндрю Нил	Q9531	British Broadcasting Corporation	Би-би-си	Andrew Neil works for British Broadcasting Corporation .	Эндрю Нил работает на Би-би-си.	Эндрю Нил работает на 	 Эндрю Нил работает в Британской вещательной корпорации.	Эндрю Нил работает в Би-би-си.	ERROR	ERROR	Эндрю Нил работает в 	Би-би-си	BBC
Q4304944	John Motson	Мотсон, Джон	Q9531	British Broadcasting Corporation	Би-би-си	John Motson works for British Broadcasting Corporation .	Мотсон, Джон работает на Би-би-си.	Мотсон, Джон работает на 	 Джон Мотсон работает в Британской вещательной корпорации.	Мотсон, Джон работает в Би-би-си.	ERROR	ERROR	Мотсон, Джон работает в 	Би-би-си	BBC
Q12382	Shigeru Miyamoto	Сигэру Миямото	Q8093	Nintendo	Nintendo	Shigeru Miyamoto works for Nintendo .	Сигэру Миямото работает на Nintendo.	Сигэру Миямото работает на 	 Сигэру Миямото работает в Nintendo.	Сигэру Миямото работает в Nintendo.	 Сигэру Миямото работает в 	Nintendo	Сигэру Миямото работает в 	Nintendo	Nintendo|||Nintendo Co.
Q44567	Triple H	Triple H	Q35339	WWE	WWE	Triple H works for WWE .	Triple H работает на WWE.	Triple H работает на 	 Трипл Эйч работает в WWE.	Трипл Эйч работает в WWE.	 Трипл Эйч работает в 	WWE	Трипл Эйч работает в 	WWE	WWE|||WWF|||World Wrestling Entertainment|||World Wrestling Federation|||ВВЕ|||Дабл ю Дабл ю И|||ВВИ
Q95452	Klaus Tschira	Клаус Чира	Q37156	IBM	IBM	Klaus Tschira works for IBM .	Клаус Чира работает на IBM.	Клаус Чира работает на 	 Клаус Чира работает в IBM.	Клаус Чира работает в IBM.	 Клаус Чира работает в 	IBM	Клаус Чира работает в 	IBM	IBM|||Big Blue|||Ай-би-эм
Q71074	Hasso Plattner	Хассо Платтнер	Q37156	IBM	IBM	Hasso Plattner works for IBM .	Хассо Платтнер работает на IBM.	Хассо Платтнер работает на 	 Хассо Платтнер работает в IBM.	Хассо Платтнер работает в IBM.	 Хассо Платтнер работает в 	IBM	Хассо Платтнер работает в 	IBM	IBM|||Big Blue|||Ай-би-эм
Q517733	Ted Lowe	Лоу, Тед	Q9531	British Broadcasting Corporation	Би-би-си	Ted Lowe works for British Broadcasting Corporation .	Лоу, Тед работает на Би-би-си.	Лоу, Тед работает на 	Тед Лоу работает в Британской вещательной корпорации.	Лоу, Тед работает в Би-би-си.	ERROR	ERROR	Лоу, Тед работает в 	Би-би-си	BBC
Q313697	Ross Perot	Перо, Росс	Q37156	IBM	IBM	Ross Perot works for IBM .	Перо, Росс работает на IBM.	Перо, Росс работает на 	 Росс Перо работает в IBM.	Перо, Росс работает в IBM.	 Росс Перо работает в 	IBM	Перо, Росс работает в 	IBM	IBM|||Big Blue|||Ай-би-эм
Q265852	Tim Cook	Тим Кук	Q312	Apple Inc.	Apple	Tim Cook works for Apple Inc. .	Тим Кук работает на Apple.	Тим Кук работает на 	 Тим Кук работает в Apple Inc.	Тим Кук работает в Apple.	 Тим Кук работает в 	Apple	Тим Кук работает в 	Apple	Apple|||Apple Incorporation|||Apple Computer|||Apple Computer Company|||Фирма Apple|||Apple Computers|||Apple Inc|||Эппл|||Apple, Inc.|||Apple Computer Inc.|||Яблочники
Q646929	Armando Iannucci	Армандо Ианнуччи	Q9531	British Broadcasting Corporation	Би-би-си	Armando Iannucci works for British Broadcasting Corporation .	Армандо Ианнуччи работает на Би-би-си.	Армандо Ианнуччи работает на 	 Армандо Ианнуччи работает в Британской вещательной корпорации.	Армандо Ианнуччи работает в Би-би-си.	ERROR	ERROR	Армандо Ианнуччи работает в 	Би-би-си	BBC
Q7576103	Spencer Kelly	Спенсер Келли	Q9531	British Broadcasting Corporation	Би-би-си	Spencer Kelly works for British Broadcasting Corporation .	Спенсер Келли работает на Би-би-си.	Спенсер Келли работает на 	 Спенсер Келли работает в Британской вещательной корпорации.	Спенсер Келли работает в Би-би-си.	ERROR	ERROR	Спенсер Келли работает в 	Би-би-си	BBC
Q5232463	David Coleman	Дэвид Коулмэн	Q9531	British Broadcasting Corporation	Би-би-си	David Coleman works for British Broadcasting Corporation .	Дэвид Коулмэн работает на Би-би-си.	Дэвид Коулмэн работает на 	 Дэвид Коулмэн работает в Британской вещательной корпорации.	Дэвид Коулмэн работает в Би-би-си.	ERROR	ERROR	Дэвид Коулмэн работает в 	Би-би-си	BBC
Q52680	Matthew Pinsent	Мэтью Пинсент	Q9531	British Broadcasting Corporation	Би-би-си	Matthew Pinsent works for British Broadcasting Corporation .	Мэтью Пинсент работает на Би-би-си.	Мэтью Пинсент работает на 	 Мэтью Пинсент работает в Британской вещательной корпорации.	Мэтью Пинсент работает в Би-би-си.	ERROR	ERROR	Мэтью Пинсент работает в 	Би-би-си	BBC
Q92600	Alexey Pajitnov	Пажитнов, Алексей Леонидович	Q2283	Microsoft	Майкрософт	Alexey Pajitnov works for Microsoft .	Пажитнов, Алексей Леонидович работает на Майкрософт.	Пажитнов, Алексей Леонидович работает на 	 Алексей Пажитнов работает в Microsoft.	Пажитнов, Алексей Леонидович работает в Майкрософт.	 Алексей Пажитнов работает в 	Microsoft	Пажитнов, Алексей Леонидович работает в 	Майкрософт	Microsoft|||Микрософт|||Microsoft
Q2608520	Jimmy Hill	Джимми Хилл	Q9531	British Broadcasting Corporation	Би-би-си	Jimmy Hill works for British Broadcasting Corporation .	Джимми Хилл работает на Би-би-си.	Джимми Хилл работает на 	 Джимми Хилл работает в Британской вещательной корпорации.	Джимми Хилл работает в Би-би-си.	ERROR	ERROR	Джимми Хилл работает в 	Би-би-си	BBC
Q702921	Chris Bangle	Крис Бэнгл	Q26678	BMW	BMW	Chris Bangle works for BMW .	Крис Бэнгл работает на BMW.	Крис Бэнгл работает на 	 Крис Бэнгл работает в BMW.	Крис Бэнгл работает в BMW.	 Крис Бэнгл работает в 	BMW	Крис Бэнгл работает в 	BMW	BMW|||Bayerische Motoren Werke|||BMW Group|||BMW AG|||Bayerische Motoren Werke AG|||Баварский моторный завод|||Баварские моторные заводы|||БМВ
Q14945635	Ned Sherrin	Нед Шеррин	Q9531	British Broadcasting Corporation	Би-би-си	Ned Sherrin works for British Broadcasting Corporation .	Нед Шеррин работает на Би-би-си.	Нед Шеррин работает на 	 Нед Шеррин работает в Британской вещательной корпорации.	Нед Шеррин работает в Би-би-си.	ERROR	ERROR	Нед Шеррин работает в 	Би-би-си	BBC
Q3244119	Leslie Grantham	Лесли Грэнтхем	Q9531	British Broadcasting Corporation	Би-би-си	Leslie Grantham works for British Broadcasting Corporation .	Лесли Грэнтхем работает на Би-би-си.	Лесли Грэнтхем работает на 	 Лесли Грэнтэм работает в Британской вещательной корпорации.	Лесли Грэнтхем работает в Би-би-си.	ERROR	ERROR	Лесли Грэнтхем работает в 	Би-би-си	BBC
Q155914	Peter Simon Pallas	Пётр Симон Паллас	Q159	Russia	Россия	Peter Simon Pallas works for Russia .	Пётр Симон Паллас работает на Россия.	Пётр Симон Паллас работает на 	 Питер Саймон Паллас работает в России.	Пётр Симон Паллас работает в России.	 Питер Саймон Паллас работает в 	России	Пётр Симон Паллас работает в 	России	Russia|||Российская Федерация|||РФ
Q782805	Samuel J. Palmisano	Палмизано, Сэмюэл	Q37156	IBM	IBM	Samuel J. Palmisano works for IBM .	Палмизано, Сэмюэл работает на IBM.	Палмизано, Сэмюэл работает на 	 Сэмюэл Дж. Палмисано работает в IBM.	Палмизано, Сэмюэл работает в IBM.	 Сэмюэл Дж. Палмисано работает в 	IBM	Палмизано, Сэмюэл работает в 	IBM	IBM|||Big Blue|||Ай-би-эм
Q60992	Heinrich Daniel Ruhmkorff	Румкорф, Генрих Даниэль	Q90	Paris	Париж	Heinrich Daniel Ruhmkorff works for Paris .	Румкорф, Генрих Даниэль работает на Париж.	Румкорф, Генрих Даниэль работает на 	 Генрих Даниэль Румкорф работает в Париже.	Румкорф, Генрих Даниэль работает в Париже.	 Генрих Даниэль Румкорф работает в 	Париже	Румкорф, Генрих Даниэль работает в 	Париже	Paris|||Париж (Франция)|||Париж, Франция|||Париж (столица)
Q378422	UNESCO Goodwill Ambassador	Посол доброй воли ЮНЕСКО	Q7809	UNESCO	ЮНЕСКО	UNESCO Goodwill Ambassador works for UNESCO .	Посол доброй воли ЮНЕСКО работает на ЮНЕСКО.	Посол доброй воли ЮНЕСКО работает на 	 Посол доброй воли ЮНЕСКО работает в ЮНЕСКО.	Посол доброй воли ЮНЕСКО работает в ЮНЕСКО.	 Посол доброй воли ЮНЕСКО работает в 	ЮНЕСКО	Посол доброй воли ЮНЕСКО работает в 	ЮНЕСКО	UNESCO|||Организация Объединённых Наций по вопросам образования, науки и культуры
Q192912	Stephen Fry	Стивен Фрай	Q9531	British Broadcasting Corporation	Би-би-си	Stephen Fry works for British Broadcasting Corporation .	Стивен Фрай работает на Би-би-си.	Стивен Фрай работает на 	 Стивен Фрай работает в Британской вещательной корпорации.	Стивен Фрай работает в Би-би-си.	ERROR	ERROR	Стивен Фрай работает в 	Би-би-си	BBC
Q320851	John Reith, 1st Baron Reith	Джон Рейс	Q9531	British Broadcasting Corporation	Би-би-си	John Reith, 1st Baron Reith works for British Broadcasting Corporation .	Джон Рейс работает на Би-би-си.	Джон Рейс работает на 	 Джон Рейт, 1-й барон Рейт, работает в Британской вещательной корпорации.	Джон Рейс работает в Би-би-си.	ERROR	ERROR	Джон Рейс работает в 	Би-би-си	BBC
Q1546589	Griff Rhys Jones	Гриф Рис Джонс	Q9531	British Broadcasting Corporation	Би-би-си	Griff Rhys Jones works for British Broadcasting Corporation .	Гриф Рис Джонс работает на Би-би-си.	Гриф Рис Джонс работает на 	Грифф Рис Джонс работает в Британской вещательной корпорации.	Гриф Рис Джонс работает в Би-би-си.	ERROR	ERROR	Гриф Рис Джонс работает в 	Би-би-си	BBC
Q8964044	Gilbert Harding	Гилберт Хардинг	Q9531	British Broadcasting Corporation	Би-би-си	Gilbert Harding works for British Broadcasting Corporation .	Гилберт Хардинг работает на Би-би-си.	Гилберт Хардинг работает на 	 Гилберт Хардинг работает в Британской вещательной корпорации.	Гилберт Хардинг работает в Би-би-си.	ERROR	ERROR	Гилберт Хардинг работает в 	Би-би-си	BBC
Q6531032	Les Moonves	Лесли Мунвес	Q43380	CBS	CBS	Les Moonves works for CBS .	Лесли Мунвес работает на CBS.	Лесли Мунвес работает на 	 Лес Мунвес работает на CBS.	Лесли Мунвес работает в CBS.	 Лес Мунвес работает на 	CBS	Лесли Мунвес работает в 	CBS	CBS|||Columbia Broadcasting System
Q435716	Thomas J. Watson	Томас Джон Уотсон	Q37156	IBM	IBM	Thomas J. Watson works for IBM .	Томас Джон Уотсон работает на IBM.	Томас Джон Уотсон работает на 	 Томас Дж. Уотсон работает в IBM.	Томас Джон Уотсон работает в IBM.	 Томас Дж. Уотсон работает в 	IBM	Томас Джон Уотсон работает в 	IBM	IBM|||Big Blue|||Ай-би-эм
Q356719	Carlos Ghosn	Гон, Карлос	Q6686	Renault	Renault	Carlos Ghosn works for Renault .	Гон, Карлос работает на Renault.	Гон, Карлос работает на 	 Карлос Гон работает в Renault.	Гон, Карлос работает в Renault.	 Карлос Гон работает в 	Renault	Гон, Карлос работает в 	Renault	Renault|||Рено|||Группа Renault
Q34943	Ptolemy	Клавдий Птолемей	Q87	Alexandria	Александрия	Ptolemy works for Alexandria .	Клавдий Птолемей работает на Александрия.	Клавдий Птолемей работает на 	 Птолемей работает в Александрии.	Клавдий Птолемей работает в Александрии.	 Птолемей работает в 	Александрии	Клавдий Птолемей работает в 	Александрии	Alexandria|||Александрия (Египет)|||Искандерия|||Искандария|||Эль-Искандерия|||Аль-Искандария
Q1849861	Aled Jones	Алед Джонс	Q9531	British Broadcasting Corporation	Би-би-си	Aled Jones works for British Broadcasting Corporation .	Алед Джонс работает на Би-би-си.	Алед Джонс работает на 	 Алед Джонс работает в Британской вещательной корпорации.	Алед Джонс работает в Би-би-си.	ERROR	ERROR	Алед Джонс работает в 	Би-би-си	BBC
Q3395525	Jo Brand	Джо Брэнд	Q9531	British Broadcasting Corporation	Би-би-си	Jo Brand works for British Broadcasting Corporation .	Джо Брэнд работает на Би-би-си.	Джо Брэнд работает на 	 Джо Брэнд работает в Британской вещательной корпорации.	Джо Брэнд работает в Би-би-си.	ERROR	ERROR	Джо Брэнд работает в 	Би-би-си	BBC
Q3503829	Sundar Pichai	Сундар Пичаи	Q95	Google	Google	Sundar Pichai works for Google .	Сундар Пичаи работает на Google.	Сундар Пичаи работает на 	 Сундар Пичаи работает в Google.	Сундар Пичаи работает в Google.	 Сундар Пичаи работает в 	Google	Сундар Пичаи работает в 	Google	Google|||Гугл|||Google LLC|||Google Inc.
Q5236967	David M. Thompson	Дэвид Томпсон	Q9531	British Broadcasting Corporation	Би-би-си	David M. Thompson works for British Broadcasting Corporation .	Дэвид Томпсон работает на Би-би-си.	Дэвид Томпсон работает на 	 Дэвид М. Томпсон работает в Британской вещательной корпорации.	Дэвид Томпсон работает в Би-би-си.	ERROR	ERROR	Дэвид Томпсон работает в 	Би-би-си	BBC
Q6152851	Jane Tranter	Джейн Трантер	Q9531	British Broadcasting Corporation	Би-би-си	Jane Tranter works for British Broadcasting Corporation .	Джейн Трантер работает на Би-би-си.	Джейн Трантер работает на 	 Джейн Трантер работает в Британской вещательной корпорации.	Джейн Трантер работает в Би-би-си.	ERROR	ERROR	Джейн Трантер работает в 	Би-би-си	BBC
Q529233	Angela Ahrendts	Арендс, Анжела	Q312	Apple Inc.	Apple	Angela Ahrendts works for Apple Inc. .	Арендс, Анжела работает на Apple.	Арендс, Анжела работает на 	 Анджела Арендтс работает в Apple Inc.	Арендс, Анжела работает в Apple.	 Анджела Арендтс работает в 	Apple	Арендс, Анжела работает в 	Apple	Apple|||Apple Incorporation|||Apple Computer|||Apple Computer Company|||Фирма Apple|||Apple Computers|||Apple Inc|||Эппл|||Apple, Inc.|||Apple Computer Inc.|||Яблочники
Q3507045	Ian Hickson	Хиксон, Ян	Q95	Google	Google	Ian Hickson works for Google .	Хиксон, Ян работает на Google.	Хиксон, Ян работает на 	 Ян Хиксон работает в Google.	Хиксон, Ян работает в Google.	 Ян Хиксон работает в 	Google	Хиксон, Ян работает в 	Google	Google|||Гугл|||Google LLC|||Google Inc.
Q1282562	Mark Kermode	Кермод, Марк	Q9531	British Broadcasting Corporation	Би-би-си	Mark Kermode works for British Broadcasting Corporation .	Кермод, Марк работает на Би-би-си.	Кермод, Марк работает на 	 Марк Кермод работает в Британской вещательной корпорации.	Кермод, Марк работает в Би-би-си.	ERROR	ERROR	Кермод, Марк работает в 	Би-би-си	BBC
Q7612218	Steve Claridge	Клэридж, Стив	Q9531	British Broadcasting Corporation	Би-би-си	Steve Claridge works for British Broadcasting Corporation .	Клэридж, Стив работает на Би-би-си.	Клэридж, Стив работает на 	 Стив Кларидж работает в Британской вещательной корпорации.	Клэридж, Стив работает в Би-би-си.	ERROR	ERROR	Клэридж, Стив работает в 	Би-би-си	BBC
Q42	Douglas Adams	Дуглас Адамс	Q9531	British Broadcasting Corporation	Би-би-си	Douglas Adams works for British Broadcasting Corporation .	Дуглас Адамс работает на Би-би-си.	Дуглас Адамс работает на 	 Дуглас Адамс работает в Британской вещательной корпорации.	Дуглас Адамс работает в Би-би-си.	ERROR	ERROR	Дуглас Адамс работает в 	Би-би-си	BBC
Q92637	Ray Ozzie	Оззи, Рэй	Q2283	Microsoft	Майкрософт	Ray Ozzie works for Microsoft .	Оззи, Рэй работает на Майкрософт.	Оззи, Рэй работает на 	 Рэй Оззи работает в Microsoft.	Оззи, Рэй работает в Microsoft.	 Рэй Оззи работает в 	Microsoft	Оззи, Рэй работает в 	Microsoft	Microsoft|||Микрософт|||Microsoft
Q658774	Mike Harrington	Майк Харрингтон	Q2283	Microsoft	Майкрософт	Mike Harrington works for Microsoft .	Майк Харрингтон работает на Майкрософт.	Майк Харрингтон работает на 	 Майк Харрингтон работает в Microsoft.	Майк Харрингтон работает в Майкрософт.	 Майк Харрингтон работает в 	Microsoft	Майк Харрингтон работает в 	Майкрософт	Microsoft|||Микрософт|||Microsoft
Q394925	Paddy Lowe	Падди Лоу	Q172721	Mercedes	Мерседес	Paddy Lowe works for Mercedes .	Падди Лоу работает на Мерседес.	Падди Лоу работает на 	 Пэдди Лоу работает в Mercedes.	Падди Лоу работает в Мерседесе.	ERROR	ERROR	Падди Лоу работает в 	Мерседесе	Mercedes F1 Team|||Мерседес Гран-при|||Mercedes GP|||Mercedes F1|||Mercedes-Benz|||Mercedes-Benz Grand Prix
Q6116349	Jackie Fullerton	Джеки Фуллертон	Q9531	British Broadcasting Corporation	Би-би-си	Jackie Fullerton works for British Broadcasting Corporation .	Джеки Фуллертон работает на Би-би-си.	Джеки Фуллертон работает на 	Джеки Фуллертон работает в Британской вещательной корпорации.	Джеки Фуллертон работает в Би-би-си.	ERROR	ERROR	Джеки Фуллертон работает в 	Би-би-си	BBC
Q453743	Lena Yada	Яда, Лена	Q35339	WWE	WWE	Lena Yada works for WWE .	Яда, Лена работает на WWE.	Яда, Лена работает на 	 Лена Яда работает в WWE.	Яда, Лена работает в WWE.	 Лена Яда работает в 	WWE	Яда, Лена работает в 	WWE	WWE|||WWF|||World Wrestling Entertainment|||World Wrestling Federation|||ВВЕ|||Дабл ю Дабл ю И|||ВВИ
Q1148995	Paul Otellini	Пол Отеллини	Q248	Intel	Intel	Paul Otellini works for Intel .	Пол Отеллини работает на Intel.	Пол Отеллини работает на 	 Пол Отеллини работает в Intel.	Пол Отеллини работает в Intel.	 Пол Отеллини работает в 	Intel	Пол Отеллини работает в 	Intel	Intel|||Интэл|||Интел
Q9005152	Hubert Gregg	Хьюберт Грегг	Q9531	British Broadcasting Corporation	Би-би-си	Hubert Gregg works for British Broadcasting Corporation .	Хьюберт Грегг работает на Би-би-си.	Хьюберт Грегг работает на 	 Хьюберт Грегг работает в Британской вещательной корпорации.	Хьюберт Грегг работает в Би-би-си.	ERROR	ERROR	Хьюберт Грегг работает в 	Би-би-си	BBC
Q239774	Sue Barker	Сью Баркер	Q9531	British Broadcasting Corporation	Би-би-си	Sue Barker works for British Broadcasting Corporation .	Сью Баркер работает на Би-би-си.	Сью Баркер работает на 	 Сью Баркер работает в Британской вещательной корпорации.	Сью Баркер работает в Би-би-си.	ERROR	ERROR	Сью Баркер работает в 	Би-би-си	BBC
Q30942	Guido van Rossum	Гвидо ван Россум	Q95	Google	Google	Guido van Rossum works for Google .	Гвидо ван Россум работает на Google.	Гвидо ван Россум работает на 	 Гвидо ван Россум работает в Google.	Гвидо ван Россум работает в Google.	 Гвидо ван Россум работает в 	Google	Гвидо ван Россум работает в 	Google	Google|||Гугл|||Google LLC|||Google Inc.
Q772224	John Howard Davies	Джон Ховард Дейвис	Q9531	British Broadcasting Corporation	Би-би-си	John Howard Davies works for British Broadcasting Corporation .	Джон Ховард Дейвис работает на Би-би-си.	Джон Ховард Дейвис работает на 	 Джон Говард Дэвис работает в Британской вещательной корпорации.	Джон Ховард Дейвис работает в Би-би-си.	ERROR	ERROR	Джон Ховард Дейвис работает в 	Би-би-си	BBC
Q6776602	Martin Sixsmith	Мартин Сиксмит	Q9531	British Broadcasting Corporation	Би-би-си	Martin Sixsmith works for British Broadcasting Corporation .	Мартин Сиксмит работает на Би-би-си.	Мартин Сиксмит работает на 	 Мартин Сиксмит работает в Британской вещательной корпорации.	Мартин Сиксмит работает в Би-би-си.	ERROR	ERROR	Мартин Сиксмит работает в 	Би-би-си	BBC
Q557305	Phil Knight	Фил Найт	Q483915	Nike	Nike	Phil Knight works for Nike .	Фил Найт работает на Nike.	Фил Найт работает на 	 Фил Найт работает в Nike.	Фил Найт работает в Nike.	 Фил Найт работает в 	Nike	Фил Найт работает в 	Nike	Nike|||Найк|||Nike, Inc.
Q15491370	Harry Carpenter	Гарри Карпентер	Q9531	British Broadcasting Corporation	Би-би-си	Harry Carpenter works for British Broadcasting Corporation .	Гарри Карпентер работает на Би-би-си.	Гарри Карпентер работает на 	 Гарри Карпентер работает в Британской вещательной корпорации.	Гарри Карпентер работает в Би-би-си.	ERROR	ERROR	Гарри Карпентер работает в 	Би-би-си	BBC
Q6227523	John Craven	Джон Крэвен	Q9531	British Broadcasting Corporation	Би-би-си	John Craven works for British Broadcasting Corporation .	Джон Крэвен работает на Би-би-си.	Джон Крэвен работает на 	 Джон Крейвен работает в Британской вещательной корпорации.	Джон Крэвен работает в Би-би-си.	ERROR	ERROR	Джон Крэвен работает в 	Би-би-си	BBC
Q263951	Mark Lawrenson	Лоуренсон, Марк	Q9531	British Broadcasting Corporation	Би-би-си	Mark Lawrenson works for British Broadcasting Corporation .	Лоуренсон, Марк работает на Би-би-си.	Лоуренсон, Марк работает на 	 Марк Лоуренсон работает в Британской вещательной корпорации.	Лоуренсон, Марк работает в Би-би-си.	ERROR	ERROR	Лоуренсон, Марк работает в 	Би-би-си	BBC
Q7648413	Susan Stamberg	Сьюзэн Стэмберг	Q671510	NPR	National Public Radio	Susan Stamberg works for NPR .	Сьюзэн Стэмберг работает на National Public Radio.	Сьюзэн Стэмберг работает на 	 Сьюзан Стэмберг работает на NPR.	Сьюзэн Стэмберг работает в National Public Radio.	ERROR	ERROR	Сьюзэн Стэмберг работает в 	National Public Radio	NPR|||NPR.org
Q1363852	Louis V. Gerstner	Герстнер, Луис	Q37156	IBM	IBM	Louis V. Gerstner works for IBM .	Герстнер, Луис работает на IBM.	Герстнер, Луис работает на 	 Луис В. Герстнер работает в IBM.	Герстнер, Луис работает в IBM.	 Луис В. Герстнер работает в 	IBM	Герстнер, Луис работает в 	IBM	IBM|||Big Blue|||Ай-би-эм
Q173175	Eddie Jordan	Джордан, Эдди	Q9531	British Broadcasting Corporation	Би-би-си	Eddie Jordan works for British Broadcasting Corporation .	Джордан, Эдди работает на Би-би-си.	Джордан, Эдди работает на 	 Эдди Джордан работает в Британской вещательной корпорации.	Джордан, Эдди работает в Би-би-си.	ERROR	ERROR	Джордан, Эдди работает в 	Би-би-си	BBC
Q57660	John Rabe	Рабе, Йон	Q81230	Siemens	Сименс	John Rabe works for Siemens .	Рабе, Йон работает на Сименс.	Рабе, Йон работает на 	 Йон Рабе работает в компании Siemens.	Рабе, Йон работает в Сименс.	ERROR	ERROR	Рабе, Йон работает в 	Сименс	Siemens|||Siemens AG|||Siеmens|||Сименс АГ|||Siemens Bauunion GmbH
Q230744	Anna Wintour	Анна Винтур	Q154008	Vogue	Vogue	Anna Wintour works for Vogue .	Анна Винтур работает на Vogue.	Анна Винтур работает на 	 Анна Винтур работает в Vogue.	Анна Винтур работает в Vogue.	 Анна Винтур работает в 	Vogue	Анна Винтур работает в 	Vogue	Vogue|||Вог
Q92807	Scott Forstall	Форстолл, Скотт	Q312	Apple Inc.	Apple	Scott Forstall works for Apple Inc. .	Форстолл, Скотт работает на Apple.	Форстолл, Скотт работает на 	 Скотт Форстолл работает в Apple Inc.	Форстолл, Скотт работает в Apple.	 Скотт Форстолл работает в 	Apple	Форстолл, Скотт работает в 	Apple	Apple|||Apple Incorporation|||Apple Computer|||Apple Computer Company|||Фирма Apple|||Apple Computers|||Apple Inc|||Эппл|||Apple, Inc.|||Apple Computer Inc.|||Яблочники
Q350165	Simon Brett	Саймон Бретт	Q9531	British Broadcasting Corporation	Би-би-си	Simon Brett works for British Broadcasting Corporation .	Саймон Бретт работает на Би-би-си.	Саймон Бретт работает на 	 Саймон Бретт работает в Британской вещательной корпорации.	Саймон Бретт работает в Би-би-си.	ERROR	ERROR	Саймон Бретт работает в 	Би-би-си	BBC
Q595257	Kate Adie	Эди, Кейт	Q9531	British Broadcasting Corporation	Би-би-си	Kate Adie works for British Broadcasting Corporation .	Эди, Кейт работает на Би-би-си.	Эди, Кейт работает на 	Кейт Эйди работает в Британской вещательной корпорации.	Эди, Кейт работает в Би-би-си.	ERROR	ERROR	Эди, Кейт работает в 	Би-би-си	BBC
Q230850	Irina Bokova	Ирина Бокова	Q7809	UNESCO	ЮНЕСКО	Irina Bokova works for UNESCO .	Ирина Бокова работает на ЮНЕСКО.	Ирина Бокова работает на 	 Ирина Бокова работает в ЮНЕСКО.	Ирина Бокова работает в ЮНЕСКО.	 Ирина Бокова работает в 	ЮНЕСКО	Ирина Бокова работает в 	ЮНЕСКО	UNESCO|||Организация Объединённых Наций по вопросам образования, науки и культуры
Q513361	Angela Rippon	Анджела Риппон	Q9531	British Broadcasting Corporation	Би-би-си	Angela Rippon works for British Broadcasting Corporation .	Анджела Риппон работает на Би-би-си.	Анджела Риппон работает на 	 Анджела Риппон работает в Британской вещательной корпорации.	Анджела Риппон работает в Би-би-си.	ERROR	ERROR	Анджела Риппон работает в 	Би-би-си	BBC
Q336520	Alan Sugar	Шугар, Алан	Q9531	British Broadcasting Corporation	Би-би-си	Alan Sugar works for British Broadcasting Corporation .	Шугар, Алан работает на Би-би-си.	Шугар, Алан работает на 	 Алан Шугар работает в Британской вещательной корпорации.	Шугар, Алан работает в Би-би-си.	ERROR	ERROR	Шугар, Алан работает в 	Би-би-си	BBC
Q4859309	Barbara Sleigh	Слэй, Барбара	Q9531	British Broadcasting Corporation	Би-би-си	Barbara Sleigh works for British Broadcasting Corporation .	Слэй, Барбара работает на Би-би-си.	Слэй, Барбара работает на 	 Барбара Слей работает в Британской вещательной корпорации.	Слэй, Барбара работает в Би-би-си.	ERROR	ERROR	Слэй, Барбара работает в 	Би-би-си	BBC
Q236804	Lionel Messi	Бет Феникс	Q35339	WWE	WWE	Lionel Messi works for WWE .	Бет Феникс работает на WWE.	Бет Феникс работает на 	 Лионель Месси работает в WWE.	Бет Феникс работает в WWE.	 Лионель Месси работает в 	WWE	Бет Феникс работает в 	WWE	WWE|||WWF|||World Wrestling Entertainment|||World Wrestling Federation|||ВВЕ|||Дабл ю Дабл ю И|||ВВИ
Q3400803	Jon Ronson	Ронсон, Джон	Q9531	British Broadcasting Corporation	Би-би-си	Jon Ronson works for British Broadcasting Corporation .	Ронсон, Джон работает на Би-би-си.	Ронсон, Джон работает на 	 Джон Ронсон работает в Британской вещательной корпорации.	Ронсон, Джон работает в Би-би-си.	ERROR	ERROR	Ронсон, Джон работает в 	Би-би-си	BBC
Q517764	Rob Pike	Роб Пайк	Q95	Google	Google	Rob Pike works for Google .	Роб Пайк работает на Google.	Роб Пайк работает на 	 Роб Пайк работает в Google.	Роб Пайк работает в Google.	 Роб Пайк работает в 	Google	Роб Пайк работает в 	Google	Google|||Гугл|||Google LLC|||Google Inc.
Q2614699	Lyse Doucet	Дюсет, Лиз	Q9531	British Broadcasting Corporation	Би-би-си	Lyse Doucet works for British Broadcasting Corporation .	Дюсет, Лиз работает на Би-би-си.	Дюсет, Лиз работает на 	 Лиз Дусе работает в Британской вещательной корпорации.	Дюсет, Лиз работает в Би-би-си.	ERROR	ERROR	Дюсет, Лиз работает в 	Би-би-си	BBC
Q92740	Jef Raskin	Раскин, Джеф	Q312	Apple Inc.	Apple	Jef Raskin works for Apple Inc. .	Раскин, Джеф работает на Apple.	Раскин, Джеф работает на 	 Джеф Раскин работает в Apple Inc.	Раскин, Джеф работает в Apple.	 Джеф Раскин работает в 	Apple	Раскин, Джеф работает в 	Apple	Apple|||Apple Incorporation|||Apple Computer|||Apple Computer Company|||Фирма Apple|||Apple Computers|||Apple Inc|||Эппл|||Apple, Inc.|||Apple Computer Inc.|||Яблочники
Q504726	Dennis Taylor	Тейлор, Деннис	Q9531	British Broadcasting Corporation	Би-би-си	Dennis Taylor works for British Broadcasting Corporation .	Тейлор, Деннис работает на Би-би-си.	Тейлор, Деннис работает на 	 Деннис Тейлор работает в Британской вещательной корпорации.	Тейлор, Деннис работает в Би-би-си.	ERROR	ERROR	Тейлор, Деннис работает в 	Би-би-си	BBC
Q333525	Michael Portillo	Майкл Портилло	Q9531	British Broadcasting Corporation	Би-би-си	Michael Portillo works for British Broadcasting Corporation .	Майкл Портилло работает на Би-би-си.	Майкл Портилло работает на 	 Майкл Портильо работает в Британской вещательной корпорации.	Майкл Портилло работает в Би-би-си.	ERROR	ERROR	Майкл Портилло работает в 	Би-би-си	BBC
Q47778	Gary Lineker	Гари Линекер	Q9531	British Broadcasting Corporation	Би-би-си	Gary Lineker works for British Broadcasting Corporation .	Гари Линекер работает на Би-би-си.	Гари Линекер работает на 	 Гари Линекер работает в Британской вещательной корпорации.	Гари Линекер работает в Би-би-си.	ERROR	ERROR	Гари Линекер работает в 	Би-би-си	BBC
Q4395105	Cokie Roberts	Робертс, Коки	Q671510	NPR	National Public Radio	Cokie Roberts works for NPR .	Робертс, Коки работает на National Public Radio.	Робертс, Коки работает на 	 Коки Робертс работает на NPR.	Робертс, Коки работает в National Public Radio.	ERROR	ERROR	Робертс, Коки работает в 	National Public Radio	NPR|||NPR.org
Q5232965	David Dickinson	Дэвид Дикинсон	Q9531	British Broadcasting Corporation	Би-би-си	David Dickinson works for British Broadcasting Corporation .	Дэвид Дикинсон работает на Би-би-си.	Дэвид Дикинсон работает на 	 Дэвид Дикинсон работает в Британской вещательной корпорации.	Дэвид Дикинсон работает в Би-би-си.	ERROR	ERROR	Дэвид Дикинсон работает в 	Би-би-си	BBC
Q6196823	Jim McGrath	Джим МакГрат	Q9531	British Broadcasting Corporation	Би-би-си	Jim McGrath works for British Broadcasting Corporation .	Джим МакГрат работает на Би-би-си.	Джим МакГрат работает на 	 Джим Макграт работает в Британской вещательной корпорации.	Джим МакГрат работает в Би-би-си.	ERROR	ERROR	Джим МакГрат работает в 	Би-би-си	BBC
Q702921	Chris Bangle	Крис Бэнгл	Q27597	Fiat	Fiat	Chris Bangle works for Fiat .	Крис Бэнгл работает на Fiat.	Крис Бэнгл работает на 	 Крис Бэнгл работает в Fiat.	Крис Бэнгл работает в Fiat.	 Крис Бэнгл работает в 	Fiat	Крис Бэнгл работает в 	Fiat	Fiat
Q2656696	Verity Lambert	Верити Ламберт	Q9531	British Broadcasting Corporation	Би-би-си	Verity Lambert works for British Broadcasting Corporation .	Верити Ламберт работает на Би-би-си.	Верити Ламберт работает на 	 Верити Ламберт работает в Британской вещательной корпорации.	Верити Ламберт работает в Би-би-си.	ERROR	ERROR	Верити Ламберт работает в 	Би-би-си	BBC
Q356719	Carlos Ghosn	Гон, Карлос	Q20165	Nissan	Nissan	Carlos Ghosn works for Nissan .	Гон, Карлос работает на Nissan.	Гон, Карлос работает на 	 Карлос Гон работает в Nissan.	Гон, Карлос работает в Nissan.	 Карлос Гон работает в 	Nissan	Гон, Карлос работает в 	Nissan	Nissan Motor Co. Ltd.|||Ниссан Моторс
Q5513101	Shinichiro Sakurai	Сакураи, Синъитиро	Q20165	Nissan	Nissan	Shinichiro Sakurai works for Nissan .	Сакураи, Синъитиро работает на Nissan.	Сакураи, Синъитиро работает на 	Шиничиро Сакурай работает в Nissan.	Сакураи, Синъитиро работает в Nissan.	Шиничиро Сакурай работает в 	Nissan	Сакураи, Синъитиро работает в 	Nissan	Nissan Motor Co. Ltd.|||Ниссан Моторс
Q92879	Tony Fadell	Фаделл, Тони	Q312	Apple Inc.	Apple	Tony Fadell works for Apple Inc. .	Фаделл, Тони работает на Apple.	Фаделл, Тони работает на 	 Тони Фаделл работает в Apple Inc.	Фаделл, Тони работает в Apple.	 Тони Фаделл работает в 	Apple	Фаделл, Тони работает в 	Apple	Apple|||Apple Incorporation|||Apple Computer|||Apple Computer Company|||Фирма Apple|||Apple Computers|||Apple Inc|||Эппл|||Apple, Inc.|||Apple Computer Inc.|||Яблочники
Q1280214	Sydney Newman	Сидни Ньюман	Q9531	British Broadcasting Corporation	Би-би-си	Sydney Newman works for British Broadcasting Corporation .	Сидни Ньюман работает на Би-би-си.	Сидни Ньюман работает на 	 Сидни Ньюман работает в Британской вещательной корпорации.	Сидни Ньюман работает в Би-би-си.	ERROR	ERROR	Сидни Ньюман работает в 	Би-би-си	BBC
Q1086837	Christopher Martin-Jenkins	Кристофер Мартин	Q9531	British Broadcasting Corporation	Би-би-си	Christopher Martin-Jenkins works for British Broadcasting Corporation .	Кристофер Мартин работает на Би-би-си.	Кристофер Мартин работает на 	 Кристофер Мартин-Дженкинс работает в Британской вещательной корпорации.	Кристофер Мартин работает в Би-би-си.	ERROR	ERROR	Кристофер Мартин работает в 	Би-би-си	BBC
Q48971	Susan Kare	Сьюзен Кэр	Q312	Apple Inc.	Apple	Susan Kare works for Apple Inc. .	Сьюзен Кэр работает на Apple.	Сьюзен Кэр работает на 	 Сьюзан Кэр работает в Apple Inc.	Сьюзен Кэр работает в Apple.	 Сьюзан Кэр работает в 	Apple	Сьюзен Кэр работает в 	Apple	Apple|||Apple Incorporation|||Apple Computer|||Apple Computer Company|||Фирма Apple|||Apple Computers|||Apple Inc|||Эппл|||Apple, Inc.|||Apple Computer Inc.|||Яблочники
Q1770803	John Humphrys	Джон Хамфрис	Q9531	British Broadcasting Corporation	Би-би-си	John Humphrys works for British Broadcasting Corporation .	Джон Хамфрис работает на Би-би-си.	Джон Хамфрис работает на 	 Джон Хамфрис работает в Британской вещательной корпорации.	Джон Хамфрис работает в Би-би-си.	ERROR	ERROR	Джон Хамфрис работает в 	Би-би-си	BBC
Q29024	Esko Aho	Эско Тапани Ахо	Q1418	Nokia	Nokia	Esko Aho works for Nokia .	Эско Тапани Ахо работает на Nokia.	Эско Тапани Ахо работает на 	 Эско Ахо работает в Nokia.	Эско Тапани Ахо работает в Nokia.	 Эско Ахо работает в 	Nokia	Эско Тапани Ахо работает в 	Nokia	Nokia|||Nokia Corporation
Q5110936	Christine Bleakley	Кристин Бликли	Q9531	British Broadcasting Corporation	Би-би-си	Christine Bleakley works for British Broadcasting Corporation .	Кристин Бликли работает на Би-би-си.	Кристин Бликли работает на 	 Кристин Бликли работает в Британской вещательной корпорации.	Кристин Бликли работает в Би-би-си.	ERROR	ERROR	Кристин Бликли работает в 	Би-би-си	BBC
Q4864154	Barry Davies	Бэрри Дейвис	Q9531	British Broadcasting Corporation	Би-би-си	Barry Davies works for British Broadcasting Corporation .	Бэрри Дейвис работает на Би-би-си.	Бэрри Дейвис работает на 	 Барри Дэвис работает в Британской вещательной корпорации.	Бэрри Дейвис работает в Би-би-си.	ERROR	ERROR	Бэрри Дейвис работает в 	Би-би-си	BBC
Q2514	Willy Brandt	Вилли Брандт	Q183	Germany	Германия	Willy Brandt works for Germany .	Вилли Брандт работает на Германия.	Вилли Брандт работает на 	 Вилли Брандт работает в Германии.	Вилли Брандт работает в Германии.	 Вилли Брандт работает в 	Германии	Вилли Брандт работает в 	Германии	Germany|||Федеративная Республика Германия|||ФРГ|||Deutschland|||Bundesrepublik Deutschland|||Дойчланд
Q7026901	Nick Clarke	Ник Кларк	Q9531	British Broadcasting Corporation	Би-би-си	Nick Clarke works for British Broadcasting Corporation .	Ник Кларк работает на Би-би-си.	Ник Кларк работает на 	 Ник Кларк работает в Британской вещательной корпорации.	Ник Кларк работает в Би-би-си.	ERROR	ERROR	Ник Кларк работает в 	Би-би-си	BBC
Q3045098	Magnus Magnusson	Магнус Магнуссон	Q9531	British Broadcasting Corporation	Би-би-си	Magnus Magnusson works for British Broadcasting Corporation .	Магнус Магнуссон работает на Би-би-си.	Магнус Магнуссон работает на 	 Магнус Магнуссон работает в Британской вещательной корпорации.	Магнус Магнуссон работает в Би-би-си.	ERROR	ERROR	Магнус Магнуссон работает в 	Би-би-си	BBC
Q4886516	Ben Stephenson	Бен Стефенсон	Q9531	British Broadcasting Corporation	Би-би-си	Ben Stephenson works for British Broadcasting Corporation .	Бен Стефенсон работает на Би-би-си.	Бен Стефенсон работает на 	 Бен Стивенсон работает в Британской вещательной корпорации.	Бен Стефенсон работает в Би-би-си.	ERROR	ERROR	Бен Стефенсон работает в 	Би-би-си	BBC
Q699605	Kai-Fu Lee	Ли Кайфу	Q2283	Microsoft	Майкрософт	Kai-Fu Lee works for Microsoft .	Ли Кайфу работает на Майкрософт.	Ли Кайфу работает на 	 Кай-Фу Ли работает в Microsoft.	Ли Кайфу работает в Майкрософт.	 Кай-Фу Ли работает в 	Microsoft	Ли Кайфу работает в 	Майкрософт	Microsoft|||Микрософт|||Microsoft
Q507469	Guy Kawasaki	Кавасаки, Гай	Q312	Apple Inc.	Apple	Guy Kawasaki works for Apple Inc. .	Кавасаки, Гай работает на Apple.	Кавасаки, Гай работает на 	 Гай Кавасаки работает в Apple Inc.	Кавасаки, Гай работает в Apple.	 Гай Кавасаки работает в 	Apple	Кавасаки, Гай работает в 	Apple	Apple|||Apple Incorporation|||Apple Computer|||Apple Computer Company|||Фирма Apple|||Apple Computers|||Apple Inc|||Эппл|||Apple, Inc.|||Apple Computer Inc.|||Яблочники
Q92973	Wietse Venema	Витсе Венема	Q37156	IBM	IBM	Wietse Venema works for IBM .	Витсе Венема работает на IBM.	Витсе Венема работает на 	 Витсе Венема работает в IBM.	Витсе Венема работает в IBM.	 Витсе Венема работает в 	IBM	Витсе Венема работает в 	IBM	IBM|||Big Blue|||Ай-би-эм
Q618558	Craig Federighi	Федериги, Крейг	Q312	Apple Inc.	Apple	Craig Federighi works for Apple Inc. .	Федериги, Крейг работает на Apple.	Федериги, Крейг работает на 	 Крейг Федериги работает в Apple Inc.	Федериги, Крейг работает в Apple.	 Крейг Федериги работает в 	Apple	Федериги, Крейг работает в 	Apple	Apple|||Apple Incorporation|||Apple Computer|||Apple Computer Company|||Фирма Apple|||Apple Computers|||Apple Inc|||Эппл|||Apple, Inc.|||Apple Computer Inc.|||Яблочники
Q298341	Raymond Kurzweil	Курцвейл, Рэймонд	Q95	Google	Google	Raymond Kurzweil works for Google .	Курцвейл, Рэймонд работает на Google.	Курцвейл, Рэймонд работает на 	 Рэймонд Курцвейл работает в Google.	Курцвейл, Рэймонд работает в Google.	 Рэймонд Курцвейл работает в 	Google	Курцвейл, Рэймонд работает в 	Google	Google|||Гугл|||Google LLC|||Google Inc.
Q507469	Guy Kawasaki	Кавасаки, Гай	Q956568	Forbes	Forbes	Guy Kawasaki works for Forbes .	Кавасаки, Гай работает на Forbes.	Кавасаки, Гай работает на 	 Гай Кавасаки работает в Forbes.	Кавасаки, Гай работает в Forbes.	 Гай Кавасаки работает в 	Forbes	Кавасаки, Гай работает в 	Forbes	Forbes|||Forbes Media|||Форбс|||Форбс Медиа
Q16149298	Adam Amin	Адам Амин	Q217776	ESPN	ESPN	Adam Amin works for ESPN .	Адам Амин работает на ESPN.	Адам Амин работает на 	 Адам Амин работает на ESPN.	Адам Амин работает в ESPN.	 Адам Амин работает на 	ESPN	Адам Амин работает в 	ESPN	ESPN|||Entertainment and Sports Programming Network
Q224628	Eddy Cue	Кью, Эдди	Q312	Apple Inc.	Apple	Eddy Cue works for Apple Inc. .	Кью, Эдди работает на Apple.	Кью, Эдди работает на 	Эдди Кью работает в Apple Inc.	Кью, Эдди работает в Apple.	Эдди Кью работает в 	Apple	Кью, Эдди работает в 	Apple	Apple|||Apple Incorporation|||Apple Computer|||Apple Computer Company|||Фирма Apple|||Apple Computers|||Apple Inc|||Эппл|||Apple, Inc.|||Apple Computer Inc.|||Яблочники
Q394925	Paddy Lowe	Падди Лоу	Q172030	McLaren	Макларен	Paddy Lowe works for McLaren .	Падди Лоу работает на Макларен.	Падди Лоу работает на 	 Пэдди Лоу работает в McLaren.	Падди Лоу работает в Макларен.	ERROR	ERROR	Падди Лоу работает в 	Макларен	McLaren|||West McLaren Mercedes|||McLaren Racing|||Team McLaren|||McLaren|||McLaren Mercedes|||Vodafone McLaren Mercedes
Q6175319	Jeff Zucker	Цукер, Джефф	Q48340	CNN	CNN	Jeff Zucker works for CNN .	Цукер, Джефф работает на CNN.	Цукер, Джефф работает на 	 Джефф Цукер работает на CNN.	Цукер, Джефф работает в CNN.	 Джефф Цукер работает на 	CNN	Цукер, Джефф работает в 	CNN	CNN|||Си-эн-эн|||CNNMoney
Q3500447	Mark Penn	Марк Пенн	Q2283	Microsoft	Майкрософт	Mark Penn works for Microsoft .	Марк Пенн работает на Майкрософт.	Марк Пенн работает на 	 Марк Пенн работает в Microsoft.	Марк Пенн работает в Майкрософт.	 Марк Пенн работает в 	Microsoft	Марк Пенн работает в 	Майкрософт	Microsoft|||Микрософт|||Microsoft
Q92743	Vint Cerf	Винтон Серф	Q95	Google	Google	Vint Cerf works for Google .	Винтон Серф работает на Google.	Винтон Серф работает на 	 Винт Серф работает в Google.	Винтон Серф работает в Google.	 Винт Серф работает в 	Google	Винтон Серф работает в 	Google	Google|||Гугл|||Google LLC|||Google Inc.
Q7637	Ward Cunningham	Каннингем, Уорд	Q2283	Microsoft	Майкрософт	Ward Cunningham works for Microsoft .	Каннингем, Уорд работает на Майкрософт.	Каннингем, Уорд работает на 	 Уорд Каннингем работает в Microsoft.	Каннингем, Уорд работает в Майкрософт.	 Уорд Каннингем работает в 	Microsoft	Каннингем, Уорд работает в 	Майкрософт	Microsoft|||Микрософт|||Microsoft
Q7688294	Tatsumi Kimishima	Тацуми Кимисима	Q8093	Nintendo	Nintendo	Tatsumi Kimishima works for Nintendo .	Тацуми Кимисима работает на Nintendo.	Тацуми Кимисима работает на 	 Тацуми Кимишима работает в Nintendo.	Тацуми Кимисима работает в Nintendo.	 Тацуми Кимишима работает в 	Nintendo	Тацуми Кимисима работает в 	Nintendo	Nintendo|||Nintendo Co.
Q92609	Fred Brooks	Фредерик Брукс	Q37156	IBM	IBM	Fred Brooks works for IBM .	Фредерик Брукс работает на IBM.	Фредерик Брукс работает на 	 Фред Брукс работает в IBM.	Фредерик Брукс работает в IBM.	 Фред Брукс работает в 	IBM	Фредерик Брукс работает в 	IBM	IBM|||Big Blue|||Ай-би-эм
Q317730	Jean-Dominique Bauby	Боби, Жан-Доминик	Q154020	Elle	Elle	Jean-Dominique Bauby works for Elle .	Боби, Жан-Доминик работает на Elle.	Боби, Жан-Доминик работает на 	 Жан-Доминик Боби работает в Elle.	Боби, Жан-Доминик работает в Elle.	 Жан-Доминик Боби работает в 	Elle	Боби, Жан-Доминик работает в 	Elle	Elle
Q80390	Tony Hall, Baron Hall of Birkenhead	Тони Холл	Q9531	British Broadcasting Corporation	Би-би-си	Tony Hall, Baron Hall of Birkenhead works for British Broadcasting Corporation .	Тони Холл работает на Би-би-си.	Тони Холл работает на 	 Тони Холл, барон Холл из Биркенхеда, работает в Британской вещательной корпорации.	Тони Холл работает в Би-би-си.	ERROR	ERROR	Тони Холл работает в 	Би-би-си	BBC
Q1325374	Yoshiyuki Tomino	Томино, Ёсиюки	Q854654	Sunrise	Sunrise	Yoshiyuki Tomino works for Sunrise .	Томино, Ёсиюки работает на Sunrise.	Томино, Ёсиюки работает на 	 Ёсиюки Томино работает в Sunrise.	Томино, Ёсиюки работает в Sunrise.	 Ёсиюки Томино работает в 	Sunrise	Томино, Ёсиюки работает в 	Sunrise	Bandai Namco Filmworks|||Nippon Sunrise
Q3951052	Innes Lloyd	Иннес Ллойд	Q9531	British Broadcasting Corporation	Би-би-си	Innes Lloyd works for British Broadcasting Corporation .	Иннес Ллойд работает на Би-би-си.	Иннес Ллойд работает на 	 Иннес Ллойд работает в Британской вещательной корпорации.	Иннес Ллойд работает в Би-би-си.	ERROR	ERROR	Иннес Ллойд работает в 	Би-би-си	BBC
Q2306779	Peter Oppenheimer	Оппенхаймер, Питер	Q312	Apple Inc.	Apple	Peter Oppenheimer works for Apple Inc. .	Оппенхаймер, Питер работает на Apple.	Оппенхаймер, Питер работает на 	 Питер Оппенгеймер работает в Apple Inc.	Оппенхаймер, Питер работает в Apple.	 Питер Оппенгеймер работает в 	Apple	Оппенхаймер, Питер работает в 	Apple	Apple|||Apple Incorporation|||Apple Computer|||Apple Computer Company|||Фирма Apple|||Apple Computers|||Apple Inc|||Эппл|||Apple, Inc.|||Apple Computer Inc.|||Яблочники
Q1297016	Reynold B. Johnson	Джонсон, Рейнолд	Q37156	IBM	IBM	Reynold B. Johnson works for IBM .	Джонсон, Рейнолд работает на IBM.	Джонсон, Рейнолд работает на 	 Рейнольд Б. Джонсон работает в IBM.	Джонсон, Рейнолд работает в IBM.	 Рейнольд Б. Джонсон работает в 	IBM	Джонсон, Рейнолд работает в 	IBM	IBM|||Big Blue|||Ай-би-эм
Q5107190	Chris Langham	Крис Лэнгхэм	Q9531	British Broadcasting Corporation	Би-би-си	Chris Langham works for British Broadcasting Corporation .	Крис Лэнгхэм работает на Би-би-си.	Крис Лэнгхэм работает на 	 Крис Лэнгхэм работает в Британской вещательной корпорации.	Крис Лэнгхэм работает в Би-би-си.	ERROR	ERROR	Крис Лэнгхэм работает в 	Би-би-си	BBC
Q7298169	Ray Stubbs	Рэй Стаббс	Q9531	British Broadcasting Corporation	Би-би-си	Ray Stubbs works for British Broadcasting Corporation .	Рэй Стаббс работает на Би-би-си.	Рэй Стаббс работает на 	 Рэй Стаббс работает в Британской вещательной корпорации.	Рэй Стаббс работает в Би-би-си.	ERROR	ERROR	Рэй Стаббс работает в 	Би-би-си	BBC
Q4079754	Robert J. Bach	Бах, Робби	Q2283	Microsoft	Майкрософт	Robert J. Bach works for Microsoft .	Бах, Робби работает на Майкрософт.	Бах, Робби работает на 	 Роберт Дж. Бах работает в Microsoft.	Бах, Робби работает в Майкрософт.	ERROR	ERROR	Бах, Робби работает в 	Майкрософт	Microsoft|||Микрософт|||Microsoft
Q6375783	Kate Silverton	Силвертон, Кейт	Q9531	British Broadcasting Corporation	Би-би-си	Kate Silverton works for British Broadcasting Corporation .	Силвертон, Кейт работает на Би-би-си.	Силвертон, Кейт работает на 	 Кейт Сильвертон работает в Британской вещательной корпорации.	Силвертон, Кейт работает в Би-би-си.	ERROR	ERROR	Силвертон, Кейт работает в 	Би-би-си	BBC
Q7173981	Peter Fincham	Питер Финчман	Q9531	British Broadcasting Corporation	Би-би-си	Peter Fincham works for British Broadcasting Corporation .	Питер Финчман работает на Би-би-си.	Питер Финчман работает на 	 Питер Финчем работает в Британской вещательной корпорации.	Питер Финчман работает в Би-би-си.	ERROR	ERROR	Питер Финчман работает в 	Би-би-си	BBC
Q7176968	Peter Sissons	Питер Сиссонс	Q9531	British Broadcasting Corporation	Би-би-си	Peter Sissons works for British Broadcasting Corporation .	Питер Сиссонс работает на Би-би-си.	Питер Сиссонс работает на 	 Питер Сиссонс работает в Британской вещательной корпорации.	Питер Сиссонс работает в Би-би-си.	ERROR	ERROR	Питер Сиссонс работает в 	Би-би-си	BBC
Q736336	Katsuaki Watanabe	Ватанабэ, Кацуаки	Q53268	Toyota	Toyota	Katsuaki Watanabe works for Toyota .	Ватанабэ, Кацуаки работает на Toyota.	Ватанабэ, Кацуаки работает на 	Кацуаки Ватанабэ работает в Toyota.	Ватанабэ, Кацуаки работает в Toyota.	Кацуаки Ватанабэ работает в 	Toyota	Ватанабэ, Кацуаки работает в 	Toyota	Toyota
Q1682007	Jan Leeming	Жан Лиминг	Q9531	British Broadcasting Corporation	Би-би-си	Jan Leeming works for British Broadcasting Corporation .	Жан Лиминг работает на Би-би-си.	Жан Лиминг работает на 	 Ян Лиминг работает в Британской вещательной корпорации.	Жан Лиминг работает в Би-би-си.	ERROR	ERROR	Жан Лиминг работает в 	Би-би-си	BBC
Q7174476	Peter Haigh	Питер Хэй	Q9531	British Broadcasting Corporation	Би-би-си	Peter Haigh works for British Broadcasting Corporation .	Питер Хэй работает на Би-би-си.	Питер Хэй работает на 	 Питер Хей работает в Британской вещательной корпорации.	Питер Хэй работает в Би-би-си.	ERROR	ERROR	Питер Хэй работает в 	Би-би-си	BBC
Q2573233	Don Coppersmith	Копперсмит, Дон	Q37156	IBM	IBM	Don Coppersmith works for IBM .	Копперсмит, Дон работает на IBM.	Копперсмит, Дон работает на 	 Дон Копперсмит работает в IBM.	Копперсмит, Дон работает в IBM.	 Дон Копперсмит работает в 	IBM	Копперсмит, Дон работает в 	IBM	IBM|||Big Blue|||Ай-би-эм
Q434105	Steve Cram	Крэм, Стив	Q9531	British Broadcasting Corporation	Би-би-си	Steve Cram works for British Broadcasting Corporation .	Крэм, Стив работает на Би-би-си.	Крэм, Стив работает на 	 Стив Крэм работает в Британской вещательной корпорации.	Крэм, Стив работает в Би-би-си.	ERROR	ERROR	Крэм, Стив работает в 	Би-би-си	BBC
Q5076227	Charles Chilton	Чарльз Чилтон	Q9531	British Broadcasting Corporation	Би-би-си	Charles Chilton works for British Broadcasting Corporation .	Чарльз Чилтон работает на Би-би-си.	Чарльз Чилтон работает на 	 Чарльз Чилтон работает в Британской вещательной корпорации.	Чарльз Чилтон работает в Би-би-си.	ERROR	ERROR	Чарльз Чилтон работает в 	Би-би-си	BBC
Q103859	Joe Kaeser	Джо Кэзер	Q81230	Siemens	Сименс	Joe Kaeser works for Siemens .	Джо Кэзер работает на Сименс.	Джо Кэзер работает на 	 Джо Кэзер работает в Siemens.	Джо Кэзер работает в Сименс.	ERROR	ERROR	Джо Кэзер работает в 	Сименс	Siemens|||Siemens AG|||Siеmens|||Сименс АГ|||Siemens Bauunion GmbH
Q4761497	Andy Wilman	Энди Уилман	Q9531	British Broadcasting Corporation	Би-би-си	Andy Wilman works for British Broadcasting Corporation .	Энди Уилман работает на Би-би-си.	Энди Уилман работает на 	 Энди Уилман работает в Британской вещательной корпорации.	Энди Уилман работает в Би-би-си.	ERROR	ERROR	Энди Уилман работает в 	Би-би-си	BBC
