sub_uri	en_sub_label	sub_label	obj_uri	en_obj_label	obj_label	en_template	template	template_prompt	gt_translation	chatgpt_translation	gt_prompt	gt_infl_object	chatgpt_prompt	chatgpt_infl_object	aliases
Q2096	Edmonton	Едмонтон	Q1951	Alberta	Альберта	Edmonton is the capital of Alberta .	Едмонтон - столиця Альберта.	Едмонтон - столиця 	 Едмонтон — столиця Альберти.	Едмонтон — столиця Альберти.	 Едмонтон — столиця 	Альберти	Едмонтон — столиця 	Альберти	Alberta
Q3640	Ankara	Анкара	Q43	Turkey	Туреччина	Ankara is the capital of Turkey .	Анкара - столиця Туреччина.	Анкара - столиця 	 Анкара — столиця Туреччини.	Анкара — столиця Туреччини.	 Анкара — столиця 	Туреччини	Анкара — столиця 	Туреччини	Turkey|||Турецька Республіка|||Турція
Q727	Amsterdam	Амстердам	Q55	Netherlands	Нідерланди	Amsterdam is the capital of Netherlands .	Амстердам - столиця Нідерланди.	Амстердам - столиця 	 Амстердам — столиця Нідерландів.	Амстердам — столиця Нідерландів.	 Амстердам — столиця 	Нідерландів	Амстердам — столиця 	Нідерландів	Netherlands|||Голландія
Q9248	Baku	Баку	Q227	Azerbaijan	Азербайджан	Baku is the capital of Azerbaijan .	Баку - столиця Азербайджан.	Баку - столиця 	 Баку — столиця Азербайджану.	Баку — столиця Азербайджану.	 Баку — столиця 	Азербайджану	Баку — столиця 	Азербайджану	Azerbaijan
Q85	Cairo	Каїр	Q79	Egypt	Єгипет	Cairo is the capital of Egypt .	Каїр - столиця Єгипет.	Каїр - столиця 	 Каїр — столиця Єгипту.	Каїр — столиця Єгипту.	 Каїр — столиця 	Єгипту	Каїр — столиця 	Єгипту	Egypt|||Арабська Республіка Єгипет
Q1748	Copenhagen	Копенгаген	Q35	Denmark	Данія	Copenhagen is the capital of Denmark .	Копенгаген - столиця Данія.	Копенгаген - столиця 	 Копенгаген — столиця Данії.	Копенгаген — столиця Данії.	 Копенгаген — столиця 	Данії	Копенгаген — столиця 	Данії	Denmark
Q1492	Barcelona	Барселона	Q5705	Catalonia	Каталонія	Barcelona is the capital of Catalonia .	Барселона - столиця Каталонія.	Барселона - столиця 	 Барселона — столиця Каталонії.	Барселона — столиця Каталонії.	 Барселона — столиця 	Каталонії	Барселона — столиця 	Каталонії	Catalonia
Q1486	Buenos Aires	Буенос-Айрес	Q414	Argentina	Аргентина	Buenos Aires is the capital of Argentina .	Буенос-Айрес - столиця Аргентина.	Буенос-Айрес - столиця 	 Буенос-Айрес — столиця Аргентини.	Буенос-Айрес — столиця Аргентини.	 Буенос-Айрес — столиця 	Аргентини	Буенос-Айрес — столиця 	Аргентини	Argentina|||Аргентинська Республіка
Q1726	Munich	Мюнхен	Q980	Bavaria	Баварія	Munich is the capital of Bavaria .	Мюнхен - столиця Баварія.	Мюнхен - столиця 	 Мюнхен — столиця Баварії.	Мюнхен — столиця Баварії.	 Мюнхен — столиця 	Баварії	Мюнхен — столиця 	Баварії	Bavaria
Q2044	Florence	Флоренція	Q1273	Tuscany	Тоскана	Florence is the capital of Tuscany .	Флоренція - столиця Тоскана.	Флоренція - столиця 	 Флоренція — столиця Тоскани.	Флоренція — столиця Тоскани.	 Флоренція — столиця 	Тоскани	Флоренція — столиця 	Тоскани	Tuscany
Q220	Rome	Рим	Q38	Italy	Італія	Rome is the capital of Italy .	Рим - столиця Італія.	Рим - столиця 	 Рим — столиця Італії.	Рим — столиця Італії.	 Рим — столиця 	Італії	Рим — столиця 	Італії	Italy|||Італійська Республіка
Q3561	Algiers	Алжир	Q262	Algeria	Алжир	Algiers is the capital of Algeria .	Алжир - столиця Алжир.	Алжир - столиця 	 Алжир — столиця Алжиру.	Алжир — столиця Алжиру.	 Алжир — столиця 	Алжиру	Алжир — столиця 	Алжиру	Algeria|||Алжирська Народна Демократична Республіка
Q3579	Tripoli	Триполі	Q1016	Libya	Лівія	Tripoli is the capital of Libya .	Триполі - столиця Лівія.	Триполі - столиця 	 Триполі — столиця Лівії.	Триполі — столиця Лівії.	 Триполі — столиця 	Лівії	Триполі — столиця 	Лівії	Libya|||Держава Лівія
Q12892	Antwerp	Антверпен	Q1116	Antwerp	Антверпен	Antwerp is the capital of Antwerp .	Антверпен - столиця Антверпен.	Антверпен - столиця 	 Антверпен — столиця Антверпена.	Антверпен — столиця Антверпена.	 Антверпен — столиця 	Антверпена	Антверпен — столиця 	Антверпена	Province of Antwerp
Q3114	Canberra	Канберра	Q408	Australia	Австралія	Canberra is the capital of Australia .	Канберра - столиця Австралія.	Канберра - столиця 	 Канберра — столиця Австралії.	Канберра — столиця Австралії.	 Канберра — столиця 	Австралії	Канберра — столиця 	Австралії	Australia|||Австралійський Союз|||Австралійський союз
Q3935	Windhoek	Віндгук	Q1030	Namibia	Намібія	Windhoek is the capital of Namibia .	Віндгук - столиця Намібія.	Віндгук - столиця 	 Віндгук — столиця Намібії.	Віндгук — столиця Намібії.	 Віндгук — столиця 	Намібії	Віндгук — столиця 	Намібії	Namibia|||Республіка Намібія|||Південно-Західна Африка
Q160544	Heraklion	Іракліон	Q34374	Crete	Крит	Heraklion is the capital of Crete .	Іракліон - столиця Крит.	Іракліон - столиця 	 Іракліон — столиця Криту.	Іракліон — столиця Криту.	 Іракліон — столиця 	Криту	Іракліон — столиця 	Криту	Crete|||периферія Крит|||критяни
Q1530	Baghdad	Багдад	Q796	Iraq	Ірак	Baghdad is the capital of Iraq .	Багдад - столиця Ірак.	Багдад - столиця 	 Багдад — столиця Іраку.	Багдад — столиця Іраку.	 Багдад — столиця 	Іраку	Багдад — столиця 	Іраку	Iraq|||Республіка Ірак
Q23436	Edinburgh	Единбург	Q22	Scotland	Шотландія	Edinburgh is the capital of Scotland .	Единбург - столиця Шотландія.	Единбург - столиця 	 Единбург — столиця Шотландії.	Единбург — столиця Шотландії.	 Единбург — столиця 	Шотландії	Единбург — столиця 	Шотландії	Scotland
Q5838	Kabul	Кабул	Q889	Afghanistan	Афганістан	Kabul is the capital of Afghanistan .	Кабул - столиця Афганістан.	Кабул - столиця 	 Кабул — столиця Афганістану.	Кабул — столиця Афганістану.	 Кабул — столиця 	Афганістану	Кабул — столиця 	Афганістану	Afghanistan
Q586	Bonn	Бонн	Q183	Germany	Німеччина	Bonn is the capital of Germany .	Бонн - столиця Німеччина.	Бонн - столиця 	 Бонн — столиця Німеччини.	Бонн — столиця Німеччини.	 Бонн — столиця 	Німеччини	Бонн — столиця 	Німеччини	Germany|||ФРН|||Федеративна Республіка Німеччина
Q64	Berlin	Берлін	Q183	Germany	Німеччина	Berlin is the capital of Germany .	Берлін - столиця Німеччина.	Берлін - столиця 	 Берлін — столиця Німеччини.	Берлін — столиця Німеччини.	 Берлін — столиця 	Німеччини	Берлін — столиця 	Німеччини	Germany|||ФРН|||Федеративна Республіка Німеччина
Q3799	Porto-Novo	Порто-Ново	Q962	Benin	Бенін	Porto-Novo is the capital of Benin .	Порто-Ново - столиця Бенін.	Порто-Ново - столиця 	 Порто-Ново — столиця Беніну.	Порто-Ново — столиця Беніну.	 Порто-Ново — столиця 	Беніну	Порто-Ново — столиця 	Беніну	Benin|||Республіка Бенін
Q3919	Gaborone	Габороне	Q963	Botswana	Ботсвана	Gaborone is the capital of Botswana .	Габороне - столиця Ботсвана.	Габороне - столиця 	Габороне — столиця Ботсвани.	Габороне — столиця Ботсвани.	Габороне — столиця 	Ботсвани	Габороне — столиця 	Ботсвани	Botswana|||Республіка Ботсвана
Q90	Paris	Париж	Q142	France	Франція	Paris is the capital of France .	Париж - столиця Франція.	Париж - столиця 	 Париж — столиця Франції.	Париж — столиця Франції.	 Париж — столиця 	Франції	Париж — столиця 	Франції	France|||Французька республіка|||Республіка Франція
Q1156	Mumbai	Мумбаї	Q1191	Maharashtra	Махараштра	Mumbai is the capital of Maharashtra .	Мумбаї - столиця Махараштра.	Мумбаї - столиця 	 Мумбаї — столиця штату Махараштра.	Мумбаї — столиця Махараштри.	 Мумбаї — столиця штату 	Махараштра	Мумбаї — столиця 	Махараштри	Maharashtra
Q585	Oslo	Осло	Q20	Norway	Норвегія	Oslo is the capital of Norway .	Осло - столиця Норвегія.	Осло - столиця 	 Осло — столиця Норвегії.	Осло — столиця Норвегії.	 Осло — столиця 	Норвегії	Осло — столиця 	Норвегії	Norway|||Королівство Норвегія
Q1218	Jerusalem	Єрусалим	Q48685	Judah	Юдейське царство	Jerusalem is the capital of Judah .	Єрусалим - столиця Юдейське царство.	Єрусалим - столиця 	 Єрусалим — столиця Юдеї.	Єрусалим — столиця Юдейського царства.	ERROR	ERROR	Єрусалим — столиця 	Юдейського царства	Kingdom of Judah
Q9361	Bishkek	Бішкек	Q813	Kyrgyzstan	Киргизстан	Bishkek is the capital of Kyrgyzstan .	Бішкек - столиця Киргизстан.	Бішкек - столиця 	 Бішкек — столиця Киргизстану.	Бішкек — столиця Киргизстану.	 Бішкек — столиця 	Киргизстану	Бішкек — столиця 	Киргизстану	Kyrgyzstan
Q19660	Bucharest	Бухарест	Q218	Romania	Румунія	Bucharest is the capital of Romania .	Бухарест - столиця Румунія.	Бухарест - столиця 	 Бухарест — столиця Румунії.	Бухарест — столиця Румунії.	 Бухарест — столиця 	Румунії	Бухарест — столиця 	Румунії	Romania|||Ромунія
Q3141	Melbourne	Мельбурн	Q36687	Victoria	Вікторія	Melbourne is the capital of Victoria .	Мельбурн - столиця Вікторія.	Мельбурн - столиця 	 Мельбурн — столиця штату Вікторія.	Мельбурн — столиця Вікторії.	 Мельбурн — столиця штату 	Вікторія	Мельбурн — столиця 	Вікторії	Victoria|||Штат Вікторія
Q956	Beijing	Пекін	Q865	Taiwan	Республіка Китай	Beijing is the capital of Taiwan .	Пекін - столиця Республіка Китай.	Пекін - столиця 	 Пекін — столиця Тайваню.	Пекін — столиця Республіки Китай.	ERROR	ERROR	Пекін — столиця 	Республіки Китай	Taiwan|||Тайвань|||Китайський Тайбей|||Китайська Республіка Тайвань
Q11725	Chongqing	Чунцін	Q865	Taiwan	Республіка Китай	Chongqing is the capital of Taiwan .	Чунцін - столиця Республіка Китай.	Чунцін - столиця 	 Чунцін — столиця Тайваню.	Чунцін — столиця Республіки Китай.	ERROR	ERROR	Чунцін — столиця 	Республіки Китай	Taiwan|||Тайвань|||Китайський Тайбей|||Китайська Республіка Тайвань
Q1563	Havana	Гавана	Q241	Cuba	Куба	Havana is the capital of Cuba .	Гавана - столиця Куба.	Гавана - столиця 	 Гавана — столиця Куби.	Гавана — столиця Куби.	 Гавана — столиця 	Куби	Гавана — столиця 	Куби	Cuba|||Республіка Куба
Q16554	Denver	Денвер	Q1261	Colorado	Колорадо	Denver is the capital of Colorado .	Денвер - столиця Колорадо.	Денвер - столиця 	 Денвер — столиця штату Колорадо.	Денвер — столиця Колорадо.	 Денвер — столиця штату 	Колорадо	Денвер — столиця 	Колорадо	Colorado
Q2449	Mogadishu	Могадішо	Q1045	Somalia	Сомалі	Mogadishu is the capital of Somalia .	Могадішо - столиця Сомалі.	Могадішо - столиця 	 Могадішо — столиця Сомалі.	Могадішо — столиця Сомалі.	 Могадішо — столиця 	Сомалі	Могадішо — столиця 	Сомалі	Somalia|||Федеративна Республіка Сомалі
Q10690	Cardiff	Кардіфф	Q25	Wales	Уельс	Cardiff is the capital of Wales .	Кардіфф - столиця Уельс.	Кардіфф - столиця 	 Кардіфф — столиця Уельсу.	Кардіфф — столиця Уельсу.	 Кардіфф — столиця 	Уельсу	Кардіфф — столиця 	Уельсу	Wales|||Вельс
Q1761	Dublin	Дублін	Q27	Ireland	Ірландія	Dublin is the capital of Ireland .	Дублін - столиця Ірландія.	Дублін - столиця 	 Дублін — столиця Ірландії.	Дублін — столиця Ірландії.	 Дублін — столиця 	Ірландії	Дублін — столиця 	Ірландії	Ireland|||Ірландська Республіка|||Республіка Ірландія|||Ірляндія
Q3572	Tunis	Туніс	Q948	Tunisia	Туніс	Tunis is the capital of Tunisia .	Туніс - столиця Туніс.	Туніс - столиця 	 Туніс — столиця Тунісу.	Туніс — столиця Тунісу.	 Туніс — столиця 	Тунісу	Туніс — столиця 	Тунісу	Tunisia|||Туніська Республіка
Q8678	Rio de Janeiro	Ріо-де-Жанейро	Q155	Brazil	Бразилія	Rio de Janeiro is the capital of Brazil .	Ріо-де-Жанейро - столиця Бразилія.	Ріо-де-Жанейро - столиця 	 Ріо-де-Жанейро — столиця Бразилії.	Ріо-де-Жанейро — столиця Бразилії.	 Ріо-де-Жанейро — столиця 	Бразилії	Ріо-де-Жанейро — столиця 	Бразилії	Brazil|||Бразілія|||Федеративна Республіка Бразилія
Q23800	Valletta	Валлетта	Q233	Malta	Мальта	Valletta is the capital of Malta .	Валлетта - столиця Мальта.	Валлетта - столиця 	 Валлетта — столиця Мальти.	Валлетта — столиця Мальти.	 Валлетта — столиця 	Мальти	Валлетта — столиця 	Мальти	Malta
Q84	London	Лондон	Q21	England	Англія	London is the capital of England .	Лондон - столиця Англія.	Лондон - столиця 	 Лондон — столиця Англії.	Лондон — столиця Англії.	 Лондон — столиця 	Англії	Лондон — столиця 	Англії	England
Q3551	Rabat	Рабат	Q1028	Morocco	Марокко	Rabat is the capital of Morocco .	Рабат - столиця Марокко.	Рабат - столиця 	 Рабат — столиця Марокко.	Рабат — столиця Марокко.	 Рабат — столиця 	Марокко	Рабат — столиця 	Марокко	Morocco|||Королівство Марокко|||аль-Магриб
Q1773	Riga	Рига	Q211	Latvia	Латвія	Riga is the capital of Latvia .	Рига - столиця Латвія.	Рига - столиця 	 Рига — столиця Латвії.	Рига — столиця Латвії.	 Рига — столиця 	Латвії	Рига — столиця 	Латвії	Latvia
Q3766	Damascus	Дамаск	Q858	Syria	Сирія	Damascus is the capital of Syria .	Дамаск - столиця Сирія.	Дамаск - столиця 	 Дамаск — столиця Сирії.	Дамаск — столиця Сирії.	 Дамаск — столиця 	Сирії	Дамаск — столиця 	Сирії	Syria|||Сирійська Арабська Республіка
Q1960	Dar es Salaam	Дар-ес-Салам	Q924	Tanzania	Танзанія	Dar es Salaam is the capital of Tanzania .	Дар-ес-Салам - столиця Танзанія.	Дар-ес-Салам - столиця 	 Дар-ес-Салам є столицею Танзанії.	Дар-ес-Салам — столиця Танзанії.	 Дар-ес-Салам є столицею 	Танзанії	Дар-ес-Салам — столиця 	Танзанії	Tanzania|||Об'єднана Республіка Танзанія
Q84	London	Лондон	Q179876	Kingdom of England	Королівство Англія	London is the capital of Kingdom of England .	Лондон - столиця Королівство Англія.	Лондон - столиця 	 Лондон — столиця Королівства Англія.	Лондон — столиця Королівства Англії.	 Лондон — столиця 	Королівства Англія	Лондон — столиця 	Королівства Англії	Kingdom of England
Q1754	Stockholm	Стокгольм	Q34	Sweden	Швеція	Stockholm is the capital of Sweden .	Стокгольм - столиця Швеція.	Стокгольм - столиця 	Стокгольм — столиця Швеції.	Стокгольм — столиця Швеції.	Стокгольм — столиця 	Швеції	Стокгольм — столиця 	Швеції	Sweden|||Королівство Швеція
Q1757	Helsinki	Гельсінкі	Q33	Finland	Фінляндія	Helsinki is the capital of Finland .	Гельсінкі - столиця Фінляндія.	Гельсінкі - столиця 	 Гельсінкі — столиця Фінляндії.	Гельсінкі — столиця Фінляндії.	 Гельсінкі — столиця 	Фінляндії	Гельсінкі — столиця 	Фінляндії	Finland
Q1085	Prague	Прага	Q39193	Bohemia	Богемія	Prague is the capital of Bohemia .	Прага - столиця Богемія.	Прага - столиця 	 Прага — столиця Богемії.	Прага — столиця Богемії.	 Прага — столиця 	Богемії	Прага — столиця 	Богемії	Bohemia
Q6346	Indianapolis	Індіанаполіс	Q1415	Indiana	Індіана	Indianapolis is the capital of Indiana .	Індіанаполіс - столиця Індіана.	Індіанаполіс - столиця 	 Індіанаполіс — столиця штату Індіана.	Індіанаполіс — столиця Індіани.	 Індіанаполіс — столиця штату 	Індіана	Індіанаполіс — столиця 	Індіани	Indiana
Q2807	Madrid	Мадрид	Q29	Spain	Іспанія	Madrid is the capital of Spain .	Мадрид - столиця Іспанія.	Мадрид - столиця 	 Мадрид — столиця Іспанії.	Мадрид — столиця Іспанії.	 Мадрид — столиця 	Іспанії	Мадрид — столиця 	Іспанії	Spain|||Еспанія|||Королівство Іспанія
Q1555	Guatemala City	Гватемала	Q774	Guatemala	Гватемала	Guatemala City is the capital of Guatemala .	Гватемала - столиця Гватемала.	Гватемала - столиця 	 Гватемала-Сіті — столиця Гватемали.	Гватемала — столиця Гватемали.	 Гватемала-Сіті — столиця 	Гватемали	Гватемала — столиця 	Гватемали	Guatemala
Q270	Warsaw	Варшава	Q36	Poland	Польща	Warsaw is the capital of Poland .	Варшава - столиця Польща.	Варшава - столиця 	 Варшава — столиця Польщі.	Варшава — столиця Польщі.	 Варшава — столиця 	Польщі	Варшава — столиця 	Польщі	Poland|||POL|||🇵🇱|||Республіка Польща
Q16572	Guangzhou	Гуанчжоу	Q15175	Guangdong	Гуандун	Guangzhou is the capital of Guangdong .	Гуанчжоу - столиця Гуандун.	Гуанчжоу - столиця 	 Гуанчжоу — столиця провінції Гуандун.	Гуанчжоу — столиця Гуандуну.	 Гуанчжоу — столиця провінції 	Гуандун	Гуанчжоу — столиця 	Гуандуну	Guangdong
Q1731	Dresden	Дрезден	Q1202	Saxony	Саксонія	Dresden is the capital of Saxony .	Дрезден - столиця Саксонія.	Дрезден - столиця 	 Дрезден — столиця Саксонії.	Дрезден — столиця Саксонії.	 Дрезден — столиця 	Саксонії	Дрезден — столиця 	Саксонії	Saxony|||Freistaat Sachsen|||Вільна земля Саксонія
Q34261	Port-au-Prince	Порт-о-Пренс	Q790	Haiti	Гаїті	Port-au-Prince is the capital of Haiti .	Порт-о-Пренс - столиця Гаїті.	Порт-о-Пренс - столиця 	 Порт-о-Пренс — столиця Гаїті.	Порт-о-Пренс — столиця Гаїті.	 Порт-о-Пренс — столиця 	Гаїті	Порт-о-Пренс — столиця 	Гаїті	Haiti
Q1524	Athens	Афіни	Q41	Greece	Греція	Athens is the capital of Greece .	Афіни - столиця Греція.	Афіни - столиця 	 Афіни — столиця Греції.	Афіни — столиця Греції.	 Афіни — столиця 	Греції	Афіни — столиця 	Греції	Greece
Q40191	Hobart	Гобарт	Q34366	Tasmania	Тасманія	Hobart is the capital of Tasmania .	Гобарт - столиця Тасманія.	Гобарт - столиця 	 Гобарт — столиця Тасманії.	Гобарт — столиця Тасманії.	 Гобарт — столиця 	Тасманії	Гобарт — столиця 	Тасманії	Tasmania|||Вандименова земля|||Острів Тасманія
Q1770	Tallinn	Таллінн	Q191	Estonia	Естонія	Tallinn is the capital of Estonia .	Таллінн - столиця Естонія.	Таллінн - столиця 	 Таллінн — столиця Естонії.	Таллінн — столиця Естонії.	 Таллінн — столиця 	Естонії	Таллінн — столиця 	Естонії	Estonia
Q1490	Tokyo	Токіо	Q17	Japan	Японія	Tokyo is the capital of Japan .	Токіо - столиця Японія.	Токіо - столиця 	 Токіо — столиця Японії.	Токіо — столиця Японії.	 Токіо — столиця 	Японії	Токіо — столиця 	Японії	Japan
Q1741	Vienna	Відень	Q40	Austria	Австрія	Vienna is the capital of Austria .	Відень - столиця Австрія.	Відень - столиця 	 Відень — столиця Австрії.	Відень — столиця Австрії.	 Відень — столиця 	Австрії	Відень — столиця 	Австрії	Austria|||Республіка Австрія|||Австрійська республіка
Q437	Ljubljana	Любляна	Q215	Slovenia	Словенія	Ljubljana is the capital of Slovenia .	Любляна - столиця Словенія.	Любляна - столиця 	 Любляна — столиця Словенії.	Любляна — столиця Словенії.	 Любляна — столиця 	Словенії	Любляна — столиця 	Словенії	Slovenia
Q1218	Jerusalem	Єрусалим	Q801	Israel	Ізраїль	Jerusalem is the capital of Israel .	Єрусалим - столиця Ізраїль.	Єрусалим - столиця 	 Єрусалим — столиця Ізраїлю.	Єрусалим — столиця Ізраїлю.	 Єрусалим — столиця 	Ізраїлю	Єрусалим — столиця 	Ізраїлю	Israel|||Держава Ізраїль
Q3630	Jakarta	Джакарта	Q252	Indonesia	Індонезія	Jakarta is the capital of Indonesia .	Джакарта - столиця Індонезія.	Джакарта - столиця 	 Джакарта — столиця Індонезії.	Джакарта — столиця Індонезії.	 Джакарта — столиця 	Індонезії	Джакарта — столиця 	Індонезії	Indonesia|||Республіка Індонезія
Q495	Turin	Турин	Q1216	Piedmont	П'ємонт	Turin is the capital of Piedmont .	Турин - столиця П'ємонт.	Турин - столиця 	 Турин — столиця П'ємонту.	Турин — столиця П'ємонту.	 Турин — столиця 	П'ємонту	Турин — столиця 	П'ємонту	Piedmont
Q3870	Nairobi	Найробі	Q114	Kenya	Кенія	Nairobi is the capital of Kenya .	Найробі - столиця Кенія.	Найробі - столиця 	 Найробі — столиця Кенії.	Найробі — столиця Кенії.	 Найробі — столиця 	Кенії	Найробі — столиця 	Кенії	Kenya|||Республіка Кенія
Q1865	Kuala Lumpur	Куала-Лумпур	Q833	Malaysia	Малайзія	Kuala Lumpur is the capital of Malaysia .	Куала-Лумпур - столиця Малайзія.	Куала-Лумпур - столиця 	 Куала-Лумпур є столицею Малайзії.	Куала-Лумпур — столиця Малайзії.	 Куала-Лумпур є столицею 	Малайзії	Куала-Лумпур — столиця 	Малайзії	Malaysia
Q1362	Islamabad	Ісламабад	Q843	Pakistan	Пакистан	Islamabad is the capital of Pakistan .	Ісламабад - столиця Пакистан.	Ісламабад - столиця 	 Ісламабад — столиця Пакистану.	Ісламабад — столиця Пакистану.	 Ісламабад — столиця 	Пакистану	Ісламабад — столиця 	Пакистану	Pakistan|||Ісламська Республіка Пакистан|||Пакістан
Q3037	Kathmandu	Катманду	Q837	Nepal	Непал	Kathmandu is the capital of Nepal .	Катманду - столиця Непал.	Катманду - столиця 	 Катманду — столиця Непалу.	Катманду — столиця Непалу.	 Катманду — столиця 	Непалу	Катманду — столиця 	Непалу	Nepal
Q1963	Khartoum	Хартум	Q1049	Sudan	Судан	Khartoum is the capital of Sudan .	Хартум - столиця Судан.	Хартум - столиця 	 Хартум — столиця Судану.	Хартум — столиця Судану.	 Хартум — столиця 	Судану	Хартум — столиця 	Судану	Sudan|||Республіка Судан
Q216	Vilnius	Вільнюс	Q37	Lithuania	Литва	Vilnius is the capital of Lithuania .	Вільнюс - столиця Литва.	Вільнюс - столиця 	Вільнюс — столиця Литви.	Вільнюс — столиця Литви.	Вільнюс — столиця 	Литви	Вільнюс — столиця 	Литви	Lithuania
Q3820	Beirut	Бейрут	Q822	Lebanon	Ліван	Beirut is the capital of Lebanon .	Бейрут - столиця Ліван.	Бейрут - столиця 	 Бейрут — столиця Лівану.	Бейрут — столиця Лівану.	 Бейрут — столиця 	Лівану	Бейрут — столиця 	Лівану	Lebanon|||Ліва́нська Респу́бліка
Q597	Lisbon	Лісабон	Q45	Portugal	Португалія	Lisbon is the capital of Portugal .	Лісабон - столиця Португалія.	Лісабон - столиця 	 Лісабон — столиця Португалії.	Лісабон — столиця Португалії.	 Лісабон — столиця 	Португалії	Лісабон — столиця 	Португалії	Portugal|||Португальська Республіка
Q3897	Luanda	Луанда	Q916	Angola	Ангола	Luanda is the capital of Angola .	Луанда - столиця Ангола.	Луанда - столиця 	 Луанда — столиця Анголи.	Луанда — столиця Анголи.	 Луанда — столиця 	Анголи	Луанда — столиця 	Анголи	Angola|||Республіка Ангола
Q649	Moscow	Москва	Q159	Russia	Росія	Moscow is the capital of Russia .	Москва - столиця Росія.	Москва - столиця 	 Москва — столиця Росії.	Москва — столиця Росії.	 Москва — столиця 	Росії	Москва — столиця 	Росії	Russia|||РФ|||Росія
Q2135	Winnipeg	Вінніпег	Q1948	Manitoba	Манітоба	Winnipeg is the capital of Manitoba .	Вінніпег - столиця Манітоба.	Вінніпег - столиця 	 Вінніпег — столиця Манітоби.	Вінніпег — столиця Манітоби.	 Вінніпег — столиця 	Манітоби	Вінніпег — столиця 	Манітоби	Manitoba
Q3876	Lilongwe	Лілонгве	Q1020	Malawi	Малаві	Lilongwe is the capital of Malawi .	Лілонгве - столиця Малаві.	Лілонгве - столиця 	 Лілонгве — столиця Малаві.	Лілонгве — столиця Малаві.	 Лілонгве — столиця 	Малаві	Лілонгве — столиця 	Малаві	Malawi|||Республіка Малаві
Q1489	Mexico City	Мехіко	Q96	Mexico	Мексика	Mexico City is the capital of Mexico .	Мехіко - столиця Мексика.	Мехіко - столиця 	 Мехіко — столиця Мексики.	Мехіко — столиця Мексики.	 Мехіко — столиця 	Мексики	Мехіко — столиця 	Мексики	Mexico|||Сполучені Штати Мексики|||Мексиканські Сполучені Штати
Q3889	Maputo	Мапуту	Q1029	Mozambique	Мозамбік	Maputo is the capital of Mozambique .	Мапуту - столиця Мозамбік.	Мапуту - столиця 	 Мапуту — столиця Мозамбіку.	Мапуту — столиця Мозамбіку.	 Мапуту — столиця 	Мозамбіку	Мапуту — столиця 	Мозамбіку	Mozambique|||Республіка Мозамбік
Q100	Boston	Бостон	Q771	Massachusetts	Массачусетс	Boston is the capital of Massachusetts .	Бостон - столиця Массачусетс.	Бостон - столиця 	 Бостон — столиця штату Массачусетс.	Бостон — столиця Массачусетсу.	 Бостон — столиця штату 	Массачусетс	Бостон — столиця 	Массачусетсу	Massachusetts
Q1930	Ottawa	Оттава	Q16	Canada	Канада	Ottawa is the capital of Canada .	Оттава - столиця Канада.	Оттава - столиця 	 Оттава — столиця Канади.	Оттава — столиця Канади.	 Оттава — столиця 	Канади	Оттава — столиця 	Канади	Canada|||Canada
Q1335	Montevideo	Монтевідео	Q77	Uruguay	Уругвай	Montevideo is the capital of Uruguay .	Монтевідео - столиця Уругвай.	Монтевідео - столиця 	 Монтевідео — столиця Уругваю.	Монтевідео — столиця Уругваю.	 Монтевідео — столиця 	Уругваю	Монтевідео — столиця 	Уругваю	Uruguay
Q3882	Manama	Манама	Q398	Bahrain	Бахрейн	Manama is the capital of Bahrain .	Манама - столиця Бахрейн.	Манама - столиця 	 Манама — столиця Бахрейну.	Манама — столиця Бахрейну.	 Манама — столиця 	Бахрейну	Манама — столиця 	Бахрейну	Bahrain
Q1355	Bengaluru	Бенгалуру	Q1185	Karnataka	Карнатака	Bengaluru is the capital of Karnataka .	Бенгалуру - столиця Карнатака.	Бенгалуру - столиця 	 Бенгалуру — столиця штату Карнатака.	Бенгалуру — столиця Карнатаки.	 Бенгалуру — столиця штату 	Карнатака	Бенгалуру — столиця 	Карнатаки	Karnataka
Q1781	Budapest	Будапешт	Q28	Hungary	Угорщина	Budapest is the capital of Hungary .	Будапешт - столиця Угорщина.	Будапешт - столиця 	 Будапешт — столиця Угорщини.	Будапешт — столиця Угорщини.	 Будапешт — столиця 	Угорщини	Будапешт — столиця 	Угорщини	Hungary|||Мадярщина
Q3238	Tegucigalpa	Тегусігальпа	Q783	Honduras	Гондурас	Tegucigalpa is the capital of Honduras .	Тегусігальпа - столиця Гондурас.	Тегусігальпа - столиця 	 Тегусігальпа - столиця Гондурасу.	Тегусігальпа — столиця Гондурасу.	 Тегусігальпа - столиця 	Гондурасу	Тегусігальпа — столиця 	Гондурасу	Honduras|||Республіка Гондурас
Q11910	Gandhinagar	Гандінагар	Q1061	Gujarat	Гуджарат	Gandhinagar is the capital of Gujarat .	Гандінагар - столиця Гуджарат.	Гандінагар - столиця 	 Гандінагар — столиця штату Гуджарат.	Гандінагар — столиця Гуджарату.	 Гандінагар — столиця штату 	Гуджарат	Гандінагар — столиця 	Гуджарату	Gujarat
Q23564	Podgorica	Подгориця	Q236	Montenegro	Чорногорія	Podgorica is the capital of Montenegro .	Подгориця - столиця Чорногорія.	Подгориця - столиця 	 Подгориця — столиця Чорногорії.	Подгориця — столиця Чорногорії.	 Подгориця — столиця 	Чорногорії	Подгориця — столиця 	Чорногорії	Montenegro
Q172	Toronto	Торонто	Q1904	Ontario	Онтаріо	Toronto is the capital of Ontario .	Торонто - столиця Онтаріо.	Торонто - столиця 	 Торонто — столиця Онтаріо.	Торонто — столиця Онтаріо.	 Торонто — столиця 	Онтаріо	Торонто — столиця 	Онтаріо	Ontario
Q3306	Panama City	Панама	Q804	Panama	Панама	Panama City is the capital of Panama .	Панама - столиця Панама.	Панама - столиця 	 Панама-Сіті — столиця Панами.	Панама — столиця Панами.	 Панама-Сіті — столиця 	Панами	Панама — столиця 	Панами	Panama
Q3718	Dakar	Дакар	Q1041	Senegal	Сенегал	Dakar is the capital of Senegal .	Дакар - столиця Сенегал.	Дакар - столиця 	 Дакар — столиця Сенегалу.	Дакар — столиця Сенегалу.	 Дакар — столиця 	Сенегалу	Дакар — столиця 	Сенегалу	Senegal
Q8673	Lagos	Лагос	Q1033	Nigeria	Нігерія	Lagos is the capital of Nigeria .	Лагос - столиця Нігерія.	Лагос - столиця 	 Лагос — столиця Нігерії.	Лагос — столиця Нігерії.	 Лагос — столиця 	Нігерії	Лагос — столиця 	Нігерії	Nigeria|||Федеративна Республіка Нігерія
Q1861	Bangkok	Бангкок	Q869	Thailand	Таїланд	Bangkok is the capital of Thailand .	Бангкок - столиця Таїланд.	Бангкок - столиця 	 Бангкок — столиця Таїланду.	Бангкок — столиця Таїланду.	 Бангкок — столиця 	Таїланду	Бангкок — столиця 	Таїланду	Thailand|||Королівство Таїланд
Q2887	Santiago	Сантьяго	Q298	Chile	Чилі	Santiago is the capital of Chile .	Сантьяго - столиця Чилі.	Сантьяго - столиця 	Сантьяго — столиця Чилі.	Сантьяго — столиця Чилі.	Сантьяго — столиця 	Чилі	Сантьяго — столиця 	Чилі	Chile|||Чілі
Q987	New Delhi	Нью-Делі	Q668	India	Індія	New Delhi is the capital of India .	Нью-Делі - столиця Індія.	Нью-Делі - столиця 	 Нью-Делі — столиця Індії.	Нью-Делі — столиця Індії.	 Нью-Делі — столиця 	Індії	Нью-Делі — столиця 	Індії	India|||Республіка Індія|||Бгарат
Q3711	Belgrade	Белград	Q403	Serbia	Сербія	Belgrade is the capital of Serbia .	Белград - столиця Сербія.	Белград - столиця 	 Белград — столиця Сербії.	Белград — столиця Сербії.	 Белград — столиця 	Сербії	Белград — столиця 	Сербії	Serbia|||SRB|||RS
Q1897	Cagliari	Кальярі	Q1462	Sardinia	Сардинія	Cagliari is the capital of Sardinia .	Кальярі - столиця Сардинія.	Кальярі - столиця 	 Кальярі — столиця Сардинії.	Кальярі — столиця Сардинії.	 Кальярі — столиця 	Сардинії	Кальярі — столиця 	Сардинії	Sardinia
Q1533	Caracas	Каракас	Q717	Venezuela	Венесуела	Caracas is the capital of Venezuela .	Каракас - столиця Венесуела.	Каракас - столиця 	 Каракас — столиця Венесуели.	Каракас — столиця Венесуели.	 Каракас — столиця 	Венесуели	Каракас — столиця 	Венесуели	Venezuela|||Боліварианська Республіка Венесуела
Q3856	Nicosia	Нікосія	Q229	Cyprus	Кіпр	Nicosia is the capital of Cyprus .	Нікосія - столиця Кіпр.	Нікосія - столиця 	 Нікосія — столиця Кіпру.	Нікосія — столиця Кіпру.	 Нікосія — столиця 	Кіпру	Нікосія — столиця 	Кіпру	Cyprus
Q1899	Kiev	Київ	Q212	Ukraine	Україна	Kiev is the capital of Ukraine .	Київ - столиця Україна.	Київ - столиця 	 Київ — столиця України.	Київ — столиця України.	 Київ — столиця 	України	Київ — столиця 	України	Ukraine|||Вкраїна|||🇺🇦|||ua|||Ukraina|||Ukraïna
Q1867	Taipei	Тайбей	Q865	Taiwan	Республіка Китай	Taipei is the capital of Taiwan .	Тайбей - столиця Республіка Китай.	Тайбей - столиця 	 Тайбей — столиця Тайваню.	Тайбей — столиця Республіки Китай.	ERROR	ERROR	Тайбей — столиця 	Республіки Китай	Taiwan|||Тайвань|||Китайський Тайбей|||Китайська Республіка Тайвань
Q3787	Abuja	Абуджа	Q1033	Nigeria	Нігерія	Abuja is the capital of Nigeria .	Абуджа - столиця Нігерія.	Абуджа - столиця 	 Абуджа — столиця Нігерії.	Абуджа — столиця Нігерії.	 Абуджа — столиця 	Нігерії	Абуджа — столиця 	Нігерії	Nigeria|||Федеративна Республіка Нігерія
Q472	Sofia	Софія	Q219	Bulgaria	Болгарія	Sofia is the capital of Bulgaria .	Софія - столиця Болгарія.	Софія - столиця 	 Софія — столиця Болгарії.	Софія — столиця Болгарії.	 Софія — столиця 	Болгарії	Софія — столиця 	Болгарії	Bulgaria|||Республіка Болгарія|||Болгарщина
Q23337	Salt Lake City	Солт-Лейк-Сіті	Q829	Utah	Юта	Salt Lake City is the capital of Utah .	Солт-Лейк-Сіті - столиця Юта.	Солт-Лейк-Сіті - столиця 	 Солт-Лейк-Сіті — столиця штату Юта.	Солт-Лейк-Сіті — столиця Юти.	 Солт-Лейк-Сіті — столиця штату 	Юта	ERROR	ERROR	Utah
Q2656	Palermo	Палермо	Q1460	Sicily	Сицилія	Palermo is the capital of Sicily .	Палермо - столиця Сицилія.	Палермо - столиця 	 Палермо — столиця Сицилії.	Палермо — столиця Сицилії.	 Палермо — столиця 	Сицилії	Палермо — столиця 	Сицилії	Sicily
Q3616	Tehran	Тегеран	Q794	Iran	Іран	Tehran is the capital of Iran .	Тегеран - столиця Іран.	Тегеран - столиця 	 Тегеран — столиця Ірану.	Тегеран — столиця Ірану.	 Тегеран — столиця 	Ірану	Тегеран — столиця 	Ірану	Iran|||Персія|||Джомгурі-йе Еслɒмі-йє Ірɒн|||Ісламська Республіка Іран
Q2145	Quebec City	Квебек	Q176	Quebec	Квебек	Quebec City is the capital of Quebec .	Квебек - столиця Квебек.	Квебек - столиця 	 Квебек-Сіті — столиця Квебеку.	Квебек — столиця Квебеку.	 Квебек-Сіті — столиця 	Квебеку	Квебек — столиця 	Квебеку	Quebec|||Кубек
Q1085	Prague	Прага	Q33946	Czechoslovakia	Чехословаччина	Prague is the capital of Czechoslovakia .	Прага - столиця Чехословаччина.	Прага - столиця 	 Прага — столиця Чехословаччини.	Прага — столиця Чехословаччини.	 Прага — столиця 	Чехословаччини	Прага — столиця 	Чехословаччини	Czechoslovakia|||Чехословацька Республіка|||ЧСР|||ЧССР|||Чехо-Словацька Федеративна Республіка|||Чехо-Словацька Республіка|||Чехо-Словаччина
Q1354	Dhaka	Дакка	Q902	Bangladesh	Бангладеш	Dhaka is the capital of Bangladesh .	Дакка - столиця Бангладеш.	Дакка - столиця 	 Дакка — столиця Бангладеш.	Дакка — столиця Бангладешу.	 Дакка — столиця 	Бангладеш	Дакка — столиця 	Бангладешу	Bangladesh
Q34932	Brisbane	Брисбен	Q36074	Queensland	Квінсленд	Brisbane is the capital of Queensland .	Брисбен - столиця Квінсленд.	Брисбен - столиця 	 Брісбен — столиця Квінсленду.	Брисбен — столиця Квінсленду.	 Брісбен — столиця 	Квінсленду	Брисбен — столиця 	Квінсленду	Queensland
Q3921	Harare	Хараре	Q954	Zimbabwe	Зімбабве	Harare is the capital of Zimbabwe .	Хараре - столиця Зімбабве.	Хараре - столиця 	 Хараре — столиця Зімбабве.	Хараре — столиця Зімбабве.	 Хараре — столиця 	Зімбабве	Хараре — столиця 	Зімбабве	Zimbabwe|||Республіка Зімбабве|||Південна Родезія
Q47465	Aix-en-Provence	Екс-ан-Прованс	Q101081	Provence	Прованс	Aix-en-Provence is the capital of Provence .	Екс-ан-Прованс - столиця Прованс.	Екс-ан-Прованс - столиця 	 Екс-ан-Прованс — столиця Провансу.	Екс-ан-Прованс — столиця Провансу.	 Екс-ан-Прованс — столиця 	Провансу	Екс-ан-Прованс — столиця 	Провансу	Provence
Q3748	Monrovia	Монровія	Q1014	Liberia	Ліберія	Monrovia is the capital of Liberia .	Монровія - столиця Ліберія.	Монровія - столиця 	 Монровія — столиця Ліберії.	Монровія — столиця Ліберії.	 Монровія — столиця 	Ліберії	Монровія — столиця 	Ліберії	Liberia|||Республіка Ліберія
Q70	Bern	Берн	Q39	Switzerland	Швейцарія	Bern is the capital of Switzerland .	Берн - столиця Швейцарія.	Берн - столиця 	 Берн — столиця Швейцарії.	Берн — столиця Швейцарії.	 Берн — столиця 	Швейцарії	Берн — столиця 	Швейцарії	Switzerland|||Швейцарська Конфедерація|||Швайцарія|||Швайцарська Конфедерація|||SUI|||Schweiz|||Suisse|||Svizzera|||Svizra|||Гельвеція|||🇨🇭|||Confœderatio Helvetica|||Гельветійська Конфедерація|||Конфедерація Гельвеція
Q3624	Addis Ababa	Аддис-Абеба	Q115	Ethiopia	Ефіопія	Addis Ababa is the capital of Ethiopia .	Аддис-Абеба - столиця Ефіопія.	Аддис-Абеба - столиця 	 Аддіс-Абеба - столиця Ефіопії.	Аддис-Абеба — столиця Ефіопії.	 Аддіс-Абеба - столиця 	Ефіопії	Аддис-Абеба — столиця 	Ефіопії	Ethiopia|||Федеративна Демократична Республіка Ефіопія
Q1435	Zagreb	Загреб	Q224	Croatia	Хорватія	Zagreb is the capital of Croatia .	Загреб - столиця Хорватія.	Загреб - столиця 	 Загреб — столиця Хорватії.	Загреб — столиця Хорватії.	 Загреб — столиця 	Хорватії	Загреб — столиця 	Хорватії	Croatia
Q1850	Phnom Penh	Пномпень	Q424	Cambodia	Камбоджа	Phnom Penh is the capital of Cambodia .	Пномпень - столиця Камбоджа.	Пномпень - столиця 	Пномпень — столиця Камбоджі.	Пномпень — столиця Камбоджі.	Пномпень — столиця 	Камбоджі	Пномпень — столиця 	Камбоджі	Cambodia
Q9365	Dushanbe	Душанбе	Q863	Tajikistan	Таджикистан	Dushanbe is the capital of Tajikistan .	Душанбе - столиця Таджикистан.	Душанбе - столиця 	 Душанбе — столиця Таджикистану.	Душанбе — столиця Таджикистану.	 Душанбе — столиця 	Таджикистану	Душанбе — столиця 	Таджикистану	Tajikistan
Q28237	Lansing	Лансинг	Q1166	Michigan	Мічиган	Lansing is the capital of Michigan .	Лансинг - столиця Мічиган.	Лансинг - столиця 	 Лансінг — столиця штату Мічиган.	Лансинг — столиця Мічигану.	 Лансінг — столиця штату 	Мічиган	Лансинг — столиця 	Мічигану	Michigan
Q220445	Kuching	Кучінг	Q170462	Sarawak	Саравак	Kuching is the capital of Sarawak .	Кучінг - столиця Саравак.	Кучінг - столиця 	 Кучінг — столиця Саравака.	Кучінг — столиця Саравака.	 Кучінг — столиця 	Саравака	Кучінг — столиця 	Саравака	Sarawak
Q1461	Manila	Маніла	Q928	Philippines	Філіппіни	Manila is the capital of Philippines .	Маніла - столиця Філіппіни.	Маніла - столиця 	 Маніла — столиця Філіппін.	Маніла — столиця Філіппін.	 Маніла — столиця 	Філіппін	Маніла — столиця 	Філіппін	Philippines|||Республіка Філіппіни
Q189960	Westminster	Вестмінстер	Q179876	Kingdom of England	Королівство Англія	Westminster is the capital of Kingdom of England .	Вестмінстер - столиця Королівство Англія.	Вестмінстер - столиця 	 Вестмінстер — столиця Королівства Англія.	Вестмінстер — столиця Королівства Англії.	 Вестмінстер — столиця 	Королівства Англія	Вестмінстер — столиця 	Королівства Англії	Kingdom of England
Q2900	Quito	Кіто	Q736	Ecuador	Еквадор	Quito is the capital of Ecuador .	Кіто - столиця Еквадор.	Кіто - столиця 	 Кіто — столиця Еквадору.	Кіто — столиця Еквадору.	 Кіто — столиця 	Еквадору	Кіто — столиця 	Еквадору	Ecuador|||Республіка Еквадор|||Ecuador|||República del Ecuador|||ECU|||EC|||ecu|||ec
Q83065	Leicester	Лестер	Q23106	Leicestershire	Лестершир	Leicester is the capital of Leicestershire .	Лестер - столиця Лестершир.	Лестер - столиця 	 Лестер — столиця Лестерширу.	Лестер — столиця Лестерширу.	 Лестер — столиця 	Лестерширу	Лестер — столиця 	Лестерширу	Leicestershire
Q182852	Kunming	Куньмін	Q43194	Yunnan	Юньнань	Kunming is the capital of Yunnan .	Куньмін - столиця Юньнань.	Куньмін - столиця 	 Куньмін — столиця провінції Юньнань.	Куньмін — столиця Юньнаню.	 Куньмін — столиця провінції 	Юньнань	Куньмін — столиця 	Юньнаню	Yunnan|||Провінція Юньнань
Q3274	Managua	Манагуа	Q811	Nicaragua	Нікарагуа	Managua is the capital of Nicaragua .	Манагуа - столиця Нікарагуа.	Манагуа - столиця 	 Манагуа — столиця Нікарагуа.	Манагуа — столиця Нікарагуа.	 Манагуа — столиця 	Нікарагуа	Манагуа — столиця 	Нікарагуа	Nicaragua|||Нікарагва
Q549761	Warwick	Ворик	Q23140	Warwickshire	Ворикшир	Warwick is the capital of Warwickshire .	Ворик - столиця Ворикшир.	Ворик - столиця 	 Ворік — столиця графства Ворікшир.	Ворик — столиця Ворикширу.	 Ворік — столиця графства 	Ворікшир	Ворик — столиця 	Ворикширу	Warwickshire
Q2907	Sucre	Сукре	Q750	Bolivia	Болівія	Sucre is the capital of Bolivia .	Сукре - столиця Болівія.	Сукре - столиця 	 Сукре — столиця Болівії.	Сукре — столиця Болівії.	 Сукре — столиця 	Болівії	Сукре — столиця 	Болівії	Bolivia
Q18094	Honolulu	Гонолулу	Q782	Hawaii	Гаваї	Honolulu is the capital of Hawaii .	Гонолулу - столиця Гаваї.	Гонолулу - столиця 	 Гонолулу — столиця Гаваїв.	Гонолулу — столиця Гаваїв.	ERROR	ERROR	ERROR	ERROR	Hawaii
Q9326	Vientiane	В'єнтьян	Q819	Laos	Лаос	Vientiane is the capital of Laos .	В'єнтьян - столиця Лаос.	В'єнтьян - столиця 	 В'єнтьян — столиця Лаосу.	В'єнтьян — столиця Лаосу.	 В'єнтьян — столиця 	Лаосу	В'єнтьян — столиця 	Лаосу	Laos
Q30002	Chengdu	Ченду	Q19770	Sichuan	Сичуань	Chengdu is the capital of Sichuan .	Ченду - столиця Сичуань.	Ченду - столиця 	 Ченду — столиця провінції Сичуань.	Ченду — столиця Сичуані.	 Ченду — столиця провінції 	Сичуань	Ченду — столиця 	Сичуані	Sichuan
Q10305	Zaragoza	Сарагоса	Q4040	Aragon	Арагон	Zaragoza is the capital of Aragon .	Сарагоса - столиця Арагон.	Сарагоса - столиця 	 Сарагоса — столиця Арагона.	Сарагоса — столиця Арагону.	 Сарагоса — столиця 	Арагона	Сарагоса — столиця 	Арагону	Aragon
Q213474	Aylesbury	Айлзбері	Q23229	Buckinghamshire	Бакінгемшир	Aylesbury is the capital of Buckinghamshire .	Айлзбері - столиця Бакінгемшир.	Айлзбері - столиця 	 Ейлсбері — столиця графства Бакінгемшир.	Айлзбері — столиця Бакінгемширу.	 Ейлсбері — столиця графства 	Бакінгемшир	Айлзбері — столиця 	Бакінгемширу	Buckinghamshire
Q34217	Oxford	Оксфорд	Q23169	Oxfordshire	Оксфордшир	Oxford is the capital of Oxfordshire .	Оксфорд - столиця Оксфордшир.	Оксфорд - столиця 	 Оксфорд — столиця Оксфордширу.	Оксфорд — столиця Оксфордширу.	 Оксфорд — столиця 	Оксфордширу	Оксфорд — столиця 	Оксфордширу	Oxfordshire
Q43433	Chandigarh	Чандігарх	Q1174	Haryana	Хар'яна	Chandigarh is the capital of Haryana .	Чандігарх - столиця Хар'яна.	Чандігарх - столиця 	 Чандігарх — столиця штату Хар'яна.	Чандігарх — столиця Хар'яни.	 Чандігарх — столиця штату 	Хар'яна	Чандігарх — столиця 	Хар'яни	Haryana
Q3674	Niamey	Ніамей	Q1032	Niger	Нігер	Niamey is the capital of Niger .	Ніамей - столиця Нігер.	Ніамей - столиця 	 Ніамей — столиця Нігеру.	Ніамей — столиця Нігеру.	 Ніамей — столиця 	Нігеру	Ніамей — столиця 	Нігеру	Niger|||Республіка Нігер
Q16666	Nanjing	Нанкін	Q865	Taiwan	Республіка Китай	Nanjing is the capital of Taiwan .	Нанкін - столиця Республіка Китай.	Нанкін - столиця 	 Нанкін — столиця Тайваню.	Нанкін — столиця Республіки Китай.	ERROR	ERROR	Нанкін — столиця 	Республіки Китай	Taiwan|||Тайвань|||Китайський Тайбей|||Китайська Республіка Тайвань
Q3861	Doha	Доха	Q846	Qatar	Катар	Doha is the capital of Qatar .	Доха - столиця Катар.	Доха - столиця 	 Доха — столиця Катару.	Доха — столиця Катару.	 Доха — столиця 	Катару	Доха — столиця 	Катару	Qatar
Q3921	Harare	Хараре	Q217169	Rhodesia	Родезія	Harare is the capital of Rhodesia .	Хараре - столиця Родезія.	Хараре - столиця 	 Хараре — столиця Родезії.	Хараре — столиця Родезії.	 Хараре — столиця 	Родезії	Хараре — столиця 	Родезії	Rhodesia
Q36260	Apia	Апіа	Q683	Samoa	Самоа	Apia is the capital of Samoa .	Апіа - столиця Самоа.	Апіа - столиця 	Апіа — столиця Самоа.	Апіа — столиця Самоа.	Апіа — столиця 	Самоа	Апіа — столиця 	Самоа	Samoa
Q1780	Bratislava	Братислава	Q214	Slovakia	Словаччина	Bratislava is the capital of Slovakia .	Братислава - столиця Словаччина.	Братислава - столиця 	 Братислава — столиця Словаччини.	Братислава — столиця Словаччини.	 Братислава — столиця 	Словаччини	Братислава — столиця 	Словаччини	Slovakia|||Словацька Республіка
Q137271	Kota Kinabalu	Кота-Кінабалу	Q179029	Sabah	Сабах	Kota Kinabalu is the capital of Sabah .	Кота-Кінабалу - столиця Сабах.	Кота-Кінабалу - столиця 	 Кота-Кінабалу — столиця штату Сабах.	Кота-Кінабалу — столиця Сабаху.	 Кота-Кінабалу — столиця штату 	Сабах	Кота-Кінабалу — столиця 	Сабаху	Sabah
Q269	Tashkent	Ташкент	Q265	Uzbekistan	Узбекистан	Tashkent is the capital of Uzbekistan .	Ташкент - столиця Узбекистан.	Ташкент - столиця 	 Ташкент — столиця Узбекистану.	Ташкент — столиця Узбекистану.	 Ташкент — столиця 	Узбекистану	Ташкент — столиця 	Узбекистану	Uzbekistan|||Респу́бліка Узбекиста́н
Q3866	Dodoma	Додома	Q924	Tanzania	Танзанія	Dodoma is the capital of Tanzania .	Додома - столиця Танзанія.	Додома - столиця 	 Додома - столиця Танзанії.	Додома — столиця Танзанії.	 Додома - столиця 	Танзанії	Додома — столиця 	Танзанії	Tanzania|||Об'єднана Республіка Танзанія
Q19689	Tirana	Тирана	Q222	Albania	Албанія	Tirana is the capital of Albania .	Тирана - столиця Албанія.	Тирана - столиця 	 Тирана — столиця Албанії.	Тирана — столиця Албанії.	 Тирана — столиця 	Албанії	Тирана — столиця 	Албанії	Albania|||Республіка Албанія|||Альбанїя
Q3894	Kampala	Кампала	Q1036	Uganda	Уганда	Kampala is the capital of Uganda .	Кампала - столиця Уганда.	Кампала - столиця 	 Кампала — столиця Уганди.	Кампала — столиця Уганди.	 Кампала — столиця 	Уганди	Кампала — столиця 	Уганди	Uganda|||Республіка Уганда
Q1858	Hanoi	Ханой	Q881	Vietnam	В'єтнам	Hanoi is the capital of Vietnam .	Ханой - столиця В'єтнам.	Ханой - столиця 	 Ханой — столиця В'єтнаму.	Ханой — столиця В'єтнаму.	ERROR	ERROR	ERROR	ERROR	Vietnam|||Соціалістична Республіка В'єтнам
Q131694	Aden	Аден	Q805	Yemen	Ємен	Aden is the capital of Yemen .	Аден - столиця Ємен.	Аден - столиця 	 Аден — столиця Ємену.	Аден — столиця Ємену.	 Аден — столиця 	Ємену	Аден — столиця 	Ємену	Yemen
Q3881	Lusaka	Лусака	Q953	Zambia	Замбія	Lusaka is the capital of Zambia .	Лусака - столиця Замбія.	Лусака - столиця 	 Лусака — столиця Замбії.	Лусака — столиця Замбії.	 Лусака — столиця 	Замбії	Лусака — столиця 	Замбії	Zambia|||Республіка Замбія|||Північна Родезія
Q1953	Yerevan	Єреван	Q399	Armenia	Вірменія	Yerevan is the capital of Armenia .	Єреван - столиця Вірменія.	Єреван - столиця 	 Єреван — столиця Вірменії.	Єреван — столиця Вірменії.	 Єреван — столиця 	Вірменії	Єреван — столиця 	Вірменії	Armenia
Q35178	Kuwait City	Ель-Кувейт	Q817	Kuwait	Кувейт	Kuwait City is the capital of Kuwait .	Ель-Кувейт - столиця Кувейт.	Ель-Кувейт - столиця 	 Кувейт — столиця Кувейту.	Ель-Кувейт — столиця Кувейту.	 Кувейт — столиця 	Кувейту	Ель-Кувейт — столиця 	Кувейту	Kuwait
Q3929	Port Louis	Порт-Луї	Q1027	Mauritius	Маврикій	Port Louis is the capital of Mauritius .	Порт-Луї - столиця Маврикій.	Порт-Луї - столиця 	 Порт-Луї — столиця Маврикію.	Порт-Луї — столиця Маврикія.	 Порт-Луї — столиця 	Маврикію	Порт-Луї — столиця 	Маврикія	Mauritius|||Республіка Маврикій
Q3761	Accra	Аккра	Q117	Ghana	Гана	Accra is the capital of Ghana .	Аккра - столиця Гана.	Аккра - столиця 	 Аккра — столиця Гани.	Аккра — столиця Гани.	 Аккра — столиця 	Гани	Аккра — столиця 	Гани	Ghana|||Республіка Гана|||Золотий Берег
Q66485	Jaipur	Джайпур	Q1437	Rajasthan	Раджастхан	Jaipur is the capital of Rajasthan .	Джайпур - столиця Раджастхан.	Джайпур - столиця 	 Джайпур — столиця Раджастану.	Джайпур — столиця Раджастхану.	 Джайпур — столиця 	Раджастану	Джайпур — столиця 	Раджастхану	Rajasthan
Q2280	Minsk	Мінськ	Q184	Belarus	Білорусь	Minsk is the capital of Belarus .	Мінськ - столиця Білорусь.	Мінськ - столиця 	 Мінськ — столиця Білорусі.	Мінськ — столиця Білорусі.	 Мінськ — столиця 	Білорусі	Мінськ — столиця 	Білорусі	Belarus|||Республіка Білорусь|||РБ|||🇧🇾
Q39709	Des Moines	Де-Мойн	Q1546	Iowa	Айова	Des Moines is the capital of Iowa .	Де-Мойн - столиця Айова.	Де-Мойн - столиця 	 Де-Мойн — столиця штату Айова.	Де-Мойн — столиця Айови.	 Де-Мойн — столиця штату 	Айова	Де-Мойн — столиця 	Айови	Iowa
Q80484	Patna	Патна	Q1165	Bihar	Біхар	Patna is the capital of Bihar .	Патна - столиця Біхар.	Патна - столиця 	 Патна — столиця штату Біхар.	Патна — столиця Біхару.	 Патна — столиця штату 	Біхар	Патна — столиця 	Біхару	Bihar
Q28218	Baton Rouge	Батон-Руж	Q1588	Louisiana	Луїзіана	Baton Rouge is the capital of Louisiana .	Батон-Руж - столиця Луїзіана.	Батон-Руж - столиця 	 Батон-Руж — столиця Луїзіани.	Батон-Руж — столиця Луїзіани.	 Батон-Руж — столиця 	Луїзіани	Батон-Руж — столиця 	Луїзіани	Louisiana
Q7568	Yogyakarta	Джок'якарта	Q252	Indonesia	Індонезія	Yogyakarta is the capital of Indonesia .	Джок'якарта - столиця Індонезія.	Джок'якарта - столиця 	 Джок'якарта — столиця Індонезії.	Джок'якарта — столиця Індонезії.	 Джок'якарта — столиця 	Індонезії	Джок'якарта — столиця 	Індонезії	Indonesia|||Республіка Індонезія
Q1520	Nur-Sultan	Нур-Султан	Q232	Kazakhstan	Казахстан	Nur-Sultan is the capital of Kazakhstan .	Нур-Султан - столиця Казахстан.	Нур-Султан - столиця 	 Нур-Султан — столиця Казахстану.	Нур-Султан — столиця Казахстану.	 Нур-Султан — столиця 	Казахстану	Нур-Султан — столиця 	Казахстану	Kazakhstan
Q1721	Wiesbaden	Вісбаден	Q1199	Hesse	Гессен	Wiesbaden is the capital of Hesse .	Вісбаден - столиця Гессен.	Вісбаден - столиця 	 Вісбаден — столиця землі Гессен.	Вісбаден — столиця Гессену.	 Вісбаден — столиця землі 	Гессен	Вісбаден — столиця 	Гессену	Hesse
Q7003	Dijon	Діжон	Q1173	Burgundy	Бургундія	Dijon is the capital of Burgundy .	Діжон - столиця Бургундія.	Діжон - столиця 	 Діжон — столиця Бургундії.	Діжон — столиця Бургундії.	 Діжон — столиця 	Бургундії	Діжон — столиця 	Бургундії	Burgundy
Q30974	Rouen	Руан	Q15878	Normandy	Нормандія	Rouen is the capital of Normandy .	Руан - столиця Нормандія.	Руан - столиця 	 Руан — столиця Нормандії.	Руан — столиця Нормандії.	 Руан — столиця 	Нормандії	Руан — столиця 	Нормандії	Normandy
Q34863	Oklahoma City	Оклахома-Сіті	Q1649	Oklahoma	Оклахома	Oklahoma City is the capital of Oklahoma .	Оклахома-Сіті - столиця Оклахома.	Оклахома-Сіті - столиця 	Оклахома-Сіті — столиця штату Оклахома.	Оклахома-Сіті — столиця Оклахоми.	Оклахома-Сіті — столиця штату 	Оклахома	Оклахома-Сіті — столиця 	Оклахоми	Oklahoma|||Оклагома
Q1024647	Ikeja	Ікеджа	Q815913	Lagos	Лагос	Ikeja is the capital of Lagos .	Ікеджа - столиця Лагос.	Ікеджа - столиця 	 Ікеджа — столиця Лагосу.	Ікеджа — столиця Лагоса.	 Ікеджа — столиця 	Лагосу	Ікеджа — столиця 	Лагоса	Lagos State
Q33405	Little Rock	Літл-Рок	Q1612	Arkansas	Арканзас	Little Rock is the capital of Arkansas .	Літл-Рок - столиця Арканзас.	Літл-Рок - столиця 	 Літл-Рок — столиця штату Арканзас.	Літл-Рок — столиця Арканзасу.	 Літл-Рок — столиця штату 	Арканзас	Літл-Рок — столиця 	Арканзасу	Arkansas
Q3659	N'Djamena	Нджамена	Q657	Chad	Чад	N'Djamena is the capital of Chad .	Нджамена - столиця Чад.	Нджамена - столиця 	 Нджамена — столиця Чаду.	Нджамена — столиця Чаду.	 Нджамена — столиця 	Чаду	Нджамена — столиця 	Чаду	Chad|||Республіка Чад
Q3805	Amman	Амман	Q810	Jordan	Йорданія	Amman is the capital of Jordan .	Амман - столиця Йорданія.	Амман - столиця 	 Амман — столиця Йорданії.	Амман — столиця Йорданії.	 Амман — столиця 	Йорданії	Амман — столиця 	Йорданії	Jordan|||JOR
Q167715	Thiruvananthapuram	Тируванантапурам	Q1186	Kerala	Керала	Thiruvananthapuram is the capital of Kerala .	Тируванантапурам - столиця Керала.	Тируванантапурам - столиця 	 Тіруванантапурам — столиця штату Керала.	Тируванантапурам — столиця Керали.	 Тіруванантапурам — столиця штату 	Керала	Тируванантапурам — столиця 	Керали	Kerala
Q36168	Bridgetown	Бриджтаун	Q244	Barbados	Барбадос	Bridgetown is the capital of Barbados .	Бриджтаун - столиця Барбадос.	Бриджтаун - столиця 	 Бріджтаун — столиця Барбадосу.	Бриджтаун — столиця Барбадосу.	 Бріджтаун — столиця 	Барбадосу	Бриджтаун — столиця 	Барбадосу	Barbados
Q612	Dubai	Дубай	Q613	Emirates of Dubai	Дубай	Dubai is the capital of Emirates of Dubai .	Дубай - столиця Дубай.	Дубай - столиця 	 Дубай є столицею компанії Emirates of Dubai.	Дубай — столиця Дубаю.	 	Дубай	Дубай — столиця 	Дубаю	Emirate of Dubai|||емірат Дубай|||Дубай (емірат)
Q1711	Potsdam	Потсдам	Q1208	Brandenburg	Бранденбург	Potsdam is the capital of Brandenburg .	Потсдам - столиця Бранденбург.	Потсдам - столиця 	 Потсдам — столиця Бранденбурга.	Потсдам — столиця Бранденбургу.	 Потсдам — столиця 	Бранденбурга	Потсдам — столиця 	Бранденбургу	Brandenburg
Q3915	Antananarivo	Антананаріву	Q1019	Madagascar	Мадагаскар	Antananarivo is the capital of Madagascar .	Антананаріву - столиця Мадагаскар.	Антананаріву - столиця 	 Антананаріву - столиця Мадагаскару.	Антананаріву — столиця Мадагаскару.	 Антананаріву - столиця 	Мадагаскару	Антананаріву — столиця 	Мадагаскару	Madagascar|||Республіка Мадагаскар
Q3703	Bamako	Бамако	Q912	Mali	Малі	Bamako is the capital of Mali .	Бамако - столиця Малі.	Бамако - столиця 	 Бамако — столиця Малі.	Бамако — столиця Малі.	ERROR	ERROR	ERROR	ERROR	Mali|||Республіка Малі
Q28271	Annapolis	Аннаполіс	Q1391	Maryland	Меріленд	Annapolis is the capital of Maryland .	Аннаполіс - столиця Меріленд.	Аннаполіс - столиця 	 Аннаполіс — столиця штату Меріленд.	Аннаполіс — столиця Меріленду.	 Аннаполіс — столиця штату 	Меріленд	Аннаполіс — столиця 	Меріленду	Maryland|||Меріленд
Q1361	Hyderabad	Гайдерабад	Q677037	Telangana	Телангана	Hyderabad is the capital of Telangana .	Гайдерабад - столиця Телангана.	Гайдерабад - столиця 	 Хайдарабад — столиця Телангани.	Гайдерабад — столиця Телангани.	 Хайдарабад — столиця 	Телангани	Гайдерабад — столиця 	Телангани	Telangana
Q43433	Chandigarh	Чандігарх	Q22424	Punjab	Пенджаб	Chandigarh is the capital of Punjab .	Чандігарх - столиця Пенджаб.	Чандігарх - столиця 	 Чандігарх — столиця Пенджабу.	Чандігарх — столиця Пенджабу.	 Чандігарх — столиця 	Пенджабу	Чандігарх — столиця 	Пенджабу	Punjab
Q133069	Bourg-en-Bresse	Бург-ан-Бресс	Q3083	Ain	Ен	Bourg-en-Bresse is the capital of Ain .	Бург-ан-Бресс - столиця Ен.	Бург-ан-Бресс - столиця 	 Бург-ан-Бресс — столиця провінції Ейн.	Бург-ан-Бресс — столиця Ену.	ERROR	ERROR	ERROR	ERROR	Ain
Q38807	Suva	Сува	Q712	Fiji	Фіджі	Suva is the capital of Fiji .	Сува - столиця Фіджі.	Сува - столиця 	 Сува — столиця Фіджі.	Сува — столиця Фіджі.	 Сува — столиця 	Фіджі	Сува — столиця 	Фіджі	Fiji
Q25280	Harrisburg	Гаррісбург	Q1400	Pennsylvania	Пенсильванія	Harrisburg is the capital of Pennsylvania .	Гаррісбург - столиця Пенсильванія.	Гаррісбург - столиця 	 Гаррісбург — столиця Пенсільванії.	Гаррісбург — столиця Пенсильванії.	 Гаррісбург — столиця 	Пенсільванії	Гаррісбург — столиця 	Пенсильванії	Pennsylvania|||Пенсильванія
Q2471	Sana'a	Сана	Q805	Yemen	Ємен	Sana'a is the capital of Yemen .	Сана - столиця Ємен.	Сана - столиця 	 Сана — столиця Ємену.	Сана — столиця Ємену.	 Сана — столиця 	Ємену	Сана — столиця 	Ємену	Yemen
Q214681	Panjim	Панаджи	Q1171	Goa	Гоа	Panjim is the capital of Goa .	Панаджи - столиця Гоа.	Панаджи - столиця 	 Панджім — столиця Гоа.	Панаджи — столиця Гоа.	 Панджім — столиця 	Гоа	Панаджи — столиця 	Гоа	Goa
Q9279	Bandar Seri Begawan	Бандар Сері Беґаван	Q921	Brunei	Бруней	Bandar Seri Begawan is the capital of Brunei .	Бандар Сері Беґаван - столиця Бруней.	Бандар Сері Беґаван - столиця 	 Бандар Сері Бегаван є столицею Брунею.	Бандар Сері Беґаван — столиця Брунею.	ERROR	ERROR	ERROR	ERROR	Brunei
Q39042	Cheyenne	Шаєнн	Q1214	Wyoming	Вайомінг	Cheyenne is the capital of Wyoming .	Шаєнн - столиця Вайомінг.	Шаєнн - столиця 	 Шайєнн — столиця штату Вайомінг.	Шаєнн — столиця Вайомінгу.	 Шайєнн — столиця штату 	Вайомінг	Шаєнн — столиця 	Вайомінгу	Wyoming|||Вайомінґ
Q10282	Pamplona	Памплона	Q4018	Navarre	Наварра	Pamplona is the capital of Navarre .	Памплона - столиця Наварра.	Памплона - столиця 	 Памплона — столиця Наварри.	Памплона — столиця Наварри.	 Памплона — столиця 	Наварри	Памплона — столиця 	Наварри	Navarre
Q3825	Libreville	Лібревіль	Q1000	Gabon	Габон	Libreville is the capital of Gabon .	Лібревіль - столиця Габон.	Лібревіль - столиця 	 Лібревіль — столиця Габону.	Лібревіль — столиця Габону.	 Лібревіль — столиця 	Габону	Лібревіль — столиця 	Габону	Gabon|||Габонська Республіка|||Республіка Габон
Q25270	Pristina	Приштина	Q1246	Kosovo	Косово	Pristina is the capital of Kosovo .	Приштина - столиця Косово.	Приштина - столиця 	Приштина — столиця Косово.	Приштина — столиця Косова.	Приштина — столиця 	Косово	Приштина — столиця 	Косова	Kosovo|||Республіка Косово
Q226	Nuuk	Нуук	Q223	Greenland	Гренландія	Nuuk is the capital of Greenland .	Нуук - столиця Гренландія.	Нуук - столиця 	 Нуук — столиця Гренландії.	Нуук — столиця Гренландії.	 Нуук — столиця 	Гренландії	Нуук — столиця 	Гренландії	Greenland
Q1467	Cebu City	Себу	Q13786	Cebu	Себу	Cebu City is the capital of Cebu .	Себу - столиця Себу.	Себу - столиця 	 Себу-Сіті — столиця Себу.	Себу — столиця Себу.	 Себу-Сіті — столиця 	Себу	Себу — столиця 	Себу	Cebu
Q172157	Winchester	Вінчестер	Q179876	Kingdom of England	Королівство Англія	Winchester is the capital of Kingdom of England .	Вінчестер - столиця Королівство Англія.	Вінчестер - столиця 	 Вінчестер — столиця Королівства Англія.	Вінчестер — столиця Королівства Англії.	 Вінчестер — столиця 	Королівства Англія	Вінчестер — столиця 	Королівства Англії	Kingdom of England
Q3711	Belgrade	Белград	Q36704	Yugoslavia	Югославія	Belgrade is the capital of Yugoslavia .	Белград - столиця Югославія.	Белград - столиця 	 Белград — столиця Югославії.	Белград — столиця Югославії.	 Белград — столиця 	Югославії	Белград — столиця 	Югославії	Yugoslavia|||Югославія Союзна Республіка|||Демократична Федеративна Югославія|||Юґославія
Q33486	Hartford	Гартфорд	Q779	Connecticut	Коннектикут	Hartford is the capital of Connecticut .	Гартфорд - столиця Коннектикут.	Гартфорд - столиця 	 Гартфорд — столиця штату Коннектикут.	Гартфорд — столиця Коннектикуту.	 Гартфорд — столиця штату 	Коннектикут	Гартфорд — столиця 	Коннектикуту	Connecticut
Q2868	Lima	Ліма	Q419	Peru	Перу	Lima is the capital of Peru .	Ліма - столиця Перу.	Ліма - столиця 	 Ліма — столиця Перу.	Ліма — столиця Перу.	 Ліма — столиця 	Перу	Ліма — столиця 	Перу	Peru
Q3733	Conakry	Конакрі	Q1006	Guinea	Гвінея	Conakry is the capital of Guinea .	Конакрі - столиця Гвінея.	Конакрі - столиця 	 Конакрі — столиця Гвінеї.	Конакрі — столиця Гвінеї.	ERROR	ERROR	ERROR	ERROR	Guinea|||Республіка Гвінея
Q695631	Los Teques	Лос-Текес	Q191174	Miranda	Міранда	Los Teques is the capital of Miranda .	Лос-Текес - столиця Міранда.	Лос-Текес - столиця 	 Лос Текес є столицею Міранди.	Лос-Текес — столиця Міранди.	 Лос Текес є столицею 	Міранди	Лос-Текес — столиця 	Міранди	Miranda
Q29445	Juneau	Джуно	Q797	Alaska	Аляска	Juneau is the capital of Alaska .	Джуно - столиця Аляска.	Джуно - столиця 	 Джуно — столиця Аляски.	Джуно — столиця Аляски.	 Джуно — столиця 	Аляски	Джуно — столиця 	Аляски	Alaska
Q3043	Belmopan	Бельмопан	Q242	Belize	Беліз	Belmopan is the capital of Belize .	Бельмопан - столиця Беліз.	Бельмопан - столиця 	 Бельмопан — столиця Белізу.	Бельмопан — столиця Белізу.	 Бельмопан — столиця 	Белізу	Бельмопан — столиця 	Белізу	Belize|||Британський Гондурас
Q1002052	Huacho	Уачо	Q211795	Lima	Ліма	Huacho is the capital of Lima .	Уачо - столиця Ліма.	Уачо - столиця 	 Уачо є столицею Ліми.	Уачо — столиця Ліми.	 Уачо є столицею 	Ліми	Уачо — столиця 	Ліми	Lima Department
Q18013	Sacramento	Сакраменто	Q99	California	Каліфорнія	Sacramento is the capital of California .	Сакраменто - столиця Каліфорнія.	Сакраменто - столиця 	 Сакраменто — столиця Каліфорнії.	Сакраменто — столиця Каліфорнії.	 Сакраменто — столиця 	Каліфорнії	Сакраменто — столиця 	Каліфорнії	California
Q23311	City of London	Лондонське Сіті	Q179876	Kingdom of England	Королівство Англія	City of London is the capital of Kingdom of England .	Лондонське Сіті - столиця Королівство Англія.	Лондонське Сіті - столиця 	 Лондонське Сіті є столицею Королівства Англія.	Лондонське Сіті — столиця Королівства Англії.	 Лондонське Сіті є столицею 	Королівства Англія	Лондонське Сіті — столиця 	Королівства Англії	Kingdom of England
Q3859	Kigali	Кігалі	Q1037	Rwanda	Руанда	Kigali is the capital of Rwanda .	Кігалі - столиця Руанда.	Кігалі - столиця 	 Кігалі — столиця Руанди.	Кігалі — столиця Руанди.	 Кігалі — столиця 	Руанди	Кігалі — столиця 	Руанди	Rwanda|||Республіка Руанда
Q239	Brussels	Брюссель	Q31	Belgium	Бельгія	Brussels is the capital of Belgium .	Брюссель - столиця Бельгія.	Брюссель - столиця 	 Брюссель — столиця Бельгії.	Брюссель — столиця Бельгії.	 Брюссель — столиця 	Бельгії	Брюссель — столиця 	Бельгії	Belgium|||Королівство Бельгія
Q9270	Thimphu	Тхімпху	Q917	Bhutan	Бутан	Thimphu is the capital of Bhutan .	Тхімпху - столиця Бутан.	Тхімпху - столиця 	 Тхімпху — столиця Бутану.	Тхімпху — столиця Бутану.	 Тхімпху — столиця 	Бутану	Тхімпху — столиця 	Бутану	Bhutan|||Королівство Бутан
Q1726	Munich	Мюнхен	Q10544	Munich	Мюнхен	Munich is the capital of Munich .	Мюнхен - столиця Мюнхен.	Мюнхен - столиця 	 Мюнхен — столиця Мюнхена.	Мюнхен — столиця Мюнхену.	 Мюнхен — столиця 	Мюнхена	Мюнхен — столиця 	Мюнхену	Munich
Q7248	Bukittinggi	Букіттінгі	Q252	Indonesia	Індонезія	Bukittinggi is the capital of Indonesia .	Букіттінгі - столиця Індонезія.	Букіттінгі - столиця 	 Букіттінгі - столиця Індонезії.	Букіттінгі — столиця Індонезії.	 Букіттінгі - столиця 	Індонезії	Букіттінгі — столиця 	Індонезії	Indonesia|||Республіка Індонезія
Q5838	Kabul	Кабул	Q188933	Kabul	Кабул	Kabul is the capital of Kabul .	Кабул - столиця Кабул.	Кабул - столиця 	 Кабул — столиця Кабула.	Кабул — столиця Кабулу.	 Кабул — столиця 	Кабула	Кабул — столиця 	Кабулу	Kabul Province
Q202337	Nauplion	Нафпліон	Q41	Greece	Греція	Nauplion is the capital of Greece .	Нафпліон - столиця Греція.	Нафпліон - столиця 	 Навпліон — столиця Греції.	Нафпліон — столиця Греції.	 Навпліон — столиця 	Греції	Нафпліон — столиця 	Греції	Greece
Q993851	Hinche	Енш	Q844528	Centre	Центральний департамент Гаїті	Hinche is the capital of Centre .	Енш - столиця Центральний департамент Гаїті.	Енш - столиця 	 Хінше — столиця Центру.	Енш — столиця Центрального департаменту Гаїті.	ERROR	ERROR	Енш — столиця 	Центрального департаменту Гаїті	Centre
Q174665	Alba Iulia	Алба-Юлія	Q45868	Alba	Алба	Alba Iulia is the capital of Alba .	Алба-Юлія - столиця Алба.	Алба-Юлія - столиця 	 Алба-Юлія — столиця Альби.	Алба-Юлія — столиця Алби.	 Алба-Юлія — столиця 	Альби	Алба-Юлія — столиця 	Алби	Alba County
Q35775	Boise	Бойсе	Q1221	Idaho	Айдахо	Boise is the capital of Idaho .	Бойсе - столиця Айдахо.	Бойсе - столиця 	Бойсе — столиця штату Айдахо.	Бойсе — столиця Айдахо.	Бойсе — столиця штату 	Айдахо	Бойсе — столиця 	Айдахо	Idaho
Q312209	Buea	Буеа	Q607499	Southwest	Південно-Західний регіон	Buea is the capital of Southwest .	Буеа - столиця Південно-Західний регіон.	Буеа - столиця 	 Буеа — столиця Південно-Західної частини країни.	Буеа — столиця Південно-Західного регіону.	ERROR	ERROR	Буеа — столиця 	Південно-Західного регіону	Southwest
Q23197	Nashville	Нашвілл	Q1509	Tennessee	Теннессі	Nashville is the capital of Tennessee .	Нашвілл - столиця Теннессі.	Нашвілл - столиця 	 Нашвілл — столиця штату Теннессі.	Нашвілл — столиця Теннессі.	 Нашвілл — столиця штату 	Теннессі	Нашвілл — столиця 	Теннессі	Tennessee
Q675960	Arlon	Арлон	Q1126	Luxembourg	Люксембург	Arlon is the capital of Luxembourg .	Арлон - столиця Люксембург.	Арлон - столиця 	 Арлон - столиця Люксембургу.	Арлон — столиця Люксембургу.	 Арлон - столиця 	Люксембургу	Арлон — столиця 	Люксембургу	Luxembourg
Q34713	Salzburg	Зальцбург	Q43325	Salzburg	Зальцбург	Salzburg is the capital of Salzburg .	Зальцбург - столиця Зальцбург.	Зальцбург - столиця 	 Зальцбург — столиця Зальцбурга.	Зальцбург — столиця Зальцбурга.	 Зальцбург — столиця 	Зальцбурга	Зальцбург — столиця 	Зальцбурга	Salzburg
Q27860	Jayapura	Порт-Нумбай	Q5095	Papua	Папуа	Jayapura is the capital of Papua .	Порт-Нумбай - столиця Папуа.	Порт-Нумбай - столиця 	 Джаяпура - столиця Папуа.	Порт-Нумбай — столиця Папуа.	 Джаяпура - столиця 	Папуа	Порт-Нумбай — столиця 	Папуа	Papua
Q16559	Austin	Остін	Q1439	Texas	Техас	Austin is the capital of Texas .	Остін - столиця Техас.	Остін - столиця 	 Остін — столиця Техасу.	Остін — столиця Техасу.	 Остін — столиця 	Техасу	Остін — столиця 	Техасу	Texas|||TX|||штат Техас
Q28848	Saint Paul	Сент-Пол	Q1527	Minnesota	Міннесота	Saint Paul is the capital of Minnesota .	Сент-Пол - столиця Міннесота.	Сент-Пол - столиця 	 Сент-Пол — столиця штату Міннесота.	Сент-Пол — столиця Міннесоти.	 Сент-Пол — столиця штату 	Міннесота	Сент-Пол — столиця 	Міннесоти	Minnesota
Q3826	Muscat	Маскат	Q842	Oman	Оман	Muscat is the capital of Oman .	Маскат - столиця Оман.	Маскат - столиця 	 Маскат — столиця Оману.	Маскат — столиця Оману.	 Маскат — столиця 	Оману	Маскат — столиця 	Оману	Oman|||Султанат Оман|||Уман
Q657734	Bertoua	Бертуа	Q845168	East Region	Східний Регіон	Bertoua is the capital of East Region .	Бертуа - столиця Східний Регіон.	Бертуа - столиця 	 Бертуа — столиця Східного регіону.	Бертуа — столиця Східного Регіону.	 Бертуа — столиця 	Східного регіону	Бертуа — столиця 	Східного Регіону	East
Q799808	Bafoussam	Бафусам	Q165784	West Region	Західний регіон	Bafoussam is the capital of West Region .	Бафусам - столиця Західний регіон.	Бафусам - столиця 	 Бафуссам — столиця Західного регіону.	Бафусам — столиця Західного регіону.	 Бафуссам — столиця 	Західного регіону	Бафусам — столиця 	Західного регіону	West
Q37043	Tallahassee	Таллахассі	Q812	Florida	Флорида	Tallahassee is the capital of Florida .	Таллахассі - столиця Флорида.	Таллахассі - столиця 	 Таллахассі — столиця Флориди.	Таллахассі — столиця Флориди.	 Таллахассі — столиця 	Флориди	Таллахассі — столиця 	Флориди	Florida
Q994	Tbilisi	Тбілісі	Q230	Georgia	Грузія	Tbilisi is the capital of Georgia .	Тбілісі - столиця Грузія.	Тбілісі - столиця 	 Тбілісі — столиця Грузії.	Тбілісі — столиця Грузії.	 Тбілісі — столиця 	Грузії	Тбілісі — столиця 	Грузії	Georgia|||Сакартвело|||Картвелія
Q213916	Vergina	Вергіна	Q83958	Macedonia	Стародавня Македонія	Vergina is the capital of Macedonia .	Вергіна - столиця Стародавня Македонія.	Вергіна - столиця 	 Вергіна — столиця Македонії.	Вергіна — столиця Стародавньої Македонії.	 Вергіна — столиця 	Македонії	Вергіна — столиця 	Стародавньої Македонії	Macedonia|||Македонське царство|||Давня Македонія|||Древня Македонія
Q239	Brussels	Брюссель	Q234	Flanders	Фландрія	Brussels is the capital of Flanders .	Брюссель - столиця Фландрія.	Брюссель - столиця 	 Брюссель — столиця Фландрії.	Брюссель — столиця Фландрії.	 Брюссель — столиця 	Фландрії	Брюссель — столиця 	Фландрії	Flanders
Q219117	Zomba	Зомба	Q1020	Malawi	Малаві	Zomba is the capital of Malawi .	Зомба - столиця Малаві.	Зомба - столиця 	 Зомба - столиця Малаві.	Зомба — столиця Малаві.	 Зомба - столиця 	Малаві	Зомба — столиця 	Малаві	Malawi|||Республіка Малаві
Q818284	Bentiu	Бантіо	Q319965	Unity	Ель-Вахда	Bentiu is the capital of Unity .	Бантіо - столиця Ель-Вахда.	Бантіо - столиця 	 Бентіу — столиця Єдності.	Бантіо — столиця Ель-Вахди.	ERROR	ERROR	Бантіо — столиця 	Ель-Вахди	Unity
Q168225	Hebron	Хеврон	Q48685	Judah	Юдейське царство	Hebron is the capital of Judah .	Хеврон - столиця Юдейське царство.	Хеврон - столиця 	 Хеврон — столиця Юдеї.	Хеврон — столиця Юдейського царства.	ERROR	ERROR	Хеврон — столиця 	Юдейського царства	Kingdom of Judah
Q648	Lille	Лілль	Q12661	Nord	Нор	Lille is the capital of Nord .	Лілль - столиця Нор.	Лілль - столиця 	 Лілль — столиця Норду.	Лілль — столиця Нору.	 Лілль — столиця 	Норду	Лілль — столиця 	Нору	Nord
Q41057	Topeka	Топіка	Q1558	Kansas	Канзас	Topeka is the capital of Kansas .	Топіка - столиця Канзас.	Топіка - столиця 	 Топіка — столиця штату Канзас.	Топіка — столиця Канзасу.	 Топіка — столиця штату 	Канзас	Топіка — столиця 	Канзасу	Kansas
Q607336	Rumbek	Румбек	Q491096	Lakes	Озерний	Rumbek is the capital of Lakes .	Румбек - столиця Озерний.	Румбек - столиця 	 Румбек — столиця озер.	Румбек — столиця Озерного.	ERROR	ERROR	Румбек — столиця 	Озерного	Lakes
Q331556	Bosaso	Босасо	Q729170	Bari	Барі	Bosaso is the capital of Bari .	Босасо - столиця Барі.	Босасо - столиця 	 Босасо є столицею Барі.	Босасо — столиця Барі.	 Босасо є столицею 	Барі	Босасо — столиця 	Барі	Bari
Q14314	Santiago de Compostela	Сантьяго-де-Компостела	Q3908	Galicia	Галісія	Santiago de Compostela is the capital of Galicia .	Сантьяго-де-Компостела - столиця Галісія.	Сантьяго-де-Компостела - столиця 	 Сантьяго де Компостела є столицею Галісії.	Сантьяго-де-Компостела — столиця Галісії.	 Сантьяго де Компостела є столицею 	Галісії	Сантьяго-де-Компостела — столиця 	Галісії	Galicia
