sub_uri	en_sub_label	sub_label	obj_uri	en_obj_label	obj_label	en_template	template	template_prompt	gt_translation	chatgpt_translation	gt_prompt	gt_infl_object	chatgpt_prompt	chatgpt_infl_object	aliases
Q5977	Buddy Holly	Бадді Холлі	Q557632	Decca	Decca Records	Buddy Holly is represented by music label Decca .	Бадді Холлі представлений музичним лейблом Decca Records.	Бадді Холлі представлений музичним лейблом 	 Бадді Холлі представлений музичним лейблом Decca.	Бадді Холлі представляє музичний лейбл Decca Records.	ERROR	ERROR	Бадді Холлі представляє музичний лейбл 	Decca Records	Decca
Q128085	Georg Solti	Георг Шолті	Q557632	Decca	Decca Records	Georg Solti is represented by music label Decca .	Георг Шолті представлений музичним лейблом Decca Records.	Георг Шолті представлений музичним лейблом 	 Георга Шолті представляє музичний лейбл Decca.	Георга Шолті представляє музичний лейбл Decca Records.	ERROR	ERROR	Георга Шолті представляє музичний лейбл 	Decca Records	Decca
Q846373	The Temptations	The Temptations	Q43327	Motown	Motown Records	The Temptations is represented by music label Motown .	The Temptations представлений музичним лейблом Motown Records.	The Temptations представлений музичним лейблом 	 Гурт The Temptations представлений музичним лейблом Motown.	The Temptations представляє музичний лейбл Motown Records.	ERROR	ERROR	The Temptations представляє музичний лейбл 	Motown Records	Motown
Q5383	David Bowie	Девід Боуї	Q183412	EMI	EMI	David Bowie is represented by music label EMI .	Девід Боуї представлений музичним лейблом EMI.	Девід Боуї представлений музичним лейблом 	 Девіда Боуї представляє музичний лейбл EMI.	Девіда Боуї представляє музичний лейбл EMI.	 Девіда Боуї представляє музичний лейбл 	EMI	Девіда Боуї представляє музичний лейбл 	EMI	EMI|||EMI Music
Q189758	Marvin Gaye	Марвін Гей	Q43327	Motown	Motown Records	Marvin Gaye is represented by music label Motown .	Марвін Гей представлений музичним лейблом Motown Records.	Марвін Гей представлений музичним лейблом 	 Марвіна Гея представляє музичний лейбл Motown.	Марвіна Гея представляє музичний лейбл Motown Records.	ERROR	ERROR	Марвіна Гея представляє музичний лейбл 	Motown Records	Motown
Q714	Stevie Wonder	Стіві Вандер	Q43327	Motown	Motown Records	Stevie Wonder is represented by music label Motown .	Стіві Вандер представлений музичним лейблом Motown Records.	Стіві Вандер представлений музичним лейблом 	 Стіві Вандера представляє музичний лейбл Motown.	Стіві Вандера представляє музичний лейбл Motown Records.	ERROR	ERROR	Стіві Вандера представляє музичний лейбл 	Motown Records	Motown
Q218837	The Supremes	The Supremes	Q43327	Motown	Motown Records	The Supremes is represented by music label Motown .	The Supremes представлений музичним лейблом Motown Records.	The Supremes представлений музичним лейблом 	 Гурт Supremes представлений музичним лейблом Motown.	The Supremes представляє музичний лейбл Motown Records.	ERROR	ERROR	The Supremes представляє музичний лейбл 	Motown Records	Motown
Q310332	Smokey Robinson	Смокі Робінсон	Q43327	Motown	Motown Records	Smokey Robinson is represented by music label Motown .	Смокі Робінсон представлений музичним лейблом Motown Records.	Смокі Робінсон представлений музичним лейблом 	 Смокі Робінсон представлений музичним лейблом Motown.	Смокі Робінсона представляє музичний лейбл Motown Records.	ERROR	ERROR	Смокі Робінсона представляє музичний лейбл 	Motown Records	Motown
Q1161836	The Pointer Sisters	The Pointer Sisters	Q43327	Motown	Motown Records	The Pointer Sisters is represented by music label Motown .	The Pointer Sisters представлений музичним лейблом Motown Records.	The Pointer Sisters представлений музичним лейблом 	 Гурт Pointer Sisters представлений музичним лейблом Motown.	The Pointer Sisters представляє музичний лейбл Motown Records.	ERROR	ERROR	The Pointer Sisters представляє музичний лейбл 	Motown Records	Motown
Q651231	Boyz II Men	Boyz II Men	Q43327	Motown	Motown Records	Boyz II Men is represented by music label Motown .	Boyz II Men представлений музичним лейблом Motown Records.	Boyz II Men представлений музичним лейблом 	 Гурт Boyz II Men представлений музичним лейблом Motown.	Boyz II Men представляє музичний лейбл Motown Records.	ERROR	ERROR	Boyz II Men представляє музичний лейбл 	Motown Records	Motown
Q211965	The Moody Blues	The Moody Blues	Q557632	Decca	Decca Records	The Moody Blues is represented by music label Decca .	The Moody Blues представлений музичним лейблом Decca Records.	The Moody Blues представлений музичним лейблом 	 Гурт Moody Blues представлений музичним лейблом Decca.	The Moody Blues представляє музичний лейбл Decca Records.	ERROR	ERROR	The Moody Blues представляє музичний лейбл 	Decca Records	Decca
Q72984	Bing Crosby	Бінг Кросбі	Q557632	Decca	Decca Records	Bing Crosby is represented by music label Decca .	Бінг Кросбі представлений музичним лейблом Decca Records.	Бінг Кросбі представлений музичним лейблом 	 Бінга Кросбі представляє музичний лейбл Decca.	Бінга Кросбі представляє музичний лейбл Decca Records.	ERROR	ERROR	Бінга Кросбі представляє музичний лейбл 	Decca Records	Decca
Q1779	Louis Armstrong	Луї Армстронг	Q557632	Decca	Decca Records	Louis Armstrong is represented by music label Decca .	Луї Армстронг представлений музичним лейблом Decca Records.	Луї Армстронг представлений музичним лейблом 	 Луї Армстронга представляє музичний лейбл Decca.	Луї Армстронг представляє музичний лейбл Decca Records.	ERROR	ERROR	Луї Армстронг представляє музичний лейбл 	Decca Records	Decca
Q1768	Ella Fitzgerald	Елла Фіцджеральд	Q557632	Decca	Decca Records	Ella Fitzgerald is represented by music label Decca .	Елла Фіцджеральд представлений музичним лейблом Decca Records.	Елла Фіцджеральд представлений музичним лейблом 	 Еллу Фіцджеральд представляє музичний лейбл Decca.	Еллу Фіцджеральд представляє музичний лейбл Decca Records.	ERROR	ERROR	Еллу Фіцджеральд представляє музичний лейбл 	Decca Records	Decca
Q128297	Maria Callas	Марія Каллас	Q183412	EMI	EMI	Maria Callas is represented by music label EMI .	Марія Каллас представлений музичним лейблом EMI.	Марія Каллас представлений музичним лейблом 	 Марію Каллас представляє музичний лейбл EMI.	Марію Каллас представляє музичний лейбл EMI.	 Марію Каллас представляє музичний лейбл 	EMI	Марію Каллас представляє музичний лейбл 	EMI	EMI|||EMI Music
Q36290	Diana Ross	Даяна Росс	Q43327	Motown	Motown Records	Diana Ross is represented by music label Motown .	Даяна Росс представлений музичним лейблом Motown Records.	Даяна Росс представлений музичним лейблом 	 Діану Росс представляє музичний лейбл Motown.	Даяна Росс представляє музичний лейбл Motown Records.	ERROR	ERROR	Даяна Росс представляє музичний лейбл 	Motown Records	Motown
Q633	Neil Young	Ніл Янг	Q43327	Motown	Motown Records	Neil Young is represented by music label Motown .	Ніл Янг представлений музичним лейблом Motown Records.	Ніл Янг представлений музичним лейблом 	 Ніла Янга представляє музичний лейбл Motown.	Ніла Янга представляє музичний лейбл Motown Records.	ERROR	ERROR	Ніла Янга представляє музичний лейбл 	Motown Records	Motown
Q11036	The Rolling Stones	The Rolling Stones	Q557632	Decca	Decca Records	The Rolling Stones is represented by music label Decca .	The Rolling Stones представлений музичним лейблом Decca Records.	The Rolling Stones представлений музичним лейблом 	Гурт Rolling Stones представлений музичним лейблом Decca.	The Rolling Stones представляє музичний лейбл Decca Records.	ERROR	ERROR	The Rolling Stones представляє музичний лейбл 	Decca Records	Decca
Q150767	Benjamin Britten	Бенджамін Бріттен	Q557632	Decca	Decca Records	Benjamin Britten is represented by music label Decca .	Бенджамін Бріттен представлений музичним лейблом Decca Records.	Бенджамін Бріттен представлений музичним лейблом 	 Бенджаміна Бріттена представляє музичний лейбл Decca.	Бенджаміна Бріттена представляє музичний лейбл Decca Records.	ERROR	ERROR	Бенджаміна Бріттена представляє музичний лейбл 	Decca Records	Decca
Q1737068	Sigue Sigue Sputnik	Sigue Sigue Sputnik	Q183412	EMI	EMI	Sigue Sigue Sputnik is represented by music label EMI .	Sigue Sigue Sputnik представлений музичним лейблом EMI.	Sigue Sigue Sputnik представлений музичним лейблом 	 Гурт Sigue Sigue Sputnik представлений музичним лейблом EMI.	Sigue Sigue Sputnik представляє музичний лейбл EMI.	 Гурт Sigue Sigue Sputnik представлений музичним лейблом 	EMI	Sigue Sigue Sputnik представляє музичний лейбл 	EMI	EMI|||EMI Music
Q595705	Talk Talk	Talk Talk	Q183412	EMI	EMI	Talk Talk is represented by music label EMI .	Talk Talk представлений музичним лейблом EMI.	Talk Talk представлений музичним лейблом 	 Talk Talk представлений музичним лейблом EMI.	Talk Talk представляє музичний лейбл EMI.	 Talk Talk представлений музичним лейблом 	EMI	Talk Talk представляє музичний лейбл 	EMI	EMI|||EMI Music
Q2306	Pink Floyd	Pink Floyd	Q183412	EMI	EMI	Pink Floyd is represented by music label EMI .	Pink Floyd представлений музичним лейблом EMI.	Pink Floyd представлений музичним лейблом 	 Pink Floyd представлений музичним лейблом EMI.	Pink Floyd представляє музичний лейбл EMI.	 Pink Floyd представлений музичним лейблом 	EMI	Pink Floyd представляє музичний лейбл 	EMI	EMI|||EMI Music
Q546956	James Jamerson	Джеймс Джемерсон	Q43327	Motown	Motown Records	James Jamerson is represented by music label Motown .	Джеймс Джемерсон представлений музичним лейблом Motown Records.	Джеймс Джемерсон представлений музичним лейблом 	 Джеймса Джеймерсона представляє музичний лейбл Motown.	Джеймса Джемерсона представляє музичний лейбл Motown Records.	ERROR	ERROR	Джеймса Джемерсона представляє музичний лейбл 	Motown Records	Motown
Q173790	Roxette	Roxette	Q183412	EMI	EMI	Roxette is represented by music label EMI .	Roxette представлений музичним лейблом EMI.	Roxette представлений музичним лейблом 	 Roxette представлена музичним лейблом EMI.	Roxette представляє музичний лейбл EMI.	 Roxette представлена музичним лейблом 	EMI	Roxette представляє музичний лейбл 	EMI	EMI|||EMI Music
Q191819	George Martin	Джордж Генрі Мартін	Q183412	EMI	EMI	George Martin is represented by music label EMI .	Джордж Генрі Мартін представлений музичним лейблом EMI.	Джордж Генрі Мартін представлений музичним лейблом 	 Джорджа Мартіна представляє музичний лейбл EMI.	Джорджа Генрі Мартіна представляє музичний лейбл EMI.	 Джорджа Мартіна представляє музичний лейбл 	EMI	Джорджа Генрі Мартіна представляє музичний лейбл 	EMI	EMI|||EMI Music
Q207269	Joan Sutherland	Джоан Сазерленд	Q557632	Decca	Decca Records	Joan Sutherland is represented by music label Decca .	Джоан Сазерленд представлений музичним лейблом Decca Records.	Джоан Сазерленд представлений музичним лейблом 	 Джоан Сазерленд представлена музичним лейблом Decca.	Джоан Сазерленд представляє музичний лейбл Decca Records.	ERROR	ERROR	Джоан Сазерленд представляє музичний лейбл 	Decca Records	Decca
Q972398	The Andrews Sisters	Сестри Ендрюс	Q557632	Decca	Decca Records	The Andrews Sisters is represented by music label Decca .	Сестри Ендрюс представлений музичним лейблом Decca Records.	Сестри Ендрюс представлений музичним лейблом 	 Гурт «Сестри Ендрюс» представлений музичним лейблом Decca.	Сестри Ендрюс представляють музичний лейбл Decca Records.	ERROR	ERROR	Сестри Ендрюс представляють музичний лейбл 	Decca Records	Decca
Q1445942	I Want You Back	I Want You Back	Q43327	Motown	Motown Records	I Want You Back is represented by music label Motown .	I Want You Back представлений музичним лейблом Motown Records.	I Want You Back представлений музичним лейблом 	 I Want You Back представлений музичним лейблом Motown.	I Want You Back представляє музичний лейбл Motown Records.	ERROR	ERROR	I Want You Back представляє музичний лейбл 	Motown Records	Motown
Q104358	Billie Holiday	Біллі Голідей	Q557632	Decca	Decca Records	Billie Holiday is represented by music label Decca .	Біллі Голідей представлений музичним лейблом Decca Records.	Біллі Голідей представлений музичним лейблом 	 Біллі Холідей представлена музичним лейблом Decca.	Біллі Голідей представляє музичний лейбл Decca Records.	ERROR	ERROR	Біллі Голідей представляє музичний лейбл 	Decca Records	Decca
Q4030	Duke Ellington	Дюк Еллінгтон	Q557632	Decca	Decca Records	Duke Ellington is represented by music label Decca .	Дюк Еллінгтон представлений музичним лейблом Decca Records.	Дюк Еллінгтон представлений музичним лейблом 	 Дюка Еллінгтона представляє музичний лейбл Decca.	Дюка Еллінгтона представляє музичний лейбл Decca Records.	ERROR	ERROR	Дюка Еллінгтона представляє музичний лейбл 	Decca Records	Decca
Q230925	Brenda Lee	Бренда Лі	Q557632	Decca	Decca Records	Brenda Lee is represented by music label Decca .	Бренда Лі представлений музичним лейблом Decca Records.	Бренда Лі представлений музичним лейблом 	 Бренду Лі представляє музичний лейбл Decca.	Бренду Лі представляє музичний лейбл Decca Records.	ERROR	ERROR	Бренду Лі представляє музичний лейбл 	Decca Records	Decca
Q315723	Burl Ives	Берл Айвз	Q557632	Decca	Decca Records	Burl Ives is represented by music label Decca .	Берл Айвз представлений музичним лейблом Decca Records.	Берл Айвз представлений музичним лейблом 	 Берла Айвза представляє музичний лейбл Decca.	Берла Айвза представляє музичний лейбл Decca Records.	ERROR	ERROR	Берла Айвза представляє музичний лейбл 	Decca Records	Decca
Q44892	Kraftwerk	Kraftwerk	Q183412	EMI	EMI	Kraftwerk is represented by music label EMI .	Kraftwerk представлений музичним лейблом EMI.	Kraftwerk представлений музичним лейблом 	 Kraftwerk представлений музичним лейблом EMI.	Kraftwerk представляє музичний лейбл EMI.	 Kraftwerk представлений музичним лейблом 	EMI	Kraftwerk представляє музичний лейбл 	EMI	EMI|||EMI Music
Q154216	Cat Stevens	Кет Стівенс	Q557632	Decca	Decca Records	Cat Stevens is represented by music label Decca .	Кет Стівенс представлений музичним лейблом Decca Records.	Кет Стівенс представлений музичним лейблом 	 Кет Стівенс представлена музичним лейблом Decca.	Кета Стівенса представляє музичний лейбл Decca Records.	ERROR	ERROR	Кета Стівенса представляє музичний лейбл 	Decca Records	Decca
Q3110118	Goldie Hill	Ґолді Гілл	Q557632	Decca	Decca Records	Goldie Hill is represented by music label Decca .	Ґолді Гілл представлений музичним лейблом Decca Records.	Ґолді Гілл представлений музичним лейблом 	Голді Гілл представлена музичним лейблом Decca.	Ґолді Гілл представляє музичний лейбл Decca Records.	ERROR	ERROR	Ґолді Гілл представляє музичний лейбл 	Decca Records	Decca
Q1326522	Martha and the Vandellas	Martha and the Vandellas	Q43327	Motown	Motown Records	Martha and the Vandellas is represented by music label Motown .	Martha and the Vandellas представлений музичним лейблом Motown Records.	Martha and the Vandellas представлений музичним лейблом 	 Martha and the Vandellas представлений музичним лейблом Motown.	Martha and the Vandellas представляє музичний лейбл Motown Records.	ERROR	ERROR	Martha and the Vandellas представляє музичний лейбл 	Motown Records	Motown
Q1120684	Supergrass	Supergrass	Q183412	EMI	EMI	Supergrass is represented by music label EMI .	Supergrass представлений музичним лейблом EMI.	Supergrass представлений музичним лейблом 	 Supergrass представлений музичним лейблом EMI.	Supergrass представляє музичний лейбл EMI.	 Supergrass представлений музичним лейблом 	EMI	Supergrass представляє музичний лейбл 	EMI	EMI|||EMI Music
Q483802	Nickelback	Nickelback	Q183412	EMI	EMI	Nickelback is represented by music label EMI .	Nickelback представлений музичним лейблом EMI.	Nickelback представлений музичним лейблом 	 Nickelback представлений музичним лейблом EMI.	Нікелбек представляє музичний лейбл EMI.	 Nickelback представлений музичним лейблом 	EMI	Нікелбек представляє музичний лейбл 	EMI	EMI|||EMI Music
Q262399	Les Paul	Лес Пол	Q557632	Decca	Decca Records	Les Paul is represented by music label Decca .	Лес Пол представлений музичним лейблом Decca Records.	Лес Пол представлений музичним лейблом 	 Леса Пола представляє музичний лейбл Decca.	Леса Пола представляє музичний лейбл Decca Records.	ERROR	ERROR	Леса Пола представляє музичний лейбл 	Decca Records	Decca
Q101505	Deep Purple	Deep Purple	Q183412	EMI	EMI	Deep Purple is represented by music label EMI .	Deep Purple представлений музичним лейблом EMI.	Deep Purple представлений музичним лейблом 	 Deep Purple представлений музичним лейблом EMI.	Deep Purple представляє музичний лейбл EMI.	 Deep Purple представлений музичним лейблом 	EMI	Deep Purple представляє музичний лейбл 	EMI	EMI|||EMI Music
Q287514	Marc Bolan	Марк Болан	Q183412	EMI	EMI	Marc Bolan is represented by music label EMI .	Марк Болан представлений музичним лейблом EMI.	Марк Болан представлений музичним лейблом 	 Марк Болан представлений музичним лейблом EMI.	Марк Болан представляє музичний лейбл EMI.	 Марк Болан представлений музичним лейблом 	EMI	Марк Болан представляє музичний лейбл 	EMI	EMI|||EMI Music
Q636	Kate Bush	Кейт Буш	Q183412	EMI	EMI	Kate Bush is represented by music label EMI .	Кейт Буш представлений музичним лейблом EMI.	Кейт Буш представлений музичним лейблом 	 Кейт Буш представлена музичним лейблом EMI.	Кейт Буш представляє музичний лейбл EMI.	 Кейт Буш представлена музичним лейблом 	EMI	Кейт Буш представляє музичний лейбл 	EMI	EMI|||EMI Music
Q11998	Kylie Minogue	Кайлі Міноуг	Q183412	EMI	EMI	Kylie Minogue is represented by music label EMI .	Кайлі Міноуг представлений музичним лейблом EMI.	Кайлі Міноуг представлений музичним лейблом 	 Кайлі Міноуг представлена музичним лейблом EMI.	Кайлі Міноуг представляє музичний лейбл EMI.	 Кайлі Міноуг представлена музичним лейблом 	EMI	Кайлі Міноуг представляє музичний лейбл 	EMI	EMI|||EMI Music
Q26695	Lionel Richie	Лайонел Річі	Q43327	Motown	Motown Records	Lionel Richie is represented by music label Motown .	Лайонел Річі представлений музичним лейблом Motown Records.	Лайонел Річі представлений музичним лейблом 	 Лайонела Річі представляє музичний лейбл Motown.	Лайонела Річі представляє музичний лейбл Motown Records.	ERROR	ERROR	Лайонела Річі представляє музичний лейбл 	Motown Records	Motown
Q1069140	Luis Miguel	Луїс Міґель	Q183412	EMI	EMI	Luis Miguel is represented by music label EMI .	Луїс Міґель представлений музичним лейблом EMI.	Луїс Міґель представлений музичним лейблом 	 Луїса Мігеля представляє музичний лейбл EMI.	Луїса Міґеля представляє музичний лейбл EMI.	 Луїса Мігеля представляє музичний лейбл 	EMI	Луїса Міґеля представляє музичний лейбл 	EMI	EMI|||EMI Music
Q11637	Judy Garland	Джуді Ґарленд	Q557632	Decca	Decca Records	Judy Garland is represented by music label Decca .	Джуді Ґарленд представлений музичним лейблом Decca Records.	Джуді Ґарленд представлений музичним лейблом 	 Джуді Гарленд представлена музичним лейблом Decca.	Джуді Ґарленд представляє музичний лейбл Decca Records.	ERROR	ERROR	Джуді Ґарленд представляє музичний лейбл 	Decca Records	Decca
Q333405	Perry Como	Перрі Комо	Q557632	Decca	Decca Records	Perry Como is represented by music label Decca .	Перрі Комо представлений музичним лейблом Decca Records.	Перрі Комо представлений музичним лейблом 	 Перрі Комо представлений музичним лейблом Decca.	Перрі Комо представляє музичний лейбл Decca Records.	ERROR	ERROR	Перрі Комо представляє музичний лейбл 	Decca Records	Decca
Q222628	Small Faces	Small Faces	Q557632	Decca	Decca Records	Small Faces is represented by music label Decca .	Small Faces представлений музичним лейблом Decca Records.	Small Faces представлений музичним лейблом 	 Small Faces представлений музичним лейблом Decca.	Small Faces представляє музичний лейбл Decca Records.	ERROR	ERROR	Small Faces представляє музичний лейбл 	Decca Records	Decca
Q202319	Bill Haley	Білл Хейлі	Q557632	Decca	Decca Records	Bill Haley is represented by music label Decca .	Білл Хейлі представлений музичним лейблом Decca Records.	Білл Хейлі представлений музичним лейблом 	 Білла Гейлі представляє музичний лейбл Decca.	Білла Хейлі представляє музичний лейбл Decca Records.	ERROR	ERROR	Білла Хейлі представляє музичний лейбл 	Decca Records	Decca
Q229139	Peggy Lee	Пеггі Лі	Q557632	Decca	Decca Records	Peggy Lee is represented by music label Decca .	Пеггі Лі представлений музичним лейблом Decca Records.	Пеггі Лі представлений музичним лейблом 	 Пеґґі Лі представлена музичним лейблом Decca.	Пеггі Лі представляє музичний лейбл Decca Records.	ERROR	ERROR	Пеггі Лі представляє музичний лейбл 	Decca Records	Decca
Q207947	Ralph Vaughan Williams	Ральф Воан-Вільямс	Q557632	Decca	Decca Records	Ralph Vaughan Williams is represented by music label Decca .	Ральф Воан-Вільямс представлений музичним лейблом Decca Records.	Ральф Воан-Вільямс представлений музичним лейблом 	 Ральфа Воана Вільямса представляє музичний лейбл Decca.	Ральфа Воан-Вільямса представляє музичний лейбл Decca Records.	ERROR	ERROR	Ральфа Воан-Вільямса представляє музичний лейбл 	Decca Records	Decca
Q797868	Baby Love	Baby Love	Q43327	Motown	Motown Records	Baby Love is represented by music label Motown .	Baby Love представлений музичним лейблом Motown Records.	Baby Love представлений музичним лейблом 	 Baby Love представлений музичним лейблом Motown.	Baby Love представляє музичний лейбл Motown Records.	ERROR	ERROR	Baby Love представляє музичний лейбл 	Motown Records	Motown
Q466508	Rosemary Clooney	Розмарі Клуні	Q557632	Decca	Decca Records	Rosemary Clooney is represented by music label Decca .	Розмарі Клуні представлений музичним лейблом Decca Records.	Розмарі Клуні представлений музичним лейблом 	Розмарі Клуні представлена музичним лейблом Decca.	Розмарі Клуні представляє музичний лейбл Decca Records.	ERROR	ERROR	Розмарі Клуні представляє музичний лейбл 	Decca Records	Decca
Q180453	Dolly Parton	Доллі Партон	Q557632	Decca	Decca Records	Dolly Parton is represented by music label Decca .	Доллі Партон представлений музичним лейблом Decca Records.	Доллі Партон представлений музичним лейблом 	 Доллі Партон представлена музичним лейблом Decca.	Доллі Партон представляє музичний лейбл Decca Records.	ERROR	ERROR	Доллі Партон представляє музичний лейбл 	Decca Records	Decca
Q131814	Tina Turner	Тіна Тернер	Q183412	EMI	EMI	Tina Turner is represented by music label EMI .	Тіна Тернер представлений музичним лейблом EMI.	Тіна Тернер представлений музичним лейблом 	 Тіну Тернер представляє музичний лейбл EMI.	Тіну Тернер представляє музичний лейбл EMI.	 Тіну Тернер представляє музичний лейбл 	EMI	Тіну Тернер представляє музичний лейбл 	EMI	EMI|||EMI Music
Q2152463	Baby I Need Your Loving	Baby I Need Your Loving	Q43327	Motown	Motown Records	Baby I Need Your Loving is represented by music label Motown .	Baby I Need Your Loving представлений музичним лейблом Motown Records.	Baby I Need Your Loving представлений музичним лейблом 	 Baby I Need Your Loving представлений музичним лейблом Motown.	Baby I Need Your Loving представляє музичний лейбл Motown Records.	ERROR	ERROR	Baby I Need Your Loving представляє музичний лейбл 	Motown Records	Motown
Q42482	Iron Maiden	Iron Maiden	Q183412	EMI	EMI	Iron Maiden is represented by music label EMI .	Iron Maiden представлений музичним лейблом EMI.	Iron Maiden представлений музичним лейблом 	 Iron Maiden представлений музичним лейблом EMI.	Iron Maiden представляє музичний лейбл EMI.	 Iron Maiden представлений музичним лейблом 	EMI	Iron Maiden представляє музичний лейбл 	EMI	EMI|||EMI Music
Q202246	Morrissey	Морріссі	Q557632	Decca	Decca Records	Morrissey is represented by music label Decca .	Морріссі представлений музичним лейблом Decca Records.	Морріссі представлений музичним лейблом 	 Морріссі представлений музичним лейблом Decca.	Морріссі представляє музичний лейбл Decca Records.	ERROR	ERROR	Морріссі представляє музичний лейбл 	Decca Records	Decca
Q272931	Loretta Lynn	Лоретта Лін	Q557632	Decca	Decca Records	Loretta Lynn is represented by music label Decca .	Лоретта Лін представлений музичним лейблом Decca Records.	Лоретта Лін представлений музичним лейблом 	 Лоретту Лінн представляє музичний лейбл Decca.	Лоретту Лінн представляє музичний лейбл Decca Records.	ERROR	ERROR	Лоретту Лінн представляє музичний лейбл 	Decca Records	Decca
Q5383	David Bowie	Девід Боуї	Q557632	Decca	Decca Records	David Bowie is represented by music label Decca .	Девід Боуї представлений музичним лейблом Decca Records.	Девід Боуї представлений музичним лейблом 	 Девіда Боуї представляє музичний лейбл Decca.	Девіда Боуї представляє музичний лейбл Decca Records.	ERROR	ERROR	Девіда Боуї представляє музичний лейбл 	Decca Records	Decca
Q456747	Vitaa	Vitaa	Q43327	Motown	Motown Records	Vitaa is represented by music label Motown .	Vitaa представлений музичним лейблом Motown Records.	Vitaa представлений музичним лейблом 	 Vitaa представлена музичним лейблом Motown.	Вітаа представляє музичний лейбл Motown Records.	ERROR	ERROR	Вітаа представляє музичний лейбл 	Motown Records	Motown
Q308899	Powerslave	Powerslave	Q183412	EMI	EMI	Powerslave is represented by music label EMI .	Powerslave представлений музичним лейблом EMI.	Powerslave представлений музичним лейблом 	 Powerslave представлений музичним лейблом EMI.	Powerslave представляє музичний лейбл EMI.	 Powerslave представлений музичним лейблом 	EMI	Powerslave представляє музичний лейбл 	EMI	EMI|||EMI Music
Q239917	Tina Arena	Тіна Арена	Q183412	EMI	EMI	Tina Arena is represented by music label EMI .	Тіна Арена представлений музичним лейблом EMI.	Тіна Арена представлений музичним лейблом 	 Тіну Арену представляє музичний лейбл EMI.	Тіну Арену представляє музичний лейбл EMI.	 Тіну Арену представляє музичний лейбл 	EMI	Тіну Арену представляє музичний лейбл 	EMI	EMI|||EMI Music
Q255304	This Is War	This is War	Q183412	EMI	EMI	This Is War is represented by music label EMI .	This is War представлений музичним лейблом EMI.	This is War представлений музичним лейблом 	 This Is War представлений музичним лейблом EMI.	This Is War представляє музичний лейбл EMI.	 This Is War представлений музичним лейблом 	EMI	This Is War представляє музичний лейбл 	EMI	EMI|||EMI Music
Q165693	Valery Gergiev	Гергієв Валерій Абісалович	Q557632	Decca	Decca Records	Valery Gergiev is represented by music label Decca .	Гергієв Валерій Абісалович представлений музичним лейблом Decca Records.	Гергієв Валерій Абісалович представлений музичним лейблом 	 Валерія Гергієва представляє музичний лейбл Decca.	Гергієва Валерія Абісаловича представляє музичний лейбл Decca Records.	ERROR	ERROR	Гергієва Валерія Абісаловича представляє музичний лейбл 	Decca Records	Decca
Q53668	Lovex	Lovex	Q183412	EMI	EMI	Lovex is represented by music label EMI .	Lovex представлений музичним лейблом EMI.	Lovex представлений музичним лейблом 	 Lovex представлений музичним лейблом EMI.	Lovex представляє музичний лейбл EMI.	 Lovex представлений музичним лейблом 	EMI	Lovex представляє музичний лейбл 	EMI	EMI|||EMI Music
Q253783	Gimme Shelter	Gimme Shelter	Q557632	Decca	Decca Records	Gimme Shelter is represented by music label Decca .	Gimme Shelter представлений музичним лейблом Decca Records.	Gimme Shelter представлений музичним лейблом 	 Gimme Shelter представлений музичним лейблом Decca.	Translation: Gimme Shelter представляє музичний лейбл Decca Records.	ERROR	ERROR	Translation: Gimme Shelter представляє музичний лейбл 	Decca Records	Decca
Q202536	Paulina Rubio	Пауліна Рубіо	Q183412	EMI	EMI	Paulina Rubio is represented by music label EMI .	Пауліна Рубіо представлений музичним лейблом EMI.	Пауліна Рубіо представлений музичним лейблом 	 Пауліну Рубіо представляє музичний лейбл EMI.	Пауліну Рубіо представляє музичний лейбл EMI.	 Пауліну Рубіо представляє музичний лейбл 	EMI	Пауліну Рубіо представляє музичний лейбл 	EMI	EMI|||EMI Music
Q200725	Virtual XI	Virtual XI	Q183412	EMI	EMI	Virtual XI is represented by music label EMI .	Virtual XI представлений музичним лейблом EMI.	Virtual XI представлений музичним лейблом 	 Virtual XI представлений музичним лейблом EMI.	Virtual XI представляє музичний лейбл EMI.	 Virtual XI представлений музичним лейблом 	EMI	Virtual XI представляє музичний лейбл 	EMI	EMI|||EMI Music
Q355382	Midge Ure	Мідж Юр	Q183412	EMI	EMI	Midge Ure is represented by music label EMI .	Мідж Юр представлений музичним лейблом EMI.	Мідж Юр представлений музичним лейблом 	 Мідж Юр представлена музичним лейблом EMI.	Мідж Юр представляє музичний лейбл EMI.	 Мідж Юр представлена музичним лейблом 	EMI	Мідж Юр представляє музичний лейбл 	EMI	EMI|||EMI Music
Q44247	Forever, Michael	Forever, Michael	Q43327	Motown	Motown Records	Forever, Michael is represented by music label Motown .	Forever, Michael представлений музичним лейблом Motown Records.	Forever, Michael представлений музичним лейблом 	Назавжди Майкла представляє музичний лейбл Motown.	Forever, Michael представляє музичний лейбл Motown Records.	ERROR	ERROR	Forever, Michael представляє музичний лейбл 	Motown Records	Motown
Q839836	Get Yer Ya-Ya's Out! The Rolling Stones in Concert	Get Yer Ya-Ya's Out!	Q557632	Decca	Decca Records	Get Yer Ya-Ya's Out! The Rolling Stones in Concert is represented by music label Decca .	Get Yer Ya-Ya's Out! представлений музичним лейблом Decca Records.	Get Yer Ya-Ya's Out! представлений музичним лейблом 	 Заведіть свою я-я! Гурт Rolling Stones на концерті представлений музичним лейблом Decca.	Get Yer Ya-Ya's Out! The Rolling Stones in Concert представляє музичний лейбл Decca Records.	ERROR	ERROR	Get Yer Ya-Ya's Out! The Rolling Stones in Concert представляє музичний лейбл 	Decca Records	Decca
Q1707816	Savoy Brown	Savoy Brown	Q557632	Decca	Decca Records	Savoy Brown is represented by music label Decca .	Savoy Brown представлений музичним лейблом Decca Records.	Savoy Brown представлений музичним лейблом 	 Savoy Brown представлений музичним лейблом Decca.	Савой Браун представляє музичний лейбл Decca Records.	ERROR	ERROR	Савой Браун представляє музичний лейбл 	Decca Records	Decca
Q137042	Nat King Cole	Нет Кінг Коул	Q557632	Decca	Decca Records	Nat King Cole is represented by music label Decca .	Нет Кінг Коул представлений музичним лейблом Decca Records.	Нет Кінг Коул представлений музичним лейблом 	 Нета Кінга Коула представляє музичний лейбл Decca.	Нет Кінг Коул представляє музичний лейбл Decca Records.	ERROR	ERROR	Нет Кінг Коул представляє музичний лейбл 	Decca Records	Decca
Q1870505	Los Bravos	Los Bravos	Q557632	Decca	Decca Records	Los Bravos is represented by music label Decca .	Los Bravos представлений музичним лейблом Decca Records.	Los Bravos представлений музичним лейблом 	 Los Bravos представлений музичним лейблом Decca.	Translation: Los Bravos представляє музичний лейбл Decca Records.	ERROR	ERROR	Translation: Los Bravos представляє музичний лейбл 	Decca Records	Decca
Q837099	Untitled	Untitled	Q183412	EMI	EMI	Untitled is represented by music label EMI .	Untitled представлений музичним лейблом EMI.	Untitled представлений музичним лейблом 	 Untitled представлений музичним лейблом EMI.	Untitled представляє музичний лейбл EMI.	 Untitled представлений музичним лейблом 	EMI	Untitled представляє музичний лейбл 	EMI	EMI|||EMI Music
Q2144397	The Love You Save	The Love You Save	Q43327	Motown	Motown Records	The Love You Save is represented by music label Motown .	The Love You Save представлений музичним лейблом Motown Records.	The Love You Save представлений музичним лейблом 	 Гурт «The Love You Save» представлений музичним лейблом Motown.	The Love You Save представляє музичний лейбл Motown Records.	ERROR	ERROR	The Love You Save представляє музичний лейбл 	Motown Records	Motown
Q170200	Lovedrive	Lovedrive	Q183412	EMI	EMI	Lovedrive is represented by music label EMI .	Lovedrive представлений музичним лейблом EMI.	Lovedrive представлений музичним лейблом 	 Lovedrive представлений музичним лейблом EMI.	Lovedrive представляє музичний лейбл EMI.	 Lovedrive представлений музичним лейблом 	EMI	Lovedrive представляє музичний лейбл 	EMI	EMI|||EMI Music
Q2287274	Cincinnati Symphony Orchestra	Симфонічний оркестр Цинциннаті	Q557632	Decca	Decca Records	Cincinnati Symphony Orchestra is represented by music label Decca .	Симфонічний оркестр Цинциннаті представлений музичним лейблом Decca Records.	Симфонічний оркестр Цинциннаті представлений музичним лейблом 	 Симфонічний оркестр Цинциннаті представлений музичним лейблом Decca.	Симфонічний оркестр Цинциннаті представляє музичний лейбл Decca Records.	ERROR	ERROR	Симфонічний оркестр Цинциннаті представляє музичний лейбл 	Decca Records	Decca
Q188482	Robin Gibb	Робін Ґібб	Q183412	EMI	EMI	Robin Gibb is represented by music label EMI .	Робін Ґібб представлений музичним лейблом EMI.	Робін Ґібб представлений музичним лейблом 	 Робіна Гібба представляє музичний лейбл EMI.	Робіна Ґібба представляє музичний лейбл EMI.	 Робіна Гібба представляє музичний лейбл 	EMI	Робіна Ґібба представляє музичний лейбл 	EMI	EMI|||EMI Music
Q568065	Another One Bites the Dust	Another One Bites the Dust	Q183412	EMI	EMI	Another One Bites the Dust is represented by music label EMI .	Another One Bites the Dust представлений музичним лейблом EMI.	Another One Bites the Dust представлений музичним лейблом 	 Another One Bites the Dust представлений музичним лейблом EMI.	Another One Bites the Dust представляє музичний лейбл EMI.	 Another One Bites the Dust представлений музичним лейблом 	EMI	Another One Bites the Dust представляє музичний лейбл 	EMI	EMI|||EMI Music
Q559529	Francesco Guccini	Франческо Гуччіні	Q183412	EMI	EMI	Francesco Guccini is represented by music label EMI .	Франческо Гуччіні представлений музичним лейблом EMI.	Франческо Гуччіні представлений музичним лейблом 	 Франческо Гуччіні представляє музичний лейбл EMI.	Франческо Гуччіні представляє музичний лейбл EMI.	 Франческо Гуччіні представляє музичний лейбл 	EMI	Франческо Гуччіні представляє музичний лейбл 	EMI	EMI|||EMI Music
Q1785	Charles Aznavour	Шарль Азнавур	Q183412	EMI	EMI	Charles Aznavour is represented by music label EMI .	Шарль Азнавур представлений музичним лейблом EMI.	Шарль Азнавур представлений музичним лейблом 	 Шарля Азнавура представляє музичний лейбл EMI.	Шарля Азнавура представляє музичний лейбл EMI.	 Шарля Азнавура представляє музичний лейбл 	EMI	Шарля Азнавура представляє музичний лейбл 	EMI	EMI|||EMI Music
Q276038	Riccardo Muti	Рікардо Муті	Q183412	EMI	EMI	Riccardo Muti is represented by music label EMI .	Рікардо Муті представлений музичним лейблом EMI.	Рікардо Муті представлений музичним лейблом 	 Ріккардо Муті представлений музичним лейблом EMI.	Рікардо Муті представляє музичний лейбл EMI.	 Ріккардо Муті представлений музичним лейблом 	EMI	Рікардо Муті представляє музичний лейбл 	EMI	EMI|||EMI Music
Q177364	The Tremeloes	The Tremeloes	Q557632	Decca	Decca Records	The Tremeloes is represented by music label Decca .	The Tremeloes представлений музичним лейблом Decca Records.	The Tremeloes представлений музичним лейблом 	 Гурт Tremeloes представлений музичним лейблом Decca.	The Tremeloes представляє музичний лейбл Decca Records.	ERROR	ERROR	The Tremeloes представляє музичний лейбл 	Decca Records	Decca
Q725244	Live After Death	Live After Death	Q183412	EMI	EMI	Live After Death is represented by music label EMI .	Live After Death представлений музичним лейблом EMI.	Live After Death представлений музичним лейблом 	 Live After Death представлений музичним лейблом EMI.	Translation: Live After Death представляє музичний лейбл EMI.	 Live After Death представлений музичним лейблом 	EMI	Translation: Live After Death представляє музичний лейбл 	EMI	EMI|||EMI Music
Q216051	Charlie Watts	Чарлі Воттс	Q557632	Decca	Decca Records	Charlie Watts is represented by music label Decca .	Чарлі Воттс представлений музичним лейблом Decca Records.	Чарлі Воттс представлений музичним лейблом 	Чарлі Воттса представляє музичний лейбл Decca.	Чарлі Воттса представляє музичний лейбл Decca Records.	ERROR	ERROR	Чарлі Воттса представляє музичний лейбл 	Decca Records	Decca
Q131422	The Animals	The Animals	Q557632	Decca	Decca Records	The Animals is represented by music label Decca .	The Animals представлений музичним лейблом Decca Records.	The Animals представлений музичним лейблом 	 Гурт The Animals представлений музичним лейблом Decca.	The Animals представляє музичний лейбл Decca Records.	ERROR	ERROR	The Animals представляє музичний лейбл 	Decca Records	Decca
Q20709	Swedish House Mafia	Swedish House Mafia	Q183412	EMI	EMI	Swedish House Mafia is represented by music label EMI .	Swedish House Mafia представлений музичним лейблом EMI.	Swedish House Mafia представлений музичним лейблом 	 Swedish House Mafia представлена музичним лейблом EMI.	Swedish House Mafia представляє музичний лейбл EMI.	 Swedish House Mafia представлена музичним лейблом 	EMI	Swedish House Mafia представляє музичний лейбл 	EMI	EMI|||EMI Music
Q492029	Tiziano Ferro	Тіціано Ферро	Q183412	EMI	EMI	Tiziano Ferro is represented by music label EMI .	Тіціано Ферро представлений музичним лейблом EMI.	Тіціано Ферро представлений музичним лейблом 	 Тіціано Ферро представлений музичним лейблом EMI.	Тіціано Ферро представляє музичний лейбл EMI.	 Тіціано Ферро представлений музичним лейблом 	EMI	Тіціано Ферро представляє музичний лейбл 	EMI	EMI|||EMI Music
Q8298	David Guetta	Девід Гетта	Q183412	EMI	EMI	David Guetta is represented by music label EMI .	Девід Гетта представлений музичним лейблом EMI.	Девід Гетта представлений музичним лейблом 	 Девіда Гетту представляє музичний лейбл EMI.	Девіда Гетта представляє музичний лейбл EMI.	 Девіда Гетту представляє музичний лейбл 	EMI	Девіда Гетта представляє музичний лейбл 	EMI	EMI|||EMI Music
Q93346	The Who	The Who	Q557632	Decca	Decca Records	The Who is represented by music label Decca .	The Who представлений музичним лейблом Decca Records.	The Who представлений музичним лейблом 	 Гурт The Who представлений музичним лейблом Decca.	Translation: The Who представляє музичний лейбл Decca Records.	ERROR	ERROR	Translation: The Who представляє музичний лейбл 	Decca Records	Decca
Q736107	OK Go	OK Go	Q183412	EMI	EMI	OK Go is represented by music label EMI .	OK Go представлений музичним лейблом EMI.	OK Go представлений музичним лейблом 	 OK Go представлений музичним лейблом EMI.	OK Go представляє музичний лейбл EMI.	 OK Go представлений музичним лейблом 	EMI	OK Go представляє музичний лейбл 	EMI	EMI|||EMI Music
Q229330	Vera Lynn	Віра Лінн	Q183412	EMI	EMI	Vera Lynn is represented by music label EMI .	Віра Лінн представлений музичним лейблом EMI.	Віра Лінн представлений музичним лейблом 	 Віру Лінн представляє музичний лейбл EMI.	Віру Лінн представляє музичний лейбл EMI.	 Віру Лінн представляє музичний лейбл 	EMI	Віру Лінн представляє музичний лейбл 	EMI	EMI|||EMI Music
Q236212	Petula Clark	Петула Кларк	Q183412	EMI	EMI	Petula Clark is represented by music label EMI .	Петула Кларк представлений музичним лейблом EMI.	Петула Кларк представлений музичним лейблом 	 Петулу Кларк представляє музичний лейбл EMI.	Петулу Кларк представляє музичний лейбл EMI.	 Петулу Кларк представляє музичний лейбл 	EMI	Петулу Кларк представляє музичний лейбл 	EMI	EMI|||EMI Music
Q43932	Angus Young	Ангус Янг	Q183412	EMI	EMI	Angus Young is represented by music label EMI .	Ангус Янг представлений музичним лейблом EMI.	Ангус Янг представлений музичним лейблом 	 Ангуса Янга представляє музичний лейбл EMI.	Ангуса Янга представляє музичний лейбл EMI.	 Ангуса Янга представляє музичний лейбл 	EMI	Ангуса Янга представляє музичний лейбл 	EMI	EMI|||EMI Music
Q107008	Count Basie	Каунт Бейсі	Q557632	Decca	Decca Records	Count Basie is represented by music label Decca .	Каунт Бейсі представлений музичним лейблом Decca Records.	Каунт Бейсі представлений музичним лейблом 	 Каунта Бейсі представляє музичний лейбл Decca.	Каунта Бейсі представляє музичний лейбл Decca Records.	ERROR	ERROR	Каунта Бейсі представляє музичний лейбл 	Decca Records	Decca
Q193600	Kate Ryan	Кейт Райян	Q183412	EMI	EMI	Kate Ryan is represented by music label EMI .	Кейт Райян представлений музичним лейблом EMI.	Кейт Райян представлений музичним лейблом 	 Кейт Райан представлена музичним лейблом EMI.	Кейт Райян представляє музичний лейбл EMI.	 Кейт Райан представлена музичним лейблом 	EMI	Кейт Райян представляє музичний лейбл 	EMI	EMI|||EMI Music
Q46087	Anouk	Анук Теуве	Q183412	EMI	EMI	Anouk is represented by music label EMI .	Анук Теуве представлений музичним лейблом EMI.	Анук Теуве представлений музичним лейблом 	 Анук представлена музичним лейблом EMI.	Анук Теуве представляє музичний лейбл EMI.	 Анук представлена музичним лейблом 	EMI	Анук Теуве представляє музичний лейбл 	EMI	EMI|||EMI Music
Q26933	Pete Townshend	Піт Таунсенд	Q557632	Decca	Decca Records	Pete Townshend is represented by music label Decca .	Піт Таунсенд представлений музичним лейблом Decca Records.	Піт Таунсенд представлений музичним лейблом 	 Піта Таунсенда представляє музичний лейбл Decca.	Піта Таунсенда представляє музичний лейбл Decca Records.	ERROR	ERROR	Піта Таунсенда представляє музичний лейбл 	Decca Records	Decca
Q2453067	Medazzaland	Medazzaland	Q183412	EMI	EMI	Medazzaland is represented by music label EMI .	Medazzaland представлений музичним лейблом EMI.	Medazzaland представлений музичним лейблом 	 Medazzaland представлений музичним лейблом EMI.	Translation: Medazzaland представляє музичний лейбл EMI.	 Medazzaland представлений музичним лейблом 	EMI	Translation: Medazzaland представляє музичний лейбл 	EMI	EMI|||EMI Music
Q44209	Music & Me	Music & Me	Q43327	Motown	Motown Records	Music & Me is represented by music label Motown .	Music & Me представлений музичним лейблом Motown Records.	Music & Me представлений музичним лейблом 	 Music & Me представлений музичним лейблом Motown.	Music & Me представляє музичний лейбл Motown Records.	ERROR	ERROR	Music & Me представляє музичний лейбл 	Motown Records	Motown
Q82545	Sex Pistols	Sex Pistols	Q183412	EMI	EMI	Sex Pistols is represented by music label EMI .	Sex Pistols представлений музичним лейблом EMI.	Sex Pistols представлений музичним лейблом 	 Sex Pistols представлений музичним лейблом EMI.	Sex Pistols представляє музичний лейбл EMI.	 Sex Pistols представлений музичним лейблом 	EMI	Sex Pistols представляє музичний лейбл 	EMI	EMI|||EMI Music
Q229330	Vera Lynn	Віра Лінн	Q557632	Decca	Decca Records	Vera Lynn is represented by music label Decca .	Віра Лінн представлений музичним лейблом Decca Records.	Віра Лінн представлений музичним лейблом 	 Віру Лінн представляє музичний лейбл Decca.	Віру Лінн представляє музичний лейбл Decca Records.	ERROR	ERROR	Віру Лінн представляє музичний лейбл 	Decca Records	Decca
Q201908	Anni-Frid Lyngstad	Анні-Фрід Лінгстад	Q183412	EMI	EMI	Anni-Frid Lyngstad is represented by music label EMI .	Анні-Фрід Лінгстад представлений музичним лейблом EMI.	Анні-Фрід Лінгстад представлений музичним лейблом 	Анні-Фрід Лінгстад представлена музичним лейблом EMI.	Анні-Фрід Лінгстад представляє музичний лейбл EMI.	Анні-Фрід Лінгстад представлена музичним лейблом 	EMI	Анні-Фрід Лінгстад представляє музичний лейбл 	EMI	EMI|||EMI Music
Q2643	George Harrison	Джордж Гаррісон	Q183412	EMI	EMI	George Harrison is represented by music label EMI .	Джордж Гаррісон представлений музичним лейблом EMI.	Джордж Гаррісон представлений музичним лейблом 	 Джорджа Гаррісона представляє музичний лейбл EMI.	Джорджа Гарріса представляє музичний лейбл EMI.	 Джорджа Гаррісона представляє музичний лейбл 	EMI	Джорджа Гарріса представляє музичний лейбл 	EMI	EMI|||EMI Music
Q1532854	The Stranglers	The Stranglers	Q183412	EMI	EMI	The Stranglers is represented by music label EMI .	The Stranglers представлений музичним лейблом EMI.	The Stranglers представлений музичним лейблом 	 Гурт The Stranglers представлений музичним лейблом EMI.	The Stranglers представляє музичний лейбл EMI.	 Гурт The Stranglers представлений музичним лейблом 	EMI	The Stranglers представляє музичний лейбл 	EMI	EMI|||EMI Music
Q202314	Thin Lizzy	Thin Lizzy	Q557632	Decca	Decca Records	Thin Lizzy is represented by music label Decca .	Thin Lizzy представлений музичним лейблом Decca Records.	Thin Lizzy представлений музичним лейблом 	 Гурт Thin Lizzy представлений музичним лейблом Decca.	Thin Lizzy представляє музичний лейбл Decca Records.	ERROR	ERROR	Thin Lizzy представляє музичний лейбл 	Decca Records	Decca
Q157079	Wir sind Helden	Wir sind Helden	Q183412	EMI	EMI	Wir sind Helden is represented by music label EMI .	Wir sind Helden представлений музичним лейблом EMI.	Wir sind Helden представлений музичним лейблом 	 Wir sind Helden представлений музичним лейблом EMI.	Wir sind Helden представляє музичний лейбл EMI.	 Wir sind Helden представлений музичним лейблом 	EMI	Wir sind Helden представляє музичний лейбл 	EMI	EMI|||EMI Music
Q2331	Led Zeppelin	Led Zeppelin	Q557632	Decca	Decca Records	Led Zeppelin is represented by music label Decca .	Led Zeppelin представлений музичним лейблом Decca Records.	Led Zeppelin представлений музичним лейблом 	 Led Zeppelin представлений музичним лейблом Decca.	Translation: Led Zeppelin представляє музичний лейбл Decca Records.	ERROR	ERROR	Translation: Led Zeppelin представляє музичний лейбл 	Decca Records	Decca
Q612471	Camel	Camel	Q557632	Decca	Decca Records	Camel is represented by music label Decca .	Camel представлений музичним лейблом Decca Records.	Camel представлений музичним лейблом 	 Camel представлений музичним лейблом Decca.	Camel представляє музичний лейбл Decca Records.	ERROR	ERROR	Camel представляє музичний лейбл 	Decca Records	Decca
Q844051	The Who Sell Out	The Who Sell Out	Q557632	Decca	Decca Records	The Who Sell Out is represented by music label Decca .	The Who Sell Out представлений музичним лейблом Decca Records.	The Who Sell Out представлений музичним лейблом 	 The Who Sell Out представлений музичним лейблом Decca.	The Who Sell Out представляє музичний лейбл Decca Records.	ERROR	ERROR	The Who Sell Out представляє музичний лейбл 	Decca Records	Decca
