sub_uri	en_sub_label	sub_label	obj_uri	en_obj_label	obj_label	en_template	template	template_prompt	gt_translation	chatgpt_translation	gt_prompt	gt_infl_object	chatgpt_prompt	chatgpt_infl_object	aliases
Q222	Albania	Албанія	Q7184	NATO	НАТО	Albania is a member of NATO .	Албанія є членом НАТО.	Албанія є членом 	 Албанія є членом НАТО.	Албанія є членом НАТО.	 Албанія є членом 	НАТО	Албанія є членом 	НАТО	NATO|||Організація Північноатлантичного договору|||NATO|||OTAN|||Північноатлантичний альянс|||Організація Північноатлантичного альянсу
Q30	United States of America	Сполучені Штати Америки	Q7184	NATO	НАТО	United States of America is a member of NATO .	Сполучені Штати Америки є членом НАТО.	Сполучені Штати Америки є членом 	 Сполучені Штати Америки є членом НАТО.	Сполучені Штати Америки є членом НАТО.	 Сполучені Штати Америки є членом 	НАТО	Сполучені Штати Америки є членом 	НАТО	NATO|||Організація Північноатлантичного договору|||NATO|||OTAN|||Північноатлантичний альянс|||Організація Північноатлантичного альянсу
Q224	Croatia	Хорватія	Q7184	NATO	НАТО	Croatia is a member of NATO .	Хорватія є членом НАТО.	Хорватія є членом 	 Хорватія є членом НАТО.	Хорватія є членом НАТО.	 Хорватія є членом 	НАТО	Хорватія є членом 	НАТО	NATO|||Організація Північноатлантичного договору|||NATO|||OTAN|||Північноатлантичний альянс|||Організація Північноатлантичного альянсу
Q31	Belgium	Бельгія	Q7184	NATO	НАТО	Belgium is a member of NATO .	Бельгія є членом НАТО.	Бельгія є членом 	 Бельгія є членом НАТО.	Бельгія є членом НАТО.	 Бельгія є членом 	НАТО	Бельгія є членом 	НАТО	NATO|||Організація Північноатлантичного договору|||NATO|||OTAN|||Північноатлантичний альянс|||Організація Північноатлантичного альянсу
Q213	Czech Republic	Чехія	Q7184	NATO	НАТО	Czech Republic is a member of NATO .	Чехія є членом НАТО.	Чехія є членом 	 Чеська Республіка є членом НАТО.	Чехія є членом НАТО.	 Чеська Республіка є членом 	НАТО	Чехія є членом 	НАТО	NATO|||Організація Північноатлантичного договору|||NATO|||OTAN|||Північноатлантичний альянс|||Організація Північноатлантичного альянсу
Q16	Canada	Канада	Q7184	NATO	НАТО	Canada is a member of NATO .	Канада є членом НАТО.	Канада є членом 	 Канада є членом НАТО.	Канада є членом НАТО.	 Канада є членом 	НАТО	Канада є членом 	НАТО	NATO|||Організація Північноатлантичного договору|||NATO|||OTAN|||Північноатлантичний альянс|||Організація Північноатлантичного альянсу
Q190679	Captain America	Капітан Америка	Q322646	Avengers	Месники	Captain America is a member of Avengers .	Капітан Америка є членом Месники.	Капітан Америка є членом 	 Капітан Америка є членом Месників.	Капітан Америка є членом Месників.	 Капітан Америка є членом 	Месників	Капітан Америка є членом 	Месників	Avengers
Q35	Denmark	Данія	Q7184	NATO	НАТО	Denmark is a member of NATO .	Данія є членом НАТО.	Данія є членом 	 Данія є членом НАТО.	Данія є членом НАТО.	 Данія є членом 	НАТО	Данія є членом 	НАТО	NATO|||Організація Північноатлантичного договору|||NATO|||OTAN|||Північноатлантичний альянс|||Організація Північноатлантичного альянсу
Q164089	Mexico national football team	збірна Мексики з футболу	Q253414	FIFA	ФІФА	Mexico national football team is a member of FIFA .	збірна Мексики з футболу є членом ФІФА.	збірна Мексики з футболу є членом 	 Збірна Мексики з футболу є членом ФІФА.	Збірна Мексики з футболу є членом ФІФА.	 Збірна Мексики з футболу є членом 	ФІФА	Збірна Мексики з футболу є членом 	ФІФА	FIFA|||FIFA
Q191	Estonia	Естонія	Q7184	NATO	НАТО	Estonia is a member of NATO .	Естонія є членом НАТО.	Естонія є членом 	 Естонія є членом НАТО.	Естонія є членом НАТО.	 Естонія є членом 	НАТО	Естонія є членом 	НАТО	NATO|||Організація Північноатлантичного договору|||NATO|||OTAN|||Північноатлантичний альянс|||Організація Північноатлантичного альянсу
Q142	France	Франція	Q7184	NATO	НАТО	France is a member of NATO .	Франція є членом НАТО.	Франція є членом 	 Франція є членом НАТО.	Франція є членом НАТО.	 Франція є членом 	НАТО	Франція є членом 	НАТО	NATO|||Організація Північноатлантичного договору|||NATO|||OTAN|||Північноатлантичний альянс|||Організація Північноатлантичного альянсу
Q42267	Spain national football team	збірна Іспанії з футболу	Q253414	FIFA	ФІФА	Spain national football team is a member of FIFA .	збірна Іспанії з футболу є членом ФІФА.	збірна Іспанії з футболу є членом 	 Збірна Іспанії з футболу є членом ФІФА.	Збірна Іспанії з футболу є членом ФІФА.	 Збірна Іспанії з футболу є членом 	ФІФА	Збірна Іспанії з футболу є членом 	ФІФА	FIFA|||FIFA
Q183	Germany	Німеччина	Q7184	NATO	НАТО	Germany is a member of NATO .	Німеччина є членом НАТО.	Німеччина є членом 	 Німеччина є членом НАТО.	Німеччина є членом НАТО.	 Німеччина є членом 	НАТО	Німеччина є членом 	НАТО	NATO|||Організація Північноатлантичного договору|||NATO|||OTAN|||Північноатлантичний альянс|||Організація Північноатлантичного альянсу
Q219	Bulgaria	Болгарія	Q7184	NATO	НАТО	Bulgaria is a member of NATO .	Болгарія є членом НАТО.	Болгарія є членом 	 Болгарія є членом НАТО.	Болгарія є членом НАТО.	 Болгарія є членом 	НАТО	Болгарія є членом 	НАТО	NATO|||Організація Північноатлантичного договору|||NATO|||OTAN|||Північноатлантичний альянс|||Організація Північноатлантичного альянсу
Q55	Netherlands	Нідерланди	Q7184	NATO	НАТО	Netherlands is a member of NATO .	Нідерланди є членом НАТО.	Нідерланди є членом 	 Нідерланди є членом НАТО.	Нідерланди є членом НАТО.	 Нідерланди є членом 	НАТО	Нідерланди є членом 	НАТО	NATO|||Організація Північноатлантичного договору|||NATO|||OTAN|||Північноатлантичний альянс|||Організація Північноатлантичного альянсу
Q32	Luxembourg	Люксембург	Q7184	NATO	НАТО	Luxembourg is a member of NATO .	Люксембург є членом НАТО.	Люксембург є членом 	 Люксембург є членом НАТО.	Люксембург є членом НАТО.	 Люксембург є членом 	НАТО	Люксембург є членом 	НАТО	NATO|||Організація Північноатлантичного договору|||NATO|||OTAN|||Північноатлантичний альянс|||Організація Північноатлантичного альянсу
Q28	Hungary	Угорщина	Q7184	NATO	НАТО	Hungary is a member of NATO .	Угорщина є членом НАТО.	Угорщина є членом 	 Угорщина є членом НАТО.	Угорщина є членом НАТО.	 Угорщина є членом 	НАТО	Угорщина є членом 	НАТО	NATO|||Організація Північноатлантичного договору|||NATO|||OTAN|||Північноатлантичний альянс|||Організація Північноатлантичного альянсу
Q152378	Ismail Haniyeh	Ісмаїл Ханія	Q38799	Hamas	Хамас	Ismail Haniyeh is a member of Hamas .	Ісмаїл Ханія є членом Хамас.	Ісмаїл Ханія є членом 	 Ісмаїл Ханія є членом ХАМАС.	Ісмаїл Ханія є членом ХАМАС.	 Ісмаїл Ханія є членом 	ХАМАС	Ісмаїл Ханія є членом 	ХАМАС	Hamas
Q189	Iceland	Ісландія	Q7184	NATO	НАТО	Iceland is a member of NATO .	Ісландія є членом НАТО.	Ісландія є членом 	 Ісландія є членом НАТО.	Ісландія є членом НАТО.	 Ісландія є членом 	НАТО	Ісландія є членом 	НАТО	NATO|||Організація Північноатлантичного договору|||NATO|||OTAN|||Північноатлантичний альянс|||Організація Північноатлантичного альянсу
Q38	Italy	Італія	Q7184	NATO	НАТО	Italy is a member of NATO .	Італія є членом НАТО.	Італія є членом 	 Італія є членом НАТО.	Італія є членом НАТО.	 Італія є членом 	НАТО	Італія є членом 	НАТО	NATO|||Організація Північноатлантичного договору|||NATO|||OTAN|||Північноатлантичний альянс|||Організація Північноатлантичного альянсу
Q676899	Italy national association football team	збірна Італії з футболу	Q253414	FIFA	ФІФА	Italy national association football team is a member of FIFA .	збірна Італії з футболу є членом ФІФА.	збірна Італії з футболу є членом 	 Національна збірна Італії з футболу є членом ФІФА.	Збірна Італії з футболу є членом ФІФА.	 Національна збірна Італії з футболу є членом 	ФІФА	Збірна Італії з футболу є членом 	ФІФА	FIFA|||FIFA
Q211	Latvia	Латвія	Q7184	NATO	НАТО	Latvia is a member of NATO .	Латвія є членом НАТО.	Латвія є членом 	 Латвія є членом НАТО.	Латвія є членом НАТО.	 Латвія є членом 	НАТО	Латвія є членом 	НАТО	NATO|||Організація Північноатлантичного договору|||NATO|||OTAN|||Північноатлантичний альянс|||Організація Північноатлантичного альянсу
Q37	Lithuania	Литва	Q7184	NATO	НАТО	Lithuania is a member of NATO .	Литва є членом НАТО.	Литва є членом 	 Литва є членом НАТО.	Литва є членом НАТО.	 Литва є членом 	НАТО	Литва є членом 	НАТО	NATO|||Організація Північноатлантичного договору|||NATO|||OTAN|||Північноатлантичний альянс|||Організація Північноатлантичного альянсу
Q41	Greece	Греція	Q7184	NATO	НАТО	Greece is a member of NATO .	Греція є членом НАТО.	Греція є членом 	 Греція є членом НАТО.	Греція є членом НАТО.	 Греція є членом 	НАТО	Греція є членом 	НАТО	NATO|||Організація Північноатлантичного договору|||NATO|||OTAN|||Північноатлантичний альянс|||Організація Північноатлантичного альянсу
Q834621	Bono	Боно	Q396	U2	U2	Bono is a member of U2 .	Боно є членом U2.	Боно є членом 	Боно є учасником гурту U2.	Боно є членом U2.	Боно є учасником гурту 	U2	Боно є членом 	U2	U2|||Ю Ту
Q714845	The Edge	Едж	Q396	U2	U2	The Edge is a member of U2 .	Едж є членом U2.	Едж є членом 	 The Edge є учасником гурту U2.	Едж є членом U2.	 The Edge є учасником гурту 	U2	Едж є членом 	U2	U2|||Ю Ту
Q83459	Brazil national football team	збірна Бразилії з футболу	Q253414	FIFA	ФІФА	Brazil national football team is a member of FIFA .	збірна Бразилії з футболу є членом ФІФА.	збірна Бразилії з футболу є членом 	 Збірна Бразилії з футболу є членом ФІФА.	Збірна Бразилії з футболу є членом ФІФА.	 Збірна Бразилії з футболу є членом 	ФІФА	Збірна Бразилії з футболу є членом 	ФІФА	FIFA|||FIFA
Q218	Romania	Румунія	Q7184	NATO	НАТО	Romania is a member of NATO .	Румунія є членом НАТО.	Румунія є членом 	 Румунія є членом НАТО.	Румунія є членом НАТО.	 Румунія є членом 	НАТО	Румунія є членом 	НАТО	NATO|||Організація Північноатлантичного договору|||NATO|||OTAN|||Північноатлантичний альянс|||Організація Північноатлантичного альянсу
Q180704	Iron Man	Залізна Людина	Q322646	Avengers	Месники	Iron Man is a member of Avengers .	Залізна Людина є членом Месники.	Залізна Людина є членом 	 Залізна людина є членом Месників.	Залізна Людина є членом Месників.	 Залізна людина є членом 	Месників	Залізна Людина є членом 	Месників	Avengers
Q43	Turkey	Туреччина	Q7184	NATO	НАТО	Turkey is a member of NATO .	Туреччина є членом НАТО.	Туреччина є членом 	 Туреччина є членом НАТО.	Туреччина є членом НАТО.	 Туреччина є членом 	НАТО	Туреччина є членом 	НАТО	NATO|||Організація Північноатлантичного договору|||NATO|||OTAN|||Північноатлантичний альянс|||Організація Північноатлантичного альянсу
Q214	Slovakia	Словаччина	Q7184	NATO	НАТО	Slovakia is a member of NATO .	Словаччина є членом НАТО.	Словаччина є членом 	 Словаччина є членом НАТО.	Словаччина є членом НАТО.	 Словаччина є членом 	НАТО	Словаччина є членом 	НАТО	NATO|||Організація Північноатлантичного договору|||NATO|||OTAN|||Північноатлантичний альянс|||Організація Північноатлантичного альянсу
Q164134	United States men's national soccer team	збірна США з футболу	Q253414	FIFA	ФІФА	United States men's national soccer team is a member of FIFA .	збірна США з футболу є членом ФІФА.	збірна США з футболу є членом 	 Чоловіча збірна США з футболу є членом ФІФА.	Збірна США з футболу є членом ФІФА.	 Чоловіча збірна США з футболу є членом 	ФІФА	Збірна США з футболу є членом 	ФІФА	FIFA|||FIFA
Q387655	Noddy Holder	Нодді Голдер	Q156872	Slade	Slade	Noddy Holder is a member of Slade .	Нодді Голдер є членом Slade.	Нодді Голдер є членом 	 Нодді Голдер є учасником Slade.	Нодді Голдер є членом Slade.	 Нодді Голдер є учасником 	Slade	Нодді Голдер є членом 	Slade	Slade
Q483868	Czech Republic national football team	збірна Чехії з футболу	Q253414	FIFA	ФІФА	Czech Republic national football team is a member of FIFA .	збірна Чехії з футболу є членом ФІФА.	збірна Чехії з футболу є членом 	 Збірна Чехії з футболу є членом ФІФА.	Збірна Чехії з футболу є членом ФІФА.	 Збірна Чехії з футболу є членом 	ФІФА	Збірна Чехії з футболу є членом 	ФІФА	FIFA|||FIFA
Q9500	The Football Association	Футбольна асоціація Англії	Q253414	FIFA	ФІФА	The Football Association is a member of FIFA .	Футбольна асоціація Англії є членом ФІФА.	Футбольна асоціація Англії є членом 	 Футбольна асоціація є членом ФІФА.	Футбольна асоціація Англії є членом ФІФА.	 Футбольна асоціація є членом 	ФІФА	Футбольна асоціація Англії є членом 	ФІФА	FIFA|||FIFA
Q213116	Royal Dutch Football Association	Футбольна федерація Нідерландів	Q253414	FIFA	ФІФА	Royal Dutch Football Association is a member of FIFA .	Футбольна федерація Нідерландів є членом ФІФА.	Футбольна федерація Нідерландів є членом 	 Королівська футбольна асоціація Нідерландів є членом ФІФА.	Футбольна федерація Нідерландів є членом ФІФА.	 Королівська футбольна асоціація Нідерландів є членом 	ФІФА	Футбольна федерація Нідерландів є членом 	ФІФА	FIFA|||FIFA
Q381124	Royal Belgian Football Association	Королівська Бельгійська футбольна асоціація	Q253414	FIFA	ФІФА	Royal Belgian Football Association is a member of FIFA .	Королівська Бельгійська футбольна асоціація є членом ФІФА.	Королівська Бельгійська футбольна асоціація є членом 	 Королівська бельгійська футбольна асоціація є членом ФІФА.	Королівська Бельгійська футбольна асоціація є членом ФІФА.	 Королівська бельгійська футбольна асоціація є членом 	ФІФА	Королівська Бельгійська футбольна асоціація є членом 	ФІФА	FIFA|||FIFA
Q1186646	Syrian Football Association	Футбольна асоціація Сирії	Q253414	FIFA	ФІФА	Syrian Football Association is a member of FIFA .	Футбольна асоціація Сирії є членом ФІФА.	Футбольна асоціація Сирії є членом 	 Сирійська футбольна асоціація є членом ФІФА.	Футбольна асоціація Сирії є членом ФІФА.	 Сирійська футбольна асоціація є членом 	ФІФА	Футбольна асоціація Сирії є членом 	ФІФА	FIFA|||FIFA
Q630231	Latvian Football Federation	Латвійська футбольна федерація	Q253414	FIFA	ФІФА	Latvian Football Federation is a member of FIFA .	Латвійська футбольна федерація є членом ФІФА.	Латвійська футбольна федерація є членом 	 Латвійська федерація футболу є членом ФІФА.	Латвійська футбольна федерація є членом ФІФА.	 Латвійська федерація футболу є членом 	ФІФА	Латвійська футбольна федерація є членом 	ФІФА	FIFA|||FIFA
Q208635	Canada men's national soccer team	збірна Канади з футболу	Q253414	FIFA	ФІФА	Canada men's national soccer team is a member of FIFA .	збірна Канади з футболу є членом ФІФА.	збірна Канади з футболу є членом 	 Чоловіча збірна Канади з футболу є членом ФІФА.	Збірна Канади з футболу є членом ФІФА.	 Чоловіча збірна Канади з футболу є членом 	ФІФА	Збірна Канади з футболу є членом 	ФІФА	FIFA|||FIFA
Q309005	Portuguese Football Federation	Португальська футбольна федерація	Q253414	FIFA	ФІФА	Portuguese Football Federation is a member of FIFA .	Португальська футбольна федерація є членом ФІФА.	Португальська футбольна федерація є членом 	 Португальська федерація футболу є членом ФІФА.	Португальська футбольна федерація є членом ФІФА.	 Португальська федерація футболу є членом 	ФІФА	Португальська футбольна федерація є членом 	ФІФА	FIFA|||FIFA
Q244750	French Football Federation	Французька футбольна федерація	Q253414	FIFA	ФІФА	French Football Federation is a member of FIFA .	Французька футбольна федерація є членом ФІФА.	Французька футбольна федерація є членом 	 Французька федерація футболу є членом ФІФА.	Французька футбольна федерація є членом ФІФА.	 Французька федерація футболу є членом 	ФІФА	Французька футбольна федерація є членом 	ФІФА	FIFA|||FIFA
Q299122	Jeff Hanneman	Джефф Ханнеман	Q131231	Slayer	Slayer	Jeff Hanneman is a member of Slayer .	Джефф Ханнеман є членом Slayer.	Джефф Ханнеман є членом 	 Джефф Ханнеман є членом Slayer.	Джефф Ханнеман є членом Slayer.	 Джефф Ханнеман є членом 	Slayer	Джефф Ханнеман є членом 	Slayer	Slayer
Q207615	Royal Spanish Football Federation	Королівська іспанська футбольна федерація	Q253414	FIFA	ФІФА	Royal Spanish Football Federation is a member of FIFA .	Королівська іспанська футбольна федерація є членом ФІФА.	Королівська іспанська футбольна федерація є членом 	 Королівська федерація футболу Іспанії є членом ФІФА.	Королівська іспанська футбольна федерація є членом ФІФА.	 Королівська федерація футболу Іспанії є членом 	ФІФА	Королівська іспанська футбольна федерація є членом 	ФІФА	FIFA|||FIFA
Q20	Norway	Норвегія	Q7184	NATO	НАТО	Norway is a member of NATO .	Норвегія є членом НАТО.	Норвегія є членом 	Норвегія є членом НАТО.	Норвегія є членом НАТО.	Норвегія є членом 	НАТО	Норвегія є членом 	НАТО	NATO|||Організація Північноатлантичного договору|||NATO|||OTAN|||Північноатлантичний альянс|||Організація Північноатлантичного альянсу
Q297210	Kerry King	Керрі Кінг	Q131231	Slayer	Slayer	Kerry King is a member of Slayer .	Керрі Кінг є членом Slayer.	Керрі Кінг є членом 	 Керрі Кінг є учасницею гурту Slayer.	Керрі Кінг є членом Slayer.	 Керрі Кінг є учасницею гурту 	Slayer	Керрі Кінг є членом 	Slayer	Slayer
Q312292	Tom Araya	Том Арайа	Q131231	Slayer	Slayer	Tom Araya is a member of Slayer .	Том Арайа є членом Slayer.	Том Арайа є членом 	 Том Арая є учасником гурту Slayer.	Том Арайа є членом Slayer.	 Том Арая є учасником гурту 	Slayer	Том Арайа є членом 	Slayer	Slayer
Q244754	Brazilian Football Confederation	Бразильська конфедерація футболу	Q253414	FIFA	ФІФА	Brazilian Football Confederation is a member of FIFA .	Бразильська конфедерація футболу є членом ФІФА.	Бразильська конфедерація футболу є членом 	 Бразильська конфедерація футболу є членом ФІФА.	Бразильська конфедерація футболу є членом ФІФА.	 Бразильська конфедерація футболу є членом 	ФІФА	Бразильська конфедерація футболу є членом 	ФІФА	FIFA|||FIFA
Q2057532	Henry Pym	Генк Пім	Q322646	Avengers	Месники	Henry Pym is a member of Avengers .	Генк Пім є членом Месники.	Генк Пім є членом 	 Генрі Пім — член команди «Месники».	Генк Пім є членом Месників.	 Генрі Пім — член команди «	Месники	Генк Пім є членом 	Месників	Avengers
Q2567581	Dave Hill	Дейв Гілл	Q156872	Slade	Slade	Dave Hill is a member of Slade .	Дейв Гілл є членом Slade.	Дейв Гілл є членом 	 Дейв Гілл є учасником гурту Slade.	Дейв Гілл є членом Slade.	 Дейв Гілл є учасником гурту 	Slade	Дейв Гілл є членом 	Slade	Slade
Q620280	Irish Football Association	Ірландська футбольна асоціація	Q253414	FIFA	ФІФА	Irish Football Association is a member of FIFA .	Ірландська футбольна асоціація є членом ФІФА.	Ірландська футбольна асоціація є членом 	 Ірландська футбольна асоціація є членом ФІФА.	Ірландська футбольна асоціація є членом ФІФА.	 Ірландська футбольна асоціація є членом 	ФІФА	Ірландська футбольна асоціація є членом 	ФІФА	FIFA|||FIFA
Q1042614	Football Federation Islamic Republic of Iran	Федерація футболу Ісламської Республіки Іран	Q253414	FIFA	ФІФА	Football Federation Islamic Republic of Iran is a member of FIFA .	Федерація футболу Ісламської Республіки Іран є членом ФІФА.	Федерація футболу Ісламської Республіки Іран є членом 	 Федерація футболу Ісламської Республіки Іран є членом ФІФА.	Федерація футболу Ісламської Республіки Іран є членом ФІФА.	 Федерація футболу Ісламської Республіки Іран є членом 	ФІФА	Федерація футболу Ісламської Республіки Іран є членом 	ФІФА	FIFA|||FIFA
Q154191	German Football Association	Футбольний союз Німеччини	Q253414	FIFA	ФІФА	German Football Association is a member of FIFA .	Футбольний союз Німеччини є членом ФІФА.	Футбольний союз Німеччини є членом 	 Німецький футбольний союз є членом ФІФА.	Футбольний союз Німеччини є членом ФІФА.	 Німецький футбольний союз є членом 	ФІФА	Футбольний союз Німеччини є членом 	ФІФА	FIFA|||FIFA
Q474181	Swiss Football Association	Швейцарська футбольна асоціація	Q253414	FIFA	ФІФА	Swiss Football Association is a member of FIFA .	Швейцарська футбольна асоціація є членом ФІФА.	Швейцарська футбольна асоціація є членом 	 Швейцарська футбольна асоціація є членом ФІФА.	Швейцарська футбольна асоціація є членом ФІФА.	 Швейцарська футбольна асоціація є членом 	ФІФА	Швейцарська футбольна асоціація є членом 	ФІФА	FIFA|||FIFA
Q478320	Scottish Football Association	Шотландська футбольна асоціація	Q253414	FIFA	ФІФА	Scottish Football Association is a member of FIFA .	Шотландська футбольна асоціація є членом ФІФА.	Шотландська футбольна асоціація є членом 	 Шотландська футбольна асоціація є членом ФІФА.	Шотландська футбольна асоціація є членом ФІФА.	 Шотландська футбольна асоціація є членом 	ФІФА	Шотландська футбольна асоціація є членом 	ФІФА	FIFA|||FIFA
Q1032414	Canadian Soccer Association	Канадська футбольна асоціація	Q160549	CONCACAF	КОНКАКАФ	Canadian Soccer Association is a member of CONCACAF .	Канадська футбольна асоціація є членом КОНКАКАФ.	Канадська футбольна асоціація є членом 	 Канадська футбольна асоціація є членом КОНКАКАФ.	Канадська футбольна асоціація є членом КОНКАКАФ.	 Канадська футбольна асоціація є членом 	КОНКАКАФ	Канадська футбольна асоціація є членом 	КОНКАКАФ	CONCACAF|||Конфедерація футболу країн Північної і Центральної Америки і зони Карибського моря
Q1160682	Mexican Football Federation	Мексиканська Федерація Футболу	Q160549	CONCACAF	КОНКАКАФ	Mexican Football Federation is a member of CONCACAF .	Мексиканська Федерація Футболу є членом КОНКАКАФ.	Мексиканська Федерація Футболу є членом 	 Мексиканська федерація футболу є членом КОНКАКАФ.	Мексиканська Федерація Футболу є членом КОНКАКАФ.	 Мексиканська федерація футболу є членом 	КОНКАКАФ	Мексиканська Федерація Футболу є членом 	КОНКАКАФ	CONCACAF|||Конфедерація футболу країн Північної і Центральної Америки і зони Карибського моря
Q2599	Paul McCartney	Пол Маккартні	Q622988	Wings	Wings	Paul McCartney is a member of Wings .	Пол Маккартні є членом Wings.	Пол Маккартні є членом 	 Пол Маккартні є учасником гурту Wings.	Пол Маккартні є членом Wings.	 Пол Маккартні є учасником гурту 	Wings	Пол Маккартні є членом 	Wings	Wings|||Вінгз
Q222131	United States Soccer Federation	Федерація футболу США	Q253414	FIFA	ФІФА	United States Soccer Federation is a member of FIFA .	Федерація футболу США є членом ФІФА.	Федерація футболу США є членом 	 Федерація футболу Сполучених Штатів є членом ФІФА.	Федерація футболу США є членом ФІФА.	 Федерація футболу Сполучених Штатів є членом 	ФІФА	Федерація футболу США є членом 	ФІФА	FIFA|||FIFA
Q921559	Fédération Tunisienne de Football	Федерація футболу Тунісу	Q253414	FIFA	ФІФА	Fédération Tunisienne de Football is a member of FIFA .	Федерація футболу Тунісу є членом ФІФА.	Федерація футболу Тунісу є членом 	 Туніська федерація футболу є членом ФІФА.	Федерація футболу Тунісу є членом ФІФА.	 Туніська федерація футболу є членом 	ФІФА	Федерація футболу Тунісу є членом 	ФІФА	FIFA|||FIFA
Q696850	Luxembourg Football Federation	Федерація футболу Люксембургу	Q253414	FIFA	ФІФА	Luxembourg Football Federation is a member of FIFA .	Федерація футболу Люксембургу є членом ФІФА.	Федерація футболу Люксембургу є членом 	 Федерація футболу Люксембургу є членом ФІФА.	Федерація футболу Люксембургу є членом ФІФА.	 Федерація футболу Люксембургу є членом 	ФІФА	Федерація футболу Люксембургу є членом 	ФІФА	FIFA|||FIFA
Q389763	Hellenic Football Federation	Грецька федерація футболу	Q253414	FIFA	ФІФА	Hellenic Football Federation is a member of FIFA .	Грецька федерація футболу є членом ФІФА.	Грецька федерація футболу є членом 	 Грецька федерація футболу є членом ФІФА.	Грецька федерація футболу є членом ФІФА.	 Грецька федерація футболу є членом 	ФІФА	Грецька федерація футболу є членом 	ФІФА	FIFA|||FIFA
Q175907	Adam Clayton	Адам Клейтон	Q396	U2	U2	Adam Clayton is a member of U2 .	Адам Клейтон є членом U2.	Адам Клейтон є членом 	 Адам Клейтон — учасник гурту U2.	Адам Клейтон є членом U2.	 Адам Клейтон — учасник гурту 	U2	Адам Клейтон є членом 	U2	U2|||Ю Ту
Q55	Netherlands	Нідерланди	Q7809	UNESCO	ЮНЕСКО	Netherlands is a member of UNESCO .	Нідерланди є членом ЮНЕСКО.	Нідерланди є членом 	Нідерланди є членом ЮНЕСКО.	Нідерланди є членом ЮНЕСКО.	Нідерланди є членом 	ЮНЕСКО	Нідерланди є членом 	ЮНЕСКО	UNESCO|||Організація Об'єднаних Націй з питань освіти, науки і культури
Q215	Slovenia	Словенія	Q7184	NATO	НАТО	Slovenia is a member of NATO .	Словенія є членом НАТО.	Словенія є членом 	 Словенія є членом НАТО.	Словенія є членом НАТО.	 Словенія є членом 	НАТО	Словенія є членом 	НАТО	NATO|||Організація Північноатлантичного договору|||NATO|||OTAN|||Північноатлантичний альянс|||Організація Північноатлантичного альянсу
Q36	Poland	Польща	Q7184	NATO	НАТО	Poland is a member of NATO .	Польща є членом НАТО.	Польща є членом 	 Польща є членом НАТО.	Польща є членом НАТО.	 Польща є членом 	НАТО	Польща є членом 	НАТО	NATO|||Організація Північноатлантичного договору|||NATO|||OTAN|||Північноатлантичний альянс|||Організація Північноатлантичного альянсу
Q3116927	Moroccan Football Federation	Королівська федерація футболу Марокко	Q253414	FIFA	ФІФА	Moroccan Football Federation is a member of FIFA .	Королівська федерація футболу Марокко є членом ФІФА.	Королівська федерація футболу Марокко є членом 	 Марокканська федерація футболу є членом ФІФА.	Королівська федерація футболу Марокко є членом ФІФА.	 Марокканська федерація футболу є членом 	ФІФА	Королівська федерація футболу Марокко є членом 	ФІФА	FIFA|||FIFA
Q455413	Belize national football team	Збірна Белізу з футболу	Q253414	FIFA	ФІФА	Belize national football team is a member of FIFA .	Збірна Белізу з футболу є членом ФІФА.	Збірна Белізу з футболу є членом 	 Збірна Белізу з футболу є членом ФІФА.	Збірна Белізу з футболу є членом ФІФА.	 Збірна Белізу з футболу є членом 	ФІФА	Збірна Белізу з футболу є членом 	ФІФА	FIFA|||FIFA
Q186262	Albania national football team	Збірна Албанії з футболу	Q253414	FIFA	ФІФА	Albania national football team is a member of FIFA .	Збірна Албанії з футболу є членом ФІФА.	Збірна Албанії з футболу є членом 	 Збірна Албанії з футболу є членом ФІФА.	Збірна Албанії з футболу є членом ФІФА.	 Збірна Албанії з футболу є членом 	ФІФА	Збірна Албанії з футболу є членом 	ФІФА	FIFA|||FIFA
Q383179	Afghanistan Football Federation	Футбольна федерація Афганістану	Q253414	FIFA	ФІФА	Afghanistan Football Federation is a member of FIFA .	Футбольна федерація Афганістану є членом ФІФА.	Футбольна федерація Афганістану є членом 	 Федерація футболу Афганістану є членом ФІФА.	Футбольна федерація Афганістану є членом ФІФА.	 Федерація футболу Афганістану є членом 	ФІФА	Футбольна федерація Афганістану є членом 	ФІФА	FIFA|||FIFA
Q497782	Football Association of Ireland	Футбольна асоціація Ірландії	Q253414	FIFA	ФІФА	Football Association of Ireland is a member of FIFA .	Футбольна асоціація Ірландії є членом ФІФА.	Футбольна асоціація Ірландії є членом 	 Футбольна асоціація Ірландії є членом ФІФА.	Футбольна асоціація Ірландії є членом ФІФА.	 Футбольна асоціація Ірландії є членом 	ФІФА	Футбольна асоціація Ірландії є членом 	ФІФА	FIFA|||FIFA
Q502018	Danish Football Union	Данський футбольний союз	Q253414	FIFA	ФІФА	Danish Football Union is a member of FIFA .	Данський футбольний союз є членом ФІФА.	Данський футбольний союз є членом 	 Датський футбольний союз є членом ФІФА.	Данський футбольний союз є членом ФІФА.	 Датський футбольний союз є членом 	ФІФА	Данський футбольний союз є членом 	ФІФА	FIFA|||FIFA
Q29	Spain	Іспанія	Q7184	NATO	НАТО	Spain is a member of NATO .	Іспанія є членом НАТО.	Іспанія є членом 	 Іспанія є членом НАТО.	Іспанія є членом НАТО.	 Іспанія є членом 	НАТО	Іспанія є членом 	НАТО	NATO|||Організація Північноатлантичного договору|||NATO|||OTAN|||Північноатлантичний альянс|||Організація Північноатлантичного альянсу
Q201897	Italian Football Federation	Італійська федерація футболу	Q253414	FIFA	ФІФА	Italian Football Federation is a member of FIFA .	Італійська федерація футболу є членом ФІФА.	Італійська федерація футболу є членом 	 Італійська федерація футболу є членом ФІФА.	Італійська федерація футболу є членом ФІФА.	 Італійська федерація футболу є членом 	ФІФА	Італійська федерація футболу є членом 	ФІФА	FIFA|||FIFA
Q622332	All India Football Federation	Всеіндійська футбольна федерація	Q253414	FIFA	ФІФА	All India Football Federation is a member of FIFA .	Всеіндійська футбольна федерація є членом ФІФА.	Всеіндійська футбольна федерація є членом 	 Всеіндійська федерація футболу є членом ФІФА.	Всеіндійська футбольна федерація є членом ФІФА.	 Всеіндійська федерація футболу є членом 	ФІФА	Всеіндійська футбольна федерація є членом 	ФІФА	FIFA|||FIFA
Q268628	Faroe Islands Football Association	Федерація футболу Фарерських островів	Q253414	FIFA	ФІФА	Faroe Islands Football Association is a member of FIFA .	Федерація футболу Фарерських островів є членом ФІФА.	Федерація футболу Фарерських островів є членом 	 Футбольна асоціація Фарерських островів є членом ФІФА.	Федерація футболу Фарерських островів є членом ФІФА.	 Футбольна асоціація Фарерських островів є членом 	ФІФА	Федерація футболу Фарерських островів є членом 	ФІФА	FIFA|||FIFA
Q183	Germany	Німеччина	Q7809	UNESCO	ЮНЕСКО	Germany is a member of UNESCO .	Німеччина є членом ЮНЕСКО.	Німеччина є членом 	 Німеччина є членом ЮНЕСКО.	Німеччина є членом ЮНЕСКО.	 Німеччина є членом 	ЮНЕСКО	Німеччина є членом 	ЮНЕСКО	UNESCO|||Організація Об'єднаних Націй з питань освіти, науки і культури
Q38	Italy	Італія	Q7809	UNESCO	ЮНЕСКО	Italy is a member of UNESCO .	Італія є членом ЮНЕСКО.	Італія є членом 	 Італія є членом ЮНЕСКО.	Італія є членом ЮНЕСКО.	 Італія є членом 	ЮНЕСКО	Італія є членом 	ЮНЕСКО	UNESCO|||Організація Об'єднаних Націй з питань освіти, науки і культури
Q728575	Malta Football Association	Футбольна асоціація Мальти	Q253414	FIFA	ФІФА	Malta Football Association is a member of FIFA .	Футбольна асоціація Мальти є членом ФІФА.	Футбольна асоціація Мальти є членом 	 Футбольна асоціація Мальти є членом ФІФА.	Футбольна асоціація Мальти є членом ФІФА.	 Футбольна асоціація Мальти є членом 	ФІФА	Футбольна асоціація Мальти є членом 	ФІФА	FIFA|||FIFA
Q140486	Football Federation of Ukraine	Федерація футболу України	Q253414	FIFA	ФІФА	Football Federation of Ukraine is a member of FIFA .	Федерація футболу України є членом ФІФА.	Федерація футболу України є членом 	 Федерація футболу України є членом ФІФА.	Федерація футболу України є членом ФІФА.	 Федерація футболу України є членом 	ФІФА	Федерація футболу України є членом 	ФІФА	FIFA|||FIFA
Q45	Portugal	Португалія	Q7184	NATO	НАТО	Portugal is a member of NATO .	Португалія є членом НАТО.	Португалія є членом 	 Португалія є членом НАТО.	Португалія є членом НАТО.	 Португалія є членом 	НАТО	Португалія є членом 	НАТО	NATO|||Організація Північноатлантичного договору|||NATO|||OTAN|||Північноатлантичний альянс|||Організація Північноатлантичного альянсу
Q371451	Georgian Football Federation	Грузинська футбольна федерація	Q253414	FIFA	ФІФА	Georgian Football Federation is a member of FIFA .	Грузинська футбольна федерація є членом ФІФА.	Грузинська футбольна федерація є членом 	 Федерація футболу Грузії є членом ФІФА.	Грузинська футбольна федерація є членом ФІФА.	 Федерація футболу Грузії є членом 	ФІФА	Грузинська футбольна федерація є членом 	ФІФА	FIFA|||FIFA
Q36	Poland	Польща	Q7809	UNESCO	ЮНЕСКО	Poland is a member of UNESCO .	Польща є членом ЮНЕСКО.	Польща є членом 	 Польща є членом ЮНЕСКО.	Польща є членом ЮНЕСКО.	 Польща є членом 	ЮНЕСКО	Польща є членом 	ЮНЕСКО	UNESCO|||Організація Об'єднаних Націй з питань освіти, науки і культури
Q236006	Haiti national football team	Збірна Гаїті з футболу	Q253414	FIFA	ФІФА	Haiti national football team is a member of FIFA .	Збірна Гаїті з футболу є членом ФІФА.	Збірна Гаїті з футболу є членом 	Збірна Гаїті з футболу є членом ФІФА.	Збірна Гаїті з футболу є членом ФІФА.	Збірна Гаїті з футболу є членом 	ФІФА	Збірна Гаїті з футболу є членом 	ФІФА	FIFA|||FIFA
Q222108	Austrian Football Association	Австрійський футбольний союз	Q253414	FIFA	ФІФА	Austrian Football Association is a member of FIFA .	Австрійський футбольний союз є членом ФІФА.	Австрійський футбольний союз є членом 	 Австрійський футбольний союз є членом ФІФА.	Австрійський футбольний союз є членом ФІФА.	 Австрійський футбольний союз є членом 	ФІФА	Австрійський футбольний союз є членом 	ФІФА	FIFA|||FIFA
Q1160682	Mexican Football Federation	Мексиканська Федерація Футболу	Q253414	FIFA	ФІФА	Mexican Football Federation is a member of FIFA .	Мексиканська Федерація Футболу є членом ФІФА.	Мексиканська Федерація Футболу є членом 	 Мексиканська федерація футболу є членом ФІФА.	Мексиканська Федерація Футболу є членом ФІФА.	 Мексиканська федерація футболу є членом 	ФІФА	Мексиканська Федерація Футболу є членом 	ФІФА	FIFA|||FIFA
Q222131	United States Soccer Federation	Федерація футболу США	Q160549	CONCACAF	КОНКАКАФ	United States Soccer Federation is a member of CONCACAF .	Федерація футболу США є членом КОНКАКАФ.	Федерація футболу США є членом 	 Федерація футболу США є членом КОНКАКАФ.	Федерація футболу США є членом КОНКАКАФ.	 Федерація футболу США є членом 	КОНКАКАФ	Федерація футболу США є членом 	КОНКАКАФ	CONCACAF|||Конфедерація футболу країн Північної і Центральної Америки і зони Карибського моря
Q641712	Israel Football Association	Ізраїльська футбольна асоціація	Q253414	FIFA	ФІФА	Israel Football Association is a member of FIFA .	Ізраїльська футбольна асоціація є членом ФІФА.	Ізраїльська футбольна асоціація є членом 	 Футбольна асоціація Ізраїлю є членом ФІФА.	Ізраїльська футбольна асоціація є членом ФІФА.	 Футбольна асоціація Ізраїлю є членом 	ФІФА	Ізраїльська футбольна асоціація є членом 	ФІФА	FIFA|||FIFA
Q474952	Norwegian Football Federation	Норвезька футбольна асоціація	Q253414	FIFA	ФІФА	Norwegian Football Federation is a member of FIFA .	Норвезька футбольна асоціація є членом ФІФА.	Норвезька футбольна асоціація є членом 	 Норвезька федерація футболу є членом ФІФА.	Норвезька футбольна асоціація є членом ФІФА.	 Норвезька федерація футболу є членом 	ФІФА	Норвезька футбольна асоціація є членом 	ФІФА	FIFA|||FIFA
Q318386	Russian Football Union	Російський футбольний союз	Q253414	FIFA	ФІФА	Russian Football Union is a member of FIFA .	Російський футбольний союз є членом ФІФА.	Російський футбольний союз є членом 	 Російський футбольний союз є членом ФІФА.	Російський футбольний союз є членом ФІФА.	 Російський футбольний союз є членом 	ФІФА	Російський футбольний союз є членом 	ФІФА	FIFA|||FIFA
Q923074	Ghana Football Association	Футбольна асоціація Гани	Q253414	FIFA	ФІФА	Ghana Football Association is a member of FIFA .	Футбольна асоціація Гани є членом ФІФА.	Футбольна асоціація Гани є членом 	 Футбольна асоціація Гани є членом ФІФА.	Футбольна асоціація Гани є членом ФІФА.	 Футбольна асоціація Гани є членом 	ФІФА	Футбольна асоціація Гани є членом 	ФІФА	FIFA|||FIFA
Q316454	Don Henley	Дон Хенлі	Q189635	Eagles	Eagles	Don Henley is a member of Eagles .	Дон Хенлі є членом Eagles.	Дон Хенлі є членом 	 Дон Хенлі є членом команди «Іглз».	Дон Хенлі є членом Eagles.	ERROR	ERROR	Дон Хенлі є членом 	Eagles	Eagles|||The Eagles
Q472051	Glenn Frey	Гленн Фрай	Q189635	Eagles	Eagles	Glenn Frey is a member of Eagles .	Гленн Фрай є членом Eagles.	Гленн Фрай є членом 	 Гленн Фрей є членом команди «Іглз».	Гленн Фрай є членом Eagles.	ERROR	ERROR	Гленн Фрай є членом 	Eagles	Eagles|||The Eagles
Q579842	Japan Football Association	Асоціація футболу Японії	Q253414	FIFA	ФІФА	Japan Football Association is a member of FIFA .	Асоціація футболу Японії є членом ФІФА.	Асоціація футболу Японії є членом 	 Футбольна асоціація Японії є членом ФІФА.	Асоціація футболу Японії є членом ФІФА.	 Футбольна асоціація Японії є членом 	ФІФА	Асоціація футболу Японії є членом 	ФІФА	FIFA|||FIFA
Q354033	Joe Walsh	Джо Волш	Q189635	Eagles	Eagles	Joe Walsh is a member of Eagles .	Джо Волш є членом Eagles.	Джо Волш є членом 	" Джо Волш є членом команди ""Іглз""."	Джо Волш є членом Eagles.	ERROR	ERROR	Джо Волш є членом 	Eagles	Eagles|||The Eagles
Q573747	Chinese Football Association	Китайська футбольна асоціація	Q253414	FIFA	ФІФА	Chinese Football Association is a member of FIFA .	Китайська футбольна асоціація є членом ФІФА.	Китайська футбольна асоціація є членом 	 Китайська футбольна асоціація є членом ФІФА.	Китайська футбольна асоціація є членом ФІФА.	 Китайська футбольна асоціація є членом 	ФІФА	Китайська футбольна асоціація є членом 	ФІФА	FIFA|||FIFA
Q317705	Andorran Football Federation	Футбольна федерація Андорри	Q253414	FIFA	ФІФА	Andorran Football Federation is a member of FIFA .	Футбольна федерація Андорри є членом ФІФА.	Футбольна федерація Андорри є членом 	 Федерація футболу Андорри є членом ФІФА.	Футбольна федерація Андорри є членом ФІФА.	 Федерація футболу Андорри є членом 	ФІФА	Футбольна федерація Андорри є членом 	ФІФА	FIFA|||FIFA
Q630248	Bulgarian Football Union	Болгарський футбольний союз	Q253414	FIFA	ФІФА	Bulgarian Football Union is a member of FIFA .	Болгарський футбольний союз є членом ФІФА.	Болгарський футбольний союз є членом 	 Болгарський футбольний союз є членом ФІФА.	Болгарський футбольний союз є членом ФІФА.	 Болгарський футбольний союз є членом 	ФІФА	Болгарський футбольний союз є членом 	ФІФА	FIFA|||FIFA
Q309008	Polish Football Association	Польський футбольний союз	Q253414	FIFA	ФІФА	Polish Football Association is a member of FIFA .	Польський футбольний союз є членом ФІФА.	Польський футбольний союз є членом 	 Польський футбольний союз є членом ФІФА.	Польський футбольний союз є членом ФІФА.	 Польський футбольний союз є членом 	ФІФА	Польський футбольний союз є членом 	ФІФА	FIFA|||FIFA
Q145	United Kingdom	Велика Британія	Q7184	NATO	НАТО	United Kingdom is a member of NATO .	Велика Британія є членом НАТО.	Велика Британія є членом 	 Велика Британія є членом НАТО.	Велика Британія є членом НАТО.	 Велика Британія є членом 	НАТО	Велика Британія є членом 	НАТО	NATO|||Організація Північноатлантичного договору|||NATO|||OTAN|||Північноатлантичний альянс|||Організація Північноатлантичного альянсу
Q390598	Albanian Football Association	Асоціація футболу Албанії	Q253414	FIFA	ФІФА	Albanian Football Association is a member of FIFA .	Асоціація футболу Албанії є членом ФІФА.	Асоціація футболу Албанії є членом 	 Албанська футбольна асоціація є членом ФІФА.	Асоціація футболу Албанії є членом ФІФА.	 Албанська футбольна асоціація є членом 	ФІФА	Асоціація футболу Албанії є членом 	ФІФА	FIFA|||FIFA
Q381129	Association of Football Federations of Azerbaijan	Асоціація футбольних федерацій Азербайджану	Q253414	FIFA	ФІФА	Association of Football Federations of Azerbaijan is a member of FIFA .	Асоціація футбольних федерацій Азербайджану є членом ФІФА.	Асоціація футбольних федерацій Азербайджану є членом 	Асоціація футбольних федерацій Азербайджану є членом ФІФА.	Асоціація футбольних федерацій Азербайджану є членом ФІФА.	Асоціація футбольних федерацій Азербайджану є членом 	ФІФА	Асоціація футбольних федерацій Азербайджану є членом 	ФІФА	FIFA|||FIFA
Q474947	Football Association of Finland	Футбольна асоціація Фінляндії	Q253414	FIFA	ФІФА	Football Association of Finland is a member of FIFA .	Футбольна асоціація Фінляндії є членом ФІФА.	Футбольна асоціація Фінляндії є членом 	 Футбольна асоціація Фінляндії є членом ФІФА.	Футбольна асоціація Фінляндії є членом ФІФА.	 Футбольна асоціація Фінляндії є членом 	ФІФА	Футбольна асоціація Фінляндії є членом 	ФІФА	FIFA|||FIFA
Q328689	Croatian Football Federation	Хорватський футбольний союз	Q253414	FIFA	ФІФА	Croatian Football Federation is a member of FIFA .	Хорватський футбольний союз є членом ФІФА.	Хорватський футбольний союз є членом 	 Хорватська федерація футболу є членом ФІФА.	Хорватський футбольний союз є членом ФІФА.	 Хорватська федерація футболу є членом 	ФІФА	Хорватський футбольний союз є членом 	ФІФА	FIFA|||FIFA
Q44137	Jeff Hardy	Джефф Харді	Q35339	WWE	WWE	Jeff Hardy is a member of WWE .	Джефф Харді є членом WWE.	Джефф Харді є членом 	 Джефф Гарді є членом WWE.	Джефф Харді є членом WWE.	 Джефф Гарді є членом 	WWE	Джефф Харді є членом 	WWE	WWE|||World Wrestling Entertainment
Q631999	Romanian Football Federation	Румунська футбольна федерація	Q253414	FIFA	ФІФА	Romanian Football Federation is a member of FIFA .	Румунська футбольна федерація є членом ФІФА.	Румунська футбольна федерація є членом 	 Румунська федерація футболу є членом ФІФА.	Румунська футбольна федерація є членом ФІФА.	 Румунська федерація футболу є членом 	ФІФА	Румунська футбольна федерація є членом 	ФІФА	FIFA|||FIFA
Q932762	Nigeria Football Federation	Федерація футболу Нігерії	Q253414	FIFA	ФІФА	Nigeria Football Federation is a member of FIFA .	Федерація футболу Нігерії є членом ФІФА.	Федерація футболу Нігерії є членом 	 Федерація футболу Нігерії є членом ФІФА.	Федерація футболу Нігерії є членом ФІФА.	 Федерація футболу Нігерії є членом 	ФІФА	Федерація футболу Нігерії є членом 	ФІФА	FIFA|||FIFA
Q733029	Hungarian Football Federation	Угорська футбольна федерація	Q253414	FIFA	ФІФА	Hungarian Football Federation is a member of FIFA .	Угорська футбольна федерація є членом ФІФА.	Угорська футбольна федерація є членом 	 Угорська федерація футболу є членом ФІФА.	Угорська футбольна федерація є членом ФІФА.	 Угорська федерація футболу є членом 	ФІФА	Угорська футбольна федерація є членом 	ФІФА	FIFA|||FIFA
Q685899	Slovak Football Association	Словацький футбольний союз	Q253414	FIFA	ФІФА	Slovak Football Association is a member of FIFA .	Словацький футбольний союз є членом ФІФА.	Словацький футбольний союз є членом 	 Словацький футбольний союз є членом ФІФА.	Словацький футбольний союз є членом ФІФА.	 Словацький футбольний союз є членом 	ФІФА	Словацький футбольний союз є членом 	ФІФА	FIFA|||FIFA
Q621112	Uzbekistan Football Association	Федерація футболу Узбекистану	Q253414	FIFA	ФІФА	Uzbekistan Football Association is a member of FIFA .	Федерація футболу Узбекистану є членом ФІФА.	Федерація футболу Узбекистану є членом 	 Футбольна асоціація Узбекистану є членом ФІФА.	Федерація футболу Узбекистану є членом ФІФА.	 Футбольна асоціація Узбекистану є членом 	ФІФА	Федерація футболу Узбекистану є членом 	ФІФА	FIFA|||FIFA
Q304885	Chris Squire	Кріс Сквайр	Q184386	Yes	Yes	Chris Squire is a member of Yes .	Кріс Сквайр є членом Yes.	Кріс Сквайр є членом 	 Кріс Сквайр є учасником гурту Yes.	Кріс Сквайр є членом Yes.	 Кріс Сквайр є учасником гурту 	Yes	Кріс Сквайр є членом 	Yes	Yes
Q842596	New Zealand Football	Футбольна асоціація Нової Зеландії	Q253414	FIFA	ФІФА	New Zealand Football is a member of FIFA .	Футбольна асоціація Нової Зеландії є членом ФІФА.	Футбольна асоціація Нової Зеландії є членом 	 Футбольна збірна Нової Зеландії є членом ФІФА.	Футбольна асоціація Нової Зеландії є членом ФІФА.	 Футбольна збірна Нової Зеландії є членом 	ФІФА	Футбольна асоціація Нової Зеландії є членом 	ФІФА	FIFA|||FIFA
Q473248	Cyprus Football Association	Кіпрська федерація футболу	Q253414	FIFA	ФІФА	Cyprus Football Association is a member of FIFA .	Кіпрська федерація футболу є членом ФІФА.	Кіпрська федерація футболу є членом 	 Кіпрська футбольна асоціація є членом ФІФА.	Кіпрська федерація футболу є членом ФІФА.	 Кіпрська футбольна асоціація є членом 	ФІФА	Кіпрська федерація футболу є членом 	ФІФА	FIFA|||FIFA
Q1032414	Canadian Soccer Association	Канадська футбольна асоціація	Q253414	FIFA	ФІФА	Canadian Soccer Association is a member of FIFA .	Канадська футбольна асоціація є членом ФІФА.	Канадська футбольна асоціація є членом 	 Канадська футбольна асоціація є членом ФІФА.	Канадська футбольна асоціація є членом ФІФА.	 Канадська футбольна асоціація є членом 	ФІФА	Канадська футбольна асоціація є членом 	ФІФА	FIFA|||FIFA
Q625707	Football Association of Singapore	Футбольна асоціація Сінгапуру	Q253414	FIFA	ФІФА	Football Association of Singapore is a member of FIFA .	Футбольна асоціація Сінгапуру є членом ФІФА.	Футбольна асоціація Сінгапуру є членом 	 Футбольна асоціація Сінгапуру є членом ФІФА.	Футбольна асоціація Сінгапуру є членом ФІФА.	 Футбольна асоціація Сінгапуру є членом 	ФІФА	Футбольна асоціація Сінгапуру є членом 	ФІФА	FIFA|||FIFA
Q337065	Football Association of the Czech Republic	Футбольна асоціація Чеської Республіки	Q253414	FIFA	ФІФА	Football Association of the Czech Republic is a member of FIFA .	Футбольна асоціація Чеської Республіки є членом ФІФА.	Футбольна асоціація Чеської Республіки є членом 	 Футбольна асоціація Чеської Республіки є членом ФІФА.	Футбольна асоціація Чеської Республіки є членом ФІФА.	 Футбольна асоціація Чеської Республіки є членом 	ФІФА	Футбольна асоціація Чеської Республіки є членом 	ФІФА	FIFA|||FIFA
Q473245	Football Federation of Belarus	Білоруська федерація футболу	Q253414	FIFA	ФІФА	Football Federation of Belarus is a member of FIFA .	Білоруська федерація футболу є членом ФІФА.	Білоруська федерація футболу є членом 	 Федерація футболу Білорусі є членом ФІФА.	Білоруська федерація футболу є членом ФІФА.	 Федерація футболу Білорусі є членом 	ФІФА	Білоруська федерація футболу є членом 	ФІФА	FIFA|||FIFA
Q625726	Tajikistan National Football Federation	Федерація футболу Таджикистану	Q253414	FIFA	ФІФА	Tajikistan National Football Federation is a member of FIFA .	Федерація футболу Таджикистану є членом ФІФА.	Федерація футболу Таджикистану є членом 	 Національна федерація футболу Таджикистану є членом ФІФА.	Федерація футболу Таджикистану є членом ФІФА.	 Національна федерація футболу Таджикистану є членом 	ФІФА	Федерація футболу Таджикистану є членом 	ФІФА	FIFA|||FIFA
Q512915	Lithuanian Football Federation	Литовська футбольна федерація	Q253414	FIFA	ФІФА	Lithuanian Football Federation is a member of FIFA .	Литовська футбольна федерація є членом ФІФА.	Литовська футбольна федерація є членом 	Литовська федерація футболу є членом ФІФА.	Литовська футбольна федерація є членом ФІФА.	Литовська федерація футболу є членом 	ФІФА	Литовська футбольна федерація є членом 	ФІФА	FIFA|||FIFA
Q125658	San Marino Football Federation	Футбольна федерація Сан-Марино	Q253414	FIFA	ФІФА	San Marino Football Federation is a member of FIFA .	Футбольна федерація Сан-Марино є членом ФІФА.	Футбольна федерація Сан-Марино є членом 	 Федерація футболу Сан-Марино є членом ФІФА.	Футбольна федерація Сан-Марино є членом ФІФА.	 Федерація футболу Сан-Марино є членом 	ФІФА	Футбольна федерація Сан-Марино є членом 	ФІФА	FIFA|||FIFA
Q621084	Saudi Arabia Football Federation	Федерація футболу Саудівської Аравії	Q253414	FIFA	ФІФА	Saudi Arabia Football Federation is a member of FIFA .	Федерація футболу Саудівської Аравії є членом ФІФА.	Федерація футболу Саудівської Аравії є членом 	 Федерація футболу Саудівської Аравії є членом ФІФА.	Федерація футболу Саудівської Аравії є членом ФІФА.	 Федерація футболу Саудівської Аравії є членом 	ФІФА	Федерація футболу Саудівської Аравії є членом 	ФІФА	FIFA|||FIFA
Q313749	Jon Anderson	Джон Андерсон	Q184386	Yes	Yes	Jon Anderson is a member of Yes .	Джон Андерсон є членом Yes.	Джон Андерсон є членом 	 Джон Андерсон є учасником гурту Yes.	Джон Андерсон є членом Yes.	 Джон Андерсон є учасником гурту 	Yes	Джон Андерсон є членом 	Yes	Yes
Q264335	Estonian Football Association	Естонська футбольна асоціація	Q253414	FIFA	ФІФА	Estonian Football Association is a member of FIFA .	Естонська футбольна асоціація є членом ФІФА.	Естонська футбольна асоціація є членом 	 Естонська футбольна асоціація є членом ФІФА.	Естонська футбольна асоціація є членом ФІФА.	 Естонська футбольна асоціація є членом 	ФІФА	Естонська футбольна асоціація є членом 	ФІФА	FIFA|||FIFA
Q781890	Football Federation Australia	Футбольна федерація Австралії	Q253414	FIFA	ФІФА	Football Federation Australia is a member of FIFA .	Футбольна федерація Австралії є членом ФІФА.	Футбольна федерація Австралії є членом 	 Федерація футболу Австралії є членом ФІФА.	Футбольна федерація Австралії є членом ФІФА.	 Федерація футболу Австралії є членом 	ФІФА	Футбольна федерація Австралії є членом 	ФІФА	FIFA|||FIFA
Q455428	Swedish Football Association	Шведський футбольний союз	Q253414	FIFA	ФІФА	Swedish Football Association is a member of FIFA .	Шведський футбольний союз є членом ФІФА.	Шведський футбольний союз є членом 	 Шведська футбольна асоціація є членом ФІФА.	Шведський футбольний союз є членом ФІФА.	 Шведська футбольна асоціація є членом 	ФІФА	Шведський футбольний союз є членом 	ФІФА	FIFA|||FIFA
Q717588	Thor	Тор	Q322646	Avengers	Месники	Thor is a member of Avengers .	Тор є членом Месники.	Тор є членом 	 Тор є членом Месників.	Тор є членом Месників.	 Тор є членом 	Месників	Тор є членом 	Месників	Avengers
Q508376	Gibraltar Football Association	Футбольна асоціація Гібралтару	Q253414	FIFA	ФІФА	Gibraltar Football Association is a member of FIFA .	Футбольна асоціація Гібралтару є членом ФІФА.	Футбольна асоціація Гібралтару є членом 	 Футбольна асоціація Гібралтару є членом ФІФА.	Футбольна асоціація Гібралтару є членом ФІФА.	 Футбольна асоціація Гібралтару є членом 	ФІФА	Футбольна асоціація Гібралтару є членом 	ФІФА	FIFA|||FIFA
Q13178054	Marc Costanzo	Марк Костансо	Q2301037	Len	Len	Marc Costanzo is a member of Len .	Марк Костансо є членом Len.	Марк Костансо є членом 	 Марк Костанцо є членом Len.	Марк Костансо є членом Len.	 Марк Костанцо є членом 	Len	Марк Костансо є членом 	Len	Len
Q81787	Scott Lang	Скотт Ленґ	Q322646	Avengers	Месники	Scott Lang is a member of Avengers .	Скотт Ленґ є членом Месники.	Скотт Ленґ є членом 	 Скотт Ленг є членом Месників.	Скотт Ленґ є членом Месників.	 Скотт Ленг є членом 	Месників	Скотт Ленґ є членом 	Месників	Avengers
Q2271377	Jessica Jones	Джессіка Джонс	Q322646	Avengers	Месники	Jessica Jones is a member of Avengers .	Джессіка Джонс є членом Месники.	Джессіка Джонс є членом 	" Джессіка Джонс є учасницею ""Месників""."	Джессіка Джонс є членом Месників.	" Джессіка Джонс є учасницею """	Месників	Джессіка Джонс є членом 	Месників	Avengers
Q423	North Korea	Корейська Народно-Демократична Республіка	Q7809	UNESCO	ЮНЕСКО	North Korea is a member of UNESCO .	Корейська Народно-Демократична Республіка є членом ЮНЕСКО.	Корейська Народно-Демократична Республіка є членом 	 Північна Корея є членом ЮНЕСКО.	Корейська Народно-Демократична Республіка є членом ЮНЕСКО.	 Північна Корея є членом 	ЮНЕСКО	Корейська Народно-Демократична Республіка є членом 	ЮНЕСКО	UNESCO|||Організація Об'єднаних Націй з питань освіти, науки і культури
Q275173	Football Association of Wales	Футбольна асоціація Уельсу	Q253414	FIFA	ФІФА	Football Association of Wales is a member of FIFA .	Футбольна асоціація Уельсу є членом ФІФА.	Футбольна асоціація Уельсу є членом 	 Футбольна асоціація Уельсу є членом ФІФА.	Футбольна асоціація Уельсу є членом ФІФА.	 Футбольна асоціація Уельсу є членом 	ФІФА	Футбольна асоціація Уельсу є членом 	ФІФА	FIFA|||FIFA
Q266544	Chuck Schuldiner	Чак Шульдінер	Q192843	Death	Death	Chuck Schuldiner is a member of Death .	Чак Шульдінер є членом Death.	Чак Шульдінер є членом 	 Чак Шульдінер є учасником гурту Death.	Чак Шульдінер є членом Death.	 Чак Шульдінер є учасником гурту 	Death	Чак Шульдінер є членом 	Death	Death
