sub_uri	en_sub_label	sub_label	obj_uri	en_obj_label	obj_label	en_template	template	template_prompt	gt_translation	chatgpt_translation	gt_prompt	gt_infl_object	chatgpt_prompt	chatgpt_infl_object	aliases
Q753647	Drake & Josh	Дрейк і Джош	Q154958	Nickelodeon	Nickelodeon	Drake & Josh was originally aired on Nickelodeon .	Дрейк і Джош спочатку транслювався на Nickelodeon.	Дрейк і Джош спочатку транслювався на 	 «Дрейк і Джош» спочатку транслювався на Nickelodeon.	Дрейк і Джош вперше транслювалися на Nickelodeon.	 «Дрейк і Джош» спочатку транслювався на 	Nickelodeon	Дрейк і Джош вперше транслювалися на 	Nickelodeon	Nickelodeon|||Нікелодеон
Q464009	Knight Rider	Лицар доріг	Q13974	NBC	NBC	Knight Rider was originally aired on NBC .	Лицар доріг спочатку транслювався на NBC.	Лицар доріг спочатку транслювався на 	 «Лицар доріг» спочатку транслювався на NBC.	Лицар доріг вперше транслювався на NBC.	 «Лицар доріг» спочатку транслювався на 	NBC	Лицар доріг вперше транслювався на 	NBC	NBC|||National Broadcasting Company|||Ен Бі Сі
Q18821736	The Long Bright Dark	Довга ясна темрява	Q23633	HBO	HBO	The Long Bright Dark was originally aired on HBO .	Довга ясна темрява спочатку транслювався на HBO.	Довга ясна темрява спочатку транслювався на 	 «Довга, яскрава темрява» вперше транслювалася на HBO.	Довга ясна темрява вперше транслювалася на HBO.	 «Довга, яскрава темрява» вперше транслювалася на 	HBO	Довга ясна темрява вперше транслювалася на 	HBO	HBO|||Home Box Office
Q874639	Wonder Pets!	Чудо зверята	Q154958	Nickelodeon	Nickelodeon	Wonder Pets! was originally aired on Nickelodeon .	Чудо зверята спочатку транслювався на Nickelodeon.	Чудо зверята спочатку транслювався на 	 «Чудові домашні тварини!» вперше транслювався на Nickelodeon.	Чудо зверята вперше транслювались на Nickelodeon.	 «Чудові домашні тварини!» вперше транслювався на 	Nickelodeon	Чудо зверята вперше транслювались на 	Nickelodeon	Nickelodeon|||Нікелодеон
Q19570	The Good Wife	Гарна дружина	Q43380	CBS	CBS	The Good Wife was originally aired on CBS .	Гарна дружина спочатку транслювався на CBS.	Гарна дружина спочатку транслювався на 	 «Хороша дружина» вперше транслювалася на CBS.	Гарна дружина вперше транслювалася на CBS.	 «Хороша дружина» вперше транслювалася на 	CBS	Гарна дружина вперше транслювалася на 	CBS	CBS
Q527916	Cagney & Lacey	Кеґні і Лейсі	Q43380	CBS	CBS	Cagney & Lacey was originally aired on CBS .	Кеґні і Лейсі спочатку транслювався на CBS.	Кеґні і Лейсі спочатку транслювався на 	 «Кегні та Лейсі» спочатку транслювався на CBS.	Кеґні і Лейсі вперше транслювалися на CBS.	 «Кегні та Лейсі» спочатку транслювався на 	CBS	Кеґні і Лейсі вперше транслювалися на 	CBS	CBS
Q1287308	Father Knows Best	Батько знає краще	Q43380	CBS	CBS	Father Knows Best was originally aired on CBS .	Батько знає краще спочатку транслювався на CBS.	Батько знає краще спочатку транслювався на 	 «Батько знає краще» спочатку транслювався на CBS.	Батько знає краще вперше транслювався на CBS.	 «Батько знає краще» спочатку транслювався на 	CBS	Батько знає краще вперше транслювався на 	CBS	CBS
Q147235	How I Met Your Mother	Як я зустрів вашу маму	Q43380	CBS	CBS	How I Met Your Mother was originally aired on CBS .	Як я зустрів вашу маму спочатку транслювався на CBS.	Як я зустрів вашу маму спочатку транслювався на 	 Серіал «Як я зустрів вашу маму» вперше транслювався на каналі CBS.	Як я зустрів вашу маму вперше транслювалася на CBS.	 Серіал «Як я зустрів вашу маму» вперше транслювався на каналі 	CBS	Як я зустрів вашу маму вперше транслювалася на 	CBS	CBS
Q23614	Nurse Jackie	Медсестра Джекі	Q23589	Showtime	Showtime	Nurse Jackie was originally aired on Showtime .	Медсестра Джекі спочатку транслювався на Showtime.	Медсестра Джекі спочатку транслювався на 	 «Медсестра Джекі» вперше вийшла в ефір на Showtime.	Медсестра Джекі вперше транслювалася на Showtime.	 «Медсестра Джекі» вперше вийшла в ефір на 	Showtime	Медсестра Джекі вперше транслювалася на 	Showtime	Showtime
Q832054	Hey Arnold!	Гей	Q154958	Nickelodeon	Nickelodeon	Hey Arnold! was originally aired on Nickelodeon .	Гей спочатку транслювався на Nickelodeon.	Гей спочатку транслювався на 	" Шоу ""Гей, Арнольд!"" вперше транслювалося на Nickelodeon."	«Гей» вперше транслювався на Nickelodeon.	" Шоу ""Гей, Арнольд!"" вперше транслювалося на "	Nickelodeon	«Гей» вперше транслювався на 	Nickelodeon	Nickelodeon|||Нікелодеон
Q212135	Will & Grace	Вілл і Грейс	Q13974	NBC	NBC	Will & Grace was originally aired on NBC .	Вілл і Грейс спочатку транслювався на NBC.	Вілл і Грейс спочатку транслювався на 	 «Вілл і Грейс» вперше транслювався на NBC.	Вілл і Грейс вперше транслювалися на NBC.	 «Вілл і Грейс» вперше транслювався на 	NBC	Вілл і Грейс вперше транслювалися на 	NBC	NBC|||National Broadcasting Company|||Ен Бі Сі
Q409389	Airwolf	Повітряний вовк	Q43380	CBS	CBS	Airwolf was originally aired on CBS .	Повітряний вовк спочатку транслювався на CBS.	Повітряний вовк спочатку транслювався на 	 «Повітряний вовк» спочатку транслювався на CBS.	Повітряний вовк вперше транслювався на CBS.	 «Повітряний вовк» спочатку транслювався на 	CBS	Повітряний вовк вперше транслювався на 	CBS	CBS
Q500769	Freaks and Geeks	Диваки і навіжені	Q13974	NBC	NBC	Freaks and Geeks was originally aired on NBC .	Диваки і навіжені спочатку транслювався на NBC.	Диваки і навіжені спочатку транслювався на 	 «Виродки та гіки» спочатку транслювався на NBC.	Диваки і навіжені вперше транслювалися на NBC.	 «Виродки та гіки» спочатку транслювався на 	NBC	Диваки і навіжені вперше транслювалися на 	NBC	NBC|||National Broadcasting Company|||Ен Бі Сі
Q2081494	The Ed Sullivan Show	Шоу Еда Саллівана	Q43380	CBS	CBS	The Ed Sullivan Show was originally aired on CBS .	Шоу Еда Саллівана спочатку транслювався на CBS.	Шоу Еда Саллівана спочатку транслювався на 	 «Шоу Еда Саллівана» вперше транслювалося на каналі CBS.	Шоу Еда Саллівана вперше транслювалося на CBS.	 «Шоу Еда Саллівана» вперше транслювалося на каналі 	CBS	Шоу Еда Саллівана вперше транслювалося на 	CBS	CBS
Q3230693	Green Acres	Зелені гектари	Q43380	CBS	CBS	Green Acres was originally aired on CBS .	Зелені гектари спочатку транслювався на CBS.	Зелені гектари спочатку транслювався на 	 «Зелені землі» спочатку транслювалися на каналі CBS.	Зелені гектари вперше транслювалися на CBS.	 «Зелені землі» спочатку транслювалися на каналі 	CBS	Зелені гектари вперше транслювалися на 	CBS	CBS
Q186219	True Blood	Реальна кров	Q23633	HBO	HBO	True Blood was originally aired on HBO .	Реальна кров спочатку транслювався на HBO.	Реальна кров спочатку транслювався на 	 «Справжня кров» вперше транслювалася на HBO.	Реальна кров вперше транслювалася на HBO.	 «Справжня кров» вперше транслювалася на 	HBO	Реальна кров вперше транслювалася на 	HBO	HBO|||Home Box Office
Q946683	The Black Donnellys	Брати Доннеллі	Q13974	NBC	NBC	The Black Donnellys was originally aired on NBC .	Брати Доннеллі спочатку транслювався на NBC.	Брати Доннеллі спочатку транслювався на 	 «Чорні Доннеллі» вперше транслювалися на NBC.	Брати Доннеллі вперше транслювалися на NBC.	 «Чорні Доннеллі» вперше транслювалися на 	NBC	Брати Доннеллі вперше транслювалися на 	NBC	NBC|||National Broadcasting Company|||Ен Бі Сі
Q1220379	Go, Diego, Go!	Вперед, Дієго, вперед!	Q154958	Nickelodeon	Nickelodeon	Go, Diego, Go! was originally aired on Nickelodeon .	Вперед, Дієго, вперед! спочатку транслювався на Nickelodeon.	Вперед, Дієго, вперед! спочатку транслювався на 	 «Вперед, Дієго, вперед!» вперше транслювався на Nickelodeon.	Вперед, Дієго, вперед! вперше транслювався на Nickelodeon.	 «Вперед, Дієго, вперед!» вперше транслювався на 	Nickelodeon	Вперед, Дієго, вперед! вперше транслювався на 	Nickelodeon	Nickelodeon|||Нікелодеон
Q1079	Breaking Bad	Пуститися берега	Q294660	AMC	AMC	Breaking Bad was originally aired on AMC .	Пуститися берега спочатку транслювався на AMC.	Пуститися берега спочатку транслювався на 	«Breaking Bad» вперше транслювався на каналі AMC.	Пуститися берега вперше транслювався на AMC.	«Breaking Bad» вперше транслювався на каналі 	AMC	Пуститися берега вперше транслювався на 	AMC	AMC
Q647296	The Angry Beavers	Злюки бобри	Q154958	Nickelodeon	Nickelodeon	The Angry Beavers was originally aired on Nickelodeon .	Злюки бобри спочатку транслювався на Nickelodeon.	Злюки бобри спочатку транслювався на 	 «Розлючені бобри» вперше транслювалися на Nickelodeon.	Злюки бобри вперше транслювалися на Nickelodeon.	 «Розлючені бобри» вперше транслювалися на 	Nickelodeon	Злюки бобри вперше транслювалися на 	Nickelodeon	Nickelodeon|||Нікелодеон
Q23628	The Sopranos	Клан Сопрано	Q23633	HBO	HBO	The Sopranos was originally aired on HBO .	Клан Сопрано спочатку транслювався на HBO.	Клан Сопрано спочатку транслювався на 	 «Клан Сопрано» спочатку транслювався на HBO.	Клан Сопрано вперше транслювався на HBO.	 «Клан Сопрано» спочатку транслювався на 	HBO	Клан Сопрано вперше транслювався на 	HBO	HBO|||Home Box Office
Q18152910	Nicky, Ricky, Dicky & Dawn	Нікі, Рікі, Дікі, Дон	Q154958	Nickelodeon	Nickelodeon	Nicky, Ricky, Dicky & Dawn was originally aired on Nickelodeon .	Нікі, Рікі, Дікі, Дон спочатку транслювався на Nickelodeon.	Нікі, Рікі, Дікі, Дон спочатку транслювався на 	 «Нікі, Рікі, Дікі та Дон» спочатку транслювався на Nickelodeon.	Нікі, Рікі, Дікі, Дон вперше транслювалося на Nickelodeon.	 «Нікі, Рікі, Дікі та Дон» спочатку транслювався на 	Nickelodeon	Нікі, Рікі, Дікі, Дон вперше транслювалося на 	Nickelodeon	Nickelodeon|||Нікелодеон
Q498265	The New Normal	Нова норма	Q13974	NBC	NBC	The New Normal was originally aired on NBC .	Нова норма спочатку транслювався на NBC.	Нова норма спочатку транслювався на 	 «Нова норма» вперше транслювалася на NBC.	Нова норма вперше транслювалася на NBC.	 «Нова норма» вперше транслювалася на 	NBC	Нова норма вперше транслювалася на 	NBC	NBC|||National Broadcasting Company|||Ен Бі Сі
Q833322	Murder, She Wrote	Вона написала вбивство	Q43380	CBS	CBS	Murder, She Wrote was originally aired on CBS .	Вона написала вбивство спочатку транслювався на CBS.	Вона написала вбивство спочатку транслювався на 	 «Вона написала вбивство» вперше транслювався на CBS.	Вона написала вбивство вперше транслювалася на CBS.	 «Вона написала вбивство» вперше транслювався на 	CBS	Вона написала вбивство вперше транслювалася на 	CBS	CBS
Q585758	Boardwalk Empire	Підпільна імперія	Q23633	HBO	HBO	Boardwalk Empire was originally aired on HBO .	Підпільна імперія спочатку транслювався на HBO.	Підпільна імперія спочатку транслювався на 	 «Підпільна імперія» спочатку транслювалася на HBO.	Підпільна імперія вперше транслювалася на HBO.	 «Підпільна імперія» спочатку транслювалася на 	HBO	Підпільна імперія вперше транслювалася на 	HBO	HBO|||Home Box Office
Q213588	Barney & Friends	Барні і його друзі	Q215616	PBS	Public Broadcasting Service	Barney & Friends was originally aired on PBS .	Барні і його друзі спочатку транслювався на Public Broadcasting Service.	Барні і його друзі спочатку транслювався на 	 «Барні та друзі» спочатку транслювався на PBS.	Барні і його друзі вперше транслювалися на PBS.	ERROR	ERROR	ERROR	ERROR	PBS|||Public Broadcasting Service
Q260895	The Troop	Мисливці за монстрами	Q154958	Nickelodeon	Nickelodeon	The Troop was originally aired on Nickelodeon .	Мисливці за монстрами спочатку транслювався на Nickelodeon.	Мисливці за монстрами спочатку транслювався на 	 «Загін» спочатку транслювався на Nickelodeon.	Мисливці за монстрами вперше транслювалися на Nickelodeon.	 «Загін» спочатку транслювався на 	Nickelodeon	Мисливці за монстрами вперше транслювалися на 	Nickelodeon	Nickelodeon|||Нікелодеон
Q1357944	The Wild Thornberrys	Дика сімейка Тонберів	Q154958	Nickelodeon	Nickelodeon	The Wild Thornberrys was originally aired on Nickelodeon .	Дика сімейка Тонберів спочатку транслювався на Nickelodeon.	Дика сімейка Тонберів спочатку транслювався на 	 «Дикі Торнберрі» спочатку транслювалися на Nickelodeon.	Дика сімейка Тонберів вперше транслювалася на Nickelodeon.	 «Дикі Торнберрі» спочатку транслювалися на 	Nickelodeon	Дика сімейка Тонберів вперше транслювалася на 	Nickelodeon	Nickelodeon|||Нікелодеон
Q927245	Third Watch	Третя зміна	Q13974	NBC	NBC	Third Watch was originally aired on NBC .	Третя зміна спочатку транслювався на NBC.	Третя зміна спочатку транслювався на 	 «Третя варта» вперше транслювалася на NBC.	Третя зміна вперше транслювалася на NBC.	 «Третя варта» вперше транслювалася на 	NBC	Третя зміна вперше транслювалася на 	NBC	NBC|||National Broadcasting Company|||Ен Бі Сі
Q247869	60 Minutes	60 хвилин (телешоу, США)	Q43380	CBS	CBS	60 Minutes was originally aired on CBS .	60 хвилин (телешоу, США) спочатку транслювався на CBS.	60 хвилин (телешоу, США) спочатку транслювався на 	 «60 хвилин» спочатку транслювався на каналі CBS.	60 хвилин (телешоу, США) вперше транслювалося на CBS.	 «60 хвилин» спочатку транслювався на каналі 	CBS	60 хвилин (телешоу, США) вперше транслювалося на 	CBS	CBS
Q13979	Saturday Night Live	Суботнім вечором у прямому ефірі	Q13974	NBC	NBC	Saturday Night Live was originally aired on NBC .	Суботнім вечором у прямому ефірі спочатку транслювався на NBC.	Суботнім вечором у прямому ефірі спочатку транслювався на 	 «Saturday Night Live» спочатку транслювався на NBC.	Суботнім вечором у прямому ефірі вперше транслювався на NBC.	 «Saturday Night Live» спочатку транслювався на 	NBC	Суботнім вечором у прямому ефірі вперше транслювався на 	NBC	NBC|||National Broadcasting Company|||Ен Бі Сі
Q1264983	The Man from U.N.C.L.E.	Агенти U.N.C.L.E.	Q13974	NBC	NBC	The Man from U.N.C.L.E. was originally aired on NBC .	Агенти U.N.C.L.E. спочатку транслювався на NBC.	Агенти U.N.C.L.E. спочатку транслювався на 	 «Людина з UNCLE» спочатку транслювалася на NBC.	Агенти U.N.C.L.E. вперше транслювалися на NBC.	 «Людина з UNCLE» спочатку транслювалася на 	NBC	Агенти U.N.C.L.E. вперше транслювалися на 	NBC	NBC|||National Broadcasting Company|||Ен Бі Сі
Q859050	Big Love	Велике кохання (телесеріал)	Q23633	HBO	HBO	Big Love was originally aired on HBO .	Велике кохання (телесеріал) спочатку транслювався на HBO.	Велике кохання (телесеріал) спочатку транслювався на 	 «Велике кохання» вперше транслювалося на HBO.	Велике кохання (телесеріал) вперше транслювалося на HBO.	 «Велике кохання» вперше транслювалося на 	HBO	Велике кохання (телесеріал) вперше транслювалося на 	HBO	HBO|||Home Box Office
Q559321	Miami Vice	Поліція Маямі	Q13974	NBC	NBC	Miami Vice was originally aired on NBC .	Поліція Маямі спочатку транслювався на NBC.	Поліція Маямі спочатку транслювався на 	 «Поліція Маямі» вперше транслювалася на NBC.	Поліція Маямі вперше транслювалася на NBC.	 «Поліція Маямі» вперше транслювалася на 	NBC	Поліція Маямі вперше транслювалася на 	NBC	NBC|||National Broadcasting Company|||Ен Бі Сі
Q15106029	PAW Patrol	Щенячий патруль	Q154958	Nickelodeon	Nickelodeon	PAW Patrol was originally aired on Nickelodeon .	Щенячий патруль спочатку транслювався на Nickelodeon.	Щенячий патруль спочатку транслювався на 	 Щенячий патруль спочатку транслювався на Nickelodeon.	Щенячий патруль вперше транслювався на Nickelodeon.	 Щенячий патруль спочатку транслювався на 	Nickelodeon	Щенячий патруль вперше транслювався на 	Nickelodeon	Nickelodeon|||Нікелодеон
Q4851619	Ballers	Гравці	Q23633	HBO	HBO	Ballers was originally aired on HBO .	Гравці спочатку транслювався на HBO.	Гравці спочатку транслювався на 	" Серіал ""Балери"" спочатку транслювався на HBO."	Гравці вперше транслювалися на HBO.	" Серіал ""Балери"" спочатку транслювався на "	HBO	Гравці вперше транслювалися на 	HBO	HBO|||Home Box Office
Q607346	Invader Zim	Завойовник Зім	Q154958	Nickelodeon	Nickelodeon	Invader Zim was originally aired on Nickelodeon .	Завойовник Зім спочатку транслювався на Nickelodeon.	Завойовник Зім спочатку транслювався на 	 «Загарбник Зім» спочатку транслювався на Nickelodeon.	Завойовник Зім вперше транслювався на Nickelodeon.	 «Загарбник Зім» спочатку транслювався на 	Nickelodeon	Завойовник Зім вперше транслювався на 	Nickelodeon	Nickelodeon|||Нікелодеон
Q23722	Curb Your Enthusiasm	Угамуй свій запал	Q23633	HBO	HBO	Curb Your Enthusiasm was originally aired on HBO .	Угамуй свій запал спочатку транслювався на HBO.	Угамуй свій запал спочатку транслювався на 	«Стримуй свій ентузіазм» вперше транслювався на HBO.	Угамуй свій запал вперше транслювався на HBO.	«Стримуй свій ентузіазм» вперше транслювався на 	HBO	Угамуй свій запал вперше транслювався на 	HBO	HBO|||Home Box Office
Q7099650	Orange Is the New Black	Помаранчевий — хіт сезону	Q907311	Netflix	Netflix	Orange Is the New Black was originally aired on Netflix .	Помаранчевий — хіт сезону спочатку транслювався на Netflix.	Помаранчевий — хіт сезону спочатку транслювався на 	 «Помаранчевий — сезон хіт» спочатку транслювався на Netflix.	Помаранчевий — хіт сезону вперше транслювався на Netflix.	 «Помаранчевий — сезон хіт» спочатку транслювався на 	Netflix	Помаранчевий — хіт сезону вперше транслювався на 	Netflix	Netflix
Q1575230	Mike & Molly	Майк і Моллі	Q43380	CBS	CBS	Mike & Molly was originally aired on CBS .	Майк і Моллі спочатку транслювався на CBS.	Майк і Моллі спочатку транслювався на 	 «Майк і Моллі» спочатку транслювався на CBS.	Майк і Моллі вперше транслювалися на CBS.	 «Майк і Моллі» спочатку транслювався на 	CBS	Майк і Моллі вперше транслювалися на 	CBS	CBS
Q2579964	Ray Donovan	Рей Донован	Q23589	Showtime	Showtime	Ray Donovan was originally aired on Showtime .	Рей Донован спочатку транслювався на Showtime.	Рей Донован спочатку транслювався на 	 «Рей Донован» вперше транслювався на Showtime.	Рей Донован вперше транслювався на Showtime.	 «Рей Донован» вперше транслювався на 	Showtime	Рей Донован вперше транслювався на 	Showtime	Showtime
Q202141	Criminal Minds	Криміналісти: мислити як злочинець	Q43380	CBS	CBS	Criminal Minds was originally aired on CBS .	Криміналісти: мислити як злочинець спочатку транслювався на CBS.	Криміналісти: мислити як злочинець спочатку транслювався на 	 «Злочинні уми» спочатку транслювався на CBS.	Криміналісти: мислити як злочинець вперше транслювався на CBS.	 «Злочинні уми» спочатку транслювався на 	CBS	Криміналісти: мислити як злочинець вперше транслювався на 	CBS	CBS
Q32488	2 Broke Girls	Дві дівчини без копійчини	Q43380	CBS	CBS	2 Broke Girls was originally aired on CBS .	Дві дівчини без копійчини спочатку транслювався на CBS.	Дві дівчини без копійчини спочатку транслювався на 	 «2 Broke Girls» спочатку транслювався на каналі CBS.	Дві дівчини без копійчини вперше транслювалися на CBS.	 «2 Broke Girls» спочатку транслювався на каналі 	CBS	Дві дівчини без копійчини вперше транслювалися на 	CBS	CBS
Q1639429	Late Night with Conan O'Brien	Пізня ніч з Конаном О'Браєном	Q13974	NBC	NBC	Late Night with Conan O'Brien was originally aired on NBC .	Пізня ніч з Конаном О'Браєном спочатку транслювався на NBC.	Пізня ніч з Конаном О'Браєном спочатку транслювався на 	 «Пізня ніч з Конаном О'Браєном» вперше транслювалася на NBC.	Пізня ніч з Конаном О'Браєном вперше транслювалася на NBC.	 «Пізня ніч з Конаном О'Браєном» вперше транслювалася на 	NBC	Пізня ніч з Конаном О'Браєном вперше транслювалася на 	NBC	NBC|||National Broadcasting Company|||Ен Бі Сі
Q18636697	All Hail King Julien	Король Джуліен	Q907311	Netflix	Netflix	All Hail King Julien was originally aired on Netflix .	Король Джуліен спочатку транслювався на Netflix.	Король Джуліен спочатку транслювався на 	 «Да живе король Жульєн» вперше транслювався на Netflix.	Король Джуліен вперше транслювався на Netflix.	 «Да живе король Жульєн» вперше транслювався на 	Netflix	Король Джуліен вперше транслювався на 	Netflix	Netflix
Q304290	Rugrats	Невгамовні	Q154958	Nickelodeon	Nickelodeon	Rugrats was originally aired on Nickelodeon .	Невгамовні спочатку транслювався на Nickelodeon.	Невгамовні спочатку транслювався на 	 «Rugrats» спочатку транслювався на Nickelodeon.	Невгамовні вперше транслювалися на Nickelodeon.	 «Rugrats» спочатку транслювався на 	Nickelodeon	Невгамовні вперше транслювалися на 	Nickelodeon	Nickelodeon|||Нікелодеон
Q331031	Dora the Explorer	Дора-мандрівниця	Q154958	Nickelodeon	Nickelodeon	Dora the Explorer was originally aired on Nickelodeon .	Дора-мандрівниця спочатку транслювався на Nickelodeon.	Дора-мандрівниця спочатку транслювався на 	 «Дора-мандрівниця» вперше транслювалася на Nickelodeon.	Дора-мандрівниця вперше транслювалася на Nickelodeon.	 «Дора-мандрівниця» вперше транслювалася на 	Nickelodeon	Дора-мандрівниця вперше транслювалася на 	Nickelodeon	Nickelodeon|||Нікелодеон
Q3013	iCarly	АйКарлі	Q154958	Nickelodeon	Nickelodeon	iCarly was originally aired on Nickelodeon .	АйКарлі спочатку транслювався на Nickelodeon.	АйКарлі спочатку транслювався на 	 iCarly спочатку транслювався на Nickelodeon.	АйКарлі вперше транслювалася на Nickelodeon.	 iCarly спочатку транслювався на 	Nickelodeon	АйКарлі вперше транслювалася на 	Nickelodeon	Nickelodeon|||Нікелодеон
Q464123	The A-Team	Команда «А»	Q13974	NBC	NBC	The A-Team was originally aired on NBC .	Команда «А» спочатку транслювався на NBC.	Команда «А» спочатку транслювався на 	 Команда А спочатку транслювалася на NBC.	Команда «А» вперше транслювалася на NBC.	 Команда А спочатку транслювалася на 	NBC	Команда «А» вперше транслювалася на 	NBC	NBC|||National Broadcasting Company|||Ен Бі Сі
Q912467	The Golden Girls	Золоті дівчата	Q13974	NBC	NBC	The Golden Girls was originally aired on NBC .	Золоті дівчата спочатку транслювався на NBC.	Золоті дівчата спочатку транслювався на 	 «Золоті дівчата» вперше транслювалися на NBC.	Золоті дівчата вперше транслювалися на NBC.	 «Золоті дівчата» вперше транслювалися на 	NBC	Золоті дівчата вперше транслювалися на 	NBC	NBC|||National Broadcasting Company|||Ен Бі Сі
Q7847400	True Detective	Справжній детектив	Q23633	HBO	HBO	True Detective was originally aired on HBO .	Справжній детектив спочатку транслювався на HBO.	Справжній детектив спочатку транслювався на 	 «Справжній детектив» спочатку транслювався на HBO.	Справжній детектив вперше транслювався на HBO.	 «Справжній детектив» спочатку транслювався на 	HBO	Справжній детектив вперше транслювався на 	HBO	HBO|||Home Box Office
Q16468818	The Leftovers	Залишені (телесеріал)	Q23633	HBO	HBO	The Leftovers was originally aired on HBO .	Залишені (телесеріал) спочатку транслювався на HBO.	Залишені (телесеріал) спочатку транслювався на 	 «Залишки» спочатку транслювався на HBO.	Залишені (телесеріал) вперше транслювався на HBO.	 «Залишки» спочатку транслювався на 	HBO	Залишені (телесеріал) вперше транслювався на 	HBO	HBO|||Home Box Office
Q478360	The Wire	Дроти	Q23633	HBO	HBO	The Wire was originally aired on HBO .	Дроти спочатку транслювався на HBO.	Дроти спочатку транслювався на 	 «Дрот» вперше транслювався на HBO.	Дроти вперше транслювалися на HBO.	 «Дрот» вперше транслювався на 	HBO	Дроти вперше транслювалися на 	HBO	HBO|||Home Box Office
Q733960	Cold Case	Мертва справа	Q43380	CBS	CBS	Cold Case was originally aired on CBS .	Мертва справа спочатку транслювався на CBS.	Мертва справа спочатку транслювався на 	 «Холодна справа» вперше транслювалася на CBS.	Мертва справа вперше транслювалася на CBS.	 «Холодна справа» вперше транслювалася на 	CBS	Мертва справа вперше транслювалася на 	CBS	CBS
Q623222	Sam & Cat	Сем і Кет	Q154958	Nickelodeon	Nickelodeon	Sam & Cat was originally aired on Nickelodeon .	Сем і Кет спочатку транслювався на Nickelodeon.	Сем і Кет спочатку транслювався на 	 «Сем і Кет» спочатку транслювався на Nickelodeon.	Сем і Кет вперше транслювалися на Nickelodeon.	 «Сем і Кет» спочатку транслювався на 	Nickelodeon	Сем і Кет вперше транслювалися на 	Nickelodeon	Nickelodeon|||Нікелодеон
Q2614622	Winter Is Coming	Зима близько	Q23633	HBO	HBO	Winter Is Coming was originally aired on HBO .	Зима близько спочатку транслювався на HBO.	Зима близько спочатку транслювався на 	 Серіал «Зима близько» спочатку транслювався на HBO.	Зима близько вперше транслювалася на HBO.	 Серіал «Зима близько» спочатку транслювався на 	HBO	Зима близько вперше транслювалася на 	HBO	HBO|||Home Box Office
Q371207	Columbo	Коломбо	Q13974	NBC	NBC	Columbo was originally aired on NBC .	Коломбо спочатку транслювався на NBC.	Коломбо спочатку транслювався на 	«Коломбо» спочатку транслювався на NBC.	Коломбо вперше транслювався на NBC.	«Коломбо» спочатку транслювався на 	NBC	Коломбо вперше транслювався на 	NBC	NBC|||National Broadcasting Company|||Ен Бі Сі
Q11221	The Smurfs	Смурфи	Q13974	NBC	NBC	The Smurfs was originally aired on NBC .	Смурфи спочатку транслювався на NBC.	Смурфи спочатку транслювався на 	 «Смурфи» спочатку транслювалися на каналі NBC.	Смурфи вперше транслювалися на NBC.	 «Смурфи» спочатку транслювалися на каналі 	NBC	Смурфи вперше транслювалися на 	NBC	NBC|||National Broadcasting Company|||Ен Бі Сі
Q1247206	Alfred Hitchcock Presents	Альфред Гічкок представляє	Q43380	CBS	CBS	Alfred Hitchcock Presents was originally aired on CBS .	Альфред Гічкок представляє спочатку транслювався на CBS.	Альфред Гічкок представляє спочатку транслювався на 	 «Альфред Гічкок представляє» вперше транслювався на CBS.	Альфред Гічкок представляє вперше транслювався на CBS.	 «Альфред Гічкок представляє» вперше транслювався на 	CBS	Альфред Гічкок представляє вперше транслювався на 	CBS	CBS
Q189350	30 Rock	30 потрясінь	Q13974	NBC	NBC	30 Rock was originally aired on NBC .	30 потрясінь спочатку транслювався на NBC.	30 потрясінь спочатку транслювався на 	 «30 Rock» спочатку транслювався на NBC.	30 потрясінь вперше транслювався на NBC.	 «30 Rock» спочатку транслювався на 	NBC	30 потрясінь вперше транслювався на 	NBC	NBC|||National Broadcasting Company|||Ен Бі Сі
Q850563	Bubble Guppies	Гуппі та бульбашки	Q154958	Nickelodeon	Nickelodeon	Bubble Guppies was originally aired on Nickelodeon .	Гуппі та бульбашки спочатку транслювався на Nickelodeon.	Гуппі та бульбашки спочатку транслювався на 	 «Bubble Guppies» спочатку транслювався на Nickelodeon.	Гуппі та бульбашки вперше транслювалися на Nickelodeon.	 «Bubble Guppies» спочатку транслювався на 	Nickelodeon	Гуппі та бульбашки вперше транслювалися на 	Nickelodeon	Nickelodeon|||Нікелодеон
Q204228	The Mentalist	Менталіст	Q43380	CBS	CBS	The Mentalist was originally aired on CBS .	Менталіст спочатку транслювався на CBS.	Менталіст спочатку транслювався на 	 «Менталіст» спочатку транслювався на CBS.	Менталіст вперше транслювався на CBS.	 «Менталіст» спочатку транслювався на 	CBS	Менталіст вперше транслювався на 	CBS	CBS
Q5935	Numbers	4исла	Q43380	CBS	CBS	Numbers was originally aired on CBS .	4исла спочатку транслювався на CBS.	4исла спочатку транслювався на 	 «Номери» спочатку транслювався на каналі CBS.	4исла вперше транслювалися на CBS.	 «Номери» спочатку транслювався на каналі 	CBS	4исла вперше транслювалися на 	CBS	CBS
Q391056	Agatha Christie's Marple	Міс Марпл Агати Крісті	Q674608	ITV	ITV	Agatha Christie's Marple was originally aired on ITV .	Міс Марпл Агати Крісті спочатку транслювався на ITV.	Міс Марпл Агати Крісті спочатку транслювався на 	 «Марпл» Агати Крісті вперше транслювався на ITV.	Міс Марпл Агати Крісті вперше транслювалася на ITV.	 «Марпл» Агати Крісті вперше транслювався на 	ITV	Міс Марпл Агати Крісті вперше транслювалася на 	ITV	ITV1|||ITV
Q1247206	Alfred Hitchcock Presents	Альфред Гічкок представляє	Q13974	NBC	NBC	Alfred Hitchcock Presents was originally aired on NBC .	Альфред Гічкок представляє спочатку транслювався на NBC.	Альфред Гічкок представляє спочатку транслювався на 	 «Альфред Гічкок представляє» вперше транслювався на NBC.	Альфред Гічкок представляє вперше транслювався на NBC.	 «Альфред Гічкок представляє» вперше транслювався на 	NBC	Альфред Гічкок представляє вперше транслювався на 	NBC	NBC|||National Broadcasting Company|||Ен Бі Сі
Q1164745	The Event	Подія	Q13974	NBC	NBC	The Event was originally aired on NBC .	Подія спочатку транслювався на NBC.	Подія спочатку транслювався на 	 Подія спочатку транслювалася на NBC.	Подія вперше транслювалася на NBC.	 Подія спочатку транслювалася на 	NBC	Подія вперше транслювалася на 	NBC	NBC|||National Broadcasting Company|||Ен Бі Сі
Q223320	Baywatch	Рятівники Малібу	Q13974	NBC	NBC	Baywatch was originally aired on NBC .	Рятівники Малібу спочатку транслювався на NBC.	Рятівники Малібу спочатку транслювався на 	 «Рятувальники Малібу» спочатку транслювалися на NBC.	Рятівники Малібу вперше транслювалися на NBC.	 «Рятувальники Малібу» спочатку транслювалися на 	NBC	Рятівники Малібу вперше транслювалися на 	NBC	NBC|||National Broadcasting Company|||Ен Бі Сі
Q15956708	Silicon Valley	Кремнієва долина	Q23633	HBO	HBO	Silicon Valley was originally aired on HBO .	Кремнієва долина спочатку транслювався на HBO.	Кремнієва долина спочатку транслювався на 	 «Кремнієва долина» вперше транслювалася на HBO.	Кремнієва долина вперше транслювалася на HBO.	 «Кремнієва долина» вперше транслювалася на 	HBO	Кремнієва долина вперше транслювалася на 	HBO	HBO|||Home Box Office
Q1361124	The Ren & Stimpy Show	Шоу Рена та Стімпі	Q154958	Nickelodeon	Nickelodeon	The Ren & Stimpy Show was originally aired on Nickelodeon .	Шоу Рена та Стімпі спочатку транслювався на Nickelodeon.	Шоу Рена та Стімпі спочатку транслювався на 	 Шоу Рена та Стімпі спочатку транслювалося на Nickelodeon.	Шоу Рена та Стімпі вперше транслювалося на Nickelodeon.	 Шоу Рена та Стімпі спочатку транслювалося на 	Nickelodeon	Шоу Рена та Стімпі вперше транслювалося на 	Nickelodeon	Nickelodeon|||Нікелодеон
Q1165866	Daria	Дарія	Q43359	MTV	MTV	Daria was originally aired on MTV .	Дарія спочатку транслювався на MTV.	Дарія спочатку транслювався на 	 Дарія спочатку транслювалася на MTV.	Дарія вперше транслювалася на MTV.	 Дарія спочатку транслювалася на 	MTV	Дарія вперше транслювалася на 	MTV	MTV|||Music Television
Q457638	The Pretender	Імітатор	Q13974	NBC	NBC	The Pretender was originally aired on NBC .	Імітатор спочатку транслювався на NBC.	Імітатор спочатку транслювався на 	 «Претендент» вперше транслювався на NBC.	Імітатор вперше транслювався на NBC.	 «Претендент» вперше транслювався на 	NBC	Імітатор вперше транслювався на 	NBC	NBC|||National Broadcasting Company|||Ен Бі Сі
Q4533	Victorious	Вікторія-переможниця	Q154958	Nickelodeon	Nickelodeon	Victorious was originally aired on Nickelodeon .	Вікторія-переможниця спочатку транслювався на Nickelodeon.	Вікторія-переможниця спочатку транслювався на 	 «Переможний» спочатку транслювався на Nickelodeon.	Вікторія-переможниця вперше транслювалася на Nickelodeon.	 «Переможний» спочатку транслювався на 	Nickelodeon	Вікторія-переможниця вперше транслювалася на 	Nickelodeon	Nickelodeon|||Нікелодеон
Q576501	Garfield and Friends	Гарфілд та його друзі	Q43380	CBS	CBS	Garfield and Friends was originally aired on CBS .	Гарфілд та його друзі спочатку транслювався на CBS.	Гарфілд та його друзі спочатку транслювався на 	 «Гарфілд і друзі» спочатку транслювався на CBS.	Гарфілд та його друзі вперше транслювалися на CBS.	 «Гарфілд і друзі» спочатку транслювався на 	CBS	Гарфілд та його друзі вперше транслювалися на 	CBS	CBS
Q6084	NCIS: Los Angeles	Морська поліція: Лос-Анджелес	Q43380	CBS	CBS	NCIS: Los Angeles was originally aired on CBS .	Морська поліція: Лос-Анджелес спочатку транслювався на CBS.	Морська поліція: Лос-Анджелес спочатку транслювався на 	 «Морська поліція: Лос-Анджелес» вперше транслювався на каналі CBS.	Морська поліція: Лос-Анджелес вперше транслювалася на CBS.	 «Морська поліція: Лос-Анджелес» вперше транслювався на каналі 	CBS	Морська поліція: Лос-Анджелес вперше транслювалася на 	CBS	CBS
Q321423	Law & Order	Закон і порядок	Q13974	NBC	NBC	Law & Order was originally aired on NBC .	Закон і порядок спочатку транслювався на NBC.	Закон і порядок спочатку транслювався на 	 «Закон і порядок» спочатку транслювався на NBC.	Закон і порядок вперше транслювався на NBC.	 «Закон і порядок» спочатку транслювався на 	NBC	Закон і порядок вперше транслювався на 	NBC	NBC|||National Broadcasting Company|||Ен Бі Сі
Q83978	Danny Phantom	Денні-Фантон	Q154958	Nickelodeon	Nickelodeon	Danny Phantom was originally aired on Nickelodeon .	Денні-Фантон спочатку транслювався на Nickelodeon.	Денні-Фантон спочатку транслювався на 	«Денні-привид» спочатку транслювався на Nickelodeon.	Денні-Фантон вперше транслювався на Nickelodeon.	«Денні-привид» спочатку транслювався на 	Nickelodeon	Денні-Фантон вперше транслювався на 	Nickelodeon	Nickelodeon|||Нікелодеон
Q310966	SeaQuest DSV	Морські пригоди	Q13974	NBC	NBC	SeaQuest DSV was originally aired on NBC .	Морські пригоди спочатку транслювався на NBC.	Морські пригоди спочатку транслювався на 	 SeaQuest DSV спочатку транслювався на NBC.	Морські пригоди вперше транслювалися на NBC.	 SeaQuest DSV спочатку транслювався на 	NBC	Морські пригоди вперше транслювалися на 	NBC	NBC|||National Broadcasting Company|||Ен Бі Сі
Q318649	Ghost Whisperer	Та	Q43380	CBS	CBS	Ghost Whisperer was originally aired on CBS .	Та спочатку транслювався на CBS.	Та спочатку транслювався на 	 «Заклинатель привидів» спочатку транслювався на CBS.	Та вперше транслювалася на CBS.	 «Заклинатель привидів» спочатку транслювався на 	CBS	Та вперше транслювалася на 	CBS	CBS
Q888831	The Playboy Club	Клуб «Плейбоя»	Q13974	NBC	NBC	The Playboy Club was originally aired on NBC .	Клуб «Плейбоя» спочатку транслювався на NBC.	Клуб «Плейбоя» спочатку транслювався на 	 «Клуб Плейбоя» спочатку транслювався на каналі NBC.	Клуб «Плейбоя» вперше транслювався на NBC.	 «Клуб Плейбоя» спочатку транслювався на каналі 	NBC	Клуб «Плейбоя» вперше транслювався на 	NBC	NBC|||National Broadcasting Company|||Ен Бі Сі
Q34659	My Name Is Earl	Мене звати Ерл	Q13974	NBC	NBC	My Name Is Earl was originally aired on NBC .	Мене звати Ерл спочатку транслювався на NBC.	Мене звати Ерл спочатку транслювався на 	 Серіал «Мене звати Ерл» спочатку транслювався на NBC.	Мене звати Ерл вперше транслювався на NBC.	 Серіал «Мене звати Ерл» спочатку транслювався на 	NBC	Мене звати Ерл вперше транслювався на 	NBC	NBC|||National Broadcasting Company|||Ен Бі Сі
Q13148212	The Blacklist	Чорний список (телесеріал)	Q13974	NBC	NBC	The Blacklist was originally aired on NBC .	Чорний список (телесеріал) спочатку транслювався на NBC.	Чорний список (телесеріал) спочатку транслювався на 	 «Чорний список» вперше транслювався на NBC.	Чорний список (телесеріал) вперше транслювався на NBC.	 «Чорний список» вперше транслювався на 	NBC	Чорний список (телесеріал) вперше транслювався на 	NBC	NBC|||National Broadcasting Company|||Ен Бі Сі
Q203245	Eurovision Song Contest 1960	Пісенний конкурс Євробачення 1960	Q9531	British Broadcasting Corporation	BBC	Eurovision Song Contest 1960 was originally aired on British Broadcasting Corporation .	Пісенний конкурс Євробачення 1960 спочатку транслювався на BBC.	Пісенний конкурс Євробачення 1960 спочатку транслювався на 	 Пісенний конкурс Євробачення 1960 року вперше транслювався на Британській телерадіомовній корпорації.	Пісенний конкурс Євробачення 1960 вперше транслювався на BBC.	ERROR	ERROR	Пісенний конкурс Євробачення 1960 вперше транслювався на 	BBC	BBC|||British Broadcasting Corporation|||Бі-Бі-Сі
Q772923	House of Anubis	Обитель Анубіса	Q154958	Nickelodeon	Nickelodeon	House of Anubis was originally aired on Nickelodeon .	Обитель Анубіса спочатку транслювався на Nickelodeon.	Обитель Анубіса спочатку транслювався на 	 «Дім Анубіса» вперше транслювався на Nickelodeon.	Обитель Анубіса вперше транслювалася на Nickelodeon.	 «Дім Анубіса» вперше транслювався на 	Nickelodeon	Обитель Анубіса вперше транслювалася на 	Nickelodeon	Nickelodeon|||Нікелодеон
Q150529	CatDog	КітПес	Q154958	Nickelodeon	Nickelodeon	CatDog was originally aired on Nickelodeon .	КітПес спочатку транслювався на Nickelodeon.	КітПес спочатку транслювався на 	 «КетПес» спочатку транслювався на Nickelodeon.	КітПес вперше транслювався на Nickelodeon.	 «КетПес» спочатку транслювався на 	Nickelodeon	КітПес вперше транслювався на 	Nickelodeon	Nickelodeon|||Нікелодеон
Q39037	The Fairly OddParents	Дивакуваті родичі	Q154958	Nickelodeon	Nickelodeon	The Fairly OddParents was originally aired on Nickelodeon .	Дивакуваті родичі спочатку транслювався на Nickelodeon.	Дивакуваті родичі спочатку транслювався на 	 «Досить дивні батьки» спочатку транслювалися на Nickelodeon.	Дивакуваті родичі вперше транслювалися на Nickelodeon.	 «Досить дивні батьки» спочатку транслювалися на 	Nickelodeon	Дивакуваті родичі вперше транслювалися на 	Nickelodeon	Nickelodeon|||Нікелодеон
Q1668081	Interns	Інтерни (телесеріал)	Q1975145	TNT	ТНТ	Interns was originally aired on TNT .	Інтерни (телесеріал) спочатку транслювався на ТНТ.	Інтерни (телесеріал) спочатку транслювався на 	 Серіал «Інтерни» спочатку транслювався на каналі TNT.	Інтерни (телесеріал) вперше транслювалися на ТНТ.	ERROR	ERROR	Інтерни (телесеріал) вперше транслювалися на 	ТНТ	TNT
Q1065187	Kenan & Kel	Кенан і Кел	Q154958	Nickelodeon	Nickelodeon	Kenan & Kel was originally aired on Nickelodeon .	Кенан і Кел спочатку транслювався на Nickelodeon.	Кенан і Кел спочатку транслювався на 	 «Кенан і Кел» спочатку транслювався на Nickelodeon.	Кенан і Кел вперше транслювалися на Nickelodeon.	 «Кенан і Кел» спочатку транслювався на 	Nickelodeon	Кенан і Кел вперше транслювалися на 	Nickelodeon	Nickelodeon|||Нікелодеон
Q289592	Revolution	Революція	Q13974	NBC	NBC	Revolution was originally aired on NBC .	Революція спочатку транслювався на NBC.	Революція спочатку транслювався на 	 «Революція» вперше транслювалася на NBC.	Революція вперше транслювалася на NBC.	 «Революція» вперше транслювалася на 	NBC	Революція вперше транслювалася на 	NBC	NBC|||National Broadcasting Company|||Ен Бі Сі
Q16735585	Last Week Tonight with John Oliver	Last Week Tonight with John Oliver	Q23633	HBO	HBO	Last Week Tonight with John Oliver was originally aired on HBO .	Last Week Tonight with John Oliver спочатку транслювався на HBO.	Last Week Tonight with John Oliver спочатку транслювався на 	 «Минулого тижня ввечері з Джоном Олівером» спочатку транслювався на HBO.	Last Week Tonight with John Oliver вперше транслювався на HBO.	 «Минулого тижня ввечері з Джоном Олівером» спочатку транслювався на 	HBO	Last Week Tonight with John Oliver вперше транслювався на 	HBO	HBO|||Home Box Office
Q17080059	Sense8	Восьме чуття	Q907311	Netflix	Netflix	Sense8 was originally aired on Netflix .	Восьме чуття спочатку транслювався на Netflix.	Восьме чуття спочатку транслювався на 	 «Sense8» спочатку транслювався на Netflix.	Восьме чуття вперше транслювалося на Netflix.	 «Sense8» спочатку транслювався на 	Netflix	Восьме чуття вперше транслювалося на 	Netflix	Netflix
Q16983503	Bad Judge	Погана суддя	Q13974	NBC	NBC	Bad Judge was originally aired on NBC .	Погана суддя спочатку транслювався на NBC.	Погана суддя спочатку транслювався на 	 «Поганий суддя» спочатку транслювався на NBC.	Погана суддя вперше транслювалася на NBC.	 «Поганий суддя» спочатку транслювався на 	NBC	Погана суддя вперше транслювалася на 	NBC	NBC|||National Broadcasting Company|||Ен Бі Сі
Q1145764	Guiding Light	Дороговказне світло	Q43380	CBS	CBS	Guiding Light was originally aired on CBS .	Дороговказне світло спочатку транслювався на CBS.	Дороговказне світло спочатку транслювався на 	 «Провідне світло» вперше транслювалося на CBS.	Дороговказне світло вперше транслювалося на CBS.	 «Провідне світло» вперше транслювалося на 	CBS	Дороговказне світло вперше транслювалося на 	CBS	CBS
Q1247672	The Benny Hill Show	Шоу Бенні Гілла	Q9531	British Broadcasting Corporation	BBC	The Benny Hill Show was originally aired on British Broadcasting Corporation .	Шоу Бенні Гілла спочатку транслювався на BBC.	Шоу Бенні Гілла спочатку транслювався на 	«Шоу Бенні Гілла» вперше транслювалося на Британській телерадіомовній корпорації.	Шоу Бенні Гілла вперше транслювалося на BBC.	ERROR	ERROR	Шоу Бенні Гілла вперше транслювалося на 	BBC	BBC|||British Broadcasting Corporation|||Бі-Бі-Сі
Q1419644	Just Shoot Me!	Журнал мод	Q13974	NBC	NBC	Just Shoot Me! was originally aired on NBC .	Журнал мод спочатку транслювався на NBC.	Журнал мод спочатку транслювався на 	 «Просто застрели мене!» вперше транслювався на NBC.	Журнал мод вперше транслювався на NBC.	 «Просто застрели мене!» вперше транслювався на 	NBC	Журнал мод вперше транслювався на 	NBC	NBC|||National Broadcasting Company|||Ен Бі Сі
Q8539	The Big Bang Theory	Теорія великого вибуху	Q43380	CBS	CBS	The Big Bang Theory was originally aired on CBS .	Теорія великого вибуху спочатку транслювався на CBS.	Теорія великого вибуху спочатку транслювався на 	 «Теорія великого вибуху» вперше транслювалася на каналі CBS.	Теорія великого вибуху вперше транслювалася на CBS.	 «Теорія великого вибуху» вперше транслювалася на каналі 	CBS	Теорія великого вибуху вперше транслювалася на 	CBS	CBS
Q743334	Walking with Dinosaurs	Прогулянки з динозаврами	Q9531	British Broadcasting Corporation	BBC	Walking with Dinosaurs was originally aired on British Broadcasting Corporation .	Прогулянки з динозаврами спочатку транслювався на BBC.	Прогулянки з динозаврами спочатку транслювався на 	 «Прогулянки з динозаврами» вперше транслювалися на Британській телерадіомовній корпорації.	Прогулянки з динозаврами вперше транслювалися на BBC.	ERROR	ERROR	Прогулянки з динозаврами вперше транслювалися на 	BBC	BBC|||British Broadcasting Corporation|||Бі-Бі-Сі
Q1543066	Meet the Press with Chuck Todd	Meet the Press	Q13974	NBC	NBC	Meet the Press with Chuck Todd was originally aired on NBC .	Meet the Press спочатку транслювався на NBC.	Meet the Press спочатку транслювався на 	 Програма «Зустріч із пресою з Чаком Тоддом» вперше вийшла в ефір на NBC.	Meet the Press вперше транслювався на NBC.	 Програма «Зустріч із пресою з Чаком Тоддом» вперше вийшла в ефір на 	NBC	Meet the Press вперше транслювався на 	NBC	NBC|||National Broadcasting Company|||Ен Бі Сі
Q205683	Scooby-Doo	Скубі-Ду	Q43380	CBS	CBS	Scooby-Doo was originally aired on CBS .	Скубі-Ду спочатку транслювався на CBS.	Скубі-Ду спочатку транслювався на 	 «Скубі-Ду» спочатку транслювався на каналі CBS.	Скубі-Ду вперше транслювався на CBS.	 «Скубі-Ду» спочатку транслювався на каналі 	CBS	Скубі-Ду вперше транслювався на 	CBS	CBS
Q23733	Seinfeld	Сайнфелд	Q13974	NBC	NBC	Seinfeld was originally aired on NBC .	Сайнфелд спочатку транслювався на NBC.	Сайнфелд спочатку транслювався на 	 «Сайнфелд» спочатку транслювався на каналі NBC.	Сайнфелд вперше транслювався на NBC.	 «Сайнфелд» спочатку транслювався на каналі 	NBC	Сайнфелд вперше транслювався на 	NBC	NBC|||National Broadcasting Company|||Ен Бі Сі
Q2719054	Strange Days at Blake Holsey High	Школа «Чорна діра»	Q13974	NBC	NBC	Strange Days at Blake Holsey High was originally aired on NBC .	Школа «Чорна діра» спочатку транслювався на NBC.	Школа «Чорна діра» спочатку транслювався на 	 «Дивні дні в середній школі Блейка Голсі» вперше транслювався на NBC.	Школа «Чорна діра» вперше транслювалася на NBC.	 «Дивні дні в середній школі Блейка Голсі» вперше транслювався на 	NBC	Школа «Чорна діра» вперше транслювалася на 	NBC	NBC|||National Broadcasting Company|||Ен Бі Сі
Q864914	SpongeBob SquarePants, season 2	Другий сезон мультсеріалу «Губка Боб Квадратні Штани»	Q154958	Nickelodeon	Nickelodeon	SpongeBob SquarePants, season 2 was originally aired on Nickelodeon .	Другий сезон мультсеріалу «Губка Боб Квадратні Штани» спочатку транслювався на Nickelodeon.	Другий сезон мультсеріалу «Губка Боб Квадратні Штани» спочатку транслювався на 	" Другий сезон ""Губки Боба Квадратні Штани"" вперше транслювався на Nickelodeon."	Другий сезон мультсеріалу «Губка Боб Квадратні Штани» вперше транслювався на Nickelodeon.	" Другий сезон ""Губки Боба Квадратні Штани"" вперше транслювався на "	Nickelodeon	Другий сезон мультсеріалу «Губка Боб Квадратні Штани» вперше транслювався на 	Nickelodeon	Nickelodeon|||Нікелодеон
