sub_uri	en_sub_label	sub_label	obj_uri	en_obj_label	obj_label	en_template	template	template_prompt	gt_translation	chatgpt_translation	gt_prompt	gt_infl_object	chatgpt_prompt	chatgpt_infl_object	aliases
Q19837	Steve Jobs	Стів Джобс	Q312	Apple Inc.	Apple	Steve Jobs works for Apple Inc. .	Стів Джобс працює для Apple.	Стів Джобс працює для 	 Стів Джобс працює в Apple Inc.	Стів Джобс працює в Apple.	 Стів Джобс працює в 	Apple	Стів Джобс працює в 	Apple	Apple|||Apple Computer Inc|||Apple Incorporated
Q483382	Steve Wozniak	Стів Возняк	Q312	Apple Inc.	Apple	Steve Wozniak works for Apple Inc. .	Стів Возняк працює для Apple.	Стів Возняк працює для 	 Стів Возняк працює в Apple Inc.	Стів Возняк працює в Apple.	 Стів Возняк працює в 	Apple	Стів Возняк працює в 	Apple	Apple|||Apple Computer Inc|||Apple Incorporated
Q162005	Paul G. Allen	Пол Аллен	Q2283	Microsoft	Microsoft	Paul G. Allen works for Microsoft .	Пол Аллен працює для Microsoft.	Пол Аллен працює для 	 Пол Г. Аллен працює в Microsoft.	Пол Аллен працює в Microsoft.	 Пол Г. Аллен працює в 	Microsoft	Пол Аллен працює в 	Microsoft	Microsoft|||MSFT|||MS|||Microsoft Corp.
Q7426870	Satya Nadella	Сатья Наделла	Q2283	Microsoft	Microsoft	Satya Nadella works for Microsoft .	Сатья Наделла працює для Microsoft.	Сатья Наделла працює для 	 Сатья Наделла працює в Microsoft.	Сатья Наделла працює в Microsoft.	 Сатья Наделла працює в 	Microsoft	Сатья Наделла працює в 	Microsoft	Microsoft|||MSFT|||MS|||Microsoft Corp.
Q92803	Grady Booch	Граді Буч	Q37156	IBM	IBM	Grady Booch works for IBM .	Граді Буч працює для IBM.	Граді Буч працює для 	 Ґрейді Буч працює в IBM.	Граді Буч працює в IBM.	 Ґрейді Буч працює в 	IBM	Граді Буч працює в 	IBM	IBM|||Ай-Бі-Ем|||IBM Україна|||International Business Machines Corporation
Q62164	Horst Feistel	Горст Фейстель	Q37156	IBM	IBM	Horst Feistel works for IBM .	Горст Фейстель працює для IBM.	Горст Фейстель працює для 	 Хорст Файстель працює в IBM.	Горст Фейстель працює в IBM.	 Хорст Файстель працює в 	IBM	Горст Фейстель працює в 	IBM	IBM|||Ай-Бі-Ем|||IBM Україна|||International Business Machines Corporation
Q5284	Bill Gates	Білл Гейтс	Q2283	Microsoft	Microsoft	Bill Gates works for Microsoft .	Білл Гейтс працює для Microsoft.	Білл Гейтс працює для 	 Білл Гейтс працює в Microsoft.	Білл Гейтс працює в Microsoft.	 Білл Гейтс працює в 	Microsoft	Білл Гейтс працює в 	Microsoft	Microsoft|||MSFT|||MS|||Microsoft Corp.
Q181162	Steve Ballmer	Стів Балмер	Q2283	Microsoft	Microsoft	Steve Ballmer works for Microsoft .	Стів Балмер працює для Microsoft.	Стів Балмер працює для 	 Стів Балмер працює в Microsoft.	Стів Балмер працює в Microsoft.	 Стів Балмер працює в 	Microsoft	Стів Балмер працює в 	Microsoft	Microsoft|||MSFT|||MS|||Microsoft Corp.
Q14086	Marissa Mayer	Марісса Маєр	Q95	Google	Google	Marissa Mayer works for Google .	Марісса Маєр працює для Google.	Марісса Маєр працює для 	 Марісса Майєр працює в Google.	Марісса Маєр працює в Google.	 Марісса Майєр працює в 	Google	Марісса Маєр працює в 	Google	Google|||Гугл
Q1160659	Daniel Filipacchi	Даніел Філіпаччі	Q154020	Elle	Elle	Daniel Filipacchi works for Elle .	Даніел Філіпаччі працює для Elle.	Даніел Філіпаччі працює для 	 Даніель Філіпаккі працює для Elle.	Даніел Філіпаччі працює в Elle.	 Даніель Філіпаккі працює для 	Elle	Даніел Філіпаччі працює в 	Elle	Elle
Q76766	Gerd Binnig	Ґерд Бінніґ	Q37156	IBM	IBM	Gerd Binnig works for IBM .	Ґерд Бінніґ працює для IBM.	Ґерд Бінніґ працює для 	 Герд Бінніг працює в IBM.	Ґерд Бінніґ працює в IBM.	 Герд Бінніг працює в 	IBM	Ґерд Бінніґ працює в 	IBM	IBM|||Ай-Бі-Ем|||IBM Україна|||International Business Machines Corporation
Q123029	Heinrich Rohrer	Генріх Рорер	Q37156	IBM	IBM	Heinrich Rohrer works for IBM .	Генріх Рорер працює для IBM.	Генріх Рорер працює для 	 Генріх Рорер працює в IBM.	Генріх Рорер працює в IBM.	 Генріх Рорер працює в 	IBM	Генріх Рорер працює в 	IBM	IBM|||Ай-Бі-Ем|||IBM Україна|||International Business Machines Corporation
Q316013	Satoru Iwata	Сатору Івата	Q8093	Nintendo	Nintendo	Satoru Iwata works for Nintendo .	Сатору Івата працює для Nintendo.	Сатору Івата працює для 	 Сатору Івата працює в Nintendo.	Сатору Івата працює в Nintendo.	 Сатору Івата працює в 	Nintendo	Сатору Івата працює в 	Nintendo	Nintendo
Q561401	Spike Milligan	Спайк Мілліган	Q9531	British Broadcasting Corporation	BBC	Spike Milligan works for British Broadcasting Corporation .	Спайк Мілліган працює для BBC.	Спайк Мілліган працює для 	 Спайк Мілліган працює в Британській телерадіомовній корпорації.	Спайк Мілліган працює в BBC.	ERROR	ERROR	Спайк Мілліган працює в 	BBC	BBC|||British Broadcasting Corporation|||Бі-Бі-Сі
Q216160	Jeremy Clarkson	Джеремі Кларксон	Q9531	British Broadcasting Corporation	BBC	Jeremy Clarkson works for British Broadcasting Corporation .	Джеремі Кларксон працює для BBC.	Джеремі Кларксон працює для 	 Джеремі Кларксон працює в Британській телерадіомовній корпорації.	Джеремі Кларксон працює в BBC.	ERROR	ERROR	Джеремі Кларксон працює в 	BBC	BBC|||British Broadcasting Corporation|||Бі-Бі-Сі
Q349069	Adam Curtis	Адам Кертіс	Q9531	British Broadcasting Corporation	BBC	Adam Curtis works for British Broadcasting Corporation .	Адам Кертіс працює для BBC.	Адам Кертіс працює для 	 Адам Кертіс працює в Британській телерадіомовній корпорації.	Адам Кертіс працює в BBC.	ERROR	ERROR	Адам Кертіс працює в 	BBC	BBC|||British Broadcasting Corporation|||Бі-Бі-Сі
Q55238	Ken Loach	Кен Лоуч	Q9531	British Broadcasting Corporation	BBC	Ken Loach works for British Broadcasting Corporation .	Кен Лоуч працює для BBC.	Кен Лоуч працює для 	 Кен Лоуч працює в Британській телерадіомовній корпорації.	Кен Лоуч працює в BBC.	ERROR	ERROR	Кен Лоуч працює в 	BBC	BBC|||British Broadcasting Corporation|||Бі-Бі-Сі
Q49819	Charles Simonyi	Чарльз Симоні	Q2283	Microsoft	Microsoft	Charles Simonyi works for Microsoft .	Чарльз Симоні працює для Microsoft.	Чарльз Симоні працює для 	 Чарльз Сімоні працює в Microsoft.	Чарльз Симоні працює в Microsoft.	 Чарльз Сімоні працює в 	Microsoft	Чарльз Симоні працює в 	Microsoft	Microsoft|||MSFT|||MS|||Microsoft Corp.
Q182408	Glenda Jackson	Гленда Джексон	Q9531	British Broadcasting Corporation	BBC	Glenda Jackson works for British Broadcasting Corporation .	Гленда Джексон працює для BBC.	Гленда Джексон працює для 	 Гленда Джексон працює в Британській телерадіомовній корпорації.	Гленда Джексон працює в BBC.	ERROR	ERROR	Гленда Джексон працює в 	BBC	BBC|||British Broadcasting Corporation|||Бі-Бі-Сі
Q380865	David Frost	Девід Фрост	Q9531	British Broadcasting Corporation	BBC	David Frost works for British Broadcasting Corporation .	Девід Фрост працює для BBC.	Девід Фрост працює для 	 Девід Фрост працює в Британській телерадіомовній корпорації.	Девід Фрост працює в BBC.	ERROR	ERROR	Девід Фрост працює в 	BBC	BBC|||British Broadcasting Corporation|||Бі-Бі-Сі
Q5623430	Gwen Ifill	Гвен Іфілл	Q215616	PBS	Public Broadcasting Service	Gwen Ifill works for PBS .	Гвен Іфілл працює для Public Broadcasting Service.	Гвен Іфілл працює для 	 Гвен Іфілл працює на PBS.	Гвен Іфілл працює на Public Broadcasting Service.	ERROR	ERROR	Гвен Іфілл працює на 	Public Broadcasting Service	PBS|||Public Broadcasting Service
Q2514	Willy Brandt	Віллі Брандт	Q64	Berlin	Берлін	Willy Brandt works for Berlin .	Віллі Брандт працює для Берлін.	Віллі Брандт працює для 	 Віллі Брандт працює на Берлін.	Віллі Брандт працює в Берліні.	 Віллі Брандт працює на 	Берлін	Віллі Брандт працює в 	Берліні	Berlin
Q14086	Marissa Mayer	Марісса Маєр	Q37093	Yahoo	Yahoo!	Marissa Mayer works for Yahoo .	Марісса Маєр працює для Yahoo!.	Марісса Маєр працює для 	Марісса Майєр працює в Yahoo.	Марісса Маєр працює в Yahoo!	ERROR	ERROR	Марісса Маєр працює в 	Yahoo!	Yahoo!
Q110294	Jan Pieterszoon Sweelinck	Ян Свелінк	Q727	Amsterdam	Амстердам	Jan Pieterszoon Sweelinck works for Amsterdam .	Ян Свелінк працює для Амстердам.	Ян Свелінк працює для 	 Jan Pieterszoon Sweelinck працює в Амстердамі.	Ян Свелінк працює в Амстердамі.	 Jan Pieterszoon Sweelinck працює в 	Амстердамі	Ян Свелінк працює в 	Амстердамі	Amsterdam
Q3116214	Greg Dyke	Ґреґ Дайк	Q9531	British Broadcasting Corporation	BBC	Greg Dyke works for British Broadcasting Corporation .	Ґреґ Дайк працює для BBC.	Ґреґ Дайк працює для 	 Грег Дайк працює в Британській телерадіомовній корпорації.	Ґреґ Дайк працює в BBC.	ERROR	ERROR	Ґреґ Дайк працює в 	BBC	BBC|||British Broadcasting Corporation|||Бі-Бі-Сі
Q62890	Gene Amdahl	Джин Амдал	Q37156	IBM	IBM	Gene Amdahl works for IBM .	Джин Амдал працює для IBM.	Джин Амдал працює для 	 Джин Амдал працює в IBM.	Джин Амдал працює в IBM.	 Джин Амдал працює в 	IBM	Джин Амдал працює в 	IBM	IBM|||Ай-Бі-Ем|||IBM Україна|||International Business Machines Corporation
Q49971	Ginni Rometty	Вірджинія Рометті	Q37156	IBM	IBM	Ginni Rometty works for IBM .	Вірджинія Рометті працює для IBM.	Вірджинія Рометті працює для 	 Джинні Рометті працює в IBM.	Вірджинія Рометті працює в IBM.	 Джинні Рометті працює в 	IBM	Вірджинія Рометті працює в 	IBM	IBM|||Ай-Бі-Ем|||IBM Україна|||International Business Machines Corporation
Q14798562	Margarita Luti	Форнаріна	Q5597	Raphael	Рафаель Санті	Margarita Luti works for Raphael .	Форнаріна працює для Рафаель Санті.	Форнаріна працює для 	 Маргарита Люті працює на Рафаеля.	Форнаріна працює у Рафаелі Санті.	ERROR	ERROR	Форнаріна працює у 	Рафаелі Санті	Raphael
Q1288608	William S. Paley	Палей Вільям	Q43380	CBS	CBS	William S. Paley works for CBS .	Палей Вільям працює для CBS.	Палей Вільям працює для 	 Вільям С. Пейлі працює на CBS.	Палей Вільям працює в CBS.	 Вільям С. Пейлі працює на 	CBS	Палей Вільям працює в 	CBS	CBS
Q173380	Adrian Newey	Едріан Ньюї	Q172030	McLaren	Макларен	Adrian Newey works for McLaren .	Едріан Ньюї працює для Макларен.	Едріан Ньюї працює для 	 Адріан Ньюї працює в McLaren.	Едріан Ньюї працює в Макларен.	ERROR	ERROR	Едріан Ньюї працює в 	Макларен	McLaren|||McLaren
Q861110	Shane McMahon	Шейн Макмен	Q35339	WWE	WWE	Shane McMahon works for WWE .	Шейн Макмен працює для WWE.	Шейн Макмен працює для 	 Шейн Макмехон працює у WWE.	Шейн Макмен працює в WWE.	 Шейн Макмехон працює у 	WWE	Шейн Макмен працює в 	WWE	WWE|||World Wrestling Entertainment
Q325487	Mike Wallace	Майк Воллес	Q43380	CBS	CBS	Mike Wallace works for CBS .	Майк Воллес працює для CBS.	Майк Воллес працює для 	 Майк Воллес працює на CBS.	Майк Воллес працює в CBS.	 Майк Воллес працює на 	CBS	Майк Воллес працює в 	CBS	CBS
Q5112179	Chris Cuomo	Кріс Куомо	Q48340	CNN	Сі-Ен-Ен	Chris Cuomo works for CNN .	Кріс Куомо працює для Сі-Ен-Ен.	Кріс Куомо працює для 	 Кріс Куомо працює на CNN.	Кріс Куомо працює на Сі-Ен-Ен.	ERROR	ERROR	Кріс Куомо працює на 	Сі-Ен-Ен	CNN|||CNN
Q12382	Shigeru Miyamoto	Сігеру Міямото	Q8093	Nintendo	Nintendo	Shigeru Miyamoto works for Nintendo .	Сігеру Міямото працює для Nintendo.	Сігеру Міямото працює для 	 Шіґеру Міямото працює в Nintendo.	Сігеру Міямото працює в Nintendo.	 Шіґеру Міямото працює в 	Nintendo	Сігеру Міямото працює в 	Nintendo	Nintendo
Q44567	Triple H	Тріпл Ейч	Q35339	WWE	WWE	Triple H works for WWE .	Тріпл Ейч працює для WWE.	Тріпл Ейч працює для 	 Тріпл Ейч працює на WWE.	Тріпл Ейч працює в WWE.	 Тріпл Ейч працює на 	WWE	Тріпл Ейч працює в 	WWE	WWE|||World Wrestling Entertainment
Q313697	Ross Perot	Росс Перо	Q37156	IBM	IBM	Ross Perot works for IBM .	Росс Перо працює для IBM.	Росс Перо працює для 	 Росс Перо працює в IBM.	Росс Перо працює в IBM.	 Росс Перо працює в 	IBM	Росс Перо працює в 	IBM	IBM|||Ай-Бі-Ем|||IBM Україна|||International Business Machines Corporation
Q265852	Tim Cook	Тім Кук	Q312	Apple Inc.	Apple	Tim Cook works for Apple Inc. .	Тім Кук працює для Apple.	Тім Кук працює для 	 Тім Кук працює в Apple Inc.	Тім Кук працює в Apple.	 Тім Кук працює в 	Apple	Тім Кук працює в 	Apple	Apple|||Apple Computer Inc|||Apple Incorporated
Q52680	Matthew Pinsent	Меттью Пінсент	Q9531	British Broadcasting Corporation	BBC	Matthew Pinsent works for British Broadcasting Corporation .	Меттью Пінсент працює для BBC.	Меттью Пінсент працює для 	 Метью Пінсент працює в Британській телерадіомовній корпорації.	Меттью Пінсент працює в BBC.	ERROR	ERROR	Меттью Пінсент працює в 	BBC	BBC|||British Broadcasting Corporation|||Бі-Бі-Сі
Q92600	Alexey Pajitnov	Пажитнов Олексій Леонідович	Q2283	Microsoft	Microsoft	Alexey Pajitnov works for Microsoft .	Пажитнов Олексій Леонідович працює для Microsoft.	Пажитнов Олексій Леонідович працює для 	 Олексій Пажитнов працює в Microsoft.	Пажитнов Олексій Леонідович працює в Microsoft.	 Олексій Пажитнов працює в 	Microsoft	Пажитнов Олексій Леонідович працює в 	Microsoft	Microsoft|||MSFT|||MS|||Microsoft Corp.
Q155914	Peter Simon Pallas	Петер-Симон Паллас	Q159	Russia	Росія	Peter Simon Pallas works for Russia .	Петер-Симон Паллас працює для Росія.	Петер-Симон Паллас працює для 	 Пітер Саймон Паллас працює на Росію.	Петер-Симон Паллас працює в Росії.	 Пітер Саймон Паллас працює на 	Росію	Петер-Симон Паллас працює в 	Росії	Russia|||РФ|||Росія
Q192912	Stephen Fry	Стівен Фрай	Q9531	British Broadcasting Corporation	BBC	Stephen Fry works for British Broadcasting Corporation .	Стівен Фрай працює для BBC.	Стівен Фрай працює для 	 Стівен Фрай працює в Британській телерадіомовній корпорації.	Стівен Фрай працює в BBC.	ERROR	ERROR	Стівен Фрай працює в 	BBC	BBC|||British Broadcasting Corporation|||Бі-Бі-Сі
Q337345	Peter M. Bowers	Петер Бауерс	Q66	Boeing	Боїнг	Peter M. Bowers works for Boeing .	Петер Бауерс працює для Боїнг.	Петер Бауерс працює для 	 Пітер М. Бауерс працює в Boeing.	Петер Бауерс працює в Боїнг.	ERROR	ERROR	Петер Бауерс працює в 	Боїнг	Boeing
Q435716	Thomas J. Watson	Томас Вотсон	Q37156	IBM	IBM	Thomas J. Watson works for IBM .	Томас Вотсон працює для IBM.	Томас Вотсон працює для 	 Томас Дж. Вотсон працює в IBM.	Томас Вотсон працює в IBM.	 Томас Дж. Вотсон працює в 	IBM	Томас Вотсон працює в 	IBM	IBM|||Ай-Бі-Ем|||IBM Україна|||International Business Machines Corporation
Q356719	Carlos Ghosn	Карлос Гон	Q6686	Renault	Renault	Carlos Ghosn works for Renault .	Карлос Гон працює для Renault.	Карлос Гон працює для 	 Карлос Гон працює в Renault.	Карлос Гон працює в Renault.	 Карлос Гон працює в 	Renault	Карлос Гон працює в 	Renault	Renault|||Рено|||Renault S.A.|||Рено (автокомпанія)
Q34943	Ptolemy	Клавдій Птолемей	Q87	Alexandria	Александрія	Ptolemy works for Alexandria .	Клавдій Птолемей працює для Александрія.	Клавдій Птолемей працює для 	 Птолемей працює для Александрії.	Клавдій Птолемей працює в Александрії.	 Птолемей працює для 	Александрії	Клавдій Птолемей працює в 	Александрії	Alexandria
Q3503829	Sundar Pichai	Сундар Пічаї	Q95	Google	Google	Sundar Pichai works for Google .	Сундар Пічаї працює для Google.	Сундар Пічаї працює для 	 Сундар Пічаї працює в Google.	Сундар Пічаї працює в Google.	 Сундар Пічаї працює в 	Google	Сундар Пічаї працює в 	Google	Google|||Гугл
Q6152851	Jane Tranter	Джейн Трентер	Q9531	British Broadcasting Corporation	BBC	Jane Tranter works for British Broadcasting Corporation .	Джейн Трентер працює для BBC.	Джейн Трентер працює для 	Джейн Трантер працює в Британській телерадіомовній корпорації.	Джейн Трентер працює в BBC.	ERROR	ERROR	Джейн Трентер працює в 	BBC	BBC|||British Broadcasting Corporation|||Бі-Бі-Сі
Q42	Douglas Adams	Дуглас Адамс	Q9531	British Broadcasting Corporation	BBC	Douglas Adams works for British Broadcasting Corporation .	Дуглас Адамс працює для BBC.	Дуглас Адамс працює для 	 Дуглас Адамс працює в Британській телерадіомовній корпорації.	Дуглас Адамс працює в BBC.	ERROR	ERROR	Дуглас Адамс працює в 	BBC	BBC|||British Broadcasting Corporation|||Бі-Бі-Сі
Q394925	Paddy Lowe	Педді Лоу	Q172721	Mercedes	Мерседес	Paddy Lowe works for Mercedes .	Педді Лоу працює для Мерседес.	Педді Лоу працює для 	 Педді Лоу працює на Mercedes.	Педді Лоу працює в Мерседесі.	ERROR	ERROR	Педді Лоу працює в 	Мерседесі	Mercedes F1 Team|||Mercedes GP
Q239774	Sue Barker	Сью Баркер	Q9531	British Broadcasting Corporation	BBC	Sue Barker works for British Broadcasting Corporation .	Сью Баркер працює для BBC.	Сью Баркер працює для 	 Сью Баркер працює в Британській телерадіомовній корпорації.	Сью Баркер працює в BBC.	ERROR	ERROR	Сью Баркер працює в 	BBC	BBC|||British Broadcasting Corporation|||Бі-Бі-Сі
Q30942	Guido van Rossum	Ґвідо ван Россум	Q95	Google	Google	Guido van Rossum works for Google .	Ґвідо ван Россум працює для Google.	Ґвідо ван Россум працює для 	 Гвідо ван Россум працює в Google.	Ґвідо ван Россум працює в Google.	 Гвідо ван Россум працює в 	Google	Ґвідо ван Россум працює в 	Google	Google|||Гугл
Q557305	Phil Knight	Філ Найт	Q483915	Nike	Найк	Phil Knight works for Nike .	Філ Найт працює для Найк.	Філ Найт працює для 	 Філ Найт працює в Nike.	Філ Найт працює в Найк.	 Філ 	Найт	Філ Найт працює в 	Найк	Nike|||Найкі|||Nike, Inc.
Q263951	Mark Lawrenson	Марк Лоуренсон	Q9531	British Broadcasting Corporation	BBC	Mark Lawrenson works for British Broadcasting Corporation .	Марк Лоуренсон працює для BBC.	Марк Лоуренсон працює для 	 Марк Лоуренсон працює в Британській телерадіомовній корпорації.	Марк Лоуренсон працює в BBC.	ERROR	ERROR	Марк Лоуренсон працює в 	BBC	BBC|||British Broadcasting Corporation|||Бі-Бі-Сі
Q57660	John Rabe	Джон Рабе	Q81230	Siemens	Siemens	John Rabe works for Siemens .	Джон Рабе працює для Siemens.	Джон Рабе працює для 	 Джон Рейб працює в Siemens.	Джон Рабе працює в Siemens.	 Джон Рейб працює в 	Siemens	Джон Рабе працює в 	Siemens	Siemens|||Siemens AG|||Сіменс
Q230744	Anna Wintour	Анна Вінтур	Q154008	Vogue	Vogue	Anna Wintour works for Vogue .	Анна Вінтур працює для Vogue.	Анна Вінтур працює для 	 Анна Вінтур працює для Vogue.	Анна Вінтур працює в Vogue.	 Анна Вінтур працює для 	Vogue	Анна Вінтур працює в 	Vogue	Vogue|||Воґ
Q230850	Irina Bokova	Ірина Бокова	Q7809	UNESCO	ЮНЕСКО	Irina Bokova works for UNESCO .	Ірина Бокова працює для ЮНЕСКО.	Ірина Бокова працює для 	 Ірина Бокова працює в ЮНЕСКО.	Ірина Бокова працює в ЮНЕСКО.	 Ірина Бокова працює в 	ЮНЕСКО	Ірина Бокова працює в 	ЮНЕСКО	UNESCO|||Організація Об'єднаних Націй з питань освіти, науки і культури
Q336520	Alan Sugar	Алан Шугар	Q9531	British Broadcasting Corporation	BBC	Alan Sugar works for British Broadcasting Corporation .	Алан Шугар працює для BBC.	Алан Шугар працює для 	 Алан Шугар працює в Британській телерадіомовній корпорації.	Алан Шугар працює в BBC.	ERROR	ERROR	Алан Шугар працює в 	BBC	BBC|||British Broadcasting Corporation|||Бі-Бі-Сі
Q2614699	Lyse Doucet	Ліз Дюсет	Q9531	British Broadcasting Corporation	BBC	Lyse Doucet works for British Broadcasting Corporation .	Ліз Дюсет працює для BBC.	Ліз Дюсет працює для 	 Лайз Дусет працює в Британській телерадіомовній корпорації.	Ліз Дюсет працює в BBC.	ERROR	ERROR	Ліз Дюсет працює в 	BBC	BBC|||British Broadcasting Corporation|||Бі-Бі-Сі
Q92740	Jef Raskin	Раскін Джеф	Q312	Apple Inc.	Apple	Jef Raskin works for Apple Inc. .	Раскін Джеф працює для Apple.	Раскін Джеф працює для 	 Джеф Раскін працює в Apple Inc.	Раскін Джеф працює в Apple.	 Джеф Раскін працює в 	Apple	Раскін Джеф працює в 	Apple	Apple|||Apple Computer Inc|||Apple Incorporated
Q504726	Dennis Taylor	Денніс Тейлор	Q9531	British Broadcasting Corporation	BBC	Dennis Taylor works for British Broadcasting Corporation .	Денніс Тейлор працює для BBC.	Денніс Тейлор працює для 	 Денніс Тейлор працює в Британській телерадіомовній корпорації.	Денніс Тейлор працює в BBC.	ERROR	ERROR	Денніс Тейлор працює в 	BBC	BBC|||British Broadcasting Corporation|||Бі-Бі-Сі
Q333525	Michael Portillo	Майкл Портільо	Q9531	British Broadcasting Corporation	BBC	Michael Portillo works for British Broadcasting Corporation .	Майкл Портільо працює для BBC.	Майкл Портільо працює для 	 Майкл Портільйо працює в Британській телерадіомовній корпорації.	Майкл Портільо працює в BBC.	ERROR	ERROR	Майкл Портільо працює в 	BBC	BBC|||British Broadcasting Corporation|||Бі-Бі-Сі
Q47778	Gary Lineker	Гарі Лінекер	Q9531	British Broadcasting Corporation	BBC	Gary Lineker works for British Broadcasting Corporation .	Гарі Лінекер працює для BBC.	Гарі Лінекер працює для 	 Гері Лінекер працює в Британській телерадіомовній корпорації.	Гарі Лінекер працює в BBC.	ERROR	ERROR	Гарі Лінекер працює в 	BBC	BBC|||British Broadcasting Corporation|||Бі-Бі-Сі
Q356719	Carlos Ghosn	Карлос Гон	Q20165	Nissan	Nissan	Carlos Ghosn works for Nissan .	Карлос Гон працює для Nissan.	Карлос Гон працює для 	 Карлос Гон працює в Nissan.	Карлос Гон працює в Nissan.	 Карлос Гон працює в 	Nissan	Карлос Гон працює в 	Nissan	Nissan Motor Co. Ltd.
Q92879	Tony Fadell	Тоні Фаделл	Q312	Apple Inc.	Apple	Tony Fadell works for Apple Inc. .	Тоні Фаделл працює для Apple.	Тоні Фаделл працює для 	 Тоні Фаделл працює в Apple Inc.	Тоні Фаделл працює в Apple.	 Тоні Фаделл працює в 	Apple	Тоні Фаделл працює в 	Apple	Apple|||Apple Computer Inc|||Apple Incorporated
Q48971	Susan Kare	Сьюзен Кер	Q312	Apple Inc.	Apple	Susan Kare works for Apple Inc. .	Сьюзен Кер працює для Apple.	Сьюзен Кер працює для 	 Сьюзен Каре працює в Apple Inc.	Сьюзен Кер працює в Apple.	 Сьюзен Каре працює в 	Apple	Сьюзен Кер працює в 	Apple	Apple|||Apple Computer Inc|||Apple Incorporated
Q29024	Esko Aho	Еско Аго	Q1418	Nokia	Nokia	Esko Aho works for Nokia .	Еско Аго працює для Nokia.	Еско Аго працює для 	 Еско Ахо працює в Nokia.	Еско Аго працює в Nokia.	 Еско Ахо працює в 	Nokia	Еско Аго працює в 	Nokia	Nokia
Q2514	Willy Brandt	Віллі Брандт	Q183	Germany	Німеччина	Willy Brandt works for Germany .	Віллі Брандт працює для Німеччина.	Віллі Брандт працює для 	Віллі Брандт працює на Німеччину.	Віллі Брандт працює в Німеччині.	Віллі Брандт працює на 	Німеччину	Віллі Брандт працює в 	Німеччині	Germany|||ФРН|||Федеративна Республіка Німеччина
Q507469	Guy Kawasaki	Гай Кавасакі	Q312	Apple Inc.	Apple	Guy Kawasaki works for Apple Inc. .	Гай Кавасакі працює для Apple.	Гай Кавасакі працює для 	 Гай Кавасакі працює в Apple Inc.	Гай Кавасакі працює в Apple.	 Гай Кавасакі працює в 	Apple	Гай Кавасакі працює в 	Apple	Apple|||Apple Computer Inc|||Apple Incorporated
Q298341	Raymond Kurzweil	Реймонд Курцвейл	Q95	Google	Google	Raymond Kurzweil works for Google .	Реймонд Курцвейл працює для Google.	Реймонд Курцвейл працює для 	 Реймонд Курцвейл працює в Google.	Реймонд Курцвейл працює в Google.	 Реймонд Курцвейл працює в 	Google	Реймонд Курцвейл працює в 	Google	Google|||Гугл
Q507469	Guy Kawasaki	Гай Кавасакі	Q956568	Forbes	Forbes	Guy Kawasaki works for Forbes .	Гай Кавасакі працює для Forbes.	Гай Кавасакі працює для 	 Гай Кавасакі працює у Forbes.	Гай Кавасакі працює у Forbes.	 Гай Кавасакі працює у 	Forbes	Гай Кавасакі працює у 	Forbes	Forbes
Q394925	Paddy Lowe	Педді Лоу	Q172030	McLaren	Макларен	Paddy Lowe works for McLaren .	Педді Лоу працює для Макларен.	Педді Лоу працює для 	 Педді Лоу працює в McLaren.	Педді Лоу працює в Макларен.	ERROR	ERROR	Педді Лоу працює в 	Макларен	McLaren|||McLaren
Q92743	Vint Cerf	Вінтон Серф	Q95	Google	Google	Vint Cerf works for Google .	Вінтон Серф працює для Google.	Вінтон Серф працює для 	 Вінт Серф працює в Google.	Вінтон Серф працює в Google.	 Вінт Серф працює в 	Google	Вінтон Серф працює в 	Google	Google|||Гугл
Q7637	Ward Cunningham	Вард Каннінгам	Q2283	Microsoft	Microsoft	Ward Cunningham works for Microsoft .	Вард Каннінгам працює для Microsoft.	Вард Каннінгам працює для 	 Ворд Каннінгем працює в Microsoft.	Вард Каннінгам працює в Microsoft.	 Ворд Каннінгем працює в 	Microsoft	Вард Каннінгам працює в 	Microsoft	Microsoft|||MSFT|||MS|||Microsoft Corp.
Q92609	Fred Brooks	Фред Брукс	Q37156	IBM	IBM	Fred Brooks works for IBM .	Фред Брукс працює для IBM.	Фред Брукс працює для 	 Фред Брукс працює в IBM.	Фред Брукс працює в IBM.	 Фред Брукс працює в 	IBM	Фред Брукс працює в 	IBM	IBM|||Ай-Бі-Ем|||IBM Україна|||International Business Machines Corporation
Q92923	Charles Goldfarb	Чарлз Гольдфарб	Q37156	IBM	IBM	Charles Goldfarb works for IBM .	Чарлз Гольдфарб працює для IBM.	Чарлз Гольдфарб працює для 	 Чарльз Голдфарб працює в IBM.	Чарлз Гольдфарб працює в IBM.	 Чарльз Голдфарб працює в 	IBM	Чарлз Гольдфарб працює в 	IBM	IBM|||Ай-Бі-Ем|||IBM Україна|||International Business Machines Corporation
Q6776103	Martin M. Wattenberg	Мартін М. Ваттенберг	Q37156	IBM	IBM	Martin M. Wattenberg works for IBM .	Мартін М. Ваттенберг працює для IBM.	Мартін М. Ваттенберг працює для 	 Мартін М. Ваттенберг працює в IBM.	Мартін М. Ваттенберг працює в IBM.	 Мартін М. Ваттенберг працює в 	IBM	Мартін М. Ваттенберг працює в 	IBM	IBM|||Ай-Бі-Ем|||IBM Україна|||International Business Machines Corporation
Q317730	Jean-Dominique Bauby	Жан-Домінік Боб	Q154020	Elle	Elle	Jean-Dominique Bauby works for Elle .	Жан-Домінік Боб працює для Elle.	Жан-Домінік Боб працює для 	 Жан-Домінік Бобі працює для Elle.	Жан-Домінік Боб працює в Elle.	 Жан-Домінік Бобі працює для 	Elle	Жан-Домінік Боб працює в 	Elle	Elle
Q6375783	Kate Silverton	Кейт Сілвертон	Q9531	British Broadcasting Corporation	BBC	Kate Silverton works for British Broadcasting Corporation .	Кейт Сілвертон працює для BBC.	Кейт Сілвертон працює для 	 Кейт Сілвертон працює в Британській телерадіомовній корпорації.	Кейт Сілвертон працює в BBC.	ERROR	ERROR	Кейт Сілвертон працює в 	BBC	BBC|||British Broadcasting Corporation|||Бі-Бі-Сі
Q29544	Delia Derbyshire	Делія Дербішир	Q9531	British Broadcasting Corporation	BBC	Delia Derbyshire works for British Broadcasting Corporation .	Делія Дербішир працює для BBC.	Делія Дербішир працює для 	 Делія Дербішир працює в Британській телерадіомовній корпорації.	Делія Дербішир працює в BBC.	ERROR	ERROR	Делія Дербішир працює в 	BBC	BBC|||British Broadcasting Corporation|||Бі-Бі-Сі
Q2573233	Don Coppersmith	Дон Копперсміт	Q37156	IBM	IBM	Don Coppersmith works for IBM .	Дон Копперсміт працює для IBM.	Дон Копперсміт працює для 	 Дон Копперсміт працює в IBM.	Дон Копперсміт працює в IBM.	 Дон Копперсміт працює в 	IBM	Дон Копперсміт працює в 	IBM	IBM|||Ай-Бі-Ем|||IBM Україна|||International Business Machines Corporation
Q434105	Steve Cram	Стів Крем	Q9531	British Broadcasting Corporation	BBC	Steve Cram works for British Broadcasting Corporation .	Стів Крем працює для BBC.	Стів Крем працює для 	 Стів Крам працює в Британській телерадіомовній корпорації.	Стів Крем працює в BBC.	ERROR	ERROR	Стів Крем працює в 	BBC	BBC|||British Broadcasting Corporation|||Бі-Бі-Сі
Q4761497	Andy Wilman	Енді Вілмен	Q9531	British Broadcasting Corporation	BBC	Andy Wilman works for British Broadcasting Corporation .	Енді Вілмен працює для BBC.	Енді Вілмен працює для 	 Енді Вілман працює в Британській телерадіомовній корпорації.	Енді Вілмен працює в BBC.	ERROR	ERROR	Енді Вілмен працює в 	BBC	BBC|||British Broadcasting Corporation|||Бі-Бі-Сі
