	sub_uri	en_sub_label	sub_label	obj_uri	en_obj_label	obj_label	en_template	template	template_prompt	gt_translation	gt_prompt	gt_infl_object	aliases	template_true_ranks	template_top1_correct	template_prompt_prob	template_top3_correct	gt_true_ranks	gt_top1_correct	gt_prompt_prob	gt_top3_correct
0	Q155476	The Fast and the Furious	The Fast and the Furious	Q1860	English	engelsk	The original language of The Fast and the Furious is English .	Originalsproget på The Fast and the Furious er engelsk.	Originalsproget på The Fast and the Furious er 	 Originalsproget i The Fast and the Furious er engelsk.	 Originalsproget i The Fast and the Furious er 	engelsk	['English']	{'engelsk': 1}	1	-68.25	1	{'engelsk': 1}	1	-76.0625	1
1	Q191380	The Hunchback of Notre Dame	Klokkeren fra Notre Dame	Q150	French	fransk	The original language of The Hunchback of Notre Dame is French .	Originalsproget på Klokkeren fra Notre Dame er fransk.	Originalsproget på Klokkeren fra Notre Dame er 	 Originalsproget i Klokkeren fra Notre Dame er fransk.	 Originalsproget i Klokkeren fra Notre Dame er 	fransk	['French']	{'fransk': 8}	0	-85.25	0	{'fransk': 2}	0	-93.5	1
2	Q174626	The Immoralist	Den umoralske	Q150	French	fransk	The original language of The Immoralist is French .	Originalsproget på Den umoralske er fransk.	Originalsproget på Den umoralske er 	 Originalsproget i The Immoralist er fransk.	 Originalsproget i The Immoralist er 	fransk	['French']	{'fransk': 25}	0	-83.625	0	{'fransk': 10}	0	-81.8125	0
3	Q837333	The Broken Ear	Det Knuste Øre	Q150	French	fransk	The original language of The Broken Ear is French .	Originalsproget på Det Knuste Øre er fransk.	Originalsproget på Det Knuste Øre er 	 Originalsproget i Det knækkede øre er fransk.	 Originalsproget i Det knækkede øre er 	fransk	['French']	{'fransk': 25}	0	-81.375	0	{'fransk': 11}	0	-88.9375	0
4	Q467394	La favorite	La Favorite	Q150	French	fransk	The original language of La favorite is French .	Originalsproget på La Favorite er fransk.	Originalsproget på La Favorite er 	 Originalsproget for La favorite er fransk.	 Originalsproget for La favorite er 	fransk	['French']	{'fransk': 11}	0	-67.5625	0	{'fransk': 10}	0	-81.5625	0
5	Q129873	The Tenant	Den nye lejer	Q150	French	fransk	The original language of The Tenant is French .	Originalsproget på Den nye lejer er fransk.	Originalsproget på Den nye lejer er 	 Originalsproget i The Tenant er fransk.	 Originalsproget i The Tenant er 	fransk	['French']	{'fransk': 29}	0	-79.6875	0	{'fransk': 8}	0	-80.3125	0
6	Q1533887	How I Ended This Summer	How I Ended This Summer	Q7737	Russian	russisk	The original language of How I Ended This Summer is Russian .	Originalsproget på How I Ended This Summer er russisk.	Originalsproget på How I Ended This Summer er 	 Originalsproget for How I Ended This Summer er russisk.	 Originalsproget for How I Ended This Summer er 	russisk	['Russian', 'Russisk', 'ru']	{'russisk': 13}	0	-76.25	0	{'russisk': 17}	0	-85.625	0
7	Q138174	Life is a Dream	Livet er en drøm	Q1321	Spanish	spansk	The original language of Life is a Dream is Spanish .	Originalsproget på Livet er en drøm er spansk.	Originalsproget på Livet er en drøm er 	 Originalsproget i *Life is a Dream* er spansk.	 Originalsproget i *Life is a Dream* er 	spansk	['Spanish', 'es']	{'spansk': 15}	0	-73.375	0	{'spansk': 22}	0	-91.625	0
8	Q574713	Jar City	Jar City	Q294	Icelandic	islandsk	The original language of Jar City is Icelandic .	Originalsproget på Jar City er islandsk.	Originalsproget på Jar City er 	 Originalsproget i Jar City er islandsk.	 Originalsproget i Jar City er 	islandsk	['Icelandic']	{'islandsk': 11}	0	-65.4375	0	{'islandsk': 10}	0	-77.625	0
9	Q576763	Face Dances	Face Dances	Q1860	English	engelsk	The original language of Face Dances is English .	Originalsproget på Face Dances er engelsk.	Originalsproget på Face Dances er 	 Originalsproget for Face Dances er engelsk.	 Originalsproget for Face Dances er 	engelsk	['English']	{'engelsk': 4}	0	-70.125	0	{'engelsk': 2}	0	-84.875	1
10	Q1180721	De Officiis	De Officiis	Q397	Latin	latin	The original language of De Officiis is Latin .	Originalsproget på De Officiis er latin.	Originalsproget på De Officiis er 	 Originalsproget på De Officiis er latin.	 Originalsproget på De Officiis er 	latin	['Latin']	{'latin': 7}	0	-76.5	0	{'latin': 5}	0	-89.25	0
11	Q1327411	Around the Moon	Rundt om månen	Q150	French	fransk	The original language of Around the Moon is French .	Originalsproget på Rundt om månen er fransk.	Originalsproget på Rundt om månen er 	 Originalsproget i Rundt om månen er fransk.	 Originalsproget i Rundt om månen er 	fransk	['French']	{'fransk': 11}	0	-75.3125	0	{'fransk': 10}	0	-87.375	0
12	Q5064	The Magic Flute	Tryllefløjten	Q188	German	tysk	The original language of The Magic Flute is German .	Originalsproget på Tryllefløjten er tysk.	Originalsproget på Tryllefløjten er 	 Originalsproget i Tryllefløjten er tysk.	 Originalsproget i Tryllefløjten er 	tysk	['German', 'de']	{'tysk': 22}	0	-69.25	0	{'tysk': 9}	0	-82.4375	0
13	Q3013	iCarly	iCarly	Q1860	English	engelsk	The original language of iCarly is English .	Originalsproget på iCarly er engelsk.	Originalsproget på iCarly er 	 Originalsproget i iCarly er engelsk.	 Originalsproget i iCarly er 	engelsk	['English']	{'engelsk': 5}	0	-62.125	0	{'engelsk': 3}	0	-74.375	1
14	Q3824693	The Truce	Tøbruddet	Q652	Italian	italiensk	The original language of The Truce is Italian .	Originalsproget på Tøbruddet er italiensk.	Originalsproget på Tøbruddet er 	 Originalsproget i Våbenhvilen er italiensk.	 Originalsproget i Våbenhvilen er 	italiensk	['Italian', 'it']	{'italiensk': 41}	0	-81.625	0	{'italiensk': 41}	0	-74.375	0
15	Q2633985	Fashionable Nonsense	Fashionable Nonsense	Q150	French	fransk	The original language of Fashionable Nonsense is French .	Originalsproget på Fashionable Nonsense er fransk.	Originalsproget på Fashionable Nonsense er 	 Originalsproget i Fashionable Nonsense er fransk.	 Originalsproget i Fashionable Nonsense er 	fransk	['French']	{'fransk': 22}	0	-72.6875	0	{'fransk': 10}	0	-88.75	0
16	Q36479	The Lion King	Løvernes Konge	Q1860	English	engelsk	The original language of The Lion King is English .	Originalsproget på Løvernes Konge er engelsk.	Originalsproget på Løvernes Konge er 	 Løvernes Konges originalsprog er engelsk.	 Løvernes Konges originalsprog er 	engelsk	['English']	{'engelsk': 2}	0	-78.4375	1	{'engelsk': 3}	0	-83.0	1
17	Q2418926	Planet of the Apes	La planète des singes (Abernes Planet)	Q150	French	fransk	The original language of Planet of the Apes is French .	Originalsproget på La planète des singes (Abernes Planet) er fransk.	Originalsproget på La planète des singes (Abernes Planet) er 	Originalsproget i Abernes Planet er fransk.	Originalsproget i Abernes Planet er 	fransk	['French']	{'fransk': 7}	0	-106.3125	0	{'fransk': 20}	0	-90.25	0
18	Q324878	Naturwissenschaften	Naturwissenschaften	Q1860	English	engelsk	The original language of Naturwissenschaften is English .	Originalsproget på Naturwissenschaften er engelsk.	Originalsproget på Naturwissenschaften er 	 Naturwissenschaftens originalsprog er engelsk.	 Naturwissenschaftens originalsprog er 	engelsk	['English']	{'engelsk': 1}	1	-67.6875	1	{'engelsk': 3}	0	-74.875	1
19	Q1094519	The Tall Blond Man with One Black Shoe	Skyg den høje lyse med den sorte sko	Q150	French	fransk	The original language of The Tall Blond Man with One Black Shoe is French .	Originalsproget på Skyg den høje lyse med den sorte sko er fransk.	Originalsproget på Skyg den høje lyse med den sorte sko er 	 Originalsproget i Den høje, blonde mand med den ene sorte sko er fransk.	 Originalsproget i Den høje, blonde mand med den ene sorte sko er 	fransk	['French']	{'fransk': 30}	0	-119.375	0	{'fransk': 8}	0	-130.0	0
20	Q639597	Charulata	Den ensomme kvinde	Q9610	Bengali	bengali	The original language of Charulata is Bengali .	Originalsproget på Den ensomme kvinde er bengali.	Originalsproget på Den ensomme kvinde er 	 Charulatas originalsprog er bengali.	 Charulatas originalsprog er 	bengali	['Bangla']	{'bengali': 50}	0	-72.4375	0	{'bengali': 50}	0	-91.1875	0
21	Q1123979	Voodoo Lounge	Voodoo Lounge	Q1860	English	engelsk	The original language of Voodoo Lounge is English .	Originalsproget på Voodoo Lounge er engelsk.	Originalsproget på Voodoo Lounge er 	 Voodoo Lounges originalsprog er engelsk.	 Voodoo Lounges originalsprog er 	engelsk	['English']	{'engelsk': 4}	0	-62.1875	0	{'engelsk': 5}	0	-75.375	0
22	Q1194169	The Caretaker	Viceværten	Q1860	English	engelsk	The original language of The Caretaker is English .	Originalsproget på Viceværten er engelsk.	Originalsproget på Viceværten er 	 Originalsproget i The Caretaker er engelsk.	 Originalsproget i The Caretaker er 	engelsk	['English']	{'engelsk': 6}	0	-77.625	0	{'engelsk': 1}	1	-75.3125	1
23	Q778772	Odd Man Out	Natten uden naade	Q1860	English	engelsk	The original language of Odd Man Out is English .	Originalsproget på Natten uden naade er engelsk.	Originalsproget på Natten uden naade er 	 Originalsproget i Odd Man Out er engelsk.	 Originalsproget i Odd Man Out er 	engelsk	['English']	{'engelsk': 2}	0	-86.0625	1	{'engelsk': 1}	1	-82.0	1
24	Q1417349	Maometto II	Maometto II	Q652	Italian	italiensk	The original language of Maometto II is Italian .	Originalsproget på Maometto II er italiensk.	Originalsproget på Maometto II er 	 Maometto IIs originalsprog er italiensk.	 Maometto IIs originalsprog er 	italiensk	['Italian', 'it']	{'italiensk': 4}	0	-70.3125	0	{'italiensk': 1}	1	-81.8125	1
25	Q129929	The Amber Spyglass	Ravkikkerten	Q1860	English	engelsk	The original language of The Amber Spyglass is English .	Originalsproget på Ravkikkerten er engelsk.	Originalsproget på Ravkikkerten er 	 Originalsproget i The Amber Spyglass er engelsk.	 Originalsproget i The Amber Spyglass er 	engelsk	['English']	{'engelsk': 7}	0	-82.4375	0	{'engelsk': 1}	1	-85.125	1
26	Q1459255	Human Touch	Human Touch	Q1860	English	engelsk	The original language of Human Touch is English .	Originalsproget på Human Touch er engelsk.	Originalsproget på Human Touch er 	 Originalsproget i Human Touch er engelsk.	 Originalsproget i Human Touch er 	engelsk	['English']	{'engelsk': 4}	0	-63.4375	0	{'engelsk': 2}	0	-70.5	1
27	Q825946	Good Morning America	Good Morning America	Q1860	English	engelsk	The original language of Good Morning America is English .	Originalsproget på Good Morning America er engelsk.	Originalsproget på Good Morning America er 	 Originalsproget i Good Morning America er engelsk.	 Originalsproget i Good Morning America er 	engelsk	['English']	{'engelsk': 2}	0	-62.75	1	{'engelsk': 3}	0	-77.3125	1
28	Q161423	Die Tageszeitung	die tageszeitung	Q188	German	tysk	The original language of Die Tageszeitung is German .	Originalsproget på die tageszeitung er tysk.	Originalsproget på die tageszeitung er 	 Originalsproget i Die Tageszeitung er tysk.	 Originalsproget i Die Tageszeitung er 	tysk	['German', 'de']	{'tysk': 10}	0	-76.75	0	{'tysk': 9}	0	-87.0	0
29	Q5978051	I Love Another	Jeg elsker en anden	Q9035	Danish	dansk	The original language of I Love Another is Danish .	Originalsproget på Jeg elsker en anden er dansk.	Originalsproget på Jeg elsker en anden er 	 Originalsproget for Jeg elsker en anden er dansk.	 Originalsproget for Jeg elsker en anden er 	dansk	['Danish', 'da', 'dansk sprog']	{'dansk': 3}	0	-80.375	1	{'dansk': 6}	0	-92.0	0
30	Q1389508	Revue de Paris	Revue de Paris	Q150	French	fransk	The original language of Revue de Paris is French .	Originalsproget på Revue de Paris er fransk.	Originalsproget på Revue de Paris er 	 Originalsproget for Revue de Paris er fransk.	 Originalsproget for Revue de Paris er 	fransk	['French']	{'fransk': 1}	1	-75.0625	1	{'fransk': 2}	0	-84.625	1
31	Q949784	Caro diario	Kære dagbog	Q652	Italian	italiensk	The original language of Caro diario is Italian .	Originalsproget på Kære dagbog er italiensk.	Originalsproget på Kære dagbog er 	 Caro diarios originalsprog er italiensk.	 Caro diarios originalsprog er 	italiensk	['Italian', 'it']	{'italiensk': 45}	0	-75.8125	0	{'italiensk': 44}	0	-88.5	0
32	Q1165714	The Charterhouse of Parma	Hoffet i Parma	Q150	French	fransk	The original language of The Charterhouse of Parma is French .	Originalsproget på Hoffet i Parma er fransk.	Originalsproget på Hoffet i Parma er 	 Originalsproget for Charterhouse of Parma er fransk.	 Originalsproget for Charterhouse of Parma er 	fransk	['French']	{'fransk': 13}	0	-80.5	0	{'fransk': 11}	0	-90.75	0
33	Q595	The Intouchables	De urørlige	Q150	French	fransk	The original language of The Intouchables is French .	Originalsproget på De urørlige er fransk.	Originalsproget på De urørlige er 	Originalsproget i De Urørlige er fransk.	Originalsproget i De Urørlige er 	fransk	['French']	{'fransk': 26}	0	-70.5625	0	{'fransk': 23}	0	-72.0	0
34	Q4500148	The Good Father	Den gode far	Q1860	English	engelsk	The original language of The Good Father is English .	Originalsproget på Den gode far er engelsk.	Originalsproget på Den gode far er 	 Originalsproget i Den gode far er engelsk.	 Originalsproget i Den gode far er 	engelsk	['English']	{'engelsk': 2}	0	-79.375	1	{'engelsk': 4}	0	-87.1875	0
36	Q1262927	Polisse	Polisse	Q150	French	fransk	The original language of Polisse is French .	Originalsproget på Polisse er fransk.	Originalsproget på Polisse er 	 Det originale sprog i Polisse er fransk.	 Det originale sprog i Polisse er 	fransk	['French']	{'fransk': 18}	0	-72.6875	0	{'fransk': 4}	0	-inf	0
37	Q258647	Il Postino: The Postman	Postbudet	Q652	Italian	italiensk	The original language of Il Postino: The Postman is Italian .	Originalsproget på Postbudet er italiensk.	Originalsproget på Postbudet er 	 Originalsproget i Il Postino: Postmanden er italiensk.	 Originalsproget i Il Postino: Postmanden er 	italiensk	['Italian', 'it']	{'italiensk': 39}	0	-69.5	0	{'italiensk': 20}	0	-99.1875	0
38	Q186314	Der kleine Vampir	Den lille vampyr	Q188	German	tysk	The original language of Der kleine Vampir is German .	Originalsproget på Den lille vampyr er tysk.	Originalsproget på Den lille vampyr er 	 Originalsproget i Der kleine Vampir er tysk.	 Originalsproget i Der kleine Vampir er 	tysk	['German', 'de']	{'tysk': 17}	0	-74.8125	0	{'tysk': 10}	0	-83.125	0
39	Q969469	Ma vie en rose	Ved fængslets port	Q150	French	fransk	The original language of Ma vie en rose is French .	Originalsproget på Ved fængslets port er fransk.	Originalsproget på Ved fængslets port er 	 Originalsproget i Ma vie en rose er fransk.	 Originalsproget i Ma vie en rose er 	fransk	['French']	{'fransk': 21}	0	-91.0	0	{'fransk': 3}	0	-74.375	1
40	Q723679	Star Trek Generations	Star Trek: Generations	Q1860	English	engelsk	The original language of Star Trek Generations is English .	Originalsproget på Star Trek: Generations er engelsk.	Originalsproget på Star Trek: Generations er 	 Originalsproget i Star Trek Generations er engelsk.	 Originalsproget i Star Trek Generations er 	engelsk	['English']	{'engelsk': 1}	1	-71.75	1	{'engelsk': 2}	0	-80.875	1
41	Q6470817	The New Science	Den nye videnskab	Q652	Italian	italiensk	The original language of The New Science is Italian .	Originalsproget på Den nye videnskab er italiensk.	Originalsproget på Den nye videnskab er 	 Originalsproget i Den Nye Videnskab er italiensk.	 Originalsproget i Den Nye Videnskab er 	italiensk	['Italian', 'it']	{'italiensk': 41}	0	-73.125	0	{'italiensk': 41}	0	-77.125	0
42	Q232091	Two English Girls	De to englænderinder	Q1860	English	engelsk	The original language of Two English Girls is English .	Originalsproget på De to englænderinder er engelsk.	Originalsproget på De to englænderinder er 	 Originalsproget i Two English Girls er engelsk.	 Originalsproget i Two English Girls er 	engelsk	['English']	{'engelsk': 1}	1	-84.125	1	{'engelsk': 1}	1	-86.375	1
43	Q1199684	The Marriage of Figaro	Figaros bryllup	Q150	French	fransk	The original language of The Marriage of Figaro is French .	Originalsproget på Figaros bryllup er fransk.	Originalsproget på Figaros bryllup er 	 Originalsproget i Figaros Bryllup er fransk.	 Originalsproget i Figaros Bryllup er 	fransk	['French']	{'fransk': 25}	0	-69.5625	0	{'fransk': 18}	0	-81.5	0
44	Q1134208	The Irish Times	The Irish Times	Q1860	English	engelsk	The original language of The Irish Times is English .	Originalsproget på The Irish Times er engelsk.	Originalsproget på The Irish Times er 	 Originalsproget for The Irish Times er engelsk.	 Originalsproget for The Irish Times er 	engelsk	['English']	{'engelsk': 6}	0	-60.15625	0	{'engelsk': 7}	0	-73.6875	0
45	Q1169861	The Match Factory Girl	Pigen fra tændstikfabrikken	Q1412	Finnish	finsk	The original language of The Match Factory Girl is Finnish .	Originalsproget på Pigen fra tændstikfabrikken er finsk.	Originalsproget på Pigen fra tændstikfabrikken er 	 Originalsproget i The Match Factory Girl er finsk.	 Originalsproget i The Match Factory Girl er 	finsk	['Finnish', 'fi']	{'finsk': 19}	0	-89.25	0	{'finsk': 11}	0	-76.25	0
46	Q503343	Westworld	Westworld	Q1860	English	engelsk	The original language of Westworld is English .	Originalsproget på Westworld er engelsk.	Originalsproget på Westworld er 	 Westworlds originalsprog er engelsk.	 Westworlds originalsprog er 	engelsk	['English']	{'engelsk': 1}	1	-62.84375	1	{'engelsk': 4}	0	-80.375	0
47	Q8000541	Wild Birds	Vildfugle	Q9027	Swedish	svensk	The original language of Wild Birds is Swedish .	Originalsproget på Vildfugle er svensk.	Originalsproget på Vildfugle er 	 Originalsproget i Wild Birds er svensk.	 Originalsproget i Wild Birds er 	svensk	['Swedish']	{'svensk': 5}	0	-76.9375	0	{'svensk': 4}	0	-84.375	0
48	Q190588	Love Actually	Love Actually	Q1860	English	engelsk	The original language of Love Actually is English .	Originalsproget på Love Actually er engelsk.	Originalsproget på Love Actually er 	 Originalsproget i Love Actually er engelsk.	 Originalsproget i Love Actually er 	engelsk	['English']	{'engelsk': 1}	1	-65.8125	1	{'engelsk': 1}	1	-73.875	1
49	Q548161	Simon Boccanegra	Simon Boccanegra	Q652	Italian	italiensk	The original language of Simon Boccanegra is Italian .	Originalsproget på Simon Boccanegra er italiensk.	Originalsproget på Simon Boccanegra er 	 Simon Boccanegras originalsprog er italiensk.	 Simon Boccanegras originalsprog er 	italiensk	['Italian', 'it']	{'italiensk': 1}	1	-78.3125	1	{'italiensk': 12}	0	-81.875	0
50	Q1137784	My Bloody Valentine 3D	My bloody valentine	Q1860	English	engelsk	The original language of My Bloody Valentine 3D is English .	Originalsproget på My bloody valentine er engelsk.	Originalsproget på My bloody valentine er 	Originalsproget i My Bloody Valentine 3D er engelsk.	Originalsproget i My Bloody Valentine 3D er 	engelsk	['English']	{'engelsk': 1}	1	-70.4375	1	{'engelsk': 1}	1	-69.5625	1
51	Q234535	Great Soviet Encyclopedia	Den store sovjetiske encyklopædi	Q7737	Russian	russisk	The original language of Great Soviet Encyclopedia is Russian .	Originalsproget på Den store sovjetiske encyklopædi er russisk.	Originalsproget på Den store sovjetiske encyklopædi er 	 Originalsproget i Den Store Sovjetiske Encyklopædi er russisk.	 Originalsproget i Den Store Sovjetiske Encyklopædi er 	russisk	['Russian', 'Russisk', 'ru']	{'russisk': 1}	1	-71.25	1	{'russisk': 1}	1	-93.25	1
52	Q4949913	boundary 2	Boundary 2	Q1860	English	engelsk	The original language of boundary 2 is English .	Originalsproget på Boundary 2 er engelsk.	Originalsproget på Boundary 2 er 	 Originalsproget for grænse 2 er engelsk.	 Originalsproget for grænse 2 er 	engelsk	['English']	{'engelsk': 3}	0	-71.0625	1	{'engelsk': 8}	0	-81.1875	0
53	Q53093	Adventure Time	Eventyrtid	Q1860	English	engelsk	The original language of Adventure Time is English .	Originalsproget på Eventyrtid er engelsk.	Originalsproget på Eventyrtid er 	 Originalsproget i Eventyrtid er engelsk.	 Originalsproget i Eventyrtid er 	engelsk	['English']	{'engelsk': 8}	0	-68.625	0	{'engelsk': 8}	0	-80.3125	0
54	Q661660	Mediterraneo	Jeg elsker soldater	Q652	Italian	italiensk	The original language of Mediterraneo is Italian .	Originalsproget på Jeg elsker soldater er italiensk.	Originalsproget på Jeg elsker soldater er 	 Mediterraneos originalsprog er italiensk.	 Mediterraneos originalsprog er 	italiensk	['Italian', 'it']	{'italiensk': 40}	0	-81.3125	0	{'italiensk': 30}	0	-76.9375	0
55	Q1880650	Europa riconosciuta	L’Europa riconosciuta	Q652	Italian	italiensk	The original language of Europa riconosciuta is Italian .	Originalsproget på L’Europa riconosciuta er italiensk.	Originalsproget på L’Europa riconosciuta er 	 Originalsproget for Europa riconosciuta er italiensk.	 Originalsproget for Europa riconosciuta er 	italiensk	['Italian', 'it']	{'italiensk': 31}	0	-87.8125	0	{'italiensk': 37}	0	-89.8125	0
56	Q11834	Puss in Boots	Den bestøvlede kat	Q652	Italian	italiensk	The original language of Puss in Boots is Italian .	Originalsproget på Den bestøvlede kat er italiensk.	Originalsproget på Den bestøvlede kat er 	 Originalsproget i Puss in Boots er italiensk.	 Originalsproget i Puss in Boots er 	italiensk	['Italian', 'it']	{'italiensk': 40}	0	-83.1875	0	{'italiensk': 31}	0	-76.9375	0
57	Q1044767	The Golden Ass	Det gyldne æsel	Q397	Latin	latin	The original language of The Golden Ass is Latin .	Originalsproget på Det gyldne æsel er latin.	Originalsproget på Det gyldne æsel er 	 Originalsproget i Det Gyldne Æsel er latin.	 Originalsproget i Det Gyldne Æsel er 	latin	['Latin']	{'latin': 9}	0	-78.9375	0	{'latin': 9}	0	-84.9375	0
58	Q181943	I Love Lucy	Lucy Show	Q1860	English	engelsk	The original language of I Love Lucy is English .	Originalsproget på Lucy Show er engelsk.	Originalsproget på Lucy Show er 	 Originalsproget for I Love Lucy er engelsk.	 Originalsproget for I Love Lucy er 	engelsk	['English']	{'engelsk': 2}	0	-67.6875	1	{'engelsk': 7}	0	-75.5	0
59	Q179485	Dom Juan	Don Juan	Q150	French	fransk	The original language of Dom Juan is French .	Originalsproget på Don Juan er fransk.	Originalsproget på Don Juan er 	 Dom Juans originalsprog er fransk.	 Dom Juans originalsprog er 	fransk	['French']	{'fransk': 13}	0	-66.8125	0	{'fransk': 9}	0	-82.4375	0
60	Q161953	Books of Chronicles	Første Krønikebog	Q9288	Hebrew	hebraisk	The original language of Books of Chronicles is Hebrew .	Originalsproget på Første Krønikebog er hebraisk.	Originalsproget på Første Krønikebog er 	 Krønikebøgernes originalsprog er hebraisk.	 Krønikebøgernes originalsprog er 	hebraisk	['Hebrew']	{'hebraisk': 15}	0	-84.6875	0	{'hebraisk': 27}	0	-90.9375	0
61	Q754687	Athalie	Athalia	Q150	French	fransk	The original language of Athalie is French .	Originalsproget på Athalia er fransk.	Originalsproget på Athalia er 	 Athalies originalsprog er fransk.	 Athalies originalsprog er 	fransk	['French']	{'fransk': 18}	0	-68.0	0	{'fransk': 8}	0	-87.6875	0
62	Q1381883	Plus belle la vie	Plus belle la vie	Q150	French	fransk	The original language of Plus belle la vie is French .	Originalsproget på Plus belle la vie er fransk.	Originalsproget på Plus belle la vie er 	 Originalsproget for Plus belle la vie er fransk.	 Originalsproget for Plus belle la vie er 	fransk	['French']	{'fransk': 3}	0	-74.375	1	{'fransk': 8}	0	-79.4375	0
63	Q274895	8 Women	8 kvinder	Q150	French	fransk	The original language of 8 Women is French .	Originalsproget på 8 kvinder er fransk.	Originalsproget på 8 kvinder er 	 Originalsproget i 8 Women er fransk.	 Originalsproget i 8 Women er 	fransk	['French']	{'fransk': 20}	0	-72.6875	0	{'fransk': 9}	0	-82.4375	0
64	Q240021	Their Satanic Majesties Request	Their Satanic Majesties Request	Q1860	English	engelsk	The original language of Their Satanic Majesties Request is English .	Originalsproget på Their Satanic Majesties Request er engelsk.	Originalsproget på Their Satanic Majesties Request er 	 Originalsproget for Deres Sataniske Majestæters Anmodning er engelsk.	 Originalsproget for Deres Sataniske Majestæters Anmodning er 	engelsk	['English']	{'engelsk': 1}	1	-64.25	1	{'engelsk': 3}	0	-117.3125	1
65	Q732063	Cheers	Sams Bar	Q1860	English	engelsk	The original language of Cheers is English .	Originalsproget på Sams Bar er engelsk.	Originalsproget på Sams Bar er 	 Originalsproget for Cheers er engelsk.	 Originalsproget for Cheers er 	engelsk	['English']	{'engelsk': 3}	0	-64.5625	1	{'engelsk': 3}	0	-72.625	1
66	Q1219705	Invisible Cities	De usynlige byer	Q652	Italian	italiensk	The original language of Invisible Cities is Italian .	Originalsproget på De usynlige byer er italiensk.	Originalsproget på De usynlige byer er 	 Originalsproget i De Usynlige Byer er italiensk.	 Originalsproget i De Usynlige Byer er 	italiensk	['Italian', 'it']	{'italiensk': 37}	0	-72.875	0	{'italiensk': 42}	0	-88.75	0
67	Q15708737	New Literary History	New Literary History	Q1860	English	engelsk	The original language of New Literary History is English .	Originalsproget på New Literary History er engelsk.	Originalsproget på New Literary History er 	Originalsproget for New Literary History er engelsk.	Originalsproget for New Literary History er 	engelsk	['English']	{'engelsk': 1}	1	-67.1875	1	{'engelsk': 2}	0	-71.875	1
68	Q53592	From the Earth to the Moon	Fra jorden til månen	Q150	French	fransk	The original language of From the Earth to the Moon is French .	Originalsproget på Fra jorden til månen er fransk.	Originalsproget på Fra jorden til månen er 	 Originalsproget i Fra Jorden til Månen er fransk.	 Originalsproget i Fra Jorden til Månen er 	fransk	['French']	{'fransk': 14}	0	-70.9375	0	{'fransk': 15}	0	-81.75	0
69	Q106199	Commentarii de Bello Gallico	Commentarii de Bello Gallico	Q397	Latin	latin	The original language of Commentarii de Bello Gallico is Latin .	Originalsproget på Commentarii de Bello Gallico er latin.	Originalsproget på Commentarii de Bello Gallico er 	 Originalsproget for Commentarii de Bello Gallico er latin.	 Originalsproget for Commentarii de Bello Gallico er 	latin	['Latin']	{'latin': 1}	1	-70.125	1	{'latin': 2}	0	-80.4375	1
70	Q1249706	I've Loved You So Long	Jeg har elsket dig så længe	Q150	French	fransk	The original language of I've Loved You So Long is French .	Originalsproget på Jeg har elsket dig så længe er fransk.	Originalsproget på Jeg har elsket dig så længe er 	 Originalsproget for Jeg har elsket dig så længe er fransk.	 Originalsproget for Jeg har elsket dig så længe er 	fransk	['French']	{'fransk': 18}	0	-89.4375	0	{'fransk': 19}	0	-96.375	0
71	Q700573	The Round Up	Beslutningen	Q150	French	fransk	The original language of The Round Up is French .	Originalsproget på Beslutningen er fransk.	Originalsproget på Beslutningen er 	 Originalsproget i The Round Up er fransk.	 Originalsproget i The Round Up er 	fransk	['French']	{'fransk': 28}	0	-64.5	0	{'fransk': 14}	0	-78.6875	0
72	Q618719	Asterix the Gaul	Asterix og hans gæve gallere	Q150	French	fransk	The original language of Asterix the Gaul is French .	Originalsproget på Asterix og hans gæve gallere er fransk.	Originalsproget på Asterix og hans gæve gallere er 	 Asterix Gallerens originalsprog er fransk.	 Asterix Gallerens originalsprog er 	fransk	['French']	{'fransk': 3}	0	-94.75	1	{'fransk': 1}	1	-96.5625	1
73	Q13423399	The Lunchbox	The Lunchbox	Q1860	English	engelsk	The original language of The Lunchbox is English .	Originalsproget på The Lunchbox er engelsk.	Originalsproget på The Lunchbox er 	 Originalsproget for The Lunchbox er engelsk.	 Originalsproget for The Lunchbox er 	engelsk	['English']	{'engelsk': 2}	0	-69.6875	1	{'engelsk': 1}	1	-81.8125	1
74	Q1058218	Sous le ciel de Paris	Under Paris' himmel	Q150	French	fransk	The original language of Sous le ciel de Paris is French .	Originalsproget på Under Paris' himmel er fransk.	Originalsproget på Under Paris' himmel er 	 Originalsproget for Sous le ciel de Paris er fransk.	 Originalsproget for Sous le ciel de Paris er 	fransk	['French']	{'fransk': 10}	0	-80.25	0	{'fransk': 5}	0	-89.3125	0
75	Q352431	Adaptation	Orkidé-tyven	Q1860	English	engelsk	The original language of Adaptation is English .	Originalsproget på Orkidé-tyven er engelsk.	Originalsproget på Orkidé-tyven er 	 Originalsproget for Adaptation er engelsk.	 Originalsproget for Adaptation er 	engelsk	['English']	{'engelsk': 2}	0	-79.8125	1	{'engelsk': 2}	0	-78.25	1
76	Q1127167	Burnt by the Sun	Brændt af solen	Q7737	Russian	russisk	The original language of Burnt by the Sun is Russian .	Originalsproget på Brændt af solen er russisk.	Originalsproget på Brændt af solen er 	 Originalsproget i Burnt by the Sun er russisk.	 Originalsproget i Burnt by the Sun er 	russisk	['Russian', 'Russisk', 'ru']	{'russisk': 14}	0	-83.625	0	{'russisk': 4}	0	-81.8125	0
77	Q1880621	L'Arianna	L'Arianna	Q652	Italian	italiensk	The original language of L'Arianna is Italian .	Originalsproget på L'Arianna er italiensk.	Originalsproget på L'Arianna er 	 L'Ariannas originalsprog er italiensk.	 L'Ariannas originalsprog er 	italiensk	['Italian', 'it']	{'italiensk': 9}	0	-72.0625	0	{'italiensk': 10}	0	-90.5625	0
78	Q578526	La clemenza di Tito	Titus	Q652	Italian	italiensk	The original language of La clemenza di Tito is Italian .	Originalsproget på Titus er italiensk.	Originalsproget på Titus er 	 Originalsproget i La clemenza di Tito er italiensk.	 Originalsproget i La clemenza di Tito er 	italiensk	['Italian', 'it']	{'italiensk': 43}	0	-65.375	0	{'italiensk': 16}	0	-80.125	0
79	Q1702748	Toto the Hero	Totos bedrifter	Q150	French	fransk	The original language of Toto the Hero is French .	Originalsproget på Totos bedrifter er fransk.	Originalsproget på Totos bedrifter er 	 Originalsproget i Toto Helten er fransk.	 Originalsproget i Toto Helten er 	fransk	['French']	{'fransk': 36}	0	-78.0625	0	{'fransk': 18}	0	-88.0	0
80	Q175482	Finnish Wikipedia	finsk Wikipedia	Q1412	Finnish	finsk	The original language of Finnish Wikipedia is Finnish .	Originalsproget på finsk Wikipedia er finsk.	Originalsproget på finsk Wikipedia er 	 Originalsproget på finsk Wikipedia er finsk.	 Originalsproget på finsk Wikipedia er 	finsk	['Finnish', 'fi']	{'finsk': 9}	0	-62.0	0	{'finsk': 5}	0	-74.0625	0
81	Q150804	The Pianist	Pianisten	Q1860	English	engelsk	The original language of The Pianist is English .	Originalsproget på Pianisten er engelsk.	Originalsproget på Pianisten er 	 Originalsproget i Pianisten er engelsk.	 Originalsproget i Pianisten er 	engelsk	['English']	{'engelsk': 4}	0	-65.125	0	{'engelsk': 2}	0	-74.5625	1
82	Q865580	Children of Paradise	Paradisets børn	Q150	French	fransk	The original language of Children of Paradise is French .	Originalsproget på Paradisets børn er fransk.	Originalsproget på Paradisets børn er 	 Originalsproget i Children of Paradise er fransk.	 Originalsproget i Children of Paradise er 	fransk	['French']	{'fransk': 26}	0	-70.8125	0	{'fransk': 9}	0	-81.9375	0
83	Q80660	A Short Film About Love	En kærligheds historie	Q809	Polish	polsk	The original language of A Short Film About Love is Polish .	Originalsproget på En kærligheds historie er polsk.	Originalsproget på En kærligheds historie er 	Originalsproget for En kortfilm om kærlighed er polsk.	Originalsproget for En kortfilm om kærlighed er 	polsk	['Polish']	{'polsk': 44}	0	-75.4375	0	{'polsk': 41}	0	-82.0	0
84	Q2836473	Funny Dirty Little War	Den beskidte krig	Q1321	Spanish	spansk	The original language of Funny Dirty Little War is Spanish .	Originalsproget på Den beskidte krig er spansk.	Originalsproget på Den beskidte krig er 	 Originalsproget i Funny Dirty Little War er spansk.	 Originalsproget i Funny Dirty Little War er 	spansk	['Spanish', 'es']	{'spansk': 22}	0	-77.5625	0	{'spansk': 18}	0	-96.5625	0
85	Q514565	Bottle Rocket	Bottle Rocket	Q1321	Spanish	spansk	The original language of Bottle Rocket is Spanish .	Originalsproget på Bottle Rocket er spansk.	Originalsproget på Bottle Rocket er 	 Originalsproget i Bottle Rocket er spansk.	 Originalsproget i Bottle Rocket er 	spansk	['Spanish', 'es']	{'spansk': 22}	0	-63.34375	0	{'spansk': 25}	0	-72.125	0
86	Q973780	La dame blanche	La dame blanche	Q150	French	fransk	The original language of La dame blanche is French .	Originalsproget på La dame blanche er fransk.	Originalsproget på La dame blanche er 	 Originalsproget i La Dame Blanche er fransk.	 Originalsproget i La Dame Blanche er 	fransk	['French']	{'fransk': 8}	0	-70.0625	0	{'fransk': 4}	0	-76.625	0
87	Q284103	Water Drops on Burning Rocks	Dråber på hede sten	Q150	French	fransk	The original language of Water Drops on Burning Rocks is French .	Originalsproget på Dråber på hede sten er fransk.	Originalsproget på Dråber på hede sten er 	 Originalsproget i Vanddråber på brændende klipper er fransk.	 Originalsproget i Vanddråber på brændende klipper er 	fransk	['French']	{'fransk': 30}	0	-100.0625	0	{'fransk': 20}	0	-116.75	0
88	Q564954	PLOS ONE	PLOS ONE	Q1860	English	engelsk	The original language of PLOS ONE is English .	Originalsproget på PLOS ONE er engelsk.	Originalsproget på PLOS ONE er 	 Originalsproget i PLOS ONE er engelsk.	 Originalsproget i PLOS ONE er 	engelsk	['English']	{'engelsk': 2}	0	-65.4375	1	{'engelsk': 3}	0	-74.25	1
89	Q1198774	True Identity	Sort uheld	Q1860	English	engelsk	The original language of True Identity is English .	Originalsproget på Sort uheld er engelsk.	Originalsproget på Sort uheld er 	 Originalsproget i True Identity er engelsk.	 Originalsproget i True Identity er 	engelsk	['English']	{'engelsk': 4}	0	-75.1875	0	{'engelsk': 5}	0	-74.9375	0
90	Q840297	El Mariachi	El mariachi	Q1321	Spanish	spansk	The original language of El Mariachi is Spanish .	Originalsproget på El mariachi er spansk.	Originalsproget på El mariachi er 	 El Mariachis originalsprog er spansk.	 El Mariachis originalsprog er 	spansk	['Spanish', 'es']	{'spansk': 4}	0	-67.5	0	{'spansk': 11}	0	-84.5625	0
91	Q553879	Code Unknown	Kode ukendt	Q7913	Romanian	rumænsk	The original language of Code Unknown is Romanian .	Originalsproget på Kode ukendt er rumænsk.	Originalsproget på Kode ukendt er 	 Originalsproget for Code Unknown er rumænsk.	 Originalsproget for Code Unknown er 	rumænsk	['Romanian']	{'rumænsk': 47}	0	-80.1875	0	{'rumænsk': 41}	0	-83.25	0
92	Q627333	The Time Machine	Tidsmaskinen	Q1860	English	engelsk	The original language of The Time Machine is English .	Originalsproget på Tidsmaskinen er engelsk.	Originalsproget på Tidsmaskinen er 	 Originalsproget i The Time Machine er engelsk.	 Originalsproget i The Time Machine er 	engelsk	['English']	{'engelsk': 8}	0	-65.0	0	{'engelsk': 1}	1	-73.5	1
93	Q3549391	Une chambre en ville	Une chambre en ville	Q150	French	fransk	The original language of Une chambre en ville is French .	Originalsproget på Une chambre en ville er fransk.	Originalsproget på Une chambre en ville er 	 Originalsproget for Une chambre en ville er fransk.	 Originalsproget for Une chambre en ville er 	fransk	['French']	{'fransk': 3}	0	-78.75	1	{'fransk': 8}	0	-89.1875	0
94	Q131144	Tom and Jerry	Tom & Jerry	Q1860	English	engelsk	The original language of Tom and Jerry is English .	Originalsproget på Tom & Jerry er engelsk.	Originalsproget på Tom & Jerry er 	 Tom og Jerrys originalsprog er engelsk.	 Tom og Jerrys originalsprog er 	engelsk	['English']	{'engelsk': 1}	1	-66.75	1	{'engelsk': 1}	1	-78.6875	1
95	Q1946330	Monthly Review	Monthly Review	Q1860	English	engelsk	The original language of Monthly Review is English .	Originalsproget på Monthly Review er engelsk.	Originalsproget på Monthly Review er 	 Originalsproget for Monthly Review er engelsk.	 Originalsproget for Monthly Review er 	engelsk	['English']	{'engelsk': 1}	1	-63.375	1	{'engelsk': 4}	0	-78.375	0
96	Q696057	Around the World in 80 Days	Jorden rundt i 80 dage	Q1860	English	engelsk	The original language of Around the World in 80 Days is English .	Originalsproget på Jorden rundt i 80 dage er engelsk.	Originalsproget på Jorden rundt i 80 dage er 	 Originalsproget for Jorden Rundt på 80 Dage er engelsk.	 Originalsproget for Jorden Rundt på 80 Dage er 	engelsk	['English']	{'engelsk': 1}	1	-71.75	1	{'engelsk': 2}	0	-99.375	1
97	Q1063052	Heathen Chemistry	Heathen Chemistry	Q1860	English	engelsk	The original language of Heathen Chemistry is English .	Originalsproget på Heathen Chemistry er engelsk.	Originalsproget på Heathen Chemistry er 	 Originalsproget i Heathen Chemistry er engelsk.	 Originalsproget i Heathen Chemistry er 	engelsk	['English']	{'engelsk': 4}	0	-74.625	0	{'engelsk': 1}	1	-84.125	1
98	Q545616	The Tango Lesson	The tango lesson	Q1321	Spanish	spansk	The original language of The Tango Lesson is Spanish .	Originalsproget på The tango lesson er spansk.	Originalsproget på The tango lesson er 	 Originalsproget for The Tango Lection er spansk.	 Originalsproget for The Tango Lection er 	spansk	['Spanish', 'es']	{'spansk': 16}	0	-76.25	0	{'spansk': 21}	0	-96.75	0
99	Q470098	The Second Sex	Det andet køn	Q150	French	fransk	The original language of The Second Sex is French .	Originalsproget på Det andet køn er fransk.	Originalsproget på Det andet køn er 	Originalsproget i Det andet køn er fransk.	Originalsproget i Det andet køn er 	fransk	['French']	{'fransk': 18}	0	-73.625	0	{'fransk': 16}	0	-74.25	0
100	Q914157	Teorema	Skandalen i Milano	Q652	Italian	italiensk	The original language of Teorema is Italian .	Originalsproget på Skandalen i Milano er italiensk.	Originalsproget på Skandalen i Milano er 	 Teoremas originalsprog er italiensk.	 Teoremas originalsprog er 	italiensk	['Italian', 'it']	{'italiensk': 15}	0	-80.5	0	{'italiensk': 36}	0	-82.75	0
101	Q3504975	The Missionary	For Guds skyld!	Q1860	English	engelsk	The original language of The Missionary is English .	Originalsproget på For Guds skyld! er engelsk.	Originalsproget på For Guds skyld! er 	 Originalsproget i The Missionary er engelsk.	 Originalsproget i The Missionary er 	engelsk	['English']	{'engelsk': 10}	0	-71.875	0	{'engelsk': 1}	1	-87.125	1
102	Q5153334	Melodifestivalen 2005	Melodifestivalen 2005	Q9027	Swedish	svensk	The original language of Melodifestivalen 2005 is Swedish .	Originalsproget på Melodifestivalen 2005 er svensk.	Originalsproget på Melodifestivalen 2005 er 	 Originalsproget for Melodifestivalen 2005 er svensk.	 Originalsproget for Melodifestivalen 2005 er 	svensk	['Swedish']	{'svensk': 1}	1	-70.125	1	{'svensk': 1}	1	-84.3125	1
103	Q1763992	Zero Kelvin	Kærlighedens køtere	Q9043	Norwegian	norsk	The original language of Zero Kelvin is Norwegian .	Originalsproget på Kærlighedens køtere er norsk.	Originalsproget på Kærlighedens køtere er 	 Originalsproget for Zero Kelvin er norsk.	 Originalsproget for Zero Kelvin er 	norsk	['Norwegian']	{'norsk': 6}	0	-88.1875	0	{'norsk': 3}	0	-83.1875	1
104	Q1261962	Bill Bergson	Kalle Blomkvist	Q9027	Swedish	svensk	The original language of Bill Bergson is Swedish .	Originalsproget på Kalle Blomkvist er svensk.	Originalsproget på Kalle Blomkvist er 	 Bill Bergsons originalsprog er svensk.	 Bill Bergsons originalsprog er 	svensk	['Swedish']	{'svensk': 2}	0	-66.125	1	{'svensk': 7}	0	-83.9375	0
105	Q130924	Kalevala	Kalevala	Q1412	Finnish	finsk	The original language of Kalevala is Finnish .	Originalsproget på Kalevala er finsk.	Originalsproget på Kalevala er 	 Kalevalas originalsprog er finsk.	 Kalevalas originalsprog er 	finsk	['Finnish', 'fi']	{'finsk': 1}	1	-72.1875	1	{'finsk': 1}	1	-74.375	1
106	Q1976498	The Young Guard	Den unge garde	Q7737	Russian	russisk	The original language of The Young Guard is Russian .	Originalsproget på Den unge garde er russisk.	Originalsproget på Den unge garde er 	 Originalsproget i Den Unge Garde er russisk.	 Originalsproget i Den Unge Garde er 	russisk	['Russian', 'Russisk', 'ru']	{'russisk': 19}	0	-72.125	0	{'russisk': 14}	0	-79.5625	0
107	Q13423399	The Lunchbox	The Lunchbox	Q1568	Hindi	hindi	The original language of The Lunchbox is Hindi .	Originalsproget på The Lunchbox er hindi.	Originalsproget på The Lunchbox er 	 Originalsproget i The Lunchbox er hindi.	 Originalsproget i The Lunchbox er 	hindi	['Hindi']	{'hindi': 37}	0	-69.6875	0	{'hindi': 43}	0	-81.0625	0
108	Q633131	Trollhunter	Troldjægeren	Q9043	Norwegian	norsk	The original language of Trollhunter is Norwegian .	Originalsproget på Troldjægeren er norsk.	Originalsproget på Troldjægeren er 	 Originalsproget i Trollhunter er norsk.	 Originalsproget i Trollhunter er 	norsk	['Norwegian']	{'norsk': 2}	0	-70.125	1	{'norsk': 1}	1	-72.0	1
109	Q221241	Pablo Honey	Pablo Honey	Q1860	English	engelsk	The original language of Pablo Honey is English .	Originalsproget på Pablo Honey er engelsk.	Originalsproget på Pablo Honey er 	 Pablo Honeys originalsprog er engelsk.	 Pablo Honeys originalsprog er 	engelsk	['English']	{'engelsk': 1}	1	-68.125	1	{'engelsk': 1}	1	-78.75	1
110	Q1141481	Faithless	Troløs	Q9027	Swedish	svensk	The original language of Faithless is Swedish .	Originalsproget på Troløs er svensk.	Originalsproget på Troløs er 	 Originalsproget i Faithless er svensk.	 Originalsproget i Faithless er 	svensk	['Swedish']	{'svensk': 7}	0	-66.75	0	{'svensk': 7}	0	-72.75	0
111	Q814296	Brief Encounter	Det korte møde	Q1860	English	engelsk	The original language of Brief Encounter is English .	Originalsproget på Det korte møde er engelsk.	Originalsproget på Det korte møde er 	 Originalsproget for Brief Encounter er engelsk.	 Originalsproget for Brief Encounter er 	engelsk	['English']	{'engelsk': 9}	0	-82.75	0	{'engelsk': 4}	0	-79.625	0
112	Q2301516	Songs from the Second Floor	Sange fra anden sal	Q9027	Swedish	svensk	The original language of Songs from the Second Floor is Swedish .	Originalsproget på Sange fra anden sal er svensk.	Originalsproget på Sange fra anden sal er 	 Originalsproget for Sange fra anden sal er svensk.	 Originalsproget for Sange fra anden sal er 	svensk	['Swedish']	{'svensk': 8}	0	-85.0	0	{'svensk': 8}	0	-103.8125	0
113	Q328993	Definitely Maybe	Definitely Maybe	Q1860	English	engelsk	The original language of Definitely Maybe is English .	Originalsproget på Definitely Maybe er engelsk.	Originalsproget på Definitely Maybe er 	 Originalsproget for Definitely Maybe er engelsk.	 Originalsproget for Definitely Maybe er 	engelsk	['English']	{'engelsk': 1}	1	-70.1875	1	{'engelsk': 2}	0	-80.75	1
114	Q1039873	Stylus Magazine	Stylus Magazine	Q1860	English	engelsk	The original language of Stylus Magazine is English .	Originalsproget på Stylus Magazine er engelsk.	Originalsproget på Stylus Magazine er 	 Stylus Magazines originalsprog er engelsk.	 Stylus Magazines originalsprog er 	engelsk	['English']	{'engelsk': 8}	0	-65.375	0	{'engelsk': 8}	0	-94.875	0
115	Q2708868	Spiral	Spiral	Q150	French	fransk	The original language of Spiral is French .	Originalsproget på Spiral er fransk.	Originalsproget på Spiral er 	 Spirals originalsprog er fransk.	 Spirals originalsprog er 	fransk	['French']	{'fransk': 26}	0	-69.6875	0	{'fransk': 19}	0	-74.5625	0
116	Q700483	Atomised	Elementarpartikler	Q150	French	fransk	The original language of Atomised is French .	Originalsproget på Elementarpartikler er fransk.	Originalsproget på Elementarpartikler er 	Originalsproget i Atomised er fransk.	Originalsproget i Atomised er 	fransk	['French']	{'fransk': 20}	0	-70.375	0	{'fransk': 15}	0	-63.0625	0
117	Q1470828	Hip Hop Is Dead	Hip Hop is Dead	Q1860	English	engelsk	The original language of Hip Hop Is Dead is English .	Originalsproget på Hip Hop is Dead er engelsk.	Originalsproget på Hip Hop is Dead er 	 Originalsproget for Hip Hop Is Dead er engelsk.	 Originalsproget for Hip Hop Is Dead er 	engelsk	['English']	{'engelsk': 4}	0	-71.3125	0	{'engelsk': 2}	0	-84.5625	1
118	Q557867	Fifty Shades of Grey	Fifty Shades of Grey	Q1860	English	engelsk	The original language of Fifty Shades of Grey is English .	Originalsproget på Fifty Shades of Grey er engelsk.	Originalsproget på Fifty Shades of Grey er 	 Originalsproget i Fifty Shades of Grey er engelsk.	 Originalsproget i Fifty Shades of Grey er 	engelsk	['English']	{'engelsk': 1}	1	-61.0	1	{'engelsk': 1}	1	-71.8125	1
119	Q763758	Les brigands	Les brigands	Q150	French	fransk	The original language of Les brigands is French .	Originalsproget på Les brigands er fransk.	Originalsproget på Les brigands er 	 Originalsproget i Les Brigands er fransk.	 Originalsproget i Les Brigands er 	fransk	['French']	{'fransk': 9}	0	-76.5	0	{'fransk': 4}	0	-82.1875	0
120	Q2013855	Lured	Unge piger forsvinder i London	Q1860	English	engelsk	The original language of Lured is English .	Originalsproget på Unge piger forsvinder i London er engelsk.	Originalsproget på Unge piger forsvinder i London er 	 Originalsproget i Lured er engelsk.	 Originalsproget i Lured er 	engelsk	['English']	{'engelsk': 4}	0	-80.1875	0	{'engelsk': 1}	1	-73.5	1
121	Q18049522	HuffPost	The Huffington Post	Q1860	English	engelsk	The original language of HuffPost is English .	Originalsproget på The Huffington Post er engelsk.	Originalsproget på The Huffington Post er 	 HuffPosts originalsprog er engelsk.	 HuffPosts originalsprog er 	engelsk	['English']	{'engelsk': 4}	0	-63.09375	0	{'engelsk': 6}	0	-81.0	0
122	Q58419	Alright, Still	Alright, Still	Q1860	English	engelsk	The original language of Alright, Still is English .	Originalsproget på Alright, Still er engelsk.	Originalsproget på Alright, Still er 	 Originalsproget for Alright, Still er engelsk.	 Originalsproget for Alright, Still er 	engelsk	['English']	{'engelsk': 2}	0	-75.9375	1	{'engelsk': 5}	0	-84.625	0
123	Q5378289	The English Hymnal	The English Hymnal	Q1860	English	engelsk	The original language of The English Hymnal is English .	Originalsproget på The English Hymnal er engelsk.	Originalsproget på The English Hymnal er 	 Originalsproget for The English Hymnal er engelsk.	 Originalsproget for The English Hymnal er 	engelsk	['English']	{'engelsk': 2}	0	-72.75	1	{'engelsk': 2}	0	-85.3125	1
124	Q3193676	De re metallica	De re metallica	Q397	Latin	latin	The original language of De re metallica is Latin .	Originalsproget på De re metallica er latin.	Originalsproget på De re metallica er 	 Originalsproget for De re metallica er latin.	 Originalsproget for De re metallica er 	latin	['Latin']	{'latin': 1}	1	-75.25	1	{'latin': 1}	1	-81.5625	1
125	Q219523	LiveJournal	LiveJournal	Q1860	English	engelsk	The original language of LiveJournal is English .	Originalsproget på LiveJournal er engelsk.	Originalsproget på LiveJournal er 	 LiveJournals originalsprog er engelsk.	 LiveJournals originalsprog er 	engelsk	['English']	{'engelsk': 3}	0	-59.875	1	{'engelsk': 6}	0	-80.25	0
126	Q6802741	McVicar	McVicar farlig og på fri fod	Q1860	English	engelsk	The original language of McVicar is English .	Originalsproget på McVicar farlig og på fri fod er engelsk.	Originalsproget på McVicar farlig og på fri fod er 	 McVicars originalsprog er engelsk.	 McVicars originalsprog er 	engelsk	['English']	{'engelsk': 11}	0	-110.5625	0	{'engelsk': 3}	0	-79.1875	1
127	Q389971	Under the Sun of Satan	Under Satans sol	Q150	French	fransk	The original language of Under the Sun of Satan is French .	Originalsproget på Under Satans sol er fransk.	Originalsproget på Under Satans sol er 	 Originalsproget i Under the Sun of Satan er fransk.	 Originalsproget i Under the Sun of Satan er 	fransk	['French']	{'fransk': 20}	0	-77.75	0	{'fransk': 9}	0	-92.3125	0
128	Q1047863	Olsen Gang	Olsen-banden	Q9035	Danish	dansk	The original language of Olsen Gang is Danish .	Originalsproget på Olsen-banden er dansk.	Originalsproget på Olsen-banden er 	 Olsen-bandens originalsprog er dansk.	 Olsen-bandens originalsprog er 	dansk	['Danish', 'da', 'dansk sprog']	{'dansk': 7}	0	-68.75	0	{'dansk': 3}	0	-83.625	1
129	Q6180564	Terribly Happy	Frygtelig lykkelig	Q9035	Danish	dansk	The original language of Terribly Happy is Danish .	Originalsproget på Frygtelig lykkelig er dansk.	Originalsproget på Frygtelig lykkelig er 	 Originalsproget for Terribly Happy er dansk.	 Originalsproget for Terribly Happy er 	dansk	['Danish', 'da', 'dansk sprog']	{'dansk': 5}	0	-75.25	0	{'dansk': 3}	0	-81.875	1
130	Q720159	The Decameron	Decameron	Q652	Italian	italiensk	The original language of The Decameron is Italian .	Originalsproget på Decameron er italiensk.	Originalsproget på Decameron er 	 Originalsproget i Decameron er italiensk.	 Originalsproget i Decameron er 	italiensk	['Italian', 'it']	{'italiensk': 2}	0	-66.4375	1	{'italiensk': 1}	1	-78.3125	1
131	Q470739	Dinorah	Dinorah ou le pardon de Ploërmel	Q150	French	fransk	The original language of Dinorah is French .	Originalsproget på Dinorah ou le pardon de Ploërmel er fransk.	Originalsproget på Dinorah ou le pardon de Ploërmel er 	 Dinorahs originalsprog er fransk.	 Dinorahs originalsprog er 	fransk	['French']	{'fransk': 1}	1	-105.8125	1	{'fransk': 12}	0	-82.0	0
132	Q1240100	Menaechmi	Menaechmi	Q397	Latin	latin	The original language of Menaechmi is Latin .	Originalsproget på Menaechmi er latin.	Originalsproget på Menaechmi er 	 Menaechmis originalsprog er latin.	 Menaechmis originalsprog er 	latin	['Latin']	{'latin': 1}	1	-74.375	1	{'latin': 7}	0	-79.625	0
133	Q1196689	The Butcher	Slagteren	Q150	French	fransk	The original language of The Butcher is French .	Originalsproget på Slagteren er fransk.	Originalsproget på Slagteren er 	 Originalsproget i Slagteren er fransk.	 Originalsproget i Slagteren er 	fransk	['French']	{'fransk': 24}	0	-63.21875	0	{'fransk': 19}	0	-70.4375	0
134	Q6761702	Maria egiziaca	Maria egiziaca	Q652	Italian	italiensk	The original language of Maria egiziaca is Italian .	Originalsproget på Maria egiziaca er italiensk.	Originalsproget på Maria egiziaca er 	Maria egiziacas originalsprog er italiensk.	Maria egiziacas originalsprog er 	italiensk	['Italian', 'it']	{'italiensk': 25}	0	-84.3125	0	{'italiensk': 35}	0	-81.8125	0
135	Q466186	A Fish Called Wanda	Fisken de kaldte Wanda	Q1860	English	engelsk	The original language of A Fish Called Wanda is English .	Originalsproget på Fisken de kaldte Wanda er engelsk.	Originalsproget på Fisken de kaldte Wanda er 	 Originalsproget i A Fish Called Wanda er engelsk.	 Originalsproget i A Fish Called Wanda er 	engelsk	['English']	{'engelsk': 3}	0	-100.4375	1	{'engelsk': 1}	1	-78.4375	1
136	Q189509	The Jungle Book	Junglebogen	Q1860	English	engelsk	The original language of The Jungle Book is English .	Originalsproget på Junglebogen er engelsk.	Originalsproget på Junglebogen er 	 Junglebogens originalsprog er engelsk.	 Junglebogens originalsprog er 	engelsk	['English']	{'engelsk': 2}	0	-67.1875	1	{'engelsk': 1}	1	-82.125	1
137	Q466101	La Haine	Hadet	Q150	French	fransk	The original language of La Haine is French .	Originalsproget på Hadet er fransk.	Originalsproget på Hadet er 	 La Haines originalsprog er fransk.	 La Haines originalsprog er 	fransk	['French']	{'fransk': 20}	0	-66.6875	0	{'fransk': 4}	0	-83.8125	0
138	Q478076	Law of Desire	Begærets lov	Q1321	Spanish	spansk	The original language of Law of Desire is Spanish .	Originalsproget på Begærets lov er spansk.	Originalsproget på Begærets lov er 	 Originalsproget for Law of Desire er spansk.	 Originalsproget for Law of Desire er 	spansk	['Spanish', 'es']	{'spansk': 27}	0	-77.8125	0	{'spansk': 14}	0	-87.125	0
139	Q191949	Brave New World	Fagre nye verden	Q1860	English	engelsk	The original language of Brave New World is English .	Originalsproget på Fagre nye verden er engelsk.	Originalsproget på Fagre nye verden er 	 Originalsproget i Fagre Nye Verden er engelsk.	 Originalsproget i Fagre Nye Verden er 	engelsk	['English']	{'engelsk': 5}	0	-83.6875	0	{'engelsk': 8}	0	-89.3125	0
140	Q555687	The Man Who Shot Liberty Valance	Manden der skød Liberty Valance	Q1860	English	engelsk	The original language of The Man Who Shot Liberty Valance is English .	Originalsproget på Manden der skød Liberty Valance er engelsk.	Originalsproget på Manden der skød Liberty Valance er 	 Originalsproget for Manden der skød Liberty Valance er engelsk.	 Originalsproget for Manden der skød Liberty Valance er 	engelsk	['English']	{'engelsk': 1}	1	-85.5625	1	{'engelsk': 1}	1	-101.125	1
141	Q1136482	Ginevra di Scozia	Ginevra di Scozia	Q652	Italian	italiensk	The original language of Ginevra di Scozia is Italian .	Originalsproget på Ginevra di Scozia er italiensk.	Originalsproget på Ginevra di Scozia er 	 Originalsproget på Ginevra di Scozia er italiensk.	 Originalsproget på Ginevra di Scozia er 	italiensk	['Italian', 'it']	{'italiensk': 27}	0	-83.0	0	{'italiensk': 24}	0	-94.625	0
142	Q977950	Coup de Torchon	Rent bord	Q150	French	fransk	The original language of Coup de Torchon is French .	Originalsproget på Rent bord er fransk.	Originalsproget på Rent bord er 	 Originalsproget i Coup de Torchon er fransk.	 Originalsproget i Coup de Torchon er 	fransk	['French']	{'fransk': 27}	0	-69.3125	0	{'fransk': 2}	0	-83.75	1
143	Q1197125	The Departure	Starten	Q150	French	fransk	The original language of The Departure is French .	Originalsproget på Starten er fransk.	Originalsproget på Starten er 	 Originalsproget i The Departure er fransk.	 Originalsproget i The Departure er 	fransk	['French']	{'fransk': 34}	0	-70.0	0	{'fransk': 17}	0	-76.25	0
144	Q1718830	Risale-i Nur	Risale-i Nur	Q256	Turkish	tyrkisk	The original language of Risale-i Nur is Turkish .	Originalsproget på Risale-i Nur er tyrkisk.	Originalsproget på Risale-i Nur er 	 Originalsproget i Risale-i Nur er tyrkisk.	 Originalsproget i Risale-i Nur er 	tyrkisk	['Turkish']	{'tyrkisk': 12}	0	-73.9375	0	{'tyrkisk': 11}	0	-81.125	0
145	Q2389340	Fire in the Steppe	Pan Wołodyjowski	Q809	Polish	polsk	The original language of Fire in the Steppe is Polish .	Originalsproget på Pan Wołodyjowski er polsk.	Originalsproget på Pan Wołodyjowski er 	 Originalsproget i Ild i steppen er polsk.	 Originalsproget i Ild i steppen er 	polsk	['Polish']	{'polsk': 2}	0	-80.375	1	{'polsk': 42}	0	-96.9375	0
146	Q748205	This Is England	This is England	Q1860	English	engelsk	The original language of This Is England is English .	Originalsproget på This is England er engelsk.	Originalsproget på This is England er 	 Originalsproget i This Is England er engelsk.	 Originalsproget i This Is England er 	engelsk	['English']	{'engelsk': 2}	0	-66.4375	1	{'engelsk': 1}	1	-77.375	1
147	Q191838	The Count of Monte Cristo	Greven af Monte Cristo	Q150	French	fransk	The original language of The Count of Monte Cristo is French .	Originalsproget på Greven af Monte Cristo er fransk.	Originalsproget på Greven af Monte Cristo er 	 Originalsproget i Greven af Monte Cristo er fransk.	 Originalsproget i Greven af Monte Cristo er 	fransk	['French']	{'fransk': 2}	0	-74.25	1	{'fransk': 2}	0	-85.6875	1
148	Q4310546	Twist and Shout	Tro, håb og kærlighed	Q9035	Danish	dansk	The original language of Twist and Shout is Danish .	Originalsproget på Tro, håb og kærlighed er dansk.	Originalsproget på Tro, håb og kærlighed er 	 Originalsproget i Twist and Shout er dansk.	 Originalsproget i Twist and Shout er 	dansk	['Danish', 'da', 'dansk sprog']	{'dansk': 5}	0	-77.0	0	{'dansk': 2}	0	-76.125	1
149	Q333637	Well, Just You Wait!	Nu	Q7737	Russian	russisk	The original language of Well, Just You Wait! is Russian .	Originalsproget på Nu er russisk.	Originalsproget på Nu er 	" Originalsproget i ""Nå, bare vent!"" er russisk."	" Originalsproget i ""Nå, bare vent!"" er "	russisk	['Russian', 'Russisk', 'ru']	{'russisk': 20}	0	-59.5625	0	{'russisk': 18}	0	-100.0	0
150	Q72325	A Short Film About Killing	En lille film om kunsten at dræbe	Q809	Polish	polsk	The original language of A Short Film About Killing is Polish .	Originalsproget på En lille film om kunsten at dræbe er polsk.	Originalsproget på En lille film om kunsten at dræbe er 	Originalsproget for En kortfilm om drab er polsk.	Originalsproget for En kortfilm om drab er 	polsk	['Polish']	{'polsk': 39}	0	-96.75	0	{'polsk': 39}	0	-89.375	0
151	Q949863	The Shooting Star	Den Mystiske Stjerne	Q150	French	fransk	The original language of The Shooting Star is French .	Originalsproget på Den Mystiske Stjerne er fransk.	Originalsproget på Den Mystiske Stjerne er 	 Originalsproget i The Shooting Star er fransk.	 Originalsproget i The Shooting Star er 	fransk	['French']	{'fransk': 18}	0	-72.5625	0	{'fransk': 18}	0	-81.9375	0
152	Q1403042	Waltzing Regitze	Dansen med Regitze	Q9035	Danish	dansk	The original language of Waltzing Regitze is Danish .	Originalsproget på Dansen med Regitze er dansk.	Originalsproget på Dansen med Regitze er 	 Originalsproget for Waltzing Regitze er dansk.	 Originalsproget for Waltzing Regitze er 	dansk	['Danish', 'da', 'dansk sprog']	{'dansk': 6}	0	-83.875	0	{'dansk': 5}	0	-94.5625	0
153	Q4751657	Anarchist Studies	Anarchist Studies	Q1860	English	engelsk	The original language of Anarchist Studies is English .	Originalsproget på Anarchist Studies er engelsk.	Originalsproget på Anarchist Studies er 	 Originalsproget for Anarkistiske Studier er engelsk.	 Originalsproget for Anarkistiske Studier er 	engelsk	['English']	{'engelsk': 1}	1	-70.375	1	{'engelsk': 8}	0	-87.0	0
154	Q664840	Inspector Gadget	Inspector Gadget	Q150	French	fransk	The original language of Inspector Gadget is French .	Originalsproget på Inspector Gadget er fransk.	Originalsproget på Inspector Gadget er 	 Inspector Gadgets originalsprog er fransk.	 Inspector Gadgets originalsprog er 	fransk	['French']	{'fransk': 7}	0	-63.0	0	{'fransk': 13}	0	-80.6875	0
155	Q7759591	The Real Housewives of Beverly Hills	The Real Housewives of Beverly Hills	Q1860	English	engelsk	The original language of The Real Housewives of Beverly Hills is English .	Originalsproget på The Real Housewives of Beverly Hills er engelsk.	Originalsproget på The Real Housewives of Beverly Hills er 	 Originalsproget i The Real Housewives of Beverly Hills er engelsk.	 Originalsproget i The Real Housewives of Beverly Hills er 	engelsk	['English']	{'engelsk': 8}	0	-60.25	0	{'engelsk': 7}	0	-72.5	0
156	Q1537568	Turner & Hooch	Turner & hund	Q1860	English	engelsk	The original language of Turner & Hooch is English .	Originalsproget på Turner & hund er engelsk.	Originalsproget på Turner & hund er 	 Turner & Hoochs originalsprog er engelsk.	 Turner & Hoochs originalsprog er 	engelsk	['English']	{'engelsk': 4}	0	-85.25	0	{'engelsk': 1}	1	-86.25	1
157	Q11918	Greek Wikipedia	græsk Wikipedia	Q9129	Greek	græsk	The original language of Greek Wikipedia is Greek .	Originalsproget på græsk Wikipedia er græsk.	Originalsproget på græsk Wikipedia er 	 Det originale sprog på græsk Wikipedia er græsk.	 Det originale sprog på græsk Wikipedia er 	græsk	['Greek', 'el']	{'græsk': 2}	0	-67.0	1	{'græsk': 1}	1	-72.4375	1
158	Q125076	Slumdog Millionaire	Slumdog Millionaire	Q1860	English	engelsk	The original language of Slumdog Millionaire is English .	Originalsproget på Slumdog Millionaire er engelsk.	Originalsproget på Slumdog Millionaire er 	 Originalsproget i Slumdog Millionaire er engelsk.	 Originalsproget i Slumdog Millionaire er 	engelsk	['English']	{'engelsk': 1}	1	-63.125	1	{'engelsk': 1}	1	-70.1875	1
159	Q2401518	Le Magnifique	Agenten som ikke ku' knaldes	Q150	French	fransk	The original language of Le Magnifique is French .	Originalsproget på Agenten som ikke ku' knaldes er fransk.	Originalsproget på Agenten som ikke ku' knaldes er 	 Originalsproget i Le Magnifique er fransk.	 Originalsproget i Le Magnifique er 	fransk	['French']	{'fransk': 32}	0	-115.8125	0	{'fransk': 5}	0	-79.0	0
160	Q1888743	Uspekhi Fizicheskikh Nauk	Uspekhi Fizicheskikh Nauk	Q7737	Russian	russisk	The original language of Uspekhi Fizicheskikh Nauk is Russian .	Originalsproget på Uspekhi Fizicheskikh Nauk er russisk.	Originalsproget på Uspekhi Fizicheskikh Nauk er 	 Uspekhi Fizicheskikh Nauks originalsprog er russisk.	 Uspekhi Fizicheskikh Nauks originalsprog er 	russisk	['Russian', 'Russisk', 'ru']	{'russisk': 7}	0	-101.3125	0	{'russisk': 5}	0	-97.625	0
161	Q199310	Zift	Zift	Q7918	Bulgarian	bulgarsk	The original language of Zift is Bulgarian .	Originalsproget på Zift er bulgarsk.	Originalsproget på Zift er 	 Zifts originalsprog er bulgarsk.	 Zifts originalsprog er 	bulgarsk	['Bulgarian']	{'bulgarsk': 16}	0	-67.125	0	{'bulgarsk': 27}	0	-71.3125	0
162	Q1304536	A Secret	En hemmelighed	Q150	French	fransk	The original language of A Secret is French .	Originalsproget på En hemmelighed er fransk.	Originalsproget på En hemmelighed er 	 Originalsproget i A Secret er fransk.	 Originalsproget i A Secret er 	fransk	['French']	{'fransk': 29}	0	-71.625	0	{'fransk': 10}	0	-89.25	0
163	Q547226	Ossessione	Besættelse	Q652	Italian	italiensk	The original language of Ossessione is Italian .	Originalsproget på Besættelse er italiensk.	Originalsproget på Besættelse er 	 Det originale sprog i Ossessione er italiensk.	 Det originale sprog i Ossessione er 	italiensk	['Italian', 'it']	{'italiensk': 42}	0	-63.8125	0	{'italiensk': 1}	1	-82.125	1
164	Q1233795	Memoirs of Hadrian	Kejser Hadrians erindringer	Q150	French	fransk	The original language of Memoirs of Hadrian is French .	Originalsproget på Kejser Hadrians erindringer er fransk.	Originalsproget på Kejser Hadrians erindringer er 	 Originalsproget for Hadrians erindringer er fransk.	 Originalsproget for Hadrians erindringer er 	fransk	['French']	{'fransk': 10}	0	-92.125	0	{'fransk': 16}	0	-97.5625	0
165	Q1192783	Le clan des siciliens	Klanen fra Sicilien	Q652	Italian	italiensk	The original language of Le clan des siciliens is Italian .	Originalsproget på Klanen fra Sicilien er italiensk.	Originalsproget på Klanen fra Sicilien er 	 Originalsproget i Le clan des siciliens er italiensk.	 Originalsproget i Le clan des siciliens er 	italiensk	['Italian', 'it']	{'italiensk': 3}	0	-79.875	1	{'italiensk': 26}	0	-90.125	0
166	Q769001	The Vicomte of Bragelonne: Ten Years Later	Musketerernes sidste bedrifter	Q150	French	fransk	The original language of The Vicomte of Bragelonne: Ten Years Later is French .	Originalsproget på Musketerernes sidste bedrifter er fransk.	Originalsproget på Musketerernes sidste bedrifter er 	Originalsproget i Vicomte de Bragelonne: Ti år senere er fransk.	Originalsproget i Vicomte de Bragelonne: Ti år senere er 	fransk	['French']	{'fransk': 22}	0	-94.9375	0	{'fransk': 4}	0	-100.625	0
167	Q3736125	Under the North Star	Her under Polstjernen	Q1412	Finnish	finsk	The original language of Under the North Star is Finnish .	Originalsproget på Her under Polstjernen er finsk.	Originalsproget på Her under Polstjernen er 	 Originalsproget i Under Nordstjernen er finsk.	 Originalsproget i Under Nordstjernen er 	finsk	['Finnish', 'fi']	{'finsk': 15}	0	-88.0	0	{'finsk': 17}	0	-84.4375	0
168	Q1375442	The Wardstone Chronicles	Wardstenen	Q1860	English	engelsk	The original language of The Wardstone Chronicles is English .	Originalsproget på Wardstenen er engelsk.	Originalsproget på Wardstenen er 	 Originalsproget i The Wardstone Chronicles er engelsk.	 Originalsproget i The Wardstone Chronicles er 	engelsk	['English']	{'engelsk': 4}	0	-76.4375	0	{'engelsk': 1}	1	-85.3125	1
169	Q161985	1 Maccabees	Første Makkabæerbog	Q9288	Hebrew	hebraisk	The original language of 1 Maccabees is Hebrew .	Originalsproget på Første Makkabæerbog er hebraisk.	Originalsproget på Første Makkabæerbog er 	 Originalsproget i 1 Makkabæerbog er hebraisk.	 Originalsproget i 1 Makkabæerbog er 	hebraisk	['Hebrew']	{'hebraisk': 3}	0	-84.8125	1	{'hebraisk': 14}	0	-99.25	0
170	Q666409	Comedy of Power	Magtens rus	Q150	French	fransk	The original language of Comedy of Power is French .	Originalsproget på Magtens rus er fransk.	Originalsproget på Magtens rus er 	 Originalsproget for Magtkomedie er fransk.	 Originalsproget for Magtkomedie er 	fransk	['French']	{'fransk': 23}	0	-80.25	0	{'fransk': 21}	0	-90.875	0
171	Q611043	Flashdance	Flashdance	Q1860	English	engelsk	The original language of Flashdance is English .	Originalsproget på Flashdance er engelsk.	Originalsproget på Flashdance er 	 Flashdances originalsprog er engelsk.	 Flashdances originalsprog er 	engelsk	['English']	{'engelsk': 1}	1	-60.3125	1	{'engelsk': 2}	0	-79.125	1
172	Q854635	The Crimson Rivers	De blodrøde floder	Q150	French	fransk	The original language of The Crimson Rivers is French .	Originalsproget på De blodrøde floder er fransk.	Originalsproget på De blodrøde floder er 	 Originalsproget i The Crimson Rivers er fransk.	 Originalsproget i The Crimson Rivers er 	fransk	['French']	{'fransk': 19}	0	-82.375	0	{'fransk': 8}	0	-81.0625	0
173	Q955389	Nine Months	Ni måneder	Q1860	English	engelsk	The original language of Nine Months is English .	Originalsproget på Ni måneder er engelsk.	Originalsproget på Ni måneder er 	 Originalsproget i Nine Months er engelsk.	 Originalsproget i Nine Months er 	engelsk	['English']	{'engelsk': 4}	0	-71.0625	0	{'engelsk': 1}	1	-79.75	1
174	Q332427	The Exterminating Angel	Morderenglen	Q1321	Spanish	spansk	The original language of The Exterminating Angel is Spanish .	Originalsproget på Morderenglen er spansk.	Originalsproget på Morderenglen er 	 Originalsproget i Den udryddende engel er spansk.	 Originalsproget i Den udryddende engel er 	spansk	['Spanish', 'es']	{'spansk': 24}	0	-78.3125	0	{'spansk': 28}	0	-113.4375	0
175	Q157142	Die Zeit	Die Zeit	Q188	German	tysk	The original language of Die Zeit is German .	Originalsproget på Die Zeit er tysk.	Originalsproget på Die Zeit er 	 Originalsproget for Die Zeit er tysk.	 Originalsproget for Die Zeit er 	tysk	['German', 'de']	{'tysk': 5}	0	-63.4375	0	{'tysk': 13}	0	-79.0625	0
176	Q1787498	The Easy Life	Jeg en Playboy	Q652	Italian	italiensk	The original language of The Easy Life is Italian .	Originalsproget på Jeg en Playboy er italiensk.	Originalsproget på Jeg en Playboy er 	 Originalsproget i The Easy Life er italiensk.	 Originalsproget i The Easy Life er 	italiensk	['Italian', 'it']	{'italiensk': 37}	0	-84.75	0	{'italiensk': 42}	0	-83.3125	0
177	Q2307875	Lucien Leuwen	Lucien Leuwen	Q150	French	fransk	The original language of Lucien Leuwen is French .	Originalsproget på Lucien Leuwen er fransk.	Originalsproget på Lucien Leuwen er 	 Lucien Leuwens originalsprog er fransk.	 Lucien Leuwens originalsprog er 	fransk	['French']	{'fransk': 5}	0	-69.5625	0	{'fransk': 4}	0	-82.3125	0
178	Q1889169	Manfred	Manfred	Q1860	English	engelsk	The original language of Manfred is English .	Originalsproget på Manfred er engelsk.	Originalsproget på Manfred er 	 Manfreds originalsprog er engelsk.	 Manfreds originalsprog er 	engelsk	['English']	{'engelsk': 2}	0	-70.0	1	{'engelsk': 6}	0	-75.125	0
179	Q939416	The Lancet	The Lancet	Q1860	English	engelsk	The original language of The Lancet is English .	Originalsproget på The Lancet er engelsk.	Originalsproget på The Lancet er 	 The Lancets originalsprog er engelsk.	 The Lancets originalsprog er 	engelsk	['English']	{'engelsk': 2}	0	-64.75	1	{'engelsk': 1}	1	-79.5625	1
180	Q32816	The Sarah Jane Adventures	The Sarah Jane Adventures	Q1860	English	engelsk	The original language of The Sarah Jane Adventures is English .	Originalsproget på The Sarah Jane Adventures er engelsk.	Originalsproget på The Sarah Jane Adventures er 	 Originalsproget for Sarah Jane Adventures er engelsk.	 Originalsproget for Sarah Jane Adventures er 	engelsk	['English']	{'engelsk': 1}	1	-67.625	1	{'engelsk': 1}	1	-81.0625	1
181	Q180445	Nature	Nature	Q1860	English	engelsk	The original language of Nature is English .	Originalsproget på Nature er engelsk.	Originalsproget på Nature er 	 Naturens originalsprog er engelsk.	 Naturens originalsprog er 	engelsk	['English']	{'engelsk': 3}	0	-64.125	1	{'engelsk': 1}	1	-60.90625	1
182	Q465472	Full House	Hænderne Fulde	Q1860	English	engelsk	The original language of Full House is English .	Originalsproget på Hænderne Fulde er engelsk.	Originalsproget på Hænderne Fulde er 	 Originalsproget i Full House er engelsk.	 Originalsproget i Full House er 	engelsk	['English']	{'engelsk': 3}	0	-78.9375	1	{'engelsk': 1}	1	-73.9375	1
183	Q976558	Forbidden Games	Forbudte lege	Q150	French	fransk	The original language of Forbidden Games is French .	Originalsproget på Forbudte lege er fransk.	Originalsproget på Forbudte lege er 	Originalsproget i Forbidden Games er fransk.	Originalsproget i Forbidden Games er 	fransk	['French']	{'fransk': 26}	0	-75.5	0	{'fransk': 3}	0	-60.25	1
184	Q923353	La Stampa	La Stampa	Q652	Italian	italiensk	The original language of La Stampa is Italian .	Originalsproget på La Stampa er italiensk.	Originalsproget på La Stampa er 	 Originalsproget i La Stampa er italiensk.	 Originalsproget i La Stampa er 	italiensk	['Italian', 'it']	{'italiensk': 2}	0	-65.875	1	{'italiensk': 9}	0	-77.0	0
185	Q503638	Easy Rider	Easy Rider	Q1860	English	engelsk	The original language of Easy Rider is English .	Originalsproget på Easy Rider er engelsk.	Originalsproget på Easy Rider er 	 Originalsproget i Easy Rider er engelsk.	 Originalsproget i Easy Rider er 	engelsk	['English']	{'engelsk': 1}	1	-67.625	1	{'engelsk': 1}	1	-74.625	1
186	Q1232053	The Mistress of the Inn	Mirandolina	Q652	Italian	italiensk	The original language of The Mistress of the Inn is Italian .	Originalsproget på Mirandolina er italiensk.	Originalsproget på Mirandolina er 	 Originalsproget i Kromesterinden er italiensk.	 Originalsproget i Kromesterinden er 	italiensk	['Italian', 'it']	{'italiensk': 15}	0	-71.4375	0	{'italiensk': 41}	0	-94.0	0
187	Q1131283	The Red Sea Sharks	Koks i lasten	Q150	French	fransk	The original language of The Red Sea Sharks is French .	Originalsproget på Koks i lasten er fransk.	Originalsproget på Koks i lasten er 	 Originalsproget i The Red Sea Sharks er fransk.	 Originalsproget i The Red Sea Sharks er 	fransk	['French']	{'fransk': 28}	0	-77.0	0	{'fransk': 13}	0	-87.0625	0
188	Q956914	El Debate	El Debate	Q1321	Spanish	spansk	The original language of El Debate is Spanish .	Originalsproget på El Debate er spansk.	Originalsproget på El Debate er 	 Originalsproget i El Debate er spansk.	 Originalsproget i El Debate er 	spansk	['Spanish', 'es']	{'spansk': 12}	0	-71.5	0	{'spansk': 25}	0	-81.1875	0
190	Q1218731	The Bald Soprano	Den skaldede sangerinde	Q150	French	fransk	The original language of The Bald Soprano is French .	Originalsproget på Den skaldede sangerinde er fransk.	Originalsproget på Den skaldede sangerinde er 	 Originalsproget i Den Skaldede Sopran er fransk.	 Originalsproget i Den Skaldede Sopran er 	fransk	['French']	{'fransk': 16}	0	-79.625	0	{'fransk': 19}	0	-89.4375	0
191	Q898461	RocknRolla	RocknRolla	Q1860	English	engelsk	The original language of RocknRolla is English .	Originalsproget på RocknRolla er engelsk.	Originalsproget på RocknRolla er 	 RocknRollas originalsprog er engelsk.	 RocknRollas originalsprog er 	engelsk	['English']	{'engelsk': 3}	0	-66.1875	1	{'engelsk': 1}	1	-86.75	1
192	Q276415	A Cinderella Story	A Cinderella Story	Q1860	English	engelsk	The original language of A Cinderella Story is English .	Originalsproget på A Cinderella Story er engelsk.	Originalsproget på A Cinderella Story er 	 Originalsproget i A Cinderella Story er engelsk.	 Originalsproget i A Cinderella Story er 	engelsk	['English']	{'engelsk': 1}	1	-72.25	1	{'engelsk': 1}	1	-83.75	1
193	Q1193741	WCW Monday Nitro	WCW Monday Nitro	Q1860	English	engelsk	The original language of WCW Monday Nitro is English .	Originalsproget på WCW Monday Nitro er engelsk.	Originalsproget på WCW Monday Nitro er 	 Originalsproget for WCW Monday Nitro er engelsk.	 Originalsproget for WCW Monday Nitro er 	engelsk	['English']	{'engelsk': 4}	0	-69.75	0	{'engelsk': 8}	0	-83.25	0
194	Q47703	The Godfather	The Godfather	Q1860	English	engelsk	The original language of The Godfather is English .	Originalsproget på The Godfather er engelsk.	Originalsproget på The Godfather er 	 Originalsproget i The Godfather er engelsk.	 Originalsproget i The Godfather er 	engelsk	['English']	{'engelsk': 1}	1	-63.5	1	{'engelsk': 1}	1	-72.875	1
195	Q406936	The Sucker	Fjolset	Q150	French	fransk	The original language of The Sucker is French .	Originalsproget på Fjolset er fransk.	Originalsproget på Fjolset er 	 Originalsproget i The Sucker er fransk.	 Originalsproget i The Sucker er 	fransk	['French']	{'fransk': 30}	0	-70.25	0	{'fransk': 18}	0	-94.5	0
196	Q6052503	International Political Sociology	International Political Sociology	Q1860	English	engelsk	The original language of International Political Sociology is English .	Originalsproget på International Political Sociology er engelsk.	Originalsproget på International Political Sociology er 	 Originalsproget for international politisk sociologi er engelsk.	 Originalsproget for international politisk sociologi er 	engelsk	['English']	{'engelsk': 1}	1	-68.625	1	{'engelsk': 1}	1	-87.8125	1
197	Q748851	The Secret in Their Eyes	Øjnenes hemmelighed	Q1321	Spanish	spansk	The original language of The Secret in Their Eyes is Spanish .	Originalsproget på Øjnenes hemmelighed er spansk.	Originalsproget på Øjnenes hemmelighed er 	 Originalsproget for Hemmeligheden i deres øjne er spansk.	 Originalsproget for Hemmeligheden i deres øjne er 	spansk	['Spanish', 'es']	{'spansk': 20}	0	-94.0625	0	{'spansk': 25}	0	-96.875	0
198	Q1130167	Emotional Rescue	Emotional Rescue	Q1860	English	engelsk	The original language of Emotional Rescue is English .	Originalsproget på Emotional Rescue er engelsk.	Originalsproget på Emotional Rescue er 	 Originalsproget for Emotional Rescue er engelsk.	 Originalsproget for Emotional Rescue er 	engelsk	['English']	{'engelsk': 4}	0	-72.0625	0	{'engelsk': 2}	0	-84.9375	1
199	Q221102	28 Weeks Later	28 Weeks Later	Q1860	English	engelsk	The original language of 28 Weeks Later is English .	Originalsproget på 28 Weeks Later er engelsk.	Originalsproget på 28 Weeks Later er 	" Originalsproget for ""28 Weeks Later"" er engelsk."	" Originalsproget for ""28 Weeks Later"" er "	engelsk	['English']	{'engelsk': 1}	1	-65.5	1	{'engelsk': 1}	1	-82.1875	1
200	Q114640	The Flying Dutchman	Den flyvende Hollænder	Q188	German	tysk	The original language of The Flying Dutchman is German .	Originalsproget på Den flyvende Hollænder er tysk.	Originalsproget på Den flyvende Hollænder er 	Originalsproget i Den Flyvende Hollænder er tysk.	Originalsproget i Den Flyvende Hollænder er 	tysk	['German', 'de']	{'tysk': 10}	0	-60.8125	0	{'tysk': 9}	0	-60.15625	0
201	Q3040247	Bizarre, Bizarre	Et Tosset drama	Q150	French	fransk	The original language of Bizarre, Bizarre is French .	Originalsproget på Et Tosset drama er fransk.	Originalsproget på Et Tosset drama er 	 Originalsproget for Bizarre, Bizarre, er fransk.	 Originalsproget for Bizarre, Bizarre, er 	fransk	['French']	{'fransk': 24}	0	-89.8125	0	{'fransk': 28}	0	-87.5625	0
202	Q674851	My New Partner	Strisser på skråplan	Q150	French	fransk	The original language of My New Partner is French .	Originalsproget på Strisser på skråplan er fransk.	Originalsproget på Strisser på skråplan er 	 Originalsproget i My New Partner er fransk.	 Originalsproget i My New Partner er 	fransk	['French']	{'fransk': 28}	0	-87.75	0	{'fransk': 20}	0	-85.0625	0
203	Q1164094	R.U.R.	R.U.R.	Q9056	Czech	tjekkisk	The original language of R.U.R. is Czech .	Originalsproget på R.U.R. er tjekkisk.	Originalsproget på R.U.R. er 	 RUR's originalsprog er tjekkisk.	 RUR's originalsprog er 	tjekkisk	['Czech', 'cs', 'ces']	{'tjekkisk': 39}	0	-69.8125	0	{'tjekkisk': 51}	0	-78.25	0
204	Q1127709	True Romance	True Romance	Q1860	English	engelsk	The original language of True Romance is English .	Originalsproget på True Romance er engelsk.	Originalsproget på True Romance er 	 Originalsproget i True Romance er engelsk.	 Originalsproget i True Romance er 	engelsk	['English']	{'engelsk': 2}	0	-68.625	1	{'engelsk': 1}	1	-77.5	1
205	Q539269	Bad Boys II Marvel	Bad Boys II	Q1860	English	engelsk	The original language of Bad Boys II Marvel is English .	Originalsproget på Bad Boys II er engelsk.	Originalsproget på Bad Boys II er 	 Originalsproget i Bad Boys II Marvel er engelsk.	 Originalsproget i Bad Boys II Marvel er 	engelsk	['English']	{'engelsk': 2}	0	-66.9375	1	{'engelsk': 1}	1	-90.625	1
206	Q108745	Ghostbusters	Ghostbusters	Q1860	English	engelsk	The original language of Ghostbusters is English .	Originalsproget på Ghostbusters er engelsk.	Originalsproget på Ghostbusters er 	 Originalsproget i Ghostbusters er engelsk.	 Originalsproget i Ghostbusters er 	engelsk	['English']	{'engelsk': 2}	0	-59.4375	1	{'engelsk': 1}	1	-70.0	1
207	Q3295515	The Beatles	The White Album	Q1860	English	engelsk	The original language of The Beatles is English .	Originalsproget på The White Album er engelsk.	Originalsproget på The White Album er 	 Beatles' originalsprog er engelsk.	 Beatles' originalsprog er 	engelsk	['English']	{'engelsk': 1}	1	-62.78125	1	{'engelsk': 7}	0	-68.4375	0
209	Q784195	The Thief of Paris	Tyven fra Paris	Q150	French	fransk	The original language of The Thief of Paris is French .	Originalsproget på Tyven fra Paris er fransk.	Originalsproget på Tyven fra Paris er 	 Originalsproget i Tyven fra Paris er fransk.	 Originalsproget i Tyven fra Paris er 	fransk	['French']	{'fransk': 3}	0	-75.9375	1	{'fransk': 2}	0	-83.75	1
210	Q647997	The Stolen Children	Børnetyven	Q652	Italian	italiensk	The original language of The Stolen Children is Italian .	Originalsproget på Børnetyven er italiensk.	Originalsproget på Børnetyven er 	 Originalsproget i De stjålne børn er italiensk.	 Originalsproget i De stjålne børn er 	italiensk	['Italian', 'it']	{'italiensk': 38}	0	-73.6875	0	{'italiensk': 37}	0	-93.0	0
211	Q140527	The Three Musketeers	De Tre Musketerer	Q150	French	fransk	The original language of The Three Musketeers is French .	Originalsproget på De Tre Musketerer er fransk.	Originalsproget på De Tre Musketerer er 	 Originalsproget i De Tre Musketerer er fransk.	 Originalsproget i De Tre Musketerer er 	fransk	['French']	{'fransk': 13}	0	-73.9375	0	{'fransk': 12}	0	-82.25	0
212	Q907934	Nuremberg Chronicle	Nürnberg krøniken	Q397	Latin	latin	The original language of Nuremberg Chronicle is Latin .	Originalsproget på Nürnberg krøniken er latin.	Originalsproget på Nürnberg krøniken er 	 Nürnberg-krønikens originalsprog er latin.	 Nürnberg-krønikens originalsprog er 	latin	['Latin']	{'latin': 9}	0	-85.375	0	{'latin': 3}	0	-90.875	1
213	Q18428	Amarcord	Amarcord	Q652	Italian	italiensk	The original language of Amarcord is Italian .	Originalsproget på Amarcord er italiensk.	Originalsproget på Amarcord er 	 Amarcords originalsprog er italiensk.	 Amarcords originalsprog er 	italiensk	['Italian', 'it']	{'italiensk': 6}	0	-67.5	0	{'italiensk': 39}	0	-77.25	0
214	Q7738038	The Greatest Gift	The Greatest Gift	Q1860	English	engelsk	The original language of The Greatest Gift is English .	Originalsproget på The Greatest Gift er engelsk.	Originalsproget på The Greatest Gift er 	 Originalsproget for Den Største Gave er engelsk.	 Originalsproget for Den Største Gave er 	engelsk	['English']	{'engelsk': 2}	0	-70.6875	1	{'engelsk': 4}	0	-83.3125	0
215	Q529999	Ready to Die	Ready to Die	Q1860	English	engelsk	The original language of Ready to Die is English .	Originalsproget på Ready to Die er engelsk.	Originalsproget på Ready to Die er 	 Originalsproget i Ready to Die er engelsk.	 Originalsproget i Ready to Die er 	engelsk	['English']	{'engelsk': 1}	1	-74.125	1	{'engelsk': 1}	1	-83.3125	1
216	Q152232	Womanlight	Fremmede i natten	Q150	French	fransk	The original language of Womanlight is French .	Originalsproget på Fremmede i natten er fransk.	Originalsproget på Fremmede i natten er 	 Womanlights originalsprog er fransk.	 Womanlights originalsprog er 	fransk	['French']	{'fransk': 14}	0	-87.6875	0	{'fransk': 26}	0	-84.0625	0
218	Q5861276	MasterChef	MasterChef	Q1860	English	engelsk	The original language of MasterChef is English .	Originalsproget på MasterChef er engelsk.	Originalsproget på MasterChef er 	 MasterChefs originalsprog er engelsk.	 MasterChefs originalsprog er 	engelsk	['English']	{'engelsk': 6}	0	-68.0625	0	{'engelsk': 5}	0	-74.625	0
219	Q814790	Being Julia	Being Julia	Q1860	English	engelsk	The original language of Being Julia is English .	Originalsproget på Being Julia er engelsk.	Originalsproget på Being Julia er 	 Originalsproget i Being Julia er engelsk.	 Originalsproget i Being Julia er 	engelsk	['English']	{'engelsk': 2}	0	-73.875	1	{'engelsk': 1}	1	-81.1875	1
220	Q631377	Lapland Odyssey	Lapland odyssey	Q1412	Finnish	finsk	The original language of Lapland Odyssey is Finnish .	Originalsproget på Lapland odyssey er finsk.	Originalsproget på Lapland odyssey er 	 Originalsproget i Lapland Odyssey er finsk.	 Originalsproget i Lapland Odyssey er 	finsk	['Finnish', 'fi']	{'finsk': 11}	0	-68.625	0	{'finsk': 9}	0	-78.125	0
221	Q1043104	Charlie Hebdo	Charlie Hebdo	Q150	French	fransk	The original language of Charlie Hebdo is French .	Originalsproget på Charlie Hebdo er fransk.	Originalsproget på Charlie Hebdo er 	 Charlie Hebdos originalsprog er fransk.	 Charlie Hebdos originalsprog er 	fransk	['French']	{'fransk': 5}	0	-58.5	0	{'fransk': 14}	0	-75.25	0
222	Q104123	Pulp Fiction	Pulp Fiction	Q1860	English	engelsk	The original language of Pulp Fiction is English .	Originalsproget på Pulp Fiction er engelsk.	Originalsproget på Pulp Fiction er 	 Originalsproget i Pulp Fiction er engelsk.	 Originalsproget i Pulp Fiction er 	engelsk	['English']	{'engelsk': 1}	1	-65.0625	1	{'engelsk': 1}	1	-75.375	1
223	Q1109026	A Different World	A Different World	Q1860	English	engelsk	The original language of A Different World is English .	Originalsproget på A Different World er engelsk.	Originalsproget på A Different World er 	 Originalsproget i A Different World er engelsk.	 Originalsproget i A Different World er 	engelsk	['English']	{'engelsk': 5}	0	-70.5625	0	{'engelsk': 3}	0	-80.375	1
224	Q1194500	The Horseman on the Roof	Husaren på taget	Q150	French	fransk	The original language of The Horseman on the Roof is French .	Originalsproget på Husaren på taget er fransk.	Originalsproget på Husaren på taget er 	 Originalsproget i Rytteren på taget er fransk.	 Originalsproget i Rytteren på taget er 	fransk	['French']	{'fransk': 14}	0	-79.25	0	{'fransk': 9}	0	-93.25	0
225	Q585821	Life Is a Miracle	Livet er et mirakel	Q9299	Serbian	serbisk	The original language of Life Is a Miracle is Serbian .	Originalsproget på Livet er et mirakel er serbisk.	Originalsproget på Livet er et mirakel er 	 Originalsproget i *Livet er et mirakel* er serbisk.	 Originalsproget i *Livet er et mirakel* er 	serbisk	['Serbian', 'sr']	{'serbisk': 46}	0	-76.0625	0	{'serbisk': 39}	0	-97.0	0
226	Q721140	Pitchfork	Pitchfork Media	Q1860	English	engelsk	The original language of Pitchfork is English .	Originalsproget på Pitchfork Media er engelsk.	Originalsproget på Pitchfork Media er 	 Pitchforks originalsprog er engelsk.	 Pitchforks originalsprog er 	engelsk	['English']	{'engelsk': 5}	0	-66.1875	0	{'engelsk': 4}	0	-74.0625	0
227	Q7741294	The Icelandic Dream	Den islandske drøm	Q294	Icelandic	islandsk	The original language of The Icelandic Dream is Icelandic .	Originalsproget på Den islandske drøm er islandsk.	Originalsproget på Den islandske drøm er 	 Originalsproget i Den islandske drøm er islandsk.	 Originalsproget i Den islandske drøm er 	islandsk	['Icelandic']	{'islandsk': 3}	0	-77.375	1	{'islandsk': 6}	0	-83.6875	0
228	Q1165538	Nationalencyklopedin	Nationalencyklopedin	Q9027	Swedish	svensk	The original language of Nationalencyklopedin is Swedish .	Originalsproget på Nationalencyklopedin er svensk.	Originalsproget på Nationalencyklopedin er 	 Nationalencyklopedins originalsprog er svensk.	 Nationalencyklopedins originalsprog er 	svensk	['Swedish']	{'svensk': 3}	0	-62.3125	1	{'svensk': 1}	1	-81.5625	1
229	Q41483	The Good, the Bad and the Ugly	Den gode, den onde og den grusomme	Q652	Italian	italiensk	The original language of The Good, the Bad and the Ugly is Italian .	Originalsproget på Den gode, den onde og den grusomme er italiensk.	Originalsproget på Den gode, den onde og den grusomme er 	 Originalsproget i Den gode, den onde og den grimme er italiensk.	 Originalsproget i Den gode, den onde og den grimme er 	italiensk	['Italian', 'it']	{'italiensk': 33}	0	-84.375	0	{'italiensk': 23}	0	-96.5625	0
230	Q15990773	Diplomacy	Diplomati	Q150	French	fransk	The original language of Diplomacy is French .	Originalsproget på Diplomati er fransk.	Originalsproget på Diplomati er 	 Diplomatiets originalsprog er fransk.	 Diplomatiets originalsprog er 	fransk	['French']	{'fransk': 28}	0	-67.625	0	{'fransk': 2}	0	-67.125	1
231	Q1217263	The Crime of Father Amaro	Pater Amaros forbrydelse	Q1321	Spanish	spansk	The original language of The Crime of Father Amaro is Spanish .	Originalsproget på Pater Amaros forbrydelse er spansk.	Originalsproget på Pater Amaros forbrydelse er 	 Originalsproget for Fader Amaros forbrydelse er spansk.	 Originalsproget for Fader Amaros forbrydelse er 	spansk	['Spanish', 'es']	{'spansk': 14}	0	-101.5625	0	{'spansk': 19}	0	-118.5	0
