	sub_uri	en_sub_label	sub_label	obj_uri	en_obj_label	obj_label	en_template	template	template_prompt	gt_translation	gt_prompt	gt_infl_object	aliases	template_true_ranks	template_top1_correct	template_prompt_prob	template_top3_correct	gt_true_ranks	gt_top1_correct	gt_prompt_prob	gt_top3_correct
0	Q13646	SNCF	SNCF	Q90	Paris	Paris	SNCF was founded in Paris .	SNCF blev grundlagt i Paris.	SNCF blev grundlagt i 	 SNCF blev grundlagt i Paris.	 SNCF blev grundlagt i 	Paris	['Paris']	{'Paris': 1}	1	-35.46875	1	{'Paris': 1}	1	-49.03125	1
1	Q748836	Simple Minds	Simple Minds	Q4093	Glasgow	Glasgow	Simple Minds was founded in Glasgow .	Simple Minds blev grundlagt i Glasgow.	Simple Minds blev grundlagt i 	 Simple Minds blev grundlagt i Glasgow.	 Simple Minds blev grundlagt i 	Glasgow	['Glasgow']	{'Glasgow': 1}	1	-41.03125	1	{'Glasgow': 1}	1	-52.03125	1
2	Q3497260	Starwood Capital Group	Starwood Capital Group	Q49202	Greenwich	Greenwich	Starwood Capital Group was founded in Greenwich .	Starwood Capital Group blev grundlagt i Greenwich.	Starwood Capital Group blev grundlagt i 	 Starwood Capital Group blev grundlagt i Greenwich.	 Starwood Capital Group blev grundlagt i 	Greenwich	['Greenwich']	{'Greenwich': 1}	1	-inf	1	{'Greenwich': 1}	1	-51.125	1
3	Q684537	Clap Your Hands Say Yeah	Clap Your Hands Say Yeah	Q1345	Philadelphia	Philadelphia	Clap Your Hands Say Yeah was founded in Philadelphia .	Clap Your Hands Say Yeah blev grundlagt i Philadelphia.	Clap Your Hands Say Yeah blev grundlagt i 	 Clap Your Hands Say Yeah blev grundlagt i Philadelphia.	 Clap Your Hands Say Yeah blev grundlagt i 	Philadelphia	['Philadelphia']	{'Philadelphia': 1}	1	-44.59375	1	{'Philadelphia': 1}	1	-52.4375	1
4	Q588820	Cocteau Twins	Cocteau Twins	Q22	Scotland	Skotland	Cocteau Twins was founded in Scotland .	Cocteau Twins blev grundlagt i Skotland.	Cocteau Twins blev grundlagt i 	 Cocteau Twins blev grundlagt i Skotland.	 Cocteau Twins blev grundlagt i 	Skotland	['Scotland']	{'Skotland': 1}	1	-44.90625	1	{'Skotland': 1}	1	-51.53125	1
5	Q83835	Swiss Federal Railways	SBB-CFF-FFS	Q70	Bern	Bern	Swiss Federal Railways was founded in Bern .	SBB-CFF-FFS blev grundlagt i Bern.	SBB-CFF-FFS blev grundlagt i 	 De schweiziske statsbaner blev grundlagt i Bern.	 De schweiziske statsbaner blev grundlagt i 	Bern	['Bern']	{'Bern': 1}	1	-42.125	1	{'Bern': 1}	1	-69.9375	1
6	Q855432	Bianchi Bicycles	Bianchi	Q490	Milan	Milano	Bianchi Bicycles was founded in Milan .	Bianchi blev grundlagt i Milano.	Bianchi blev grundlagt i 	 Bianchi Bicycles blev grundlagt i Milano.	 Bianchi Bicycles blev grundlagt i 	Milano	['Milan']	{'Milano': 1}	1	-35.90625	1	{'Milano': 2}	0	-53.125	1
7	Q14799	Lenovo	Lenovo	Q956	Beijing	Beijing	Lenovo was founded in Beijing .	Lenovo blev grundlagt i Beijing.	Lenovo blev grundlagt i 	 Lenovo blev grundlagt i Beijing.	 Lenovo blev grundlagt i 	Beijing	['Beijing']	{'Beijing': 1}	1	-inf	1	{'Beijing': 1}	1	-48.25	1
8	Q218255	Electric Light Orchestra	Electric Light Orchestra	Q2256	Birmingham	Birmingham	Electric Light Orchestra was founded in Birmingham .	Electric Light Orchestra blev grundlagt i Birmingham.	Electric Light Orchestra blev grundlagt i 	 Electric Light Orchestra blev grundlagt i Birmingham.	 Electric Light Orchestra blev grundlagt i 	Birmingham	['Birmingham']	{'Birmingham': 1}	1	-38.65625	1	{'Birmingham': 1}	1	-51.21875	1
9	Q1255077	Dragonette	Dragonette	Q172	Toronto	Toronto	Dragonette was founded in Toronto .	Dragonette blev grundlagt i Toronto.	Dragonette blev grundlagt i 	 Dragonette blev grundlagt i Toronto.	 Dragonette blev grundlagt i 	Toronto	['Toronto']	{'Toronto': 1}	1	-37.90625	1	{'Toronto': 1}	1	-47.34375	1
10	Q538284	Otis Williams	Otis Williams	Q12439	Detroit	Detroit	Otis Williams was founded in Detroit .	Otis Williams blev grundlagt i Detroit.	Otis Williams blev grundlagt i 	 Otis Williams blev grundlagt i Detroit.	 Otis Williams blev grundlagt i 	Detroit	['Detroit']	{'Detroit': 2}	0	-40.46875	1	{'Detroit': 1}	1	-52.1875	1
11	Q369524	Ganz Works	Ganz	Q1781	Budapest	Budapest	Ganz Works was founded in Budapest .	Ganz blev grundlagt i Budapest.	Ganz blev grundlagt i 	 Ganz Works blev grundlagt i Budapest.	 Ganz Works blev grundlagt i 	Budapest	['Budapest', 'Buda Pest', 'Buda-Pest', 'Budapešť', 'Budapesta', 'Budapeszt', 'Buda', 'Ofen', 'Budín', 'Budim', 'Budon', 'Pest', 'Pešť', 'Pešta', 'Alt-Ofen']	{'Budapest': 1}	1	-40.21875	1	{'Budapest': 8}	0	-52.71875	0
12	Q635484	Armani	Armani	Q490	Milan	Milano	Armani was founded in Milan .	Armani blev grundlagt i Milano.	Armani blev grundlagt i 	 Armani blev grundlagt i Milano.	 Armani blev grundlagt i 	Milano	['Milan']	{'Milano': 1}	1	-39.34375	1	{'Milano': 1}	1	-49.03125	1
13	Q726676	The Antlers	The Antlers	Q18419	Brooklyn	Brooklyn	The Antlers was founded in Brooklyn .	The Antlers blev grundlagt i Brooklyn.	The Antlers blev grundlagt i 	 The Antlers blev grundlagt i Brooklyn.	 The Antlers blev grundlagt i 	Brooklyn	['Brooklyn']	{'Brooklyn': 2}	0	-40.9375	1	{'Brooklyn': 1}	1	-48.375	1
14	Q671183	Mudvayne	Mudvayne	Q1204	Illinois	Illinois	Mudvayne was founded in Illinois .	Mudvayne blev grundlagt i Illinois.	Mudvayne blev grundlagt i 	 Mudvayne blev grundlagt i Illinois.	 Mudvayne blev grundlagt i 	Illinois	['Illinois', 'IL']	{'Illinois': 1}	1	-41.0625	1	{'Illinois': 1}	1	-47.84375	1
15	Q211965	The Moody Blues	Moody Blues	Q2256	Birmingham	Birmingham	The Moody Blues was founded in Birmingham .	Moody Blues blev grundlagt i Birmingham.	Moody Blues blev grundlagt i 	 Moody Blues blev grundlagt i Birmingham.	 Moody Blues blev grundlagt i 	Birmingham	['Birmingham']	{'Birmingham': 3}	0	-33.6875	1	{'Birmingham': 1}	1	-45.5625	1
16	Q984331	Kurt Vile	Kurt Vile	Q1345	Philadelphia	Philadelphia	Kurt Vile was founded in Philadelphia .	Kurt Vile blev grundlagt i Philadelphia.	Kurt Vile blev grundlagt i 	 Kurt Vile blev grundlagt i Philadelphia.	 Kurt Vile blev grundlagt i 	Philadelphia	['Philadelphia']	{'Philadelphia': 1}	1	-40.8125	1	{'Philadelphia': 1}	1	-55.53125	1
17	Q193136	Prada	Prada	Q490	Milan	Milano	Prada was founded in Milan .	Prada blev grundlagt i Milano.	Prada blev grundlagt i 	 Prada blev grundlagt i Milano.	 Prada blev grundlagt i 	Milano	['Milan']	{'Milano': 1}	1	-37.28125	1	{'Milano': 1}	1	-48.125	1
18	Q117684	The Exploited	The Exploited	Q23436	Edinburgh	Edinburgh	The Exploited was founded in Edinburgh .	The Exploited blev grundlagt i Edinburgh.	The Exploited blev grundlagt i 	 The Exploited blev grundlagt i Edinburgh.	 The Exploited blev grundlagt i 	Edinburgh	['Edinburgh', 'Edinburg']	{'Edinburgh': 1}	1	-46.46875	1	{'Edinburgh': 1}	1	-52.09375	1
19	Q625975	Kakao M	Kakao M	Q8684	Seoul	Seoul	Kakao M was founded in Seoul .	Kakao M blev grundlagt i Seoul.	Kakao M blev grundlagt i 	 Kakao M blev grundlagt i Seoul.	 Kakao M blev grundlagt i 	Seoul	['Seoul']	{'Seoul': 1}	1	-45.5625	1	{'Seoul': 1}	1	-inf	1
20	Q1638351	Hupmobile	Hupmobile	Q12439	Detroit	Detroit	Hupmobile was founded in Detroit .	Hupmobile blev grundlagt i Detroit.	Hupmobile blev grundlagt i 	 Hupmobile blev grundlagt i Detroit.	 Hupmobile blev grundlagt i 	Detroit	['Detroit']	{'Detroit': 2}	0	-40.46875	1	{'Detroit': 2}	0	-47.65625	1
21	Q1286395	I Am Kloot	I Am Kloot	Q18125	Manchester	Manchester	I Am Kloot was founded in Manchester .	I Am Kloot blev grundlagt i Manchester.	I Am Kloot blev grundlagt i 	 I Am Kloot blev grundlagt i Manchester.	 I Am Kloot blev grundlagt i 	Manchester	['Manchester']	{'Manchester': 1}	1	-45.5625	1	{'Manchester': 1}	1	-53.46875	1
22	Q634227	Beechcraft	Beechcraft	Q49266	Wichita	Wichita	Beechcraft was founded in Wichita .	Beechcraft blev grundlagt i Wichita.	Beechcraft blev grundlagt i 	Beechcraft blev grundlagt i Wichita.	Beechcraft blev grundlagt i 	Wichita	['Wichita']	{'Wichita': 1}	1	-inf	1	{'Wichita': 1}	1	-inf	1
23	Q2095846	Pink Fairies	Pink Fairies	Q84	London	London	Pink Fairies was founded in London .	Pink Fairies blev grundlagt i London.	Pink Fairies blev grundlagt i 	 Pink Fairies blev grundlagt i London.	 Pink Fairies blev grundlagt i 	London	['London']	{'London': 1}	1	-45.96875	1	{'London': 1}	1	-53.4375	1
24	Q3295867	The Coca-Cola Company	The Coca Cola Company	Q23556	Atlanta	Atlanta	The Coca-Cola Company was founded in Atlanta .	The Coca Cola Company blev grundlagt i Atlanta.	The Coca Cola Company blev grundlagt i 	 Coca-Cola Company blev grundlagt i Atlanta.	 Coca-Cola Company blev grundlagt i 	Atlanta	['Atlanta', 'Hotlanta', 'The Big Peach']	{'Atlanta': 1}	1	-43.96875	1	{'Atlanta': 1}	1	-45.0	1
26	Q231985	Hayley Westenra	Hayley Westenra	Q79990	Christchurch	Christchurch	Hayley Westenra was founded in Christchurch .	Hayley Westenra blev grundlagt i Christchurch.	Hayley Westenra blev grundlagt i 	 Hayley Westenra blev grundlagt i Christchurch.	 Hayley Westenra blev grundlagt i 	Christchurch	['Christchurch']	{'Christchurch': 1}	1	-49.21875	1	{'Christchurch': 1}	1	-61.59375	1
27	Q52618	Ericsson	Ericsson	Q1754	Stockholm	Stockholm	Ericsson was founded in Stockholm .	Ericsson blev grundlagt i Stockholm.	Ericsson blev grundlagt i 	 Ericsson blev grundlagt i Stockholm.	 Ericsson blev grundlagt i 	Stockholm	['Stockholm']	{'Stockholm': 1}	1	-32.03125	1	{'Stockholm': 1}	1	-45.8125	1
28	Q272517	Kasabian	Kasabian	Q83065	Leicester	Leicester	Kasabian was founded in Leicester .	Kasabian blev grundlagt i Leicester.	Kasabian blev grundlagt i 	 Kasabian blev grundlagt i Leicester.	 Kasabian blev grundlagt i 	Leicester	['Leicester']	{'Leicester': 1}	1	-35.9375	1	{'Leicester': 1}	1	-48.96875	1
29	Q484255	Alice in Chains	Alice in Chains	Q5083	Seattle	Seattle	Alice in Chains was founded in Seattle .	Alice in Chains blev grundlagt i Seattle.	Alice in Chains blev grundlagt i 	 Alice in Chains blev grundlagt i Seattle.	 Alice in Chains blev grundlagt i 	Seattle	['Seattle']	{'Seattle': 1}	1	-32.03125	1	{'Seattle': 1}	1	-46.75	1
30	Q3480186	Nylon	Nylon	Q189	Iceland	Island	Nylon was founded in Iceland .	Nylon blev grundlagt i Island.	Nylon blev grundlagt i 	 Nylon blev grundlagt i Island.	 Nylon blev grundlagt i 	Island	['Iceland']	{'Island': 1}	1	-42.09375	1	{'Island': 1}	1	-49.28125	1
31	Q705715	RuPaul	RuPaul	Q23556	Atlanta	Atlanta	RuPaul was founded in Atlanta .	RuPaul blev grundlagt i Atlanta.	RuPaul blev grundlagt i 	 RuPaul blev grundlagt i Atlanta.	 RuPaul blev grundlagt i 	Atlanta	['Atlanta', 'Hotlanta', 'The Big Peach']	{'Atlanta': 1}	1	-38.78125	1	{'Atlanta': 4}	0	-50.875	0
32	Q590539	Clonaid	Clonaid	Q778	The Bahamas	Bahamas	Clonaid was founded in The Bahamas .	Clonaid blev grundlagt i Bahamas.	Clonaid blev grundlagt i 	 Clonaid blev grundlagt på Bahamas.	 Clonaid blev grundlagt på 	Bahamas	['The Bahamas']	{'Bahamas': 17}	0	-43.40625	0	{'Bahamas': 1}	1	-59.90625	1
33	Q714	Stevie Wonder	Stevie Wonder	Q12439	Detroit	Detroit	Stevie Wonder was founded in Detroit .	Stevie Wonder blev grundlagt i Detroit.	Stevie Wonder blev grundlagt i 	 Stevie Wonder blev grundlagt i Detroit.	 Stevie Wonder blev grundlagt i 	Detroit	['Detroit']	{'Detroit': 1}	1	-40.625	1	{'Detroit': 1}	1	-52.0625	1
34	Q756890	Institut d'Estudis Catalans	Institut d'Estudis Catalans	Q1492	Barcelona	Barcelona	Institut d'Estudis Catalans was founded in Barcelona .	Institut d'Estudis Catalans blev grundlagt i Barcelona.	Institut d'Estudis Catalans blev grundlagt i 	 Institut d'Estudis Catalans blev grundlagt i Barcelona.	 Institut d'Estudis Catalans blev grundlagt i 	Barcelona	['Barcelona', 'BCN', 'Barna']	{'Barcelona': 1}	1	-38.96875	1	{'Barcelona': 1}	1	-52.09375	1
35	Q3147130	I Monster	I Monster	Q42448	Sheffield	Sheffield	I Monster was founded in Sheffield .	I Monster blev grundlagt i Sheffield.	I Monster blev grundlagt i 	 I Monster blev grundlagt i Sheffield.	 I Monster blev grundlagt i 	Sheffield	['Sheffield']	{'Sheffield': 8}	0	-42.96875	0	{'Sheffield': 7}	0	-50.5	0
36	Q269836	SHINee	Shinee	Q8684	Seoul	Seoul	SHINee was founded in Seoul .	Shinee blev grundlagt i Seoul.	Shinee blev grundlagt i 	 SHINee blev grundlagt i Seoul.	 SHINee blev grundlagt i 	Seoul	['Seoul']	{'Seoul': 1}	1	-39.8125	1	{'Seoul': 1}	1	-47.1875	1
37	Q1275039	El-P	El-Producto	Q18419	Brooklyn	Brooklyn	El-P was founded in Brooklyn .	El-Producto blev grundlagt i Brooklyn.	El-Producto blev grundlagt i 	 El-P blev grundlagt i Brooklyn.	 El-P blev grundlagt i 	Brooklyn	['Brooklyn']	{'Brooklyn': 3}	0	-44.53125	1	{'Brooklyn': 1}	1	-52.84375	1
38	Q116439	Lubin Manufacturing Company	Lubin Manufacturing Company	Q1345	Philadelphia	Philadelphia	Lubin Manufacturing Company was founded in Philadelphia .	Lubin Manufacturing Company blev grundlagt i Philadelphia.	Lubin Manufacturing Company blev grundlagt i 	 Lubin Manufacturing Company blev grundlagt i Philadelphia.	 Lubin Manufacturing Company blev grundlagt i 	Philadelphia	['Philadelphia']	{'Philadelphia': 2}	0	-42.375	1	{'Philadelphia': 3}	0	-55.46875	1
39	Q759210	Givenchy	Givenchy	Q90	Paris	Paris	Givenchy was founded in Paris .	Givenchy blev grundlagt i Paris.	Givenchy blev grundlagt i 	 Givenchy blev grundlagt i Paris.	 Givenchy blev grundlagt i 	Paris	['Paris']	{'Paris': 1}	1	-40.375	1	{'Paris': 1}	1	-51.875	1
40	Q2143368	The Walkabouts	The Walkabouts	Q5083	Seattle	Seattle	The Walkabouts was founded in Seattle .	The Walkabouts blev grundlagt i Seattle.	The Walkabouts blev grundlagt i 	 The Walkabouts blev grundlagt i Seattle.	 The Walkabouts blev grundlagt i 	Seattle	['Seattle']	{'Seattle': 1}	1	-48.59375	1	{'Seattle': 1}	1	-55.1875	1
41	Q489801	INXS	INXS	Q3130	Sydney	Sydney	INXS was founded in Sydney .	INXS blev grundlagt i Sydney.	INXS blev grundlagt i 	 INXS blev grundlagt i Sydney.	 INXS blev grundlagt i 	Sydney	['Sydney']	{'Sydney': 1}	1	-36.53125	1	{'Sydney': 1}	1	-46.59375	1
42	Q2479728	Filippa K	Filippa K	Q34	Sweden	Sverige	Filippa K was founded in Sweden .	Filippa K blev grundlagt i Sverige.	Filippa K blev grundlagt i 	 Filippa K blev grundlagt i Sverige.	 Filippa K blev grundlagt i 	Sverige	['Sweden', 'Kongeriget Sverige']	{'Sverige': 1}	1	-36.28125	1	{'Sverige': 1}	1	-49.125	1
43	Q5881259	Hollerado	Hollerado	Q1930	Ottawa	Ottawa	Hollerado was founded in Ottawa .	Hollerado blev grundlagt i Ottawa.	Hollerado blev grundlagt i 	 Hollerado blev grundlagt i Ottawa.	 Hollerado blev grundlagt i 	Ottawa	['Ottawa']	{'Ottawa': 1}	1	-46.5625	1	{'Ottawa': 1}	1	-57.09375	1
44	Q758934	Alestorm	Alestorm	Q203000	Perth	Perth	Alestorm was founded in Perth .	Alestorm blev grundlagt i Perth.	Alestorm blev grundlagt i 	 Alestorm blev grundlagt i Perth.	 Alestorm blev grundlagt i 	Perth	['Perth']	{'Perth': 1}	1	-38.625	1	{'Perth': 3}	0	-47.25	1
45	Q6168476	Jazzpunkensemblet	Jazzpunkensemblet	Q585	Oslo	Oslo	Jazzpunkensemblet was founded in Oslo .	Jazzpunkensemblet blev grundlagt i Oslo.	Jazzpunkensemblet blev grundlagt i 	Jazzpunkensemblet blev grundlagt i Oslo.	Jazzpunkensemblet blev grundlagt i 	Oslo	['Oslo', 'Christiania', 'Kristiania']	{'Oslo': 3}	0	-56.375	1	{'Oslo': 3}	0	-56.375	1
46	Q8058965	Your Vegas	Your Vegas	Q39121	Leeds	Leeds	Your Vegas was founded in Leeds .	Your Vegas blev grundlagt i Leeds.	Your Vegas blev grundlagt i 	 Your Vegas blev grundlagt i Leeds.	 Your Vegas blev grundlagt i 	Leeds	['Leeds']	{'Leeds': 1}	1	-46.09375	1	{'Leeds': 9}	0	-55.3125	0
47	Q1127565	The Fratellis	The Fratellis	Q4093	Glasgow	Glasgow	The Fratellis was founded in Glasgow .	The Fratellis blev grundlagt i Glasgow.	The Fratellis blev grundlagt i 	 Fratellis blev grundlagt i Glasgow.	 Fratellis blev grundlagt i 	Glasgow	['Glasgow']	{'Glasgow': 1}	1	-43.78125	1	{'Glasgow': 2}	0	-51.625	1
48	Q105349	Oscar Peterson	Oscar Peterson	Q340	Montreal	Montreal	Oscar Peterson was founded in Montreal .	Oscar Peterson blev grundlagt i Montreal.	Oscar Peterson blev grundlagt i 	 Oscar Peterson blev grundlagt i Montreal.	 Oscar Peterson blev grundlagt i 	Montreal	['Montreal']	{'Montreal': 1}	1	-45.34375	1	{'Montreal': 1}	1	-55.28125	1
49	Q35962	Maserati	Maserati	Q1891	Bologna	Bologna	Maserati was founded in Bologna .	Maserati blev grundlagt i Bologna.	Maserati blev grundlagt i 	 Maserati blev grundlagt i Bologna.	 Maserati blev grundlagt i 	Bologna	['Bologna']	{'Bologna': 1}	1	-31.640625	1	{'Bologna': 1}	1	-43.75	1
50	Q2723182	Betsson	Betsson	Q34	Sweden	Sverige	Betsson was founded in Sweden .	Betsson blev grundlagt i Sverige.	Betsson blev grundlagt i 	 Betsson blev grundlagt i Sverige.	 Betsson blev grundlagt i 	Sverige	['Sweden', 'Kongeriget Sverige']	{'Sverige': 1}	1	-33.0625	1	{'Sverige': 3}	0	-46.84375	1
51	Q717531	Chunghwa Telecom	Chunghwa Telecom	Q1867	Taipei	Taipei	Chunghwa Telecom was founded in Taipei .	Chunghwa Telecom blev grundlagt i Taipei.	Chunghwa Telecom blev grundlagt i 	 Chunghwa Telecom blev grundlagt i Taipei.	 Chunghwa Telecom blev grundlagt i 	Taipei	['Taipei']	{'Taipei': 1}	1	-37.34375	1	{'Taipei': 1}	1	-48.0	1
53	Q1006517	Off Course	Off Course	Q17	Japan	Japan	Off Course was founded in Japan .	Off Course blev grundlagt i Japan.	Off Course blev grundlagt i 	 Off Course blev grundlagt i Japan.	 Off Course blev grundlagt i 	Japan	['Japan']	{'Japan': 12}	0	-42.65625	0	{'Japan': 14}	0	-53.3125	0
54	Q1389044	Hades Almighty	Hades Almighty	Q26793	Bergen	Bergen	Hades Almighty was founded in Bergen .	Hades Almighty blev grundlagt i Bergen.	Hades Almighty blev grundlagt i 	 Hades den Almægtige blev grundlagt i Bergen.	 Hades den Almægtige blev grundlagt i 	Bergen	['Bergen', 'Bergen by']	{'Bergen': 5}	0	-50.0625	0	{'Bergen': 24}	0	-73.625	0
55	Q53257	Mitsubishi Electric	Mitsubishi Electric	Q1490	Tokyo	Tokyo	Mitsubishi Electric was founded in Tokyo .	Mitsubishi Electric blev grundlagt i Tokyo.	Mitsubishi Electric blev grundlagt i 	 Mitsubishi Electric blev grundlagt i Tokyo.	 Mitsubishi Electric blev grundlagt i 	Tokyo	['Tokyo']	{'Tokyo': 1}	1	-inf	1	{'Tokyo': 1}	1	-44.15625	1
56	Q1668695	The Big Pink	The Big Pink	Q84	London	London	The Big Pink was founded in London .	The Big Pink blev grundlagt i London.	The Big Pink blev grundlagt i 	 The Big Pink blev grundlagt i London.	 The Big Pink blev grundlagt i 	London	['London']	{'London': 1}	1	-44.1875	1	{'London': 2}	0	-50.09375	1
57	Q188464	Pixies	Pixies	Q100	Boston	Boston	Pixies was founded in Boston .	Pixies blev grundlagt i Boston.	Pixies blev grundlagt i 	 Pixies blev grundlagt i Boston.	 Pixies blev grundlagt i 	Boston	['Boston', 'Boston, Massachusetts']	{'Boston': 1}	1	-39.21875	1	{'Boston': 2}	0	-48.25	1
58	Q2650385	Graffiti6	Graffiti6	Q84	London	London	Graffiti6 was founded in London .	Graffiti6 blev grundlagt i London.	Graffiti6 blev grundlagt i 	 Graffiti6 blev grundlagt i London.	 Graffiti6 blev grundlagt i 	London	['London']	{'London': 1}	1	-47.0625	1	{'London': 1}	1	-58.4375	1
59	Q3648915	CSELT	CSELT	Q495	Turin	Torino	CSELT was founded in Turin .	CSELT blev grundlagt i Torino.	CSELT blev grundlagt i 	 CSELT blev grundlagt i Torino.	 CSELT blev grundlagt i 	Torino	['Turin']	{'Torino': 1}	1	-42.03125	1	{'Torino': 1}	1	-46.59375	1
60	Q565594	Eni	Eni	Q490	Milan	Milano	Eni was founded in Milan .	Eni blev grundlagt i Milano.	Eni blev grundlagt i 	 Eni blev grundlagt i Milano.	 Eni blev grundlagt i 	Milano	['Milan']	{'Milano': 1}	1	-37.28125	1	{'Milano': 1}	1	-48.8125	1
61	Q299132	Chamillionaire	Chamillionaire	Q16555	Houston	Houston	Chamillionaire was founded in Houston .	Chamillionaire blev grundlagt i Houston.	Chamillionaire blev grundlagt i 	 Chamillionaire blev grundlagt i Houston.	 Chamillionaire blev grundlagt i 	Houston	['Houston']	{'Houston': 3}	0	-41.1875	1	{'Houston': 1}	1	-54.625	1
62	Q578979	Slint	Slint	Q1603	Kentucky	Kentucky	Slint was founded in Kentucky .	Slint blev grundlagt i Kentucky.	Slint blev grundlagt i 	 Slint blev grundlagt i Kentucky.	 Slint blev grundlagt i 	Kentucky	['Kentucky']	{'Kentucky': 18}	0	-39.3125	0	{'Kentucky': 1}	1	-48.59375	1
63	Q483718	Foo Fighters	Foo Fighters	Q5083	Seattle	Seattle	Foo Fighters was founded in Seattle .	Foo Fighters blev grundlagt i Seattle.	Foo Fighters blev grundlagt i 	 Foo Fighters blev grundlagt i Seattle.	 Foo Fighters blev grundlagt i 	Seattle	['Seattle']	{'Seattle': 1}	1	-30.6875	1	{'Seattle': 1}	1	-45.125	1
64	Q202314	Thin Lizzy	Thin Lizzy	Q1761	Dublin	Dublin	Thin Lizzy was founded in Dublin .	Thin Lizzy blev grundlagt i Dublin.	Thin Lizzy blev grundlagt i 	 Thin Lizzy blev grundlagt i Dublin.	 Thin Lizzy blev grundlagt i 	Dublin	['Dublin']	{'Dublin': 1}	1	-42.03125	1	{'Dublin': 1}	1	-49.28125	1
65	Q93346	The Who	The Who	Q84	London	London	The Who was founded in London .	The Who blev grundlagt i London.	The Who blev grundlagt i 	 The Who blev grundlagt i London.	 The Who blev grundlagt i 	London	['London']	{'London': 1}	1	-42.84375	1	{'London': 1}	1	-48.75	1
66	Q20718	Samsung Electronics	Samsung Electronics	Q8684	Seoul	Seoul	Samsung Electronics was founded in Seoul .	Samsung Electronics blev grundlagt i Seoul.	Samsung Electronics blev grundlagt i 	 Samsung Electronics blev grundlagt i Seoul.	 Samsung Electronics blev grundlagt i 	Seoul	['Seoul']	{'Seoul': 1}	1	-39.75	1	{'Seoul': 1}	1	-46.4375	1
67	Q454930	Amaranthe	Amaranthe	Q25287	Gothenburg	Göteborg	Amaranthe was founded in Gothenburg .	Amaranthe blev grundlagt i Göteborg.	Amaranthe blev grundlagt i 	 Amaranthe blev grundlagt i Göteborg.	 Amaranthe blev grundlagt i 	Göteborg	['Gothenburg', 'Gøteborg']	{'Göteborg': 1}	1	-41.21875	1	{'Göteborg': 1}	1	-51.3125	1
68	Q134241	Feyenoord	Feyenoord	Q34370	Rotterdam	Rotterdam	Feyenoord was founded in Rotterdam .	Feyenoord blev grundlagt i Rotterdam.	Feyenoord blev grundlagt i 	 Feyenoord blev grundlagt i Rotterdam.	 Feyenoord blev grundlagt i 	Rotterdam	['Rotterdam']	{'Rotterdam': 1}	1	-40.6875	1	{'Rotterdam': 1}	1	-47.625	1
69	Q15678788	Fiat Chrysler Automobiles	Fiat Chrysler Automobiles	Q495	Turin	Torino	Fiat Chrysler Automobiles was founded in Turin .	Fiat Chrysler Automobiles blev grundlagt i Torino.	Fiat Chrysler Automobiles blev grundlagt i 	Fiat Chrysler Automobiles blev grundlagt i Torino.	Fiat Chrysler Automobiles blev grundlagt i 	Torino	['Turin']	{'Torino': 1}	1	-36.0625	1	{'Torino': 1}	1	-36.0625	1
70	Q15935	Kanye West	Kanye West	Q1297	Chicago	Chicago	Kanye West was founded in Chicago .	Kanye West blev grundlagt i Chicago.	Kanye West blev grundlagt i 	 Kanye West blev grundlagt i Chicago.	 Kanye West blev grundlagt i 	Chicago	['Chicago']	{'Chicago': 1}	1	-42.25	1	{'Chicago': 1}	1	-50.96875	1
71	Q203223	Ciara	Ciara	Q23556	Atlanta	Atlanta	Ciara was founded in Atlanta .	Ciara blev grundlagt i Atlanta.	Ciara blev grundlagt i 	 Ciara blev grundlagt i Atlanta.	 Ciara blev grundlagt i 	Atlanta	['Atlanta', 'Hotlanta', 'The Big Peach']	{'Atlanta': 18}	0	-36.625	0	{'Atlanta': 24}	0	-49.3125	0
72	Q910379	Leonardo	Leonardo S.p.A.	Q220	Rome	Rom	Leonardo was founded in Rome .	Leonardo S.p.A. blev grundlagt i Rom.	Leonardo S.p.A. blev grundlagt i 	 Leonardo blev grundlagt i Rom.	 Leonardo blev grundlagt i 	Rom	['Rome', 'Roma']	{'Rom': 1}	1	-41.1875	1	{'Rom': 1}	1	-50.1875	1
73	Q6189141	Jets Overhead	Jets Overhead	Q2132	Victoria	Victoria	Jets Overhead was founded in Victoria .	Jets Overhead blev grundlagt i Victoria.	Jets Overhead blev grundlagt i 	 Jets Overhead blev grundlagt i Victoria.	 Jets Overhead blev grundlagt i 	Victoria	['Victoria']	{'Victoria': 12}	0	-48.59375	0	{'Victoria': 18}	0	-50.9375	0
74	Q514377	Bentvueghels	Bentvueghels	Q220	Rome	Rom	Bentvueghels was founded in Rome .	Bentvueghels blev grundlagt i Rom.	Bentvueghels blev grundlagt i 	 Bentvueghels blev grundlagt i Rom.	 Bentvueghels blev grundlagt i 	Rom	['Rome', 'Roma']	{'Rom': 11}	0	-53.71875	0	{'Rom': 15}	0	-66.6875	0
75	Q300324	A Bathing Ape	A Bathing Ape	Q17	Japan	Japan	A Bathing Ape was founded in Japan .	A Bathing Ape blev grundlagt i Japan.	A Bathing Ape blev grundlagt i 	 En badeabe blev grundlagt i Japan.	 En badeabe blev grundlagt i 	Japan	['Japan']	{'Japan': 1}	1	-40.34375	1	{'Japan': 2}	0	-71.5	1
76	Q268160	The White Stripes	The White Stripes	Q12439	Detroit	Detroit	The White Stripes was founded in Detroit .	The White Stripes blev grundlagt i Detroit.	The White Stripes blev grundlagt i 	 White Stripes blev grundlagt i Detroit.	 White Stripes blev grundlagt i 	Detroit	['Detroit']	{'Detroit': 1}	1	-44.375	1	{'Detroit': 1}	1	-49.15625	1
77	Q2294659	Clickteam	Clickteam	Q90	Paris	Paris	Clickteam was founded in Paris .	Clickteam blev grundlagt i Paris.	Clickteam blev grundlagt i 	 Clickteam blev grundlagt i Paris.	 Clickteam blev grundlagt i 	Paris	['Paris']	{'Paris': 1}	1	-inf	1	{'Paris': 1}	1	-inf	1
78	Q1372747	Joell Ortiz	Joell Ortiz	Q18419	Brooklyn	Brooklyn	Joell Ortiz was founded in Brooklyn .	Joell Ortiz blev grundlagt i Brooklyn.	Joell Ortiz blev grundlagt i 	 Joell Ortiz blev grundlagt i Brooklyn.	 Joell Ortiz blev grundlagt i 	Brooklyn	['Brooklyn']	{'Brooklyn': 1}	1	-44.34375	1	{'Brooklyn': 1}	1	-54.34375	1
79	Q202988	Avedis Zildjian Company	Avedis Zildjian	Q406	Istanbul	Istanbul	Avedis Zildjian Company was founded in Istanbul .	Avedis Zildjian blev grundlagt i Istanbul.	Avedis Zildjian blev grundlagt i 	 Avedis Zildjian blev grundlagt i Istanbul.	 Avedis Zildjian blev grundlagt i 	Istanbul	['Istanbul']	{'Istanbul': 1}	1	-52.34375	1	{'Istanbul': 1}	1	-58.78125	1
80	Q1558952	Suntribe	Suntribe	Q191	Estonia	Estland	Suntribe was founded in Estonia .	Suntribe blev grundlagt i Estland.	Suntribe blev grundlagt i 	 Suntribe blev grundlagt i Estland.	 Suntribe blev grundlagt i 	Estland	['Estonia', 'Republikken Estland', 'Eesti', 'Eesti Vabariik']	{'Estland': 8}	0	-46.3125	0	{'Estland': 6}	0	-50.3125	0
81	Q483810	The Cranberries	The Cranberries	Q133315	Limerick	Limerick	The Cranberries was founded in Limerick .	The Cranberries blev grundlagt i Limerick.	The Cranberries blev grundlagt i 	 The Cranberries blev grundlagt i Limerick.	 The Cranberries blev grundlagt i 	Limerick	['Limerick', 'Luimneach']	{'Limerick': 1}	1	-41.84375	1	{'Limerick': 1}	1	-47.9375	1
82	Q7781003	thelastplaceyoulook	Thelastplaceyoulook	Q16555	Houston	Houston	thelastplaceyoulook was founded in Houston .	Thelastplaceyoulook blev grundlagt i Houston.	Thelastplaceyoulook blev grundlagt i 	 thelastplaceyoulook blev grundlagt i Houston.	 thelastplaceyoulook blev grundlagt i 	Houston	['Houston']	{'Houston': 1}	1	-inf	1	{'Houston': 21}	0	-64.8125	0
83	Q1882185	M People	M People	Q18125	Manchester	Manchester	M People was founded in Manchester .	M People blev grundlagt i Manchester.	M People blev grundlagt i 	 M People blev grundlagt i Manchester.	 M People blev grundlagt i 	Manchester	['Manchester']	{'Manchester': 1}	1	-44.0	1	{'Manchester': 1}	1	-50.90625	1
84	Q1123938	The Dresden Dolls	The Dresden Dolls	Q100	Boston	Boston	The Dresden Dolls was founded in Boston .	The Dresden Dolls blev grundlagt i Boston.	The Dresden Dolls blev grundlagt i 	 Dresden Dolls blev grundlagt i Boston.	 Dresden Dolls blev grundlagt i 	Boston	['Boston', 'Boston, Massachusetts']	{'Boston': 1}	1	-48.3125	1	{'Boston': 1}	1	-50.15625	1
85	Q2026737	Matt Thiessen	Matt Thiessen	Q491239	Canton	Canton	Matt Thiessen was founded in Canton .	Matt Thiessen blev grundlagt i Canton.	Matt Thiessen blev grundlagt i 	 Matt Thiessen blev grundlagt i Canton.	 Matt Thiessen blev grundlagt i 	Canton	['Canton']	{'Canton': 19}	0	-45.0	0	{'Canton': 23}	0	-55.59375	0
86	Q81888	AFC Ajax	Ajax Amsterdam	Q727	Amsterdam	Amsterdam	AFC Ajax was founded in Amsterdam .	Ajax Amsterdam blev grundlagt i Amsterdam.	Ajax Amsterdam blev grundlagt i 	 AFC Ajax blev grundlagt i Amsterdam.	 AFC Ajax blev grundlagt i 	Amsterdam	['Amsterdam']	{'Amsterdam': 1}	1	-33.25	1	{'Amsterdam': 1}	1	-48.625	1
87	Q576983	Karpe	Karpe	Q585	Oslo	Oslo	Karpe was founded in Oslo .	Karpe blev grundlagt i Oslo.	Karpe blev grundlagt i 	 Karpe blev grundlagt i Oslo.	 Karpe blev grundlagt i 	Oslo	['Oslo', 'Christiania', 'Kristiania']	{'Oslo': 9}	0	-43.8125	0	{'Oslo': 12}	0	-56.15625	0
88	Q313571	Daniel Diges	Daniel Diges	Q29	Spain	Spanien	Daniel Diges was founded in Spain .	Daniel Diges blev grundlagt i Spanien.	Daniel Diges blev grundlagt i 	 Daniel Diges blev grundlagt i Spanien.	 Daniel Diges blev grundlagt i 	Spanien	['Spain']	{'Spanien': 8}	0	-43.96875	0	{'Spanien': 23}	0	-56.53125	0
89	Q9322	Deutsche Bahn	Deutsche Bahn	Q64	Berlin	Berlin	Deutsche Bahn was founded in Berlin .	Deutsche Bahn blev grundlagt i Berlin.	Deutsche Bahn blev grundlagt i 	 Deutsche Bahn blev grundlagt i Berlin.	 Deutsche Bahn blev grundlagt i 	Berlin	['Berlin']	{'Berlin': 1}	1	-36.0	1	{'Berlin': 1}	1	-47.0	1
90	Q122741	Sega	Sega	Q1490	Tokyo	Tokyo	Sega was founded in Tokyo .	Sega blev grundlagt i Tokyo.	Sega blev grundlagt i 	 Sega blev grundlagt i Tokyo.	 Sega blev grundlagt i 	Tokyo	['Tokyo']	{'Tokyo': 1}	1	-35.5625	1	{'Tokyo': 1}	1	-43.78125	1
91	Q163989	Arch Enemy	Arch Enemy	Q34	Sweden	Sverige	Arch Enemy was founded in Sweden .	Arch Enemy blev grundlagt i Sverige.	Arch Enemy blev grundlagt i 	 Arch Enemy blev grundlagt i Sverige.	 Arch Enemy blev grundlagt i 	Sverige	['Sweden', 'Kongeriget Sverige']	{'Sverige': 1}	1	-36.21875	1	{'Sverige': 1}	1	-47.4375	1
92	Q736107	OK Go	Ok Go	Q1297	Chicago	Chicago	OK Go was founded in Chicago .	Ok Go blev grundlagt i Chicago.	Ok Go blev grundlagt i 	OK Go blev grundlagt i Chicago.	OK Go blev grundlagt i 	Chicago	['Chicago']	{'Chicago': 1}	1	-42.09375	1	{'Chicago': 1}	1	-35.15625	1
93	Q1798554	Adam and the Ants	Adam & the Ants	Q84	London	London	Adam and the Ants was founded in London .	Adam & the Ants blev grundlagt i London.	Adam & the Ants blev grundlagt i 	 Adam og myrerne blev grundlagt i London.	 Adam og myrerne blev grundlagt i 	London	['London']	{'London': 1}	1	-43.0	1	{'London': 6}	0	-69.1875	0
94	Q1770535	Visma	Visma	Q585	Oslo	Oslo	Visma was founded in Oslo .	Visma blev grundlagt i Oslo.	Visma blev grundlagt i 	 Visma blev grundlagt i Oslo.	 Visma blev grundlagt i 	Oslo	['Oslo', 'Christiania', 'Kristiania']	{'Oslo': 6}	0	-40.1875	0	{'Oslo': 5}	0	-48.21875	0
95	Q112496	Marianne Mendt	Marianne Mendt	Q1741	Vienna	Wien	Marianne Mendt was founded in Vienna .	Marianne Mendt blev grundlagt i Wien.	Marianne Mendt blev grundlagt i 	 Marianne Mendt blev grundlagt i Wien.	 Marianne Mendt blev grundlagt i 	Wien	['Vienna']	{'Wien': 18}	0	-47.375	0	{'Wien': 27}	0	-58.40625	0
96	Q1186459	Demon Hunter	Demon Hunter	Q5083	Seattle	Seattle	Demon Hunter was founded in Seattle .	Demon Hunter blev grundlagt i Seattle.	Demon Hunter blev grundlagt i 	 Demon Hunter blev grundlagt i Seattle.	 Demon Hunter blev grundlagt i 	Seattle	['Seattle']	{'Seattle': 1}	1	-37.6875	1	{'Seattle': 1}	1	-47.90625	1
97	Q2186255	Morning Parade	Morning Parade	Q852729	Harlow	Harlow	Morning Parade was founded in Harlow .	Morning Parade blev grundlagt i Harlow.	Morning Parade blev grundlagt i 	 Morning Parade blev grundlagt i Harlow.	 Morning Parade blev grundlagt i 	Harlow	['Harlow']	{'Harlow': 3}	0	-43.84375	1	{'Harlow': 9}	0	-53.8125	0
98	Q680019	Grundig	Grundig	Q2090	Nuremberg	Nürnberg	Grundig was founded in Nuremberg .	Grundig blev grundlagt i Nürnberg.	Grundig blev grundlagt i 	 Grundig blev grundlagt i Nürnberg.	 Grundig blev grundlagt i 	Nürnberg	['Nuremberg']	{'Nürnberg': 1}	1	-29.515625	1	{'Nürnberg': 1}	1	-45.3125	1
99	Q27074	Aston Martin Lagonda	Aston Martin	Q84	London	London	Aston Martin Lagonda was founded in London .	Aston Martin blev grundlagt i London.	Aston Martin blev grundlagt i 	 Aston Martin Lagonda blev grundlagt i London.	 Aston Martin Lagonda blev grundlagt i 	London	['London']	{'London': 1}	1	-38.46875	1	{'London': 1}	1	-48.40625	1
100	Q45188	Coldplay	Coldplay	Q84	London	London	Coldplay was founded in London .	Coldplay blev grundlagt i London.	Coldplay blev grundlagt i 	 Coldplay blev grundlagt i London.	 Coldplay blev grundlagt i 	London	['London']	{'London': 1}	1	-34.875	1	{'London': 1}	1	-46.375	1
101	Q368151	Mediaset S.p.A.	Mediaset S.p.A.	Q490	Milan	Milano	Mediaset S.p.A. was founded in Milan .	Mediaset S.p.A. blev grundlagt i Milano.	Mediaset S.p.A. blev grundlagt i 	 Mediaset SpA blev grundlagt i Milano.	 Mediaset SpA blev grundlagt i 	Milano	['Milan']	{'Milano': 1}	1	-39.875	1	{'Milano': 1}	1	-52.9375	1
102	Q334648	Roxy Music	Roxy Music	Q84	London	London	Roxy Music was founded in London .	Roxy Music blev grundlagt i London.	Roxy Music blev grundlagt i 	 Roxy Music blev grundlagt i London.	 Roxy Music blev grundlagt i 	London	['London']	{'London': 1}	1	-37.5625	1	{'London': 1}	1	-45.71875	1
103	Q152433	Xerox	Xerox	Q49218	Rochester	Rochester	Xerox was founded in Rochester .	Xerox blev grundlagt i Rochester.	Xerox blev grundlagt i 	 Xerox blev grundlagt i Rochester.	 Xerox blev grundlagt i 	Rochester	['Rochester']	{'Rochester': 1}	1	-32.59375	1	{'Rochester': 1}	1	-42.40625	1
104	Q585470	Simian Mobile Disco	Simian Mobile Disco	Q84	London	London	Simian Mobile Disco was founded in London .	Simian Mobile Disco blev grundlagt i London.	Simian Mobile Disco blev grundlagt i 	 Simian Mobile Disco blev grundlagt i London.	 Simian Mobile Disco blev grundlagt i 	London	['London']	{'London': 1}	1	-38.34375	1	{'London': 1}	1	-48.90625	1
105	Q623921	Drowning Pool	Drowning Pool	Q16557	Dallas	Dallas	Drowning Pool was founded in Dallas .	Drowning Pool blev grundlagt i Dallas.	Drowning Pool blev grundlagt i 	 Drowning Pool blev grundlagt i Dallas.	 Drowning Pool blev grundlagt i 	Dallas	['Dallas']	{'Dallas': 1}	1	-38.3125	1	{'Dallas': 1}	1	-46.0625	1
106	Q170599	Arctic Monkeys	Arctic Monkeys	Q42448	Sheffield	Sheffield	Arctic Monkeys was founded in Sheffield .	Arctic Monkeys blev grundlagt i Sheffield.	Arctic Monkeys blev grundlagt i 	 Arctic Monkeys blev grundlagt i Sheffield.	 Arctic Monkeys blev grundlagt i 	Sheffield	['Sheffield']	{'Sheffield': 1}	1	-39.40625	1	{'Sheffield': 1}	1	-48.90625	1
107	Q184697	Gloria Estefan	Gloria Estefan	Q8652	Miami	Miami	Gloria Estefan was founded in Miami .	Gloria Estefan blev grundlagt i Miami.	Gloria Estefan blev grundlagt i 	 Gloria Estefan blev grundlagt i Miami.	 Gloria Estefan blev grundlagt i 	Miami	['Miami']	{'Miami': 1}	1	-41.0625	1	{'Miami': 1}	1	-50.3125	1
108	Q1628005	The Membranes	The Membranes	Q170377	Blackpool	Blackpool	The Membranes was founded in Blackpool .	The Membranes blev grundlagt i Blackpool.	The Membranes blev grundlagt i 	 The Membranes blev grundlagt i Blackpool.	 The Membranes blev grundlagt i 	Blackpool	['Blackpool']	{'Blackpool': 4}	0	-51.09375	0	{'Blackpool': 9}	0	-57.75	0
109	Q415294	Akai	Akai	Q1490	Tokyo	Tokyo	Akai was founded in Tokyo .	Akai blev grundlagt i Tokyo.	Akai blev grundlagt i 	 Akai blev grundlagt i Tokyo.	 Akai blev grundlagt i 	Tokyo	['Tokyo']	{'Tokyo': 1}	1	-47.375	1	{'Tokyo': 1}	1	-53.5625	1
110	Q81230	Siemens	Siemens AG	Q64	Berlin	Berlin	Siemens was founded in Berlin .	Siemens AG blev grundlagt i Berlin.	Siemens AG blev grundlagt i 	 Siemens blev grundlagt i Berlin.	 Siemens blev grundlagt i 	Berlin	['Berlin']	{'Berlin': 1}	1	-39.90625	1	{'Berlin': 1}	1	-45.875	1
111	Q819150	Krauss-Maffei	Krauss-Maffei	Q1726	Munich	München	Krauss-Maffei was founded in Munich .	Krauss-Maffei blev grundlagt i München.	Krauss-Maffei blev grundlagt i 	 Krauss-Maffei blev grundlagt i München.	 Krauss-Maffei blev grundlagt i 	München	['Munich']	{'München': 1}	1	-38.0625	1	{'München': 1}	1	-51.375	1
112	Q64545	Hasselblad	Hasselblad	Q25287	Gothenburg	Göteborg	Hasselblad was founded in Gothenburg .	Hasselblad blev grundlagt i Göteborg.	Hasselblad blev grundlagt i 	 Hasselblad blev grundlagt i Göteborg.	 Hasselblad blev grundlagt i 	Göteborg	['Gothenburg', 'Gøteborg']	{'Göteborg': 1}	1	-32.3125	1	{'Göteborg': 1}	1	-47.40625	1
113	Q295919	Sam Cooke	Sam Cooke	Q1297	Chicago	Chicago	Sam Cooke was founded in Chicago .	Sam Cooke blev grundlagt i Chicago.	Sam Cooke blev grundlagt i 	 Sam Cooke blev grundlagt i Chicago.	 Sam Cooke blev grundlagt i 	Chicago	['Chicago']	{'Chicago': 10}	0	-41.125	0	{'Chicago': 3}	0	-50.875	1
114	Q2129943	Miami Horror	Miami Horror	Q3141	Melbourne	Melbourne	Miami Horror was founded in Melbourne .	Miami Horror blev grundlagt i Melbourne.	Miami Horror blev grundlagt i 	 Miami Horror blev grundlagt i Melbourne.	 Miami Horror blev grundlagt i 	Melbourne	['Melbourne']	{'Melbourne': 2}	0	-41.375	1	{'Melbourne': 1}	1	-51.59375	1
115	Q2411388	Five Stairsteps	Five Stairsteps	Q1297	Chicago	Chicago	Five Stairsteps was founded in Chicago .	Five Stairsteps blev grundlagt i Chicago.	Five Stairsteps blev grundlagt i 	Five Stairsteps blev grundlagt i Chicago.	Five Stairsteps blev grundlagt i 	Chicago	['Chicago']	{'Chicago': 2}	0	-47.0	1	{'Chicago': 2}	0	-47.0	1
116	Q81307	Greenpeace	Greenpeace	Q24639	Vancouver	Vancouver	Greenpeace was founded in Vancouver .	Greenpeace blev grundlagt i Vancouver.	Greenpeace blev grundlagt i 	 Greenpeace blev grundlagt i Vancouver.	 Greenpeace blev grundlagt i 	Vancouver	['Vancouver']	{'Vancouver': 3}	0	-34.96875	1	{'Vancouver': 2}	0	-43.4375	1
117	Q18557	Opeth	Opeth	Q34	Sweden	Sverige	Opeth was founded in Sweden .	Opeth blev grundlagt i Sverige.	Opeth blev grundlagt i 	 Opeth blev grundlagt i Sverige.	 Opeth blev grundlagt i 	Sverige	['Sweden', 'Kongeriget Sverige']	{'Sverige': 1}	1	-36.8125	1	{'Sverige': 1}	1	-47.0	1
118	Q1636958	Xiaomi	Xiaomi	Q956	Beijing	Beijing	Xiaomi was founded in Beijing .	Xiaomi blev grundlagt i Beijing.	Xiaomi blev grundlagt i 	 Xiaomi blev grundlagt i Beijing.	 Xiaomi blev grundlagt i 	Beijing	['Beijing']	{'Beijing': 1}	1	-inf	1	{'Beijing': 1}	1	-47.25	1
119	Q7601535	Starclub	Starclub	Q21	England	England	Starclub was founded in England .	Starclub blev grundlagt i England.	Starclub blev grundlagt i 	 Starclub blev grundlagt i England.	 Starclub blev grundlagt i 	England	['England']	{'England': 11}	0	-40.5	0	{'England': 21}	0	-50.84375	0
120	Q247116	Ansett Australia	Ansett Australia	Q3141	Melbourne	Melbourne	Ansett Australia was founded in Melbourne .	Ansett Australia blev grundlagt i Melbourne.	Ansett Australia blev grundlagt i 	 Ansett Australia blev grundlagt i Melbourne.	 Ansett Australia blev grundlagt i 	Melbourne	['Melbourne']	{'Melbourne': 1}	1	-36.6875	1	{'Melbourne': 1}	1	-43.8125	1
121	Q321762	Napalm Death	Napalm Death	Q2256	Birmingham	Birmingham	Napalm Death was founded in Birmingham .	Napalm Death blev grundlagt i Birmingham.	Napalm Death blev grundlagt i 	 Napalm Death blev grundlagt i Birmingham.	 Napalm Death blev grundlagt i 	Birmingham	['Birmingham']	{'Birmingham': 1}	1	-35.375	1	{'Birmingham': 1}	1	-46.3125	1
122	Q4992445	The Duke Spirit	The Duke Spirit	Q84	London	London	The Duke Spirit was founded in London .	The Duke Spirit blev grundlagt i London.	The Duke Spirit blev grundlagt i 	 Duke Spirit blev grundlagt i London.	 Duke Spirit blev grundlagt i 	London	['London']	{'London': 1}	1	-48.5	1	{'London': 1}	1	-51.8125	1
123	Q310481	OSRAM Licht AG	Osram	Q1726	Munich	München	OSRAM Licht AG was founded in Munich .	Osram blev grundlagt i München.	Osram blev grundlagt i 	 OSRAM Licht AG blev grundlagt i München.	 OSRAM Licht AG blev grundlagt i 	München	['Munich']	{'München': 1}	1	-35.21875	1	{'München': 1}	1	-50.4375	1
124	Q777721	Smirnoff	Smirnoff	Q649	Moscow	Moskva	Smirnoff was founded in Moscow .	Smirnoff blev grundlagt i Moskva.	Smirnoff blev grundlagt i 	 Smirnoff blev grundlagt i Moskva.	 Smirnoff blev grundlagt i 	Moskva	['Moscow']	{'Moskva': 1}	1	-37.6875	1	{'Moskva': 1}	1	-50.21875	1
125	Q4038625	Fan Death	Fan Death	Q18419	Brooklyn	Brooklyn	Fan Death was founded in Brooklyn .	Fan Death blev grundlagt i Brooklyn.	Fan Death blev grundlagt i 	 Fan Death blev grundlagt i Brooklyn.	 Fan Death blev grundlagt i 	Brooklyn	['Brooklyn']	{'Brooklyn': 25}	0	-inf	0	{'Brooklyn': 14}	0	-inf	0
126	Q2300932	Martini & Rossi	Martini & Rossi	Q495	Turin	Torino	Martini & Rossi was founded in Turin .	Martini & Rossi blev grundlagt i Torino.	Martini & Rossi blev grundlagt i 	 Martini & Rossi blev grundlagt i Torino.	 Martini & Rossi blev grundlagt i 	Torino	['Turin']	{'Torino': 1}	1	-38.59375	1	{'Torino': 1}	1	-49.78125	1
128	Q1970440	The Blue Nile	The Blue Nile	Q4093	Glasgow	Glasgow	The Blue Nile was founded in Glasgow .	The Blue Nile blev grundlagt i Glasgow.	The Blue Nile blev grundlagt i 	 Den Blå Nil blev grundlagt i Glasgow.	 Den Blå Nil blev grundlagt i 	Glasgow	['Glasgow']	{'Glasgow': 1}	1	-43.4375	1	{'Glasgow': 12}	0	-62.34375	0
129	Q253414	FIFA	FIFA	Q90	Paris	Paris	FIFA was founded in Paris .	FIFA blev grundlagt i Paris.	FIFA blev grundlagt i 	 FIFA blev grundlagt i Paris.	 FIFA blev grundlagt i 	Paris	['Paris']	{'Paris': 1}	1	-28.71875	1	{'Paris': 1}	1	-41.90625	1
130	Q370231	Mark Jansen	Mark Jansen	Q55	Netherlands	Holland	Mark Jansen was founded in Netherlands .	Mark Jansen blev grundlagt i Holland.	Mark Jansen blev grundlagt i 	 Mark Jansen blev grundlagt i Holland.	 Mark Jansen blev grundlagt i 	Holland	['Netherlands', 'Nederlandene', 'Nederland']	{'Holland': 15}	0	-49.34375	0	{'Holland': 6}	0	-57.21875	0
131	Q1134746	Legg Mason	Legg Mason	Q5092	Baltimore	Baltimore	Legg Mason was founded in Baltimore .	Legg Mason blev grundlagt i Baltimore.	Legg Mason blev grundlagt i 	 Legg Mason blev grundlagt i Baltimore.	 Legg Mason blev grundlagt i 	Baltimore	['Baltimore']	{'Baltimore': 1}	1	-33.6875	1	{'Baltimore': 1}	1	-47.9375	1
132	Q388055	Afro-dite	Afro-Dite	Q34	Sweden	Sverige	Afro-dite was founded in Sweden .	Afro-Dite blev grundlagt i Sverige.	Afro-Dite blev grundlagt i 	 Afro-dite blev grundlagt i Sverige.	 Afro-dite blev grundlagt i 	Sverige	['Sweden', 'Kongeriget Sverige']	{'Sverige': 25}	0	-47.03125	0	{'Sverige': 33}	0	-56.875	0
133	Q173357	Simca	Simca	Q90	Paris	Paris	Simca was founded in Paris .	Simca blev grundlagt i Paris.	Simca blev grundlagt i 	 Simca blev grundlagt i Paris.	 Simca blev grundlagt i 	Paris	['Paris']	{'Paris': 1}	1	-37.8125	1	{'Paris': 1}	1	-51.5	1
134	Q183412	EMI	EMI	Q84	London	London	EMI was founded in London .	EMI blev grundlagt i London.	EMI blev grundlagt i 	 EMI blev grundlagt i London.	 EMI blev grundlagt i 	London	['London']	{'London': 1}	1	-37.5	1	{'London': 1}	1	-45.84375	1
135	Q2306052	Branobel	Branobel	Q9248	Baku	Baku	Branobel was founded in Baku .	Branobel blev grundlagt i Baku.	Branobel blev grundlagt i 	 Branobel blev grundlagt i Baku.	 Branobel blev grundlagt i 	Baku	['Baku']	{'Baku': 1}	1	-39.1875	1	{'Baku': 1}	1	-52.90625	1
136	Q931544	Half Japanese	Half Japanese	Q1391	Maryland	Maryland	Half Japanese was founded in Maryland .	Half Japanese blev grundlagt i Maryland.	Half Japanese blev grundlagt i 	 Half Japanese blev grundlagt i Maryland.	 Half Japanese blev grundlagt i 	Maryland	['Maryland', 'MD']	{'Maryland': 7}	0	-44.96875	0	{'Maryland': 10}	0	-57.6875	0
137	Q752170	Van der Graaf Generator	Van der Graaf Generator	Q18125	Manchester	Manchester	Van der Graaf Generator was founded in Manchester .	Van der Graaf Generator blev grundlagt i Manchester.	Van der Graaf Generator blev grundlagt i 	 Van der Graaf Generator blev grundlagt i Manchester.	 Van der Graaf Generator blev grundlagt i 	Manchester	['Manchester']	{'Manchester': 1}	1	-37.65625	1	{'Manchester': 1}	1	-46.625	1
138	Q842152	Madcon	Madcon	Q585	Oslo	Oslo	Madcon was founded in Oslo .	Madcon blev grundlagt i Oslo.	Madcon blev grundlagt i 	 Madcon blev grundlagt i Oslo.	 Madcon blev grundlagt i 	Oslo	['Oslo', 'Christiania', 'Kristiania']	{'Oslo': 1}	1	-41.125	1	{'Oslo': 1}	1	-51.625	1
139	Q2055074	Freelance Whales	Freelance Whales	Q18424	Queens	Queens	Freelance Whales was founded in Queens .	Freelance Whales blev grundlagt i Queens.	Freelance Whales blev grundlagt i 	Freelance Whales blev grundlagt i Queens.	Freelance Whales blev grundlagt i 	Queens	['Queens']	{'Queens': 2}	0	-42.90625	1	{'Queens': 2}	0	-42.90625	1
140	Q282925	The Hollies	The Hollies	Q18125	Manchester	Manchester	The Hollies was founded in Manchester .	The Hollies blev grundlagt i Manchester.	The Hollies blev grundlagt i 	 The Hollies blev grundlagt i Manchester.	 The Hollies blev grundlagt i 	Manchester	['Manchester']	{'Manchester': 1}	1	-43.6875	1	{'Manchester': 1}	1	-49.90625	1
141	Q1066018	Toei Company	Toei Company	Q1490	Tokyo	Tokyo	Toei Company was founded in Tokyo .	Toei Company blev grundlagt i Tokyo.	Toei Company blev grundlagt i 	 Toei Company blev grundlagt i Tokyo.	 Toei Company blev grundlagt i 	Tokyo	['Tokyo']	{'Tokyo': 1}	1	-41.0625	1	{'Tokyo': 1}	1	-48.34375	1
142	Q963303	Union of Lublin	Lublinunionen	Q37333	Lublin	Lublin	Union of Lublin was founded in Lublin .	Lublinunionen blev grundlagt i Lublin.	Lublinunionen blev grundlagt i 	 Unionen af Lublin blev grundlagt i Lublin.	 Unionen af Lublin blev grundlagt i 	Lublin	['Lublin']	{'Lublin': 1}	1	-50.0	1	{'Lublin': 1}	1	-56.21875	1
143	Q864407	The Home Depot	The Home Depot	Q23556	Atlanta	Atlanta	The Home Depot was founded in Atlanta .	The Home Depot blev grundlagt i Atlanta.	The Home Depot blev grundlagt i 	 Home Depot blev grundlagt i Atlanta.	 Home Depot blev grundlagt i 	Atlanta	['Atlanta', 'Hotlanta', 'The Big Peach']	{'Atlanta': 1}	1	-38.5625	1	{'Atlanta': 1}	1	-47.34375	1
144	Q4356297	Peab	Peab	Q34	Sweden	Sverige	Peab was founded in Sweden .	Peab blev grundlagt i Sverige.	Peab blev grundlagt i 	 Peab blev grundlagt i Sverige.	 Peab blev grundlagt i 	Sverige	['Sweden', 'Kongeriget Sverige']	{'Sverige': 3}	0	-37.53125	1	{'Sverige': 7}	0	-49.71875	0
145	Q1585838	Jemini	Jemini	Q24826	Liverpool	Liverpool	Jemini was founded in Liverpool .	Jemini blev grundlagt i Liverpool.	Jemini blev grundlagt i 	 Jemini blev grundlagt i Liverpool.	 Jemini blev grundlagt i 	Liverpool	['Liverpool', 'Liverpool, UK', 'Liverpool, England']	{'Liverpool': 18}	0	-44.9375	0	{'Liverpool': 21}	0	-51.65625	0
146	Q543750	Lavazza	Lavazza	Q495	Turin	Torino	Lavazza was founded in Turin .	Lavazza blev grundlagt i Torino.	Lavazza blev grundlagt i 	 Lavazza blev grundlagt i Torino.	 Lavazza blev grundlagt i 	Torino	['Turin']	{'Torino': 1}	1	-40.875	1	{'Torino': 1}	1	-53.0625	1
147	Q4356488	Ultrabeat	Ultrabeat	Q24826	Liverpool	Liverpool	Ultrabeat was founded in Liverpool .	Ultrabeat blev grundlagt i Liverpool.	Ultrabeat blev grundlagt i 	 Ultrabeat blev grundlagt i Liverpool.	 Ultrabeat blev grundlagt i 	Liverpool	['Liverpool', 'Liverpool, UK', 'Liverpool, England']	{'Liverpool': 1}	1	-39.25	1	{'Liverpool': 1}	1	-51.03125	1
148	Q58381	Duran Duran	Duran Duran	Q2256	Birmingham	Birmingham	Duran Duran was founded in Birmingham .	Duran Duran blev grundlagt i Birmingham.	Duran Duran blev grundlagt i 	 Duran Duran blev grundlagt i Birmingham.	 Duran Duran blev grundlagt i 	Birmingham	['Birmingham']	{'Birmingham': 1}	1	-35.375	1	{'Birmingham': 1}	1	-47.375	1
149	Q1144015	Spiritualized	Spiritualized	Q623765	Rugby	Rugby	Spiritualized was founded in Rugby .	Spiritualized blev grundlagt i Rugby.	Spiritualized blev grundlagt i 	 Spiritualized blev grundlagt i Rugby.	 Spiritualized blev grundlagt i 	Rugby	['Rugby']	{'Rugby': 1}	1	-42.09375	1	{'Rugby': 1}	1	-53.5625	1
150	Q966846	Rimmel	Rimmel	Q84	London	London	Rimmel was founded in London .	Rimmel blev grundlagt i London.	Rimmel blev grundlagt i 	 Rimmel blev grundlagt i London.	 Rimmel blev grundlagt i 	London	['London']	{'London': 1}	1	-44.09375	1	{'London': 1}	1	-53.46875	1
151	Q609771	Faber Drive	Faber Drive	Q557643	Mission	Mission	Faber Drive was founded in Mission .	Faber Drive blev grundlagt i Mission.	Faber Drive blev grundlagt i 	 Faber Drive blev grundlagt i Mission.	 Faber Drive blev grundlagt i 	Mission	['Mission']	{'Mission': 6}	0	-36.28125	0	{'Mission': 14}	0	-50.0625	0
152	Q2177339	Russo-Balt	Russo-Balt	Q1773	Riga	Riga	Russo-Balt was founded in Riga .	Russo-Balt blev grundlagt i Riga.	Russo-Balt blev grundlagt i 	 Russo-Balt blev grundlagt i Riga.	 Russo-Balt blev grundlagt i 	Riga	['Riga']	{'Riga': 1}	1	-41.25	1	{'Riga': 1}	1	-54.46875	1
153	Q587270	Games Workshop	Games Workshop	Q84	London	London	Games Workshop was founded in London .	Games Workshop blev grundlagt i London.	Games Workshop blev grundlagt i 	 Games Workshop blev grundlagt i London.	 Games Workshop blev grundlagt i 	London	['London']	{'London': 1}	1	-31.875	1	{'London': 1}	1	-45.0	1
154	Q499071	East Japan Railway Company	East Japan Railway Company	Q1490	Tokyo	Tokyo	East Japan Railway Company was founded in Tokyo .	East Japan Railway Company blev grundlagt i Tokyo.	East Japan Railway Company blev grundlagt i 	 East Japan Railway Company blev grundlagt i Tokyo.	 East Japan Railway Company blev grundlagt i 	Tokyo	['Tokyo']	{'Tokyo': 1}	1	-inf	1	{'Tokyo': 1}	1	-inf	1
155	Q666697	Primal Scream	Primal Scream	Q4093	Glasgow	Glasgow	Primal Scream was founded in Glasgow .	Primal Scream blev grundlagt i Glasgow.	Primal Scream blev grundlagt i 	 Primal Scream blev grundlagt i Glasgow.	 Primal Scream blev grundlagt i 	Glasgow	['Glasgow']	{'Glasgow': 1}	1	-37.90625	1	{'Glasgow': 1}	1	-46.375	1
156	Q505922	Electrolux	Electrolux	Q1754	Stockholm	Stockholm	Electrolux was founded in Stockholm .	Electrolux blev grundlagt i Stockholm.	Electrolux blev grundlagt i 	 Electrolux blev grundlagt i Stockholm.	 Electrolux blev grundlagt i 	Stockholm	['Stockholm']	{'Stockholm': 1}	1	-34.03125	1	{'Stockholm': 1}	1	-47.8125	1
157	Q270724	Lykke Li	Lykke Li	Q34	Sweden	Sverige	Lykke Li was founded in Sweden .	Lykke Li blev grundlagt i Sverige.	Lykke Li blev grundlagt i 	 Lykke Li blev grundlagt i Sverige.	 Lykke Li blev grundlagt i 	Sverige	['Sweden', 'Kongeriget Sverige']	{'Sverige': 2}	0	-39.09375	1	{'Sverige': 15}	0	-51.03125	0
158	Q2407351	Lippincott Williams & Wilkins	Lippincott Williams & Wilkins	Q1345	Philadelphia	Philadelphia	Lippincott Williams & Wilkins was founded in Philadelphia .	Lippincott Williams & Wilkins blev grundlagt i Philadelphia.	Lippincott Williams & Wilkins blev grundlagt i 	 Lippincott Williams & Wilkins blev grundlagt i Philadelphia.	 Lippincott Williams & Wilkins blev grundlagt i 	Philadelphia	['Philadelphia']	{'Philadelphia': 1}	1	-33.46875	1	{'Philadelphia': 1}	1	-43.125	1
159	Q99633	Berliner Verkehrsbetriebe	Berliner Verkehrsbetriebe	Q64	Berlin	Berlin	Berliner Verkehrsbetriebe was founded in Berlin .	Berliner Verkehrsbetriebe blev grundlagt i Berlin.	Berliner Verkehrsbetriebe blev grundlagt i 	 Berliner Verkehrsbetriebe blev grundlagt i Berlin.	 Berliner Verkehrsbetriebe blev grundlagt i 	Berlin	['Berlin']	{'Berlin': 1}	1	-42.84375	1	{'Berlin': 1}	1	-53.53125	1
160	Q573266	REWE Group	REWE Group	Q365	Cologne	Köln	REWE Group was founded in Cologne .	REWE Group blev grundlagt i Köln.	REWE Group blev grundlagt i 	 REWE Group blev grundlagt i Köln.	 REWE Group blev grundlagt i 	Köln	['Cologne']	{'Köln': 3}	0	-39.4375	1	{'Köln': 3}	0	-48.78125	1
161	Q1412968	NRJ Group	NRJ	Q90	Paris	Paris	NRJ Group was founded in Paris .	NRJ blev grundlagt i Paris.	NRJ blev grundlagt i 	 NRJ Gruppen blev grundlagt i Paris.	 NRJ Gruppen blev grundlagt i 	Paris	['Paris']	{'Paris': 1}	1	-33.4375	1	{'Paris': 4}	0	-58.21875	0
162	Q1752700	Powerman 5000	Powerman 5000	Q100	Boston	Boston	Powerman 5000 was founded in Boston .	Powerman 5000 blev grundlagt i Boston.	Powerman 5000 blev grundlagt i 	Powerman 5000 blev grundlagt i Boston.	Powerman 5000 blev grundlagt i 	Boston	['Boston', 'Boston, Massachusetts']	{'Boston': 1}	1	-36.4375	1	{'Boston': 1}	1	-36.4375	1
163	Q381779	Aerosvit Airlines	Aerosvit Airlines	Q1899	Kiev	Kijev	Aerosvit Airlines was founded in Kiev .	Aerosvit Airlines blev grundlagt i Kijev.	Aerosvit Airlines blev grundlagt i 	 Aerosvit Airlines blev grundlagt i Kiev.	 Aerosvit Airlines blev grundlagt i 	Kiev	['Kyiv', 'Київ', 'Kyiv', 'Kyyiv', 'Kyjiv']	{'Kijev': 1, 'Kiev': 2}	1	-43.75	1	{'Kiev': 1, 'Kijev': 2}	1	-47.90625	1
164	Q194393	SK Slavia Prague	SK Slavia Prag	Q1085	Prague	Prag	SK Slavia Prague was founded in Prague .	SK Slavia Prag blev grundlagt i Prag.	SK Slavia Prag blev grundlagt i 	 SK Slavia Prag blev grundlagt i Prag.	 SK Slavia Prag blev grundlagt i 	Prag	['Prague', 'Praha']	{'Prag': 1}	1	-inf	1	{'Prag': 1}	1	-inf	1
165	Q2201225	Italian National Labor Bank	Banca Nazionale del Lavoro	Q220	Rome	Rom	Italian National Labor Bank was founded in Rome .	Banca Nazionale del Lavoro blev grundlagt i Rom.	Banca Nazionale del Lavoro blev grundlagt i 	 Den Italienske Nationale Arbejdsbank blev grundlagt i Rom.	 Den Italienske Nationale Arbejdsbank blev grundlagt i 	Rom	['Rome', 'Roma']	{'Rom': 1}	1	-44.15625	1	{'Rom': 1}	1	-78.0	1
166	Q1379906	GEDI Gruppo Editoriale	GEDI Gruppo Editoriale	Q220	Rome	Rom	GEDI Gruppo Editoriale was founded in Rome .	GEDI Gruppo Editoriale blev grundlagt i Rom.	GEDI Gruppo Editoriale blev grundlagt i 	 GEDI Gruppo Editoriale blev grundlagt i Rom.	 GEDI Gruppo Editoriale blev grundlagt i 	Rom	['Rome', 'Roma']	{'Rom': 1}	1	-53.125	1	{'Rom': 1}	1	-60.75	1
167	Q504998	LVMH	LVMH	Q90	Paris	Paris	LVMH was founded in Paris .	LVMH blev grundlagt i Paris.	LVMH blev grundlagt i 	 LVMH blev grundlagt i Paris.	 LVMH blev grundlagt i 	Paris	['Paris']	{'Paris': 1}	1	-36.09375	1	{'Paris': 1}	1	-41.375	1
168	Q707095	Culcha Candela	Culcha Candela	Q64	Berlin	Berlin	Culcha Candela was founded in Berlin .	Culcha Candela blev grundlagt i Berlin.	Culcha Candela blev grundlagt i 	 Culcha Candela blev grundlagt i Berlin.	 Culcha Candela blev grundlagt i 	Berlin	['Berlin']	{'Berlin': 4}	0	-47.375	0	{'Berlin': 6}	0	-52.625	0
169	Q513712	Pony Canyon	Pony Canyon	Q1490	Tokyo	Tokyo	Pony Canyon was founded in Tokyo .	Pony Canyon blev grundlagt i Tokyo.	Pony Canyon blev grundlagt i 	 Pony Canyon blev grundlagt i Tokyo.	 Pony Canyon blev grundlagt i 	Tokyo	['Tokyo']	{'Tokyo': 1}	1	-37.78125	1	{'Tokyo': 1}	1	-43.84375	1
170	Q498448	Finntroll	Finntroll	Q1757	Helsinki	Helsinki	Finntroll was founded in Helsinki .	Finntroll blev grundlagt i Helsinki.	Finntroll blev grundlagt i 	 Finntroll blev grundlagt i Helsinki.	 Finntroll blev grundlagt i 	Helsinki	['Helsinki', 'Helsingfors']	{'Helsinki': 1}	1	-39.71875	1	{'Helsinki': 1}	1	-51.46875	1
171	Q1323653	Rizzle Kicks	Rizzle Kicks	Q131491	Brighton	Brighton	Rizzle Kicks was founded in Brighton .	Rizzle Kicks blev grundlagt i Brighton.	Rizzle Kicks blev grundlagt i 	 Rizzle Kicks blev grundlagt i Brighton.	 Rizzle Kicks blev grundlagt i 	Brighton	['Brighton']	{'Brighton': 1}	1	-41.6875	1	{'Brighton': 1}	1	-48.53125	1
172	Q682520	Transport for London	Transport for London	Q84	London	London	Transport for London was founded in London .	Transport for London blev grundlagt i London.	Transport for London blev grundlagt i 	 Transport for London blev grundlagt i London.	 Transport for London blev grundlagt i 	London	['London']	{'London': 1}	1	-inf	1	{'London': 1}	1	-46.5	1
173	Q12009	Ell & Nikki	Eldar og Nigar	Q9248	Baku	Baku	Ell & Nikki was founded in Baku .	Eldar og Nigar blev grundlagt i Baku.	Eldar og Nigar blev grundlagt i 	 Ell & Nikki blev grundlagt i Baku.	 Ell & Nikki blev grundlagt i 	Baku	['Baku']	{'Baku': 3}	0	-65.3125	1	{'Baku': 17}	0	-59.15625	0
174	Q158895	Helloween	Helloween	Q1055	Hamburg	Hamborg	Helloween was founded in Hamburg .	Helloween blev grundlagt i Hamborg.	Helloween blev grundlagt i 	 Helloween blev grundlagt i Hamborg.	 Helloween blev grundlagt i 	Hamborg	['Hamburg', 'Hamburg']	{'Hamborg': 1}	1	-34.59375	1	{'Hamborg': 1}	1	-48.0	1
175	Q1352997	The Courteeners	The Courteeners	Q2560244	Middleton	Middleton	The Courteeners was founded in Middleton .	The Courteeners blev grundlagt i Middleton.	The Courteeners blev grundlagt i 	 Courteeners blev grundlagt i Middleton.	 Courteeners blev grundlagt i 	Middleton	['Middleton', 'Middleton, Greater Manchester']	{'Middleton': 1}	1	-46.46875	1	{'Middleton': 1}	1	-54.21875	1
176	Q1560054	Pekinel sisters	Güher og Süher Pekinel	Q406	Istanbul	Istanbul	Pekinel sisters was founded in Istanbul .	Güher og Süher Pekinel blev grundlagt i Istanbul.	Güher og Süher Pekinel blev grundlagt i 	 Pekinel-søstrene blev grundlagt i Istanbul.	 Pekinel-søstrene blev grundlagt i 	Istanbul	['Istanbul']	{'Istanbul': 1}	1	-50.84375	1	{'Istanbul': 1}	1	-73.375	1
178	Q638231	Larsen & Toubro	Larsen & Toubro	Q1156	Mumbai	Mumbai	Larsen & Toubro was founded in Mumbai .	Larsen & Toubro blev grundlagt i Mumbai.	Larsen & Toubro blev grundlagt i 	 Larsen & Toubro blev grundlagt i Mumbai.	 Larsen & Toubro blev grundlagt i 	Mumbai	['Mumbai', 'Bombay']	{'Mumbai': 1}	1	-33.3125	1	{'Mumbai': 1}	1	-47.21875	1
179	Q426015	Wizzard	Wizzard	Q2256	Birmingham	Birmingham	Wizzard was founded in Birmingham .	Wizzard blev grundlagt i Birmingham.	Wizzard blev grundlagt i 	 Wizzard blev grundlagt i Birmingham.	 Wizzard blev grundlagt i 	Birmingham	['Birmingham']	{'Birmingham': 6}	0	-40.875	0	{'Birmingham': 2}	0	-47.09375	1
180	Q171240	London Stock Exchange	London Stock Exchange	Q84	London	London	London Stock Exchange was founded in London .	London Stock Exchange blev grundlagt i London.	London Stock Exchange blev grundlagt i 	 London Stock Exchange blev grundlagt i London.	 London Stock Exchange blev grundlagt i 	London	['London']	{'London': 1}	1	-37.5	1	{'London': 1}	1	-49.65625	1
181	Q652569	Native Instruments	Native Instruments	Q64	Berlin	Berlin	Native Instruments was founded in Berlin .	Native Instruments blev grundlagt i Berlin.	Native Instruments blev grundlagt i 	 Native Instruments blev grundlagt i Berlin.	 Native Instruments blev grundlagt i 	Berlin	['Berlin']	{'Berlin': 1}	1	-inf	1	{'Berlin': 1}	1	-inf	1
182	Q947955	The Residents	The Residents	Q80517	Shreveport	Shreveport	The Residents was founded in Shreveport .	The Residents blev grundlagt i Shreveport.	The Residents blev grundlagt i 	 The Residents blev grundlagt i Shreveport.	 The Residents blev grundlagt i 	Shreveport	['Shreveport']	{'Shreveport': 2}	0	-42.625	1	{'Shreveport': 5}	0	-48.03125	0
183	Q2601795	Sparco	Sparco	Q495	Turin	Torino	Sparco was founded in Turin .	Sparco blev grundlagt i Torino.	Sparco blev grundlagt i 	 Sparco blev grundlagt i Torino.	 Sparco blev grundlagt i 	Torino	['Turin']	{'Torino': 1}	1	-37.15625	1	{'Torino': 1}	1	-46.34375	1
184	Q115095	Institut de Droit International	Institut de Droit international	Q1296	Ghent	Gent	Institut de Droit International was founded in Ghent .	Institut de Droit international blev grundlagt i Gent.	Institut de Droit international blev grundlagt i 	Institut de Droit International blev grundlagt i Gent.	Institut de Droit International blev grundlagt i 	Gent	['Ghent']	{'Gent': 1}	1	-42.1875	1	{'Gent': 1}	1	-39.46875	1
185	Q29606	The Stone Roses	The Stone Roses	Q18125	Manchester	Manchester	The Stone Roses was founded in Manchester .	The Stone Roses blev grundlagt i Manchester.	The Stone Roses blev grundlagt i 	 The Stone Roses blev grundlagt i Manchester.	 The Stone Roses blev grundlagt i 	Manchester	['Manchester']	{'Manchester': 1}	1	-47.6875	1	{'Manchester': 1}	1	-52.25	1
186	Q12831	Gossip	Gossip	Q42735	Olympia	Olympia	Gossip was founded in Olympia .	Gossip blev grundlagt i Olympia.	Gossip blev grundlagt i 	 Gossip blev grundlagt i Olympia.	 Gossip blev grundlagt i 	Olympia	['Olympia']	{'Olympia': 5}	0	-44.9375	0	{'Olympia': 13}	0	-51.5625	0
187	Q741801	Sevendust	Sevendust	Q23556	Atlanta	Atlanta	Sevendust was founded in Atlanta .	Sevendust blev grundlagt i Atlanta.	Sevendust blev grundlagt i 	 Sevendust blev grundlagt i Atlanta.	 Sevendust blev grundlagt i 	Atlanta	['Atlanta', 'Hotlanta', 'The Big Peach']	{'Atlanta': 1}	1	-36.28125	1	{'Atlanta': 1}	1	-45.25	1
188	Q271812	Ducati Motor Holding S.p.A.	Ducati	Q1891	Bologna	Bologna	Ducati Motor Holding S.p.A. was founded in Bologna .	Ducati blev grundlagt i Bologna.	Ducati blev grundlagt i 	 Ducati Motor Holding SpA blev grundlagt i Bologna.	 Ducati Motor Holding SpA blev grundlagt i 	Bologna	['Bologna']	{'Bologna': 1}	1	-35.625	1	{'Bologna': 1}	1	-52.78125	1
189	Q151843	Frankfurt School	Frankfurterskolen	Q1794	Frankfurt am Main	Frankfurt am Main	Frankfurt School was founded in Frankfurt am Main .	Frankfurterskolen blev grundlagt i Frankfurt am Main.	Frankfurterskolen blev grundlagt i 	 Frankfurtskolen blev grundlagt i Frankfurt am Main.	 Frankfurtskolen blev grundlagt i 	Frankfurt am Main	['Frankfurt']	{'Frankfurt am Main': 1}	1	-49.40625	1	{'Frankfurt am Main': 1}	1	-53.0625	1
190	Q247259	Dexys Midnight Runners	Dexys Midnight Runners	Q2256	Birmingham	Birmingham	Dexys Midnight Runners was founded in Birmingham .	Dexys Midnight Runners blev grundlagt i Birmingham.	Dexys Midnight Runners blev grundlagt i 	 Dexys Midnight Runners blev grundlagt i Birmingham.	 Dexys Midnight Runners blev grundlagt i 	Birmingham	['Birmingham']	{'Birmingham': 2}	0	-41.0625	1	{'Birmingham': 2}	0	-47.71875	1
191	Q156872	Slade	Slade	Q126269	Wolverhampton	Wolverhampton	Slade was founded in Wolverhampton .	Slade blev grundlagt i Wolverhampton.	Slade blev grundlagt i 	 Slade blev grundlagt i Wolverhampton.	 Slade blev grundlagt i 	Wolverhampton	['Wolverhampton']	{'Wolverhampton': 1}	1	-40.875	1	{'Wolverhampton': 4}	0	-46.5625	0
192	Q218115	Chanel	Chanel	Q90	Paris	Paris	Chanel was founded in Paris .	Chanel blev grundlagt i Paris.	Chanel blev grundlagt i 	 Chanel blev grundlagt i Paris.	 Chanel blev grundlagt i 	Paris	['Paris']	{'Paris': 1}	1	-40.75	1	{'Paris': 1}	1	-53.6875	1
193	Q117522	Groove Armada	Groove Armada	Q84	London	London	Groove Armada was founded in London .	Groove Armada blev grundlagt i London.	Groove Armada blev grundlagt i 	 Groove Armada blev grundlagt i London.	 Groove Armada blev grundlagt i 	London	['London']	{'London': 2}	0	-36.21875	1	{'London': 3}	0	-47.53125	1
194	Q156391	Steinway & Sons	Steinway & Sons	Q11299	Manhattan	Manhattan	Steinway & Sons was founded in Manhattan .	Steinway & Sons blev grundlagt i Manhattan.	Steinway & Sons blev grundlagt i 	 Steinway & Sons blev grundlagt på Manhattan.	 Steinway & Sons blev grundlagt på 	Manhattan	['Manhattan']	{'Manhattan': 1}	1	-29.296875	1	{'Manhattan': 1}	1	-50.8125	1
195	Q2659753	The Long Blondes	The Long Blondes	Q42448	Sheffield	Sheffield	The Long Blondes was founded in Sheffield .	The Long Blondes blev grundlagt i Sheffield.	The Long Blondes blev grundlagt i 	 The Long Blondes blev grundlagt i Sheffield.	 The Long Blondes blev grundlagt i 	Sheffield	['Sheffield']	{'Sheffield': 4}	0	-49.3125	0	{'Sheffield': 1}	1	-54.96875	1
196	Q872181	scouting	spejderbevægelsen	Q21	England	England	scouting was founded in England .	spejderbevægelsen blev grundlagt i England.	spejderbevægelsen blev grundlagt i 	 Spejderbevægelsen blev grundlagt i England.	 Spejderbevægelsen blev grundlagt i 	England	['England']	{'England': 3}	0	-48.6875	1	{'England': 1}	1	-57.5	1
197	Q485679	The Rasmus	The Rasmus	Q1757	Helsinki	Helsinki	The Rasmus was founded in Helsinki .	The Rasmus blev grundlagt i Helsinki.	The Rasmus blev grundlagt i 	 Rasmus blev grundlagt i Helsinki.	 Rasmus blev grundlagt i 	Helsinki	['Helsinki', 'Helsingfors']	{'Helsinki': 1}	1	-48.15625	1	{'Helsinki': 6}	0	-49.84375	0
198	Q218178	Ensiferum	Ensiferum	Q1757	Helsinki	Helsinki	Ensiferum was founded in Helsinki .	Ensiferum blev grundlagt i Helsinki.	Ensiferum blev grundlagt i 	 Ensiferum blev grundlagt i Helsinki.	 Ensiferum blev grundlagt i 	Helsinki	['Helsinki', 'Helsingfors']	{'Helsinki': 1}	1	-40.46875	1	{'Helsinki': 1}	1	-51.3125	1
199	Q429852	Sug	SuG	Q17	Japan	Japan	Sug was founded in Japan .	SuG blev grundlagt i Japan.	SuG blev grundlagt i 	 Sug blev grundlagt i Japan.	 Sug blev grundlagt i 	Japan	['Japan']	{'Japan': 1}	1	-39.15625	1	{'Japan': 4}	0	-46.15625	0
200	Q193697	Sugababes	Sugababes	Q84	London	London	Sugababes was founded in London .	Sugababes blev grundlagt i London.	Sugababes blev grundlagt i 	 Sugababes blev grundlagt i London.	 Sugababes blev grundlagt i 	London	['London']	{'London': 1}	1	-40.875	1	{'London': 1}	1	-50.40625	1
201	Q875920	Tōhō	Tōhō	Q1490	Tokyo	Tokyo	Tōhō was founded in Tokyo .	Tōhō blev grundlagt i Tokyo.	Tōhō blev grundlagt i 	 Tōhō blev grundlagt i Tokyo.	 Tōhō blev grundlagt i 	Tokyo	['Tokyo']	{'Tokyo': 1}	1	-44.375	1	{'Tokyo': 1}	1	-52.59375	1
202	Q857965	Alien Ant Farm	Alien Ant Farm	Q49243	Riverside	Riverside	Alien Ant Farm was founded in Riverside .	Alien Ant Farm blev grundlagt i Riverside.	Alien Ant Farm blev grundlagt i 	 Alien Ant Farm blev grundlagt i Riverside.	 Alien Ant Farm blev grundlagt i 	Riverside	['Riverside']	{'Riverside': 1}	1	-36.0	1	{'Riverside': 1}	1	-44.875	1
203	Q593733	National Iranian Oil Company	National Iranian Oil Company	Q3616	Tehran	Teheran	National Iranian Oil Company was founded in Tehran .	National Iranian Oil Company blev grundlagt i Teheran.	National Iranian Oil Company blev grundlagt i 	 Det nationale iranske olieselskab blev grundlagt i Teheran.	 Det nationale iranske olieselskab blev grundlagt i 	Teheran	['Tehran']	{'Teheran': 1}	1	-inf	1	{'Teheran': 1}	1	-69.3125	1
204	Q1180767	Deacon Blue	Deacon Blue	Q4093	Glasgow	Glasgow	Deacon Blue was founded in Glasgow .	Deacon Blue blev grundlagt i Glasgow.	Deacon Blue blev grundlagt i 	 Deacon Blue blev grundlagt i Glasgow.	 Deacon Blue blev grundlagt i 	Glasgow	['Glasgow']	{'Glasgow': 1}	1	-44.90625	1	{'Glasgow': 1}	1	-53.21875	1
205	Q2986540	Neon Indian	Neon Indian	Q128306	Denton	Denton	Neon Indian was founded in Denton .	Neon Indian blev grundlagt i Denton.	Neon Indian blev grundlagt i 	 Neon Indian blev grundlagt i Denton.	 Neon Indian blev grundlagt i 	Denton	['Denton']	{'Denton': 1}	1	-39.0	1	{'Denton': 1}	1	-48.6875	1
206	Q182890	Def Leppard	Def Leppard	Q42448	Sheffield	Sheffield	Def Leppard was founded in Sheffield .	Def Leppard blev grundlagt i Sheffield.	Def Leppard blev grundlagt i 	Def Leppard blev grundlagt i Sheffield.	Def Leppard blev grundlagt i 	Sheffield	['Sheffield']	{'Sheffield': 1}	1	-35.03125	1	{'Sheffield': 1}	1	-35.03125	1
207	Q20153	Girls' Generation	Girls' Generation	Q8684	Seoul	Seoul	Girls' Generation was founded in Seoul .	Girls' Generation blev grundlagt i Seoul.	Girls' Generation blev grundlagt i 	 Girls' Generation blev grundlagt i Seoul.	 Girls' Generation blev grundlagt i 	Seoul	['Seoul']	{'Seoul': 1}	1	-35.8125	1	{'Seoul': 1}	1	-47.46875	1
208	Q912909	The Raconteurs	The Raconteurs	Q12439	Detroit	Detroit	The Raconteurs was founded in Detroit .	The Raconteurs blev grundlagt i Detroit.	The Raconteurs blev grundlagt i 	 The Raconteurs blev grundlagt i Detroit.	 The Raconteurs blev grundlagt i 	Detroit	['Detroit']	{'Detroit': 1}	1	-41.96875	1	{'Detroit': 1}	1	-48.3125	1
209	Q133405	Bee Gees	Bee Gees	Q18125	Manchester	Manchester	Bee Gees was founded in Manchester .	Bee Gees blev grundlagt i Manchester.	Bee Gees blev grundlagt i 	 Bee Gees blev grundlagt i Manchester.	 Bee Gees blev grundlagt i 	Manchester	['Manchester']	{'Manchester': 1}	1	-37.28125	1	{'Manchester': 1}	1	-47.84375	1
210	Q1218180	Nikon	Nikon	Q1490	Tokyo	Tokyo	Nikon was founded in Tokyo .	Nikon blev grundlagt i Tokyo.	Nikon blev grundlagt i 	 Nikon blev grundlagt i Tokyo.	 Nikon blev grundlagt i 	Tokyo	['Tokyo']	{'Tokyo': 1}	1	-36.65625	1	{'Tokyo': 1}	1	-44.96875	1
211	Q836984	Orica	Orica	Q408	Australia	Australien	Orica was founded in Australia .	Orica blev grundlagt i Australien.	Orica blev grundlagt i 	 Orica blev grundlagt i Australien.	 Orica blev grundlagt i 	Australien	['Australia']	{'Australien': 1}	1	-41.3125	1	{'Australien': 1}	1	-52.4375	1
212	Q2724852	Timoteij	Timoteij	Q34	Sweden	Sverige	Timoteij was founded in Sweden .	Timoteij blev grundlagt i Sverige.	Timoteij blev grundlagt i 	 Timoteij blev grundlagt i Sverige.	 Timoteij blev grundlagt i 	Sverige	['Sweden', 'Kongeriget Sverige']	{'Sverige': 15}	0	-45.78125	0	{'Sverige': 3}	0	-54.40625	1
213	Q756704	Cake	Cake	Q18013	Sacramento	Sacramento	Cake was founded in Sacramento .	Cake blev grundlagt i Sacramento.	Cake blev grundlagt i 	 Cake blev grundlagt i Sacramento.	 Cake blev grundlagt i 	Sacramento	['Sacramento']	{'Sacramento': 2}	0	-40.8125	1	{'Sacramento': 1}	1	-46.46875	1
214	Q141336	Mosfilm	Mosfilm	Q649	Moscow	Moskva	Mosfilm was founded in Moscow .	Mosfilm blev grundlagt i Moskva.	Mosfilm blev grundlagt i 	 Mosfilm blev grundlagt i Moskva.	 Mosfilm blev grundlagt i 	Moskva	['Moscow']	{'Moskva': 1}	1	-35.875	1	{'Moskva': 1}	1	-47.75	1
215	Q4547557	116 Clique	116 Clique	Q16557	Dallas	Dallas	116 Clique was founded in Dallas .	116 Clique blev grundlagt i Dallas.	116 Clique blev grundlagt i 	 116 Clique blev grundlagt i Dallas.	 116 Clique blev grundlagt i 	Dallas	['Dallas']	{'Dallas': 14}	0	-58.09375	0	{'Dallas': 16}	0	-60.71875	0
216	Q877512	Hot Chip	Hot Chip	Q84	London	London	Hot Chip was founded in London .	Hot Chip blev grundlagt i London.	Hot Chip blev grundlagt i 	 Hot Chip blev grundlagt i London.	 Hot Chip blev grundlagt i 	London	['London']	{'London': 1}	1	-37.8125	1	{'London': 1}	1	-48.28125	1
217	Q66	Boeing	Boeing	Q5083	Seattle	Seattle	Boeing was founded in Seattle .	Boeing blev grundlagt i Seattle.	Boeing blev grundlagt i 	 Boeing blev grundlagt i Seattle.	 Boeing blev grundlagt i 	Seattle	['Seattle']	{'Seattle': 1}	1	-34.8125	1	{'Seattle': 1}	1	-45.46875	1
218	Q1683782	The Georgia Satellites	The Georgia Satellites	Q23556	Atlanta	Atlanta	The Georgia Satellites was founded in Atlanta .	The Georgia Satellites blev grundlagt i Atlanta.	The Georgia Satellites blev grundlagt i 	 Georgia Satellites blev grundlagt i Atlanta.	 Georgia Satellites blev grundlagt i 	Atlanta	['Atlanta', 'Hotlanta', 'The Big Peach']	{'Atlanta': 1}	1	-45.4375	1	{'Atlanta': 1}	1	-50.65625	1
219	Q46573	Lacuna Coil	Lacuna Coil	Q490	Milan	Milano	Lacuna Coil was founded in Milan .	Lacuna Coil blev grundlagt i Milano.	Lacuna Coil blev grundlagt i 	 Lacuna Coil blev grundlagt i Milano.	 Lacuna Coil blev grundlagt i 	Milano	['Milan']	{'Milano': 1}	1	-30.921875	1	{'Milano': 1}	1	-43.4375	1
220	Q17146476	Plotly	Plotly	Q340	Montreal	Montreal	Plotly was founded in Montreal .	Plotly blev grundlagt i Montreal.	Plotly blev grundlagt i 	 Plotly blev grundlagt i Montreal.	 Plotly blev grundlagt i 	Montreal	['Montreal']	{'Montreal': 1}	1	-38.21875	1	{'Montreal': 1}	1	-49.0	1
221	Q1102645	Cloud Nothings	Cloud Nothings	Q37320	Cleveland	Cleveland	Cloud Nothings was founded in Cleveland .	Cloud Nothings blev grundlagt i Cleveland.	Cloud Nothings blev grundlagt i 	 Cloud Nothings blev grundlagt i Cleveland.	 Cloud Nothings blev grundlagt i 	Cleveland	['Cleveland']	{'Cleveland': 1}	1	-41.09375	1	{'Cleveland': 1}	1	-53.46875	1
222	Q254371	Papa Roach	Papa Roach	Q99	California	Californien	Papa Roach was founded in California .	Papa Roach blev grundlagt i Californien.	Papa Roach blev grundlagt i 	 Papa Roach blev grundlagt i Californien.	 Papa Roach blev grundlagt i 	Californien	['California']	{'Californien': 1}	1	-33.0	1	{'Californien': 1}	1	-48.625	1
223	Q172740	Cosworth	Cosworth	Q84	London	London	Cosworth was founded in London .	Cosworth blev grundlagt i London.	Cosworth blev grundlagt i 	 Cosworth blev grundlagt i London.	 Cosworth blev grundlagt i 	London	['London']	{'London': 1}	1	-33.375	1	{'London': 1}	1	-44.1875	1
224	Q23471	Lordi	Lordi	Q1757	Helsinki	Helsinki	Lordi was founded in Helsinki .	Lordi blev grundlagt i Helsinki.	Lordi blev grundlagt i 	 Lordi blev grundlagt i Helsinki.	 Lordi blev grundlagt i 	Helsinki	['Helsinki', 'Helsingfors']	{'Helsinki': 1}	1	-38.96875	1	{'Helsinki': 1}	1	-50.0625	1
225	Q678172	Loewe AG	Loewe AG	Q64	Berlin	Berlin	Loewe AG was founded in Berlin .	Loewe AG blev grundlagt i Berlin.	Loewe AG blev grundlagt i 	 Loewe AG blev grundlagt i Berlin.	 Loewe AG blev grundlagt i 	Berlin	['Berlin']	{'Berlin': 2}	0	-40.90625	1	{'Berlin': 1}	1	-54.1875	1
226	Q478629	The Dubliners	The Dubliners	Q1761	Dublin	Dublin	The Dubliners was founded in Dublin .	The Dubliners blev grundlagt i Dublin.	The Dubliners blev grundlagt i 	 The Dubliners blev grundlagt i Dublin.	 The Dubliners blev grundlagt i 	Dublin	['Dublin']	{'Dublin': 1}	1	-41.375	1	{'Dublin': 1}	1	-45.53125	1
227	Q1165638	Framestore	Framestore	Q84	London	London	Framestore was founded in London .	Framestore blev grundlagt i London.	Framestore blev grundlagt i 	 Framestore blev grundlagt i London.	 Framestore blev grundlagt i 	London	['London']	{'London': 1}	1	-39.71875	1	{'London': 1}	1	-48.3125	1
228	Q1812612	The Idle Race	The Idle Race	Q2256	Birmingham	Birmingham	The Idle Race was founded in Birmingham .	The Idle Race blev grundlagt i Birmingham.	The Idle Race blev grundlagt i 	 Idle Race blev grundlagt i Birmingham.	 Idle Race blev grundlagt i 	Birmingham	['Birmingham']	{'Birmingham': 1}	1	-48.3125	1	{'Birmingham': 1}	1	-50.9375	1
229	Q1423593	The Four Aces	The Four Aces	Q368045	Chester	Chester	The Four Aces was founded in Chester .	The Four Aces blev grundlagt i Chester.	The Four Aces blev grundlagt i 	 The Four Aces blev grundlagt i Chester.	 The Four Aces blev grundlagt i 	Chester	['Chester']	{'Chester': 7}	0	-44.28125	0	{'Chester': 1}	1	-51.34375	1
230	Q389870	Lady A	Lady A	Q23197	Nashville	Nashville	Lady A was founded in Nashville .	Lady A blev grundlagt i Nashville.	Lady A blev grundlagt i 	Lady A blev grundlagt i Nashville.	Lady A blev grundlagt i 	Nashville	['Nashville']	{'Nashville': 1}	1	-36.5	1	{'Nashville': 1}	1	-36.5	1
231	Q177054	Burger King	Burger King	Q8652	Miami	Miami	Burger King was founded in Miami .	Burger King blev grundlagt i Miami.	Burger King blev grundlagt i 	 Burger King blev grundlagt i Miami.	 Burger King blev grundlagt i 	Miami	['Miami']	{'Miami': 1}	1	-32.6875	1	{'Miami': 1}	1	-45.3125	1
232	Q594855	Sunn O)))	Sunn O)))	Q5083	Seattle	Seattle	Sunn O))) was founded in Seattle .	Sunn O))) blev grundlagt i Seattle.	Sunn O))) blev grundlagt i 	 Sunn O))) blev grundlagt i Seattle.	 Sunn O))) blev grundlagt i 	Seattle	['Seattle']	{'Seattle': 1}	1	-38.0625	1	{'Seattle': 1}	1	-46.34375	1
233	Q3483312	Sidley Austin	Sidley Austin	Q1297	Chicago	Chicago	Sidley Austin was founded in Chicago .	Sidley Austin blev grundlagt i Chicago.	Sidley Austin blev grundlagt i 	 Sidley Austin blev grundlagt i Chicago.	 Sidley Austin blev grundlagt i 	Chicago	['Chicago']	{'Chicago': 1}	1	-36.15625	1	{'Chicago': 1}	1	-45.3125	1
234	Q714491	Marks & Spencer	Marks & Spencer	Q39121	Leeds	Leeds	Marks & Spencer was founded in Leeds .	Marks & Spencer blev grundlagt i Leeds.	Marks & Spencer blev grundlagt i 	 Marks & Spencer blev grundlagt i Leeds.	 Marks & Spencer blev grundlagt i 	Leeds	['Leeds']	{'Leeds': 1}	1	-37.875	1	{'Leeds': 1}	1	-47.53125	1
235	Q25177	Rammstein	Rammstein	Q64	Berlin	Berlin	Rammstein was founded in Berlin .	Rammstein blev grundlagt i Berlin.	Rammstein blev grundlagt i 	 Rammstein blev grundlagt i Berlin.	 Rammstein blev grundlagt i 	Berlin	['Berlin']	{'Berlin': 1}	1	-38.1875	1	{'Berlin': 1}	1	-45.0625	1
236	Q893858	Borknagar	Borknagar	Q26793	Bergen	Bergen	Borknagar was founded in Bergen .	Borknagar blev grundlagt i Bergen.	Borknagar blev grundlagt i 	 Borknagar blev grundlagt i Bergen.	 Borknagar blev grundlagt i 	Bergen	['Bergen', 'Bergen by']	{'Bergen': 3}	0	-40.1875	1	{'Bergen': 3}	0	-48.65625	1
