	sub_uri	en_sub_label	sub_label	obj_uri	en_obj_label	obj_label	en_template	template	template_prompt	gt_translation	gt_prompt	gt_infl_object	aliases	template_true_ranks	template_top1_correct	template_prompt_prob	template_top3_correct	gt_true_ranks	gt_top1_correct	gt_prompt_prob	gt_top3_correct
0	Q19837	Steve Jobs	Steve Jobs	Q312	Apple Inc.	Apple Inc.	Steve Jobs works for Apple Inc. .	Steve Jobs fungerer for Apple Inc..	Steve Jobs fungerer for 	 Steve Jobs arbejder for Apple Inc.	 Steve Jobs arbejder for 	Apple Inc.	['Apple']	{'Apple Inc.': 2}	0	-44.125	1	{'Apple Inc.': 5}	0	-60.5	0
1	Q483382	Steve Wozniak	Steve Wozniak	Q312	Apple Inc.	Apple Inc.	Steve Wozniak works for Apple Inc. .	Steve Wozniak fungerer for Apple Inc..	Steve Wozniak fungerer for 	 Steve Wozniak arbejder for Apple Inc.	 Steve Wozniak arbejder for 	Apple Inc	['Apple']	{'Apple Inc': 1, 'Apple Inc.': 2}	1	-46.59375	1	{'Apple Inc': 2, 'Apple Inc.': 3}	0	-55.46875	1
2	Q162005	Paul G. Allen	Paul G. Allen	Q2283	Microsoft	Microsoft	Paul G. Allen works for Microsoft .	Paul G. Allen fungerer for Microsoft.	Paul G. Allen fungerer for 	 Paul G. Allen arbejder for Microsoft.	 Paul G. Allen arbejder for 	Microsoft	['Microsoft']	{'Microsoft': 1}	1	-56.625	1	{'Microsoft': 1}	1	-62.40625	1
3	Q7426870	Satya Nadella	Satya Nadella	Q2283	Microsoft	Microsoft	Satya Nadella works for Microsoft .	Satya Nadella fungerer for Microsoft.	Satya Nadella fungerer for 	 Satya Nadella arbejder for Microsoft.	 Satya Nadella arbejder for 	Microsoft	['Microsoft']	{'Microsoft': 1}	1	-58.15625	1	{'Microsoft': 1}	1	-60.78125	1
7	Q92803	Grady Booch	Grady Booch	Q37156	IBM	IBM	Grady Booch works for IBM .	Grady Booch fungerer for IBM.	Grady Booch fungerer for 	 Grady Booch arbejder for IBM.	 Grady Booch arbejder for 	IBM	['IBM', 'International Business Machines Corporation']	{'IBM': 1}	1	-56.25	1	{'IBM': 1}	1	-71.5	1
8	Q712551	Philip Don Estridge	Philip Don Estridge	Q37156	IBM	IBM	Philip Don Estridge works for IBM .	Philip Don Estridge fungerer for IBM.	Philip Don Estridge fungerer for 	 Philip Don Estridge arbejder for IBM.	 Philip Don Estridge arbejder for 	IBM	['IBM', 'International Business Machines Corporation']	{'IBM': 1}	1	-63.8125	1	{'IBM': 1}	1	-80.9375	1
9	Q5284	Bill Gates	Bill Gates	Q2283	Microsoft	Microsoft	Bill Gates works for Microsoft .	Bill Gates fungerer for Microsoft.	Bill Gates fungerer for 	 Bill Gates arbejder for Microsoft.	 Bill Gates arbejder for 	Microsoft	['Microsoft']	{'Microsoft': 1}	1	-48.21875	1	{'Microsoft': 1}	1	-51.15625	1
10	Q181162	Steve Ballmer	Steve Ballmer	Q2283	Microsoft	Microsoft	Steve Ballmer works for Microsoft .	Steve Ballmer fungerer for Microsoft.	Steve Ballmer fungerer for 	 Steve Ballmer arbejder for Microsoft.	 Steve Ballmer arbejder for 	Microsoft	['Microsoft']	{'Microsoft': 1}	1	-48.875	1	{'Microsoft': 1}	1	-57.78125	1
13	Q14086	Marissa Mayer	Marissa Mayer	Q95	Google	Google	Marissa Mayer works for Google .	Marissa Mayer fungerer for Google.	Marissa Mayer fungerer for 	 Marissa Mayer arbejder for Google.	 Marissa Mayer arbejder for 	Google	['Google']	{'Google': 1}	1	-inf	1	{'Google': 1}	1	-62.6875	1
14	Q558130	Dave Hyatt	Dave Hyatt	Q312	Apple Inc.	Apple Inc.	Dave Hyatt works for Apple Inc. .	Dave Hyatt fungerer for Apple Inc..	Dave Hyatt fungerer for 	 Dave Hyatt arbejder for Apple Inc.	 Dave Hyatt arbejder for 	Apple Inc	['Apple']	{'Apple Inc': 7, 'Apple Inc.': 8}	0	-58.4375	0	{'Apple Inc': 4, 'Apple Inc.': 5}	0	-67.625	0
15	Q1160659	Daniel Filipacchi	Daniel Filipacchi	Q154020	Elle	Elle	Daniel Filipacchi works for Elle .	Daniel Filipacchi fungerer for Elle.	Daniel Filipacchi fungerer for 	 Daniel Filipacchi arbejder for Elle.	 Daniel Filipacchi arbejder for 	Elle	['Elle']	{'Elle': 10}	0	-59.75	0	{'Elle': 12}	0	-63.84375	0
16	Q983111	Stephen Elop	Stephen Elop	Q2283	Microsoft	Microsoft	Stephen Elop works for Microsoft .	Stephen Elop fungerer for Microsoft.	Stephen Elop fungerer for 	 Stephen Elop arbejder for Microsoft.	 Stephen Elop arbejder for 	Microsoft	['Microsoft']	{'Microsoft': 2}	0	-46.75	1	{'Microsoft': 1}	1	-66.0625	1
17	Q337024	John Sculley	John Sculley	Q312	Apple Inc.	Apple Inc.	John Sculley works for Apple Inc. .	John Sculley fungerer for Apple Inc..	John Sculley fungerer for 	 John Sculley arbejder for Apple Inc.	 John Sculley arbejder for 	Apple Inc	['Apple']	{'Apple Inc': 1, 'Apple Inc.': 2}	1	-55.125	1	{'Apple Inc': 1, 'Apple Inc.': 2}	1	-68.3125	1
18	Q659176	Phil Schiller	Phil Schiller	Q312	Apple Inc.	Apple Inc.	Phil Schiller works for Apple Inc. .	Phil Schiller fungerer for Apple Inc..	Phil Schiller fungerer for 	 Phil Schiller arbejder for Apple Inc.	 Phil Schiller arbejder for 	Apple Inc.	['Apple']	{'Apple Inc.': 2}	0	-53.28125	1	{'Apple Inc.': 2}	0	-63.8125	1
19	Q76766	Gerd Binnig	Gerd Binnig	Q37156	IBM	IBM	Gerd Binnig works for IBM .	Gerd Binnig fungerer for IBM.	Gerd Binnig fungerer for 	 Gerd Binnig arbejder for IBM.	 Gerd Binnig arbejder for 	IBM	['IBM', 'International Business Machines Corporation']	{'IBM': 1}	1	-56.375	1	{'IBM': 1}	1	-67.0	1
20	Q123029	Heinrich Rohrer	Heinrich Rohrer	Q37156	IBM	IBM	Heinrich Rohrer works for IBM .	Heinrich Rohrer fungerer for IBM.	Heinrich Rohrer fungerer for 	 Heinrich Rohrer arbejder for IBM.	 Heinrich Rohrer arbejder for 	IBM	['IBM', 'International Business Machines Corporation']	{'IBM': 13}	0	-50.0	0	{'IBM': 1}	1	-68.8125	1
21	Q316013	Satoru Iwata	Satoru Iwata	Q8093	Nintendo	Nintendo	Satoru Iwata works for Nintendo .	Satoru Iwata fungerer for Nintendo.	Satoru Iwata fungerer for 	 Satoru Iwata arbejder for Nintendo.	 Satoru Iwata arbejder for 	Nintendo	['Nintendo']	{'Nintendo': 1}	1	-inf	1	{'Nintendo': 1}	1	-60.78125	1
33	Q49819	Charles Simonyi	Charles Simonyi	Q2283	Microsoft	Microsoft	Charles Simonyi works for Microsoft .	Charles Simonyi fungerer for Microsoft.	Charles Simonyi fungerer for 	 Charles Simonyi arbejder for Microsoft.	 Charles Simonyi arbejder for 	Microsoft	['Microsoft']	{'Microsoft': 1}	1	-53.59375	1	{'Microsoft': 1}	1	-62.03125	1
38	Q2514	Willy Brandt	Willy Brandt	Q64	Berlin	Berlin	Willy Brandt works for Berlin .	Willy Brandt fungerer for Berlin.	Willy Brandt fungerer for 	 Willy Brandt arbejder for Berlin.	 Willy Brandt arbejder for 	Berlin	['Berlin']	{'Berlin': 1}	1	-45.71875	1	{'Berlin': 1}	1	-51.1875	1
42	Q110294	Jan Pieterszoon Sweelinck	Jan Pieterszoon Sweelinck	Q727	Amsterdam	Amsterdam	Jan Pieterszoon Sweelinck works for Amsterdam .	Jan Pieterszoon Sweelinck fungerer for Amsterdam.	Jan Pieterszoon Sweelinck fungerer for 	 Jan Pieterszoon Sweelinck arbejder for Amsterdam.	 Jan Pieterszoon Sweelinck arbejder for 	Amsterdam	['Amsterdam']	{'Amsterdam': 1}	1	-inf	1	{'Amsterdam': 1}	1	-69.9375	1
45	Q62890	Gene Amdahl	Gene Amdahl	Q37156	IBM	IBM	Gene Amdahl works for IBM .	Gene Amdahl fungerer for IBM.	Gene Amdahl fungerer for 	 Gene Amdahl arbejder for IBM.	 Gene Amdahl arbejder for 	IBM	['IBM', 'International Business Machines Corporation']	{'IBM': 1}	1	-49.5625	1	{'IBM': 1}	1	-60.90625	1
46	Q313908	Geert Hofstede	Geert Hofstede	Q37156	IBM	IBM	Geert Hofstede works for IBM .	Geert Hofstede fungerer for IBM.	Geert Hofstede fungerer for 	 Geert Hofstede arbejder for IBM.	 Geert Hofstede arbejder for 	IBM	['IBM', 'International Business Machines Corporation']	{'IBM': 1}	1	-56.3125	1	{'IBM': 1}	1	-63.15625	1
50	Q463229	Keith Olbermann	Keith Olbermann	Q217776	ESPN	ESPN	Keith Olbermann works for ESPN .	Keith Olbermann fungerer for ESPN.	Keith Olbermann fungerer for 	 Keith Olbermann arbejder for ESPN.	 Keith Olbermann arbejder for 	ESPN	['ESPN', 'Entertainment and Sports Programming Network']	{'ESPN': 2}	0	-47.40625	1	{'ESPN': 1}	1	-61.65625	1
52	Q271491	Greta Van Susteren	Greta Van Susteren	Q48340	CNN	CNN	Greta Van Susteren works for CNN .	Greta Van Susteren fungerer for CNN.	Greta Van Susteren fungerer for 	 Greta Van Susteren arbejder for CNN.	 Greta Van Susteren arbejder for 	CNN	['CNN']	{'CNN': 3}	0	-52.78125	1	{'CNN': 1}	1	-65.75	1
54	Q49971	Ginni Rometty	Ginni Rometty	Q37156	IBM	IBM	Ginni Rometty works for IBM .	Ginni Rometty fungerer for IBM.	Ginni Rometty fungerer for 	 Ginni Rometty arbejder for IBM.	 Ginni Rometty arbejder for 	IBM	['IBM', 'International Business Machines Corporation']	{'IBM': 1}	1	-59.3125	1	{'IBM': 1}	1	-62.59375	1
56	Q92875	Gordon Bell	Gordon Bell	Q2283	Microsoft	Microsoft	Gordon Bell works for Microsoft .	Gordon Bell fungerer for Microsoft.	Gordon Bell fungerer for 	 Gordon Bell arbejder for Microsoft.	 Gordon Bell arbejder for 	Microsoft	['Microsoft']	{'Microsoft': 4}	0	-inf	0	{'Microsoft': 3}	0	-68.0	1
59	Q92940	Tim Paterson	Tim Paterson	Q2283	Microsoft	Microsoft	Tim Paterson works for Microsoft .	Tim Paterson fungerer for Microsoft.	Tim Paterson fungerer for 	Tim Paterson arbejder for Microsoft.	Tim Paterson arbejder for 	Microsoft	['Microsoft']	{'Microsoft': 1}	1	-58.1875	1	{'Microsoft': 1}	1	-60.0625	1
60	Q173380	Adrian Newey	Adrian Newey	Q172030	McLaren	McLaren	Adrian Newey works for McLaren .	Adrian Newey fungerer for McLaren.	Adrian Newey fungerer for 	 Adrian Newey arbejder for McLaren.	 Adrian Newey arbejder for 	McLaren	['McLaren', 'McLaren Racing', 'McLaren-Mercedes', 'Team McLaren', 'McLaren Mercedes', 'McLaren team', 'McLaren racing team', 'McLaren MP4-23']	{'McLaren': 1}	1	-54.8125	1	{'McLaren': 1}	1	-62.125	1
61	Q72790	Victoria Ocampo	Victoria Ocampo	Q2269998	Sur	Sur	Victoria Ocampo works for Sur .	Victoria Ocampo fungerer for Sur.	Victoria Ocampo fungerer for 	 Victoria Ocampo arbejder for Sur.	 Victoria Ocampo arbejder for 	Sur	['Sur']	{'Sur': 27}	0	-55.1875	0	{'Sur': 17}	0	-63.6875	0
66	Q5112179	Chris Cuomo	Christopher Cuomo	Q48340	CNN	CNN	Chris Cuomo works for CNN .	Christopher Cuomo fungerer for CNN.	Christopher Cuomo fungerer for 	 Chris Cuomo arbejder for CNN.	 Chris Cuomo arbejder for 	CNN	['CNN']	{'CNN': 1}	1	-52.6875	1	{'CNN': 1}	1	-61.8125	1
67	Q12382	Shigeru Miyamoto	Shigeru Miyamoto	Q8093	Nintendo	Nintendo	Shigeru Miyamoto works for Nintendo .	Shigeru Miyamoto fungerer for Nintendo.	Shigeru Miyamoto fungerer for 	 Shigeru Miyamoto arbejder for Nintendo.	 Shigeru Miyamoto arbejder for 	Nintendo	['Nintendo']	{'Nintendo': 1}	1	-54.78125	1	{'Nintendo': 1}	1	-54.78125	1
69	Q365578	Nathan Myhrvold	Nathan Myhrvold	Q2283	Microsoft	Microsoft	Nathan Myhrvold works for Microsoft .	Nathan Myhrvold fungerer for Microsoft.	Nathan Myhrvold fungerer for 	 Nathan Myhrvold arbejder for Microsoft.	 Nathan Myhrvold arbejder for 	Microsoft	['Microsoft']	{'Microsoft': 1}	1	-53.6875	1	{'Microsoft': 1}	1	-59.03125	1
70	Q2923786	Brandon Tartikoff	Brandon Tartikoff	Q13974	NBC	NBC	Brandon Tartikoff works for NBC .	Brandon Tartikoff fungerer for NBC.	Brandon Tartikoff fungerer for 	 Brandon Tartikoff arbejder for NBC.	 Brandon Tartikoff arbejder for 	NBC	['NBC']	{'NBC': 1}	1	-56.21875	1	{'NBC': 1}	1	-71.125	1
71	Q95452	Klaus Tschira	Klaus Tschira	Q37156	IBM	IBM	Klaus Tschira works for IBM .	Klaus Tschira fungerer for IBM.	Klaus Tschira fungerer for 	 Klaus Tschira arbejder for IBM.	 Klaus Tschira arbejder for 	IBM	['IBM', 'International Business Machines Corporation']	{'IBM': 1}	1	-51.78125	1	{'IBM': 1}	1	-65.8125	1
72	Q71074	Hasso Plattner	Hasso Plattner	Q37156	IBM	IBM	Hasso Plattner works for IBM .	Hasso Plattner fungerer for IBM.	Hasso Plattner fungerer for 	 Hasso Plattner arbejder for IBM.	 Hasso Plattner arbejder for 	IBM	['IBM', 'International Business Machines Corporation']	{'IBM': 1}	1	-54.71875	1	{'IBM': 1}	1	-58.6875	1
76	Q313697	Ross Perot	Ross Perot	Q37156	IBM	IBM	Ross Perot works for IBM .	Ross Perot fungerer for IBM.	Ross Perot fungerer for 	 Ross Perot arbejder for IBM.	 Ross Perot arbejder for 	IBM	['IBM', 'International Business Machines Corporation']	{'IBM': 2}	0	-52.1875	1	{'IBM': 2}	0	-65.0	1
77	Q265852	Tim Cook	Tim Cook	Q312	Apple Inc.	Apple Inc.	Tim Cook works for Apple Inc. .	Tim Cook fungerer for Apple Inc..	Tim Cook fungerer for 	 Tim Cook arbejder for Apple Inc.	 Tim Cook arbejder for 	Apple Inc.	['Apple']	{'Apple Inc.': 2}	0	-52.4375	1	{'Apple Inc.': 2}	0	-53.5	1
78	Q92661	Bob Wallace	Bob Wallace	Q2283	Microsoft	Microsoft	Bob Wallace works for Microsoft .	Bob Wallace fungerer for Microsoft.	Bob Wallace fungerer for 	 Bob Wallace arbejder for Microsoft.	 Bob Wallace arbejder for 	Microsoft	['Microsoft']	{'Microsoft': 16}	0	-52.8125	0	{'Microsoft': 11}	0	-59.90625	0
84	Q92600	Alexey Pajitnov	Alexey Pajitnov	Q2283	Microsoft	Microsoft	Alexey Pajitnov works for Microsoft .	Alexey Pajitnov fungerer for Microsoft.	Alexey Pajitnov fungerer for 	 Alexey Pajitnov arbejder for Microsoft.	 Alexey Pajitnov arbejder for 	Microsoft	['Microsoft']	{'Microsoft': 9}	0	-inf	0	{'Microsoft': 4}	0	-65.5	0
86	Q702921	Chris Bangle	Chris Bangle	Q26678	BMW	BMW	Chris Bangle works for BMW .	Chris Bangle fungerer for BMW.	Chris Bangle fungerer for 	 Chris Bangle arbejder for BMW.	 Chris Bangle arbejder for 	BMW	['BMW', 'Bayerische Motoren Werke AG']	{'BMW': 1}	1	-54.0	1	{'BMW': 1}	1	-63.78125	1
90	Q155914	Peter Simon Pallas	Peter Simon Pallas	Q159	Russia	Rusland	Peter Simon Pallas works for Russia .	Peter Simon Pallas fungerer for Rusland.	Peter Simon Pallas fungerer for 	 Peter Simon Pallas arbejder for Rusland.	 Peter Simon Pallas arbejder for 	Rusland	['Russia']	{'Rusland': 13}	0	-63.5625	0	{'Rusland': 6}	0	-66.375	0
92	Q782805	Samuel J. Palmisano	Samuel J. Palmisano	Q37156	IBM	IBM	Samuel J. Palmisano works for IBM .	Samuel J. Palmisano fungerer for IBM.	Samuel J. Palmisano fungerer for 	 Samuel J. Palmisano arbejder for IBM.	 Samuel J. Palmisano arbejder for 	IBM	['IBM', 'International Business Machines Corporation']	{'IBM': 1}	1	-55.90625	1	{'IBM': 1}	1	-70.5	1
93	Q60992	Heinrich Daniel Ruhmkorff	Heinrich Daniel Rühmkorff	Q90	Paris	Paris	Heinrich Daniel Ruhmkorff works for Paris .	Heinrich Daniel Rühmkorff fungerer for Paris.	Heinrich Daniel Rühmkorff fungerer for 	 Heinrich Daniel Ruhmkorff arbejder for Paris.	 Heinrich Daniel Ruhmkorff arbejder for 	Paris	['Paris']	{'Paris': 13}	0	-66.5625	0	{'Paris': 7}	0	-75.6875	0
98	Q3040082	Jim Allchin	Jim Allchin	Q2283	Microsoft	Microsoft	Jim Allchin works for Microsoft .	Jim Allchin fungerer for Microsoft.	Jim Allchin fungerer for 	Jim Allchin arbejder for Microsoft.	Jim Allchin arbejder for 	Microsoft	['Microsoft']	{'Microsoft': 1}	1	-51.90625	1	{'Microsoft': 1}	1	-55.46875	1
105	Q337345	Peter M. Bowers	Peter M. Bowers	Q66	Boeing	Boeing	Peter M. Bowers works for Boeing .	Peter M. Bowers fungerer for Boeing.	Peter M. Bowers fungerer for 	 Peter M. Bowers arbejder for Boeing.	 Peter M. Bowers arbejder for 	Boeing	['Boeing']	{'Boeing': 22}	0	-57.8125	0	{'Boeing': 11}	0	-66.9375	0
108	Q435716	Thomas J. Watson	Thomas J. Watson	Q37156	IBM	IBM	Thomas J. Watson works for IBM .	Thomas J. Watson fungerer for IBM.	Thomas J. Watson fungerer for 	 Thomas J. Watson arbejder for IBM.	 Thomas J. Watson arbejder for 	IBM	['IBM', 'International Business Machines Corporation']	{'IBM': 1}	1	-54.03125	1	{'IBM': 1}	1	-69.9375	1
109	Q5213865	Dan Le Batard	Dan Le Batard	Q217776	ESPN	ESPN	Dan Le Batard works for ESPN .	Dan Le Batard fungerer for ESPN.	Dan Le Batard fungerer for 	 Dan Le Batard arbejder for ESPN.	 Dan Le Batard arbejder for 	ESPN	['ESPN', 'Entertainment and Sports Programming Network']	{'ESPN': 1}	1	-inf	1	{'ESPN': 1}	1	-65.875	1
110	Q356719	Carlos Ghosn	Carlos Ghosn	Q6686	Renault	Renault	Carlos Ghosn works for Renault .	Carlos Ghosn fungerer for Renault.	Carlos Ghosn fungerer for 	 Carlos Ghosn arbejder for Renault.	 Carlos Ghosn arbejder for 	Renault	['Renault']	{'Renault': 1}	1	-47.40625	1	{'Renault': 1}	1	-58.09375	1
111	Q34943	Ptolemy	Ptolemæus	Q87	Alexandria	Alexandria	Ptolemy works for Alexandria .	Ptolemæus fungerer for Alexandria.	Ptolemæus fungerer for 	 Ptolemaios arbejder for Alexandria.	 Ptolemaios arbejder for 	Alexandria	['Alexandria']	{'Alexandria': 1}	1	-55.625	1	{'Alexandria': 1}	1	-71.0625	1
115	Q3503829	Sundar Pichai	Sundar Pichai	Q95	Google	Google	Sundar Pichai works for Google .	Sundar Pichai fungerer for Google.	Sundar Pichai fungerer for 	 Sundar Pichai arbejder for Google.	 Sundar Pichai arbejder for 	Google	['Google']	{'Google': 1}	1	-inf	1	{'Google': 1}	1	-59.875	1
117	Q529233	Angela Ahrendts	Angela Ahrendts	Q312	Apple Inc.	Apple Inc.	Angela Ahrendts works for Apple Inc. .	Angela Ahrendts fungerer for Apple Inc..	Angela Ahrendts fungerer for 	Angela Ahrendts arbejder for Apple Inc.	Angela Ahrendts arbejder for 	Apple Inc	['Apple']	{'Apple Inc': 1, 'Apple Inc.': 2}	1	-51.625	1	{'Apple Inc': 2, 'Apple Inc.': 3}	0	-52.4375	1
120	Q3047191	Ed Logg	Ed Logg	Q207922	Atari	Atari	Ed Logg works for Atari .	Ed Logg fungerer for Atari.	Ed Logg fungerer for 	 Ed Logg arbejder for Atari.	 Ed Logg arbejder for 	Atari	['Atari']	{'Atari': 31}	0	-inf	0	{'Atari': 4}	0	-63.75	0
122	Q92637	Ray Ozzie	Ray Ozzie	Q2283	Microsoft	Microsoft	Ray Ozzie works for Microsoft .	Ray Ozzie fungerer for Microsoft.	Ray Ozzie fungerer for 	 Ray Ozzie arbejder for Microsoft.	 Ray Ozzie arbejder for 	Microsoft	['Microsoft']	{'Microsoft': 2}	0	-52.5	1	{'Microsoft': 1}	1	-66.0625	1
123	Q658774	Mike Harrington	Mike Harrington	Q2283	Microsoft	Microsoft	Mike Harrington works for Microsoft .	Mike Harrington fungerer for Microsoft.	Mike Harrington fungerer for 	 Mike Harrington arbejder for Microsoft.	 Mike Harrington arbejder for 	Microsoft	['Microsoft']	{'Microsoft': 13}	0	-56.6875	0	{'Microsoft': 5}	0	-69.625	0
128	Q1148995	Paul Otellini	Paul Otellini	Q248	Intel	Intel	Paul Otellini works for Intel .	Paul Otellini fungerer for Intel.	Paul Otellini fungerer for 	 Paul Otellini arbejder for Intel.	 Paul Otellini arbejder for 	Intel	['Intel']	{'Intel': 1}	1	-55.59375	1	{'Intel': 1}	1	-64.75	1
131	Q92989	Jim Blinn	Jim Blinn	Q2283	Microsoft	Microsoft	Jim Blinn works for Microsoft .	Jim Blinn fungerer for Microsoft.	Jim Blinn fungerer for 	 Jim Blinn arbejder for Microsoft.	 Jim Blinn arbejder for 	Microsoft	['Microsoft']	{'Microsoft': 13}	0	-57.6875	0	{'Microsoft': 2}	0	-66.4375	1
134	Q86300	Hans Peter Luhn	Hans Peter Luhn	Q37156	IBM	IBM	Hans Peter Luhn works for IBM .	Hans Peter Luhn fungerer for IBM.	Hans Peter Luhn fungerer for 	 Hans Peter Luhn arbejder for IBM.	 Hans Peter Luhn arbejder for 	IBM	['IBM', 'International Business Machines Corporation']	{'IBM': 2}	0	-51.15625	1	{'IBM': 1}	1	-65.5625	1
137	Q30942	Guido van Rossum	Guido van Rossum	Q95	Google	Google	Guido van Rossum works for Google .	Guido van Rossum fungerer for Google.	Guido van Rossum fungerer for 	 Guido van Rossum arbejder for Google.	 Guido van Rossum arbejder for 	Google	['Google']	{'Google': 3}	0	-57.84375	1	{'Google': 1}	1	-61.84375	1
140	Q557305	Phil Knight	Phil Knight	Q483915	Nike	Nike	Phil Knight works for Nike .	Phil Knight fungerer for Nike.	Phil Knight fungerer for 	 Phil Knight arbejder for Nike.	 Phil Knight arbejder for 	Nike	['Nike', 'Nike, Inc.']	{'Nike': 2}	0	-54.59375	1	{'Nike': 1}	1	-66.125	1
142	Q2434645	Vincent Connare	Vincent Connare	Q2283	Microsoft	Microsoft	Vincent Connare works for Microsoft .	Vincent Connare fungerer for Microsoft.	Vincent Connare fungerer for 	 Vincent Connare arbejder for Microsoft.	 Vincent Connare arbejder for 	Microsoft	['Microsoft']	{'Microsoft': 13}	0	-53.875	0	{'Microsoft': 3}	0	-63.5625	1
146	Q1700049	John Fellows Akers	John Fellows Akers	Q37156	IBM	IBM	John Fellows Akers works for IBM .	John Fellows Akers fungerer for IBM.	John Fellows Akers fungerer for 	 John Fellows Akers arbejder for IBM.	 John Fellows Akers arbejder for 	IBM	['IBM', 'International Business Machines Corporation']	{'IBM': 1}	1	-67.4375	1	{'IBM': 1}	1	-72.4375	1
147	Q1363852	Louis V. Gerstner	Louis V. Gerstner	Q37156	IBM	IBM	Louis V. Gerstner works for IBM .	Louis V. Gerstner fungerer for IBM.	Louis V. Gerstner fungerer for 	 Louis V. Gerstner arbejder for IBM.	 Louis V. Gerstner arbejder for 	IBM	['IBM', 'International Business Machines Corporation']	{'IBM': 1}	1	-62.59375	1	{'IBM': 1}	1	-77.1875	1
150	Q230744	Anna Wintour	Anna Wintour	Q154008	Vogue	Vogue	Anna Wintour works for Vogue .	Anna Wintour fungerer for Vogue.	Anna Wintour fungerer for 	 Anna Wintour arbejder for Vogue.	 Anna Wintour arbejder for 	Vogue	['Vogue']	{'Vogue': 1}	1	-49.09375	1	{'Vogue': 1}	1	-58.90625	1
151	Q92807	Scott Forstall	Scott Forstall	Q312	Apple Inc.	Apple Inc.	Scott Forstall works for Apple Inc. .	Scott Forstall fungerer for Apple Inc..	Scott Forstall fungerer for 	 Scott Forstall arbejder for Apple Inc.	 Scott Forstall arbejder for 	Apple Inc	['Apple']	{'Apple Inc': 1, 'Apple Inc.': 2}	1	-55.0625	1	{'Apple Inc': 1, 'Apple Inc.': 2}	1	-69.875	1
161	Q517764	Rob Pike	Rob Pike	Q95	Google	Google	Rob Pike works for Google .	Rob Pike fungerer for Google.	Rob Pike fungerer for 	 Rob Pike arbejder for Google.	 Rob Pike arbejder for 	Google	['Google']	{'Google': 2}	0	-55.84375	1	{'Google': 1}	1	-65.0	1
163	Q92740	Jef Raskin	Jef Raskin	Q312	Apple Inc.	Apple Inc.	Jef Raskin works for Apple Inc. .	Jef Raskin fungerer for Apple Inc..	Jef Raskin fungerer for 	 Jef Raskin arbejder for Apple Inc.	 Jef Raskin arbejder for 	Apple Inc.	['Apple']	{'Apple Inc.': 12}	0	-54.375	0	{'Apple Inc.': 4}	0	-60.9375	0
168	Q702921	Chris Bangle	Chris Bangle	Q27597	Fiat	Fiat	Chris Bangle works for Fiat .	Chris Bangle fungerer for Fiat.	Chris Bangle fungerer for 	 Chris Bangle arbejder for Fiat.	 Chris Bangle arbejder for 	Fiat	['Fiat']	{'Fiat': 4}	0	-54.0	0	{'Fiat': 9}	0	-63.78125	0
171	Q491536	Dennis Hwang	Dennis Hwang	Q95	Google	Google	Dennis Hwang works for Google .	Dennis Hwang fungerer for Google.	Dennis Hwang fungerer for 	 Dennis Hwang arbejder for Google.	 Dennis Hwang arbejder for 	Google	['Google']	{'Google': 8}	0	-57.8125	0	{'Google': 1}	1	-75.125	1
173	Q92879	Tony Fadell	Tony Fadell	Q312	Apple Inc.	Apple Inc.	Tony Fadell works for Apple Inc. .	Tony Fadell fungerer for Apple Inc..	Tony Fadell fungerer for 	 Tony Fadell arbejder for Apple Inc.	 Tony Fadell arbejder for 	Apple Inc.	['Apple']	{'Apple Inc.': 2}	0	-inf	1	{'Apple Inc.': 3}	0	-65.375	1
174	Q1086204	Robert Scoble	Robert Scoble	Q2283	Microsoft	Microsoft	Robert Scoble works for Microsoft .	Robert Scoble fungerer for Microsoft.	Robert Scoble fungerer for 	Robert Scoble arbejder for Microsoft.	Robert Scoble arbejder for 	Microsoft	['Microsoft']	{'Microsoft': 1}	1	-inf	1	{'Microsoft': 1}	1	-52.25	1
179	Q48971	Susan Kare	Susan Kare	Q312	Apple Inc.	Apple Inc.	Susan Kare works for Apple Inc. .	Susan Kare fungerer for Apple Inc..	Susan Kare fungerer for 	 Susan Kare arbejder for Apple Inc.	 Susan Kare arbejder for 	Apple Inc.	['Apple']	{'Apple Inc.': 7}	0	-53.96875	0	{'Apple Inc.': 4}	0	-66.125	0
181	Q29024	Esko Aho	Esko Aho	Q1418	Nokia	Nokia	Esko Aho works for Nokia .	Esko Aho fungerer for Nokia.	Esko Aho fungerer for 	 Esko Aho arbejder for Nokia.	 Esko Aho arbejder for 	Nokia	['Nokia']	{'Nokia': 15}	0	-61.5	0	{'Nokia': 2}	0	-67.125	1
185	Q2514	Willy Brandt	Willy Brandt	Q183	Germany	Tyskland	Willy Brandt works for Germany .	Willy Brandt fungerer for Tyskland.	Willy Brandt fungerer for 	 Willy Brandt arbejder for Tyskland.	 Willy Brandt arbejder for 	Tyskland	['Germany']	{'Tyskland': 4}	0	-45.71875	0	{'Tyskland': 2}	0	-51.1875	1
190	Q507469	Guy Kawasaki	Guy Kawasaki	Q312	Apple Inc.	Apple Inc.	Guy Kawasaki works for Apple Inc. .	Guy Kawasaki fungerer for Apple Inc..	Guy Kawasaki fungerer for 	 Guy Kawasaki arbejder for Apple Inc.	 Guy Kawasaki arbejder for 	Apple Inc	['Apple']	{'Apple Inc': 1, 'Apple Inc.': 2}	1	-inf	1	{'Apple Inc': 1, 'Apple Inc.': 2}	1	-63.28125	1
191	Q92973	Wietse Venema	Wietse Venema	Q37156	IBM	IBM	Wietse Venema works for IBM .	Wietse Venema fungerer for IBM.	Wietse Venema fungerer for 	 Wietse Venema arbejder for IBM.	 Wietse Venema arbejder for 	IBM	['IBM', 'International Business Machines Corporation']	{'IBM': 1}	1	-61.84375	1	{'IBM': 1}	1	-66.6875	1
193	Q618558	Craig Federighi	Craig Federighi	Q312	Apple Inc.	Apple Inc.	Craig Federighi works for Apple Inc. .	Craig Federighi fungerer for Apple Inc..	Craig Federighi fungerer for 	 Craig Federighi arbejder for Apple Inc.	 Craig Federighi arbejder for 	Apple Inc	['Apple']	{'Apple Inc': 1, 'Apple Inc.': 2}	1	-50.65625	1	{'Apple Inc': 1, 'Apple Inc.': 2}	1	-60.125	1
194	Q298341	Raymond Kurzweil	Ray Kurzweil	Q95	Google	Google	Raymond Kurzweil works for Google .	Ray Kurzweil fungerer for Google.	Ray Kurzweil fungerer for 	 Raymond Kurzweil arbejder for Google.	 Raymond Kurzweil arbejder for 	Google	['Google']	{'Google': 1}	1	-45.84375	1	{'Google': 1}	1	-63.78125	1
195	Q507469	Guy Kawasaki	Guy Kawasaki	Q956568	Forbes	Forbes	Guy Kawasaki works for Forbes .	Guy Kawasaki fungerer for Forbes.	Guy Kawasaki fungerer for 	 Guy Kawasaki arbejder for Forbes.	 Guy Kawasaki arbejder for 	Forbes	['Forbes']	{'Forbes': 6}	0	-inf	0	{'Forbes': 6}	0	-63.28125	0
199	Q7823238	Tony Reali	Tony Reali	Q217776	ESPN	ESPN	Tony Reali works for ESPN .	Tony Reali fungerer for ESPN.	Tony Reali fungerer for 	 Tony Reali arbejder for ESPN.	 Tony Reali arbejder for 	ESPN	['ESPN', 'Entertainment and Sports Programming Network']	{'ESPN': 1}	1	-50.71875	1	{'ESPN': 1}	1	-66.9375	1
200	Q3500447	Mark Penn	Mark Penn	Q2283	Microsoft	Microsoft	Mark Penn works for Microsoft .	Mark Penn fungerer for Microsoft.	Mark Penn fungerer for 	 Mark Penn arbejder for Microsoft.	 Mark Penn arbejder for 	Microsoft	['Microsoft']	{'Microsoft': 3}	0	-54.09375	1	{'Microsoft': 1}	1	-59.53125	1
201	Q92743	Vint Cerf	Vint Cerf	Q95	Google	Google	Vint Cerf works for Google .	Vint Cerf fungerer for Google.	Vint Cerf fungerer for 	 Vint Cerf arbejder for Google.	 Vint Cerf arbejder for 	Google	['Google']	{'Google': 1}	1	-56.375	1	{'Google': 1}	1	-61.0	1
203	Q7637	Ward Cunningham	Ward Cunningham	Q2283	Microsoft	Microsoft	Ward Cunningham works for Microsoft .	Ward Cunningham fungerer for Microsoft.	Ward Cunningham fungerer for 	 Ward Cunningham arbejder for Microsoft.	 Ward Cunningham arbejder for 	Microsoft	['Microsoft']	{'Microsoft': 4}	0	-54.9375	0	{'Microsoft': 3}	0	-66.5625	1
205	Q92609	Fred Brooks	Fred Brooks	Q37156	IBM	IBM	Fred Brooks works for IBM .	Fred Brooks fungerer for IBM.	Fred Brooks fungerer for 	 Fred Brooks arbejder for IBM.	 Fred Brooks arbejder for 	IBM	['IBM', 'International Business Machines Corporation']	{'IBM': 1}	1	-52.28125	1	{'IBM': 1}	1	-66.875	1
206	Q838473	Bryant Tuckerman	Bryant Tuckerman	Q37156	IBM	IBM	Bryant Tuckerman works for IBM .	Bryant Tuckerman fungerer for IBM.	Bryant Tuckerman fungerer for 	 Bryant Tuckerman arbejder for IBM.	 Bryant Tuckerman arbejder for 	IBM	['IBM', 'International Business Machines Corporation']	{'IBM': 3}	0	-58.53125	1	{'IBM': 1}	1	-67.6875	1
207	Q92923	Charles Goldfarb	Charles Goldfarb	Q37156	IBM	IBM	Charles Goldfarb works for IBM .	Charles Goldfarb fungerer for IBM.	Charles Goldfarb fungerer for 	 Charles Goldfarb arbejder for IBM.	 Charles Goldfarb arbejder for 	IBM	['IBM', 'International Business Machines Corporation']	{'IBM': 1}	1	-57.25	1	{'IBM': 1}	1	-74.625	1
208	Q6776103	Martin M. Wattenberg	Martin Wattenberg	Q37156	IBM	IBM	Martin M. Wattenberg works for IBM .	Martin Wattenberg fungerer for IBM.	Martin Wattenberg fungerer for 	 Martin M. Wattenberg arbejder for IBM.	 Martin M. Wattenberg arbejder for 	IBM	['IBM', 'International Business Machines Corporation']	{'IBM': 2}	0	-59.25	1	{'IBM': 1}	1	-70.25	1
210	Q317730	Jean-Dominique Bauby	Jean-Dominique Bauby	Q154020	Elle	Elle	Jean-Dominique Bauby works for Elle .	Jean-Dominique Bauby fungerer for Elle.	Jean-Dominique Bauby fungerer for 	 Jean-Dominique Bauby arbejder for Elle.	 Jean-Dominique Bauby arbejder for 	Elle	['Elle']	{'Elle': 1}	1	-54.34375	1	{'Elle': 2}	0	-65.1875	1
213	Q1297016	Reynold B. Johnson	Reynold B. Johnson	Q37156	IBM	IBM	Reynold B. Johnson works for IBM .	Reynold B. Johnson fungerer for IBM.	Reynold B. Johnson fungerer for 	 Reynold B. Johnson arbejder for IBM.	 Reynold B. Johnson arbejder for 	IBM	['IBM', 'International Business Machines Corporation']	{'IBM': 1}	1	-61.6875	1	{'IBM': 1}	1	-68.8125	1
214	Q4784347	Arash Markazi	Arash Markazi	Q217776	ESPN	ESPN	Arash Markazi works for ESPN .	Arash Markazi fungerer for ESPN.	Arash Markazi fungerer for 	 Arash Markazi arbejder for ESPN.	 Arash Markazi arbejder for 	ESPN	['ESPN', 'Entertainment and Sports Programming Network']	{'ESPN': 1}	1	-59.0	1	{'ESPN': 1}	1	-inf	1
223	Q112534	Ed Zschau	Ed Zschau	Q37156	IBM	IBM	Ed Zschau works for IBM .	Ed Zschau fungerer for IBM.	Ed Zschau fungerer for 	 Ed Zschau arbejder for IBM.	 Ed Zschau arbejder for 	IBM	['IBM', 'International Business Machines Corporation']	{'IBM': 3}	0	-57.09375	1	{'IBM': 1}	1	-71.5	1
228	Q2573233	Don Coppersmith	Don Coppersmith	Q37156	IBM	IBM	Don Coppersmith works for IBM .	Don Coppersmith fungerer for IBM.	Don Coppersmith fungerer for 	 Don Coppersmith arbejder for IBM.	 Don Coppersmith arbejder for 	IBM	['IBM', 'International Business Machines Corporation']	{'IBM': 1}	1	-65.9375	1	{'IBM': 1}	1	-71.125	1
233	Q1701260	John R. Opel	John R. Opel	Q37156	IBM	IBM	John R. Opel works for IBM .	John R. Opel fungerer for IBM.	John R. Opel fungerer for 	 John R. Opel arbejder for IBM.	 John R. Opel arbejder for 	IBM	['IBM', 'International Business Machines Corporation']	{'IBM': 1}	1	-inf	1	{'IBM': 1}	1	-69.0625	1
