	sub_uri	en_sub_label	sub_label	obj_uri	en_obj_label	obj_label	en_template	template	template_prompt	gt_translation	gt_prompt	gt_infl_object	aliases	template_true_ranks	template_top1_correct	template_prompt_prob	template_top3_correct	gt_true_ranks	gt_top1_correct	gt_prompt_prob	gt_top3_correct
0	Q19837	Steve Jobs	Steve Jobs	Q312	Apple Inc.	Apple	Steve Jobs works for Apple Inc. .	Steve Jobs funciona para Apple.	Steve Jobs funciona para 	 Steve Jobs trabaja para Apple Inc.	 Steve Jobs trabaja para 	Apple	['Apple', 'Apple Computer Inc']	{'Apple': 1}	1	-inf	1	{'Apple': 1}	1	-51.125	1
1	Q483382	Steve Wozniak	Stephen Wozniak	Q312	Apple Inc.	Apple	Steve Wozniak works for Apple Inc. .	Stephen Wozniak funciona para Apple.	Stephen Wozniak funciona para 	 Steve Wozniak trabaja para Apple Inc.	 Steve Wozniak trabaja para 	Apple	['Apple', 'Apple Computer Inc']	{'Apple': 1}	1	-47.25	1	{'Apple': 1}	1	-51.09375	1
2	Q162005	Paul G. Allen	Paul Allen	Q2283	Microsoft	Microsoft	Paul G. Allen works for Microsoft .	Paul Allen funciona para Microsoft.	Paul Allen funciona para 	 Paul G. Allen trabaja para Microsoft.	 Paul G. Allen trabaja para 	Microsoft	['Microsoft', 'MSFT', 'MS']	{'Microsoft': 1}	1	-46.3125	1	{'Microsoft': 1}	1	-59.40625	1
3	Q7426870	Satya Nadella	Satya Nadella	Q2283	Microsoft	Microsoft	Satya Nadella works for Microsoft .	Satya Nadella funciona para Microsoft.	Satya Nadella funciona para 	 Satya Nadella trabaja para Microsoft.	 Satya Nadella trabaja para 	Microsoft	['Microsoft', 'MSFT', 'MS']	{'Microsoft': 1}	1	-inf	1	{'Microsoft': 1}	1	-54.6875	1
7	Q92803	Grady Booch	Grady Booch	Q37156	IBM	IBM	Grady Booch works for IBM .	Grady Booch funciona para IBM.	Grady Booch funciona para 	 Grady Booch trabaja para IBM.	 Grady Booch trabaja para 	IBM	['IBM', 'Computing Scale Corporation', 'International Business Machines Corporation']	{'IBM': 1}	1	-51.125	1	{'IBM': 1}	1	-inf	1
8	Q62164	Horst Feistel	Horst Feistel	Q37156	IBM	IBM	Horst Feistel works for IBM .	Horst Feistel funciona para IBM.	Horst Feistel funciona para 	 Horst Feistel trabaja para IBM.	 Horst Feistel trabaja para 	IBM	['IBM', 'Computing Scale Corporation', 'International Business Machines Corporation']	{'IBM': 1}	1	-55.0625	1	{'IBM': 1}	1	-62.03125	1
9	Q712551	Philip Don Estridge	Philip Donald Estridge	Q37156	IBM	IBM	Philip Don Estridge works for IBM .	Philip Donald Estridge funciona para IBM.	Philip Donald Estridge funciona para 	 Philip Don Estridge trabaja para IBM.	 Philip Don Estridge trabaja para 	IBM	['IBM', 'Computing Scale Corporation', 'International Business Machines Corporation']	{'IBM': 1}	1	-inf	1	{'IBM': 1}	1	-70.9375	1
10	Q5284	Bill Gates	Bill Gates	Q2283	Microsoft	Microsoft	Bill Gates works for Microsoft .	Bill Gates funciona para Microsoft.	Bill Gates funciona para 	 Bill Gates trabaja para Microsoft.	 Bill Gates trabaja para 	Microsoft	['Microsoft', 'MSFT', 'MS']	{'Microsoft': 1}	1	-inf	1	{'Microsoft': 1}	1	-51.5	1
11	Q181162	Steve Ballmer	Steve Ballmer	Q2283	Microsoft	Microsoft	Steve Ballmer works for Microsoft .	Steve Ballmer funciona para Microsoft.	Steve Ballmer funciona para 	 Steve Ballmer trabaja para Microsoft.	 Steve Ballmer trabaja para 	Microsoft	['Microsoft', 'MSFT', 'MS']	{'Microsoft': 1}	1	-inf	1	{'Microsoft': 1}	1	-53.625	1
14	Q14086	Marissa Mayer	Marissa Mayer	Q95	Google	Google	Marissa Mayer works for Google .	Marissa Mayer funciona para Google.	Marissa Mayer funciona para 	 Marissa Mayer trabaja para Google.	 Marissa Mayer trabaja para 	Google	['Google', 'Google LLC', 'Google Inc.']	{'Google': 1}	1	-inf	1	{'Google': 1}	1	-57.0625	1
15	Q558130	Dave Hyatt	David Hyatt	Q312	Apple Inc.	Apple	Dave Hyatt works for Apple Inc. .	David Hyatt funciona para Apple.	David Hyatt funciona para 	 Dave Hyatt trabaja para Apple Inc.	 Dave Hyatt trabaja para 	Apple	['Apple', 'Apple Computer Inc']	{'Apple': 1}	1	-51.4375	1	{'Apple': 1}	1	-61.8125	1
16	Q15516663	Jeff Fager	Jeff Fager	Q43380	CBS	CBS	Jeff Fager works for CBS .	Jeff Fager funciona para CBS.	Jeff Fager funciona para 	 Jeff Fager trabaja para CBS.	 Jeff Fager trabaja para 	CBS	['CBS', 'Sistema de Radiodifusión Columbia']	{'CBS': 1}	1	-inf	1	{'CBS': 1}	1	-inf	1
17	Q1160659	Daniel Filipacchi	Daniel Filipacchi	Q154020	Elle	Elle	Daniel Filipacchi works for Elle .	Daniel Filipacchi funciona para Elle.	Daniel Filipacchi funciona para 	 Daniel Filipacchi trabaja para Elle .	 Daniel Filipacchi trabaja para 	Elle	['Elle']	{'Elle': 4}	0	-57.53125	0	{'Elle': 5}	0	-59.8125	0
18	Q983111	Stephen Elop	Stephen Elop	Q2283	Microsoft	Microsoft	Stephen Elop works for Microsoft .	Stephen Elop funciona para Microsoft.	Stephen Elop funciona para 	 Stephen Elop trabaja para Microsoft.	 Stephen Elop trabaja para 	Microsoft	['Microsoft', 'MSFT', 'MS']	{'Microsoft': 1}	1	-inf	1	{'Microsoft': 1}	1	-55.125	1
19	Q337024	John Sculley	John Sculley	Q312	Apple Inc.	Apple	John Sculley works for Apple Inc. .	John Sculley funciona para Apple.	John Sculley funciona para 	 John Sculley trabaja para Apple Inc.	 John Sculley trabaja para 	Apple	['Apple', 'Apple Computer Inc']	{'Apple': 1}	1	-inf	1	{'Apple': 1}	1	-58.90625	1
20	Q659176	Phil Schiller	Phil Schiller	Q312	Apple Inc.	Apple	Phil Schiller works for Apple Inc. .	Phil Schiller funciona para Apple.	Phil Schiller funciona para 	 Phil Schiller trabaja para Apple Inc.	 Phil Schiller trabaja para 	Apple	['Apple', 'Apple Computer Inc']	{'Apple': 1}	1	-47.46875	1	{'Apple': 1}	1	-56.34375	1
21	Q76766	Gerd Binnig	Gerd Binnig	Q37156	IBM	IBM	Gerd Binnig works for IBM .	Gerd Binnig funciona para IBM.	Gerd Binnig funciona para 	 Gerd Binnig trabaja para IBM.	 Gerd Binnig trabaja para 	IBM	['IBM', 'Computing Scale Corporation', 'International Business Machines Corporation']	{'IBM': 1}	1	-52.1875	1	{'IBM': 1}	1	-62.875	1
22	Q123029	Heinrich Rohrer	Heinrich Rohrer	Q37156	IBM	IBM	Heinrich Rohrer works for IBM .	Heinrich Rohrer funciona para IBM.	Heinrich Rohrer funciona para 	Heinrich Rohrer trabaja para IBM.	Heinrich Rohrer trabaja para 	IBM	['IBM', 'Computing Scale Corporation', 'International Business Machines Corporation']	{'IBM': 1}	1	-49.96875	1	{'IBM': 1}	1	-48.3125	1
23	Q12572999	Brian Krzanich	Brian Krzanich	Q248	Intel	Intel	Brian Krzanich works for Intel .	Brian Krzanich funciona para Intel.	Brian Krzanich funciona para 	 Brian Krzanich trabaja para Intel.	 Brian Krzanich trabaja para 	Intel	['Intel']	{'Intel': 1}	1	-inf	1	{'Intel': 1}	1	-54.71875	1
24	Q316013	Satoru Iwata	Satoru Iwata	Q8093	Nintendo	Nintendo	Satoru Iwata works for Nintendo .	Satoru Iwata funciona para Nintendo.	Satoru Iwata funciona para 	 Satoru Iwata trabaja para Nintendo.	 Satoru Iwata trabaja para 	Nintendo	['Nintendo', 'Nintendo Co.', 'Nintendo Co., Ltd.']	{'Nintendo': 1}	1	-inf	1	{'Nintendo': 1}	1	-56.6875	1
28	Q7172689	Peter Barron	Peter Barron	Q95	Google	Google	Peter Barron works for Google .	Peter Barron funciona para Google.	Peter Barron funciona para 	 Peter Barron trabaja para Google.	 Peter Barron trabaja para 	Google	['Google', 'Google LLC', 'Google Inc.']	{'Google': 3}	0	-inf	1	{'Google': 2}	0	-57.3125	1
45	Q49819	Charles Simonyi	Charles Simonyi	Q2283	Microsoft	Microsoft	Charles Simonyi works for Microsoft .	Charles Simonyi funciona para Microsoft.	Charles Simonyi funciona para 	 Charles Simonyi trabaja para Microsoft.	 Charles Simonyi trabaja para 	Microsoft	['Microsoft', 'MSFT', 'MS']	{'Microsoft': 1}	1	-52.0	1	{'Microsoft': 1}	1	-60.3125	1
49	Q5623430	Gwen Ifill	Gwen Ifill	Q215616	PBS	PBS	Gwen Ifill works for PBS .	Gwen Ifill funciona para PBS.	Gwen Ifill funciona para 	 Gwen Ifill trabaja para PBS.	 Gwen Ifill trabaja para 	PBS	['PBS', 'Public Broadcasting System']	{'PBS': 1}	1	-49.25	1	{'PBS': 1}	1	-55.125	1
51	Q1705010	Craig Mundie	Craig Mundie	Q2283	Microsoft	Microsoft	Craig Mundie works for Microsoft .	Craig Mundie funciona para Microsoft.	Craig Mundie funciona para 	 Craig Mundie trabaja para Microsoft.	 Craig Mundie trabaja para 	Microsoft	['Microsoft', 'MSFT', 'MS']	{'Microsoft': 1}	1	-inf	1	{'Microsoft': 1}	1	-63.0625	1
52	Q2514	Willy Brandt	Willy Brandt	Q64	Berlin	Berlín	Willy Brandt works for Berlin .	Willy Brandt funciona para Berlín.	Willy Brandt funciona para 	 Willy Brandt trabaja para Berlín.	 Willy Brandt trabaja para 	Berlín	['Berlin', 'Berlin', 'Stadt Berlin', 'Ciudad de Berlín', 'Berlin, Deutschland', 'Berlín, Alemania', 'DE-BE']	{'Berlín': 18}	0	-45.25	0	{'Berlín': 6}	0	-52.0625	0
53	Q4799874	Arthur Oliver Wheeler	Arthur Oliver Wheeler	Q16	Canada	Canadá	Arthur Oliver Wheeler works for Canada .	Arthur Oliver Wheeler funciona para Canadá.	Arthur Oliver Wheeler funciona para 	 Arthur Oliver Wheeler trabaja para Canadá.	 Arthur Oliver Wheeler trabaja para 	Canadá	['Canada', 'Dominio de Canadá', 'Norteamérica Británica', 'CAN', 'CA', 'Can.']	{'Canadá': 8}	0	-inf	0	{'Canadá': 9}	0	-61.84375	0
57	Q1708592	Krishna Bharat	Krishna Bharat	Q95	Google	Google	Krishna Bharat works for Google .	Krishna Bharat funciona para Google.	Krishna Bharat funciona para 	Krishna Bharat trabaja para Google.	Krishna Bharat trabaja para 	Google	['Google', 'Google LLC', 'Google Inc.']	{'Google': 1}	1	-46.90625	1	{'Google': 1}	1	-47.5625	1
60	Q110294	Jan Pieterszoon Sweelinck	Jan Pieterszoon Sweelinck	Q727	Amsterdam	Ámsterdam	Jan Pieterszoon Sweelinck works for Amsterdam .	Jan Pieterszoon Sweelinck funciona para Ámsterdam.	Jan Pieterszoon Sweelinck funciona para 	 Jan Pieterszoon Sweelinck trabaja para Ámsterdam.	 Jan Pieterszoon Sweelinck trabaja para 	Ámsterdam	['Amsterdam', 'Amsterdam', 'proclamado de sucesos larry styinson']	{'Ámsterdam': 12}	0	-57.0	0	{'Ámsterdam': 2}	0	-inf	1
65	Q62890	Gene Amdahl	Gene Amdahl	Q37156	IBM	IBM	Gene Amdahl works for IBM .	Gene Amdahl funciona para IBM.	Gene Amdahl funciona para 	 Gene Amdahl trabaja para IBM.	 Gene Amdahl trabaja para 	IBM	['IBM', 'Computing Scale Corporation', 'International Business Machines Corporation']	{'IBM': 1}	1	-inf	1	{'IBM': 1}	1	-60.71875	1
66	Q313908	Geert Hofstede	Geert Hofstede	Q37156	IBM	IBM	Geert Hofstede works for IBM .	Geert Hofstede funciona para IBM.	Geert Hofstede funciona para 	 Geert Hofstede trabaja para IBM.	 Geert Hofstede trabaja para 	IBM	['IBM', 'Computing Scale Corporation', 'International Business Machines Corporation']	{'IBM': 1}	1	-inf	1	{'IBM': 1}	1	-inf	1
71	Q463229	Keith Olbermann	Keith Olbermann	Q217776	ESPN	ESPN	Keith Olbermann works for ESPN .	Keith Olbermann funciona para ESPN.	Keith Olbermann funciona para 	 Keith Olbermann trabaja para ESPN.	 Keith Olbermann trabaja para 	ESPN	['ESPN', 'Entertainment and Sports Programming Network']	{'ESPN': 2}	0	-inf	1	{'ESPN': 2}	0	-56.625	1
73	Q5693797	Heather Cox	Heather Cox	Q217776	ESPN	ESPN	Heather Cox works for ESPN .	Heather Cox funciona para ESPN.	Heather Cox funciona para 	 Heather Cox trabaja para ESPN.	 Heather Cox trabaja para 	ESPN	['ESPN', 'Entertainment and Sports Programming Network']	{'ESPN': 1}	1	-inf	1	{'ESPN': 3}	0	-inf	1
75	Q3101427	George Bodenheimer	George Bodenheimer	Q217776	ESPN	ESPN	George Bodenheimer works for ESPN .	George Bodenheimer funciona para ESPN.	George Bodenheimer funciona para 	 George Bodenheimer trabaja para ESPN.	 George Bodenheimer trabaja para 	ESPN	['ESPN', 'Entertainment and Sports Programming Network']	{'ESPN': 1}	1	-inf	1	{'ESPN': 1}	1	-62.75	1
76	Q6144143	James Thomas Aubrey, Jr.	James Thomas Aubrey, Jr.	Q43380	CBS	CBS	James Thomas Aubrey, Jr. works for CBS .	James Thomas Aubrey, Jr. funciona para CBS.	James Thomas Aubrey, Jr. funciona para 	 James Thomas Aubrey, Jr. trabaja para CBS.	 James Thomas Aubrey, Jr. trabaja para 	CBS	['CBS', 'Sistema de Radiodifusión Columbia']	{'CBS': 1}	1	-inf	1	{'CBS': 1}	1	-inf	1
77	Q271491	Greta Van Susteren	Greta Van Susteren	Q48340	CNN	CNN	Greta Van Susteren works for CNN .	Greta Van Susteren funciona para CNN.	Greta Van Susteren funciona para 	 Greta Van Susteren trabaja para CNN.	 Greta Van Susteren trabaja para 	CNN	['CNN', 'CNN Money', 'CNN com', 'Red de Noticias por Cable']	{'CNN': 1}	1	-inf	1	{'CNN': 1}	1	-60.15625	1
78	Q7613608	Steve Phillips	Steve Phillips	Q217776	ESPN	ESPN	Steve Phillips works for ESPN .	Steve Phillips funciona para ESPN.	Steve Phillips funciona para 	 Steve Phillips trabaja para ESPN.	 Steve Phillips trabaja para 	ESPN	['ESPN', 'Entertainment and Sports Programming Network']	{'ESPN': 1}	1	-inf	1	{'ESPN': 1}	1	-55.40625	1
80	Q49971	Ginni Rometty	Ginni Rometty	Q37156	IBM	IBM	Ginni Rometty works for IBM .	Ginni Rometty funciona para IBM.	Ginni Rometty funciona para 	 Ginni Rometty trabaja para IBM.	 Ginni Rometty trabaja para 	IBM	['IBM', 'Computing Scale Corporation', 'International Business Machines Corporation']	{'IBM': 1}	1	-inf	1	{'IBM': 1}	1	-56.3125	1
82	Q4954260	Brad Silverberg	Brad Silverberg	Q2283	Microsoft	Microsoft	Brad Silverberg works for Microsoft .	Brad Silverberg funciona para Microsoft.	Brad Silverberg funciona para 	 Brad Silverberg trabaja para Microsoft.	 Brad Silverberg trabaja para 	Microsoft	['Microsoft', 'MSFT', 'MS']	{'Microsoft': 1}	1	-inf	1	{'Microsoft': 1}	1	-55.65625	1
83	Q92875	Gordon Bell	C. Gordon Bell	Q2283	Microsoft	Microsoft	Gordon Bell works for Microsoft .	C. Gordon Bell funciona para Microsoft.	C. Gordon Bell funciona para 	 Gordon Bell trabaja para Microsoft.	 Gordon Bell trabaja para 	Microsoft	['Microsoft', 'MSFT', 'MS']	{'Microsoft': 1}	1	-58.46875	1	{'Microsoft': 1}	1	-inf	1
84	Q1288608	William S. Paley	William S. Paley	Q43380	CBS	CBS	William S. Paley works for CBS .	William S. Paley funciona para CBS.	William S. Paley funciona para 	 William S. Paley trabaja para CBS.	 William S. Paley trabaja para 	CBS	['CBS', 'Sistema de Radiodifusión Columbia']	{'CBS': 1}	1	-inf	1	{'CBS': 1}	1	-66.0625	1
87	Q92940	Tim Paterson	Tim Paterson	Q2283	Microsoft	Microsoft	Tim Paterson works for Microsoft .	Tim Paterson funciona para Microsoft.	Tim Paterson funciona para 	 Tim Paterson trabaja para Microsoft.	 Tim Paterson trabaja para 	Microsoft	['Microsoft', 'MSFT', 'MS']	{'Microsoft': 1}	1	-53.78125	1	{'Microsoft': 1}	1	-58.1875	1
88	Q173380	Adrian Newey	Adrian Newey	Q172030	McLaren	McLaren	Adrian Newey works for McLaren .	Adrian Newey funciona para McLaren.	Adrian Newey funciona para 	 Adrian Newey trabaja para McLaren.	 Adrian Newey trabaja para 	McLaren	['McLaren', 'Smooth Operator Racing Team', 'Milk Racing Team']	{'McLaren': 1}	1	-48.03125	1	{'McLaren': 1}	1	-54.5	1
89	Q72790	Victoria Ocampo	Victoria Ocampo	Q2269998	Sur	Sur	Victoria Ocampo works for Sur .	Victoria Ocampo funciona para Sur.	Victoria Ocampo funciona para 	 Victoria Ocampo trabaja para Sur.	 Victoria Ocampo trabaja para 	Sur	['Sur', 'Revista Sur', 'Sur (revista)']	{'Sur': 3}	0	-46.75	1	{'Sur': 3}	0	-54.78125	1
90	Q861110	Shane McMahon	Shane McMahon	Q35339	WWE	WWE	Shane McMahon works for WWE .	Shane McMahon funciona para WWE.	Shane McMahon funciona para 	 Shane McMahon trabaja para la WWE.	 Shane McMahon trabaja para la 	WWE	['WWE', 'World Wrestling Entertainment', 'WWF', 'WWE, Inc.', 'World Wrestling Federation', 'Titan Sports, Inc.']	{'WWE': 1}	1	-inf	1	{'WWE': 1}	1	-58.90625	1
91	Q6500901	Laurence Tisch	Laurence Tisch	Q43380	CBS	CBS	Laurence Tisch works for CBS .	Laurence Tisch funciona para CBS.	Laurence Tisch funciona para 	 Laurence Tisch trabaja para CBS.	 Laurence Tisch trabaja para 	CBS	['CBS', 'Sistema de Radiodifusión Columbia']	{'CBS': 1}	1	-49.34375	1	{'CBS': 1}	1	-56.3125	1
92	Q325487	Mike Wallace	Mike Wallace	Q43380	CBS	CBS	Mike Wallace works for CBS .	Mike Wallace funciona para CBS.	Mike Wallace funciona para 	 Mike Wallace trabaja para CBS.	 Mike Wallace trabaja para 	CBS	['CBS', 'Sistema de Radiodifusión Columbia']	{'CBS': 1}	1	-inf	1	{'CBS': 1}	1	-50.09375	1
95	Q5112179	Chris Cuomo	Chris Cuomo	Q48340	CNN	CNN	Chris Cuomo works for CNN .	Chris Cuomo funciona para CNN.	Chris Cuomo funciona para 	 Chris Cuomo trabaja para CNN.	 Chris Cuomo trabaja para 	CNN	['CNN', 'CNN Money', 'CNN com', 'Red de Noticias por Cable']	{'CNN': 1}	1	-inf	1	{'CNN': 1}	1	-inf	1
96	Q12382	Shigeru Miyamoto	Shigeru Miyamoto	Q8093	Nintendo	Nintendo	Shigeru Miyamoto works for Nintendo .	Shigeru Miyamoto funciona para Nintendo.	Shigeru Miyamoto funciona para 	Shigeru Miyamoto trabaja para Nintendo.	Shigeru Miyamoto trabaja para 	Nintendo	['Nintendo', 'Nintendo Co.', 'Nintendo Co., Ltd.']	{'Nintendo': 1}	1	-inf	1	{'Nintendo': 1}	1	-50.9375	1
98	Q44567	Triple H	Triple H	Q35339	WWE	WWE	Triple H works for WWE .	Triple H funciona para WWE.	Triple H funciona para 	 Triple H trabaja para la WWE.	 Triple H trabaja para la 	WWE	['WWE', 'World Wrestling Entertainment', 'WWF', 'WWE, Inc.', 'World Wrestling Federation', 'Titan Sports, Inc.']	{'WWE': 1}	1	-inf	1	{'WWE': 1}	1	-58.25	1
99	Q365578	Nathan Myhrvold	Nathan Myhrvold	Q2283	Microsoft	Microsoft	Nathan Myhrvold works for Microsoft .	Nathan Myhrvold funciona para Microsoft.	Nathan Myhrvold funciona para 	 Nathan Myhrvold trabaja para Microsoft.	 Nathan Myhrvold trabaja para 	Microsoft	['Microsoft', 'MSFT', 'MS']	{'Microsoft': 1}	1	-inf	1	{'Microsoft': 1}	1	-52.6875	1
100	Q2923786	Brandon Tartikoff	Brandon Tartikoff	Q13974	NBC	NBC	Brandon Tartikoff works for NBC .	Brandon Tartikoff funciona para NBC.	Brandon Tartikoff funciona para 	 Brandon Tartikoff trabaja para NBC.	 Brandon Tartikoff trabaja para 	NBC	['NBC', 'Compañía Nacional de Radiodifusión']	{'NBC': 1}	1	-inf	1	{'NBC': 1}	1	-inf	1
101	Q95452	Klaus Tschira	Klaus Tschira	Q37156	IBM	IBM	Klaus Tschira works for IBM .	Klaus Tschira funciona para IBM.	Klaus Tschira funciona para 	 Klaus Tschira trabaja para IBM.	 Klaus Tschira trabaja para 	IBM	['IBM', 'Computing Scale Corporation', 'International Business Machines Corporation']	{'IBM': 1}	1	-inf	1	{'IBM': 1}	1	-61.40625	1
102	Q71074	Hasso Plattner	Hasso Plattner	Q37156	IBM	IBM	Hasso Plattner works for IBM .	Hasso Plattner funciona para IBM.	Hasso Plattner funciona para 	 Hasso Plattner trabaja para IBM.	 Hasso Plattner trabaja para 	IBM	['IBM', 'Computing Scale Corporation', 'International Business Machines Corporation']	{'IBM': 1}	1	-49.21875	1	{'IBM': 1}	1	-inf	1
107	Q313697	Ross Perot	Ross Perot	Q37156	IBM	IBM	Ross Perot works for IBM .	Ross Perot funciona para IBM.	Ross Perot funciona para 	 Ross Perot trabaja para IBM.	 Ross Perot trabaja para 	IBM	['IBM', 'Computing Scale Corporation', 'International Business Machines Corporation']	{'IBM': 1}	1	-inf	1	{'IBM': 1}	1	-inf	1
108	Q265852	Tim Cook	Tim Cook	Q312	Apple Inc.	Apple	Tim Cook works for Apple Inc. .	Tim Cook funciona para Apple.	Tim Cook funciona para 	 Tim Cook trabaja para Apple Inc.	 Tim Cook trabaja para 	Apple	['Apple', 'Apple Computer Inc']	{'Apple': 1}	1	-inf	1	{'Apple': 1}	1	-50.6875	1
110	Q92661	Bob Wallace	Bob Wallace	Q2283	Microsoft	Microsoft	Bob Wallace works for Microsoft .	Bob Wallace funciona para Microsoft.	Bob Wallace funciona para 	 Bob Wallace trabaja para Microsoft.	 Bob Wallace trabaja para 	Microsoft	['Microsoft', 'MSFT', 'MS']	{'Microsoft': 5}	0	-46.34375	0	{'Microsoft': 6}	0	-54.40625	0
116	Q92600	Alexey Pajitnov	Alekséi Pázhitnov	Q2283	Microsoft	Microsoft	Alexey Pajitnov works for Microsoft .	Alekséi Pázhitnov funciona para Microsoft.	Alekséi Pázhitnov funciona para 	 Alexey Pajitnov trabaja para Microsoft.	 Alexey Pajitnov trabaja para 	Microsoft	['Microsoft', 'MSFT', 'MS']	{'Microsoft': 1}	1	-58.59375	1	{'Microsoft': 2}	0	-57.6875	1
118	Q702921	Chris Bangle	Chris Bangle	Q26678	BMW	BMW	Chris Bangle works for BMW .	Chris Bangle funciona para BMW.	Chris Bangle funciona para 	 Chris Bangle trabaja para BMW.	 Chris Bangle trabaja para 	BMW	['BMW', 'BMW AG', 'Bayerische Motoren Werke', 'BMW Group']	{'BMW': 1}	1	-inf	1	{'BMW': 1}	1	-53.78125	1
122	Q155914	Peter Simon Pallas	Peter Simon Pallas	Q159	Russia	Rusia	Peter Simon Pallas works for Russia .	Peter Simon Pallas funciona para Rusia.	Peter Simon Pallas funciona para 	 Peter Simon Pallas trabaja para Rusia.	 Peter Simon Pallas trabaja para 	Rusia	['Russia', 'Federación Rusa', 'Federación de Rusia']	{'Rusia': 21}	0	-55.34375	0	{'Rusia': 17}	0	-62.6875	0
126	Q782805	Samuel J. Palmisano	Samuel J. Palmisano	Q37156	IBM	IBM	Samuel J. Palmisano works for IBM .	Samuel J. Palmisano funciona para IBM.	Samuel J. Palmisano funciona para 	 Samuel J. Palmisano trabaja para IBM.	 Samuel J. Palmisano trabaja para 	IBM	['IBM', 'Computing Scale Corporation', 'International Business Machines Corporation']	{'IBM': 1}	1	-inf	1	{'IBM': 1}	1	-61.65625	1
127	Q60992	Heinrich Daniel Ruhmkorff	Heinrich Daniel Ruhmkorff	Q90	Paris	París	Heinrich Daniel Ruhmkorff works for Paris .	Heinrich Daniel Ruhmkorff funciona para París.	Heinrich Daniel Ruhmkorff funciona para 	 Heinrich Daniel Ruhmkorff trabaja para París.	 Heinrich Daniel Ruhmkorff trabaja para 	París	['Paris', 'La Ciudad de la Luz', 'Paris', 'La Ciudad Luz', 'La Ciudad del Amor']	{'París': 5}	0	-61.65625	0	{'París': 7}	0	-71.375	0
128	Q378422	UNESCO Goodwill Ambassador	Anexo:Embajadores de las Naciones Unidas	Q7809	UNESCO	Unesco	UNESCO Goodwill Ambassador works for UNESCO .	Anexo:Embajadores de las Naciones Unidas funciona para Unesco.	Anexo:Embajadores de las Naciones Unidas funciona para 	 Embajador de Buena Voluntad de la UNESCO trabaja para la UNESCO.	 Embajador de Buena Voluntad de la UNESCO trabaja para la 	UNESCO	['UNESCO', 'Unesco']	{'UNESCO': 1, 'Unesco': 5}	1	-76.75	1	{'UNESCO': 1, 'Unesco': 3}	1	-73.5	1
135	Q3040082	Jim Allchin	Jim Allchin	Q2283	Microsoft	Microsoft	Jim Allchin works for Microsoft .	Jim Allchin funciona para Microsoft.	Jim Allchin funciona para 	 Jim Allchin trabaja para Microsoft.	 Jim Allchin trabaja para 	Microsoft	['Microsoft', 'MSFT', 'MS']	{'Microsoft': 1}	1	-49.4375	1	{'Microsoft': 1}	1	-56.6875	1
144	Q337345	Peter M. Bowers	Peter M. Bowers	Q66	Boeing	Boeing	Peter M. Bowers works for Boeing .	Peter M. Bowers funciona para Boeing.	Peter M. Bowers funciona para 	 Peter M. Bowers trabaja para Boeing.	 Peter M. Bowers trabaja para 	Boeing	['Boeing']	{'Boeing': 2}	0	-inf	1	{'Boeing': 1}	1	-61.125	1
148	Q6531032	Les Moonves	Les Moonves	Q43380	CBS	CBS	Les Moonves works for CBS .	Les Moonves funciona para CBS.	Les Moonves funciona para 	Les Moonves trabaja para CBS.	Les Moonves trabaja para 	CBS	['CBS', 'Sistema de Radiodifusión Columbia']	{'CBS': 1}	1	-inf	1	{'CBS': 1}	1	-46.6875	1
149	Q435716	Thomas J. Watson	Thomas John Watson	Q37156	IBM	IBM	Thomas J. Watson works for IBM .	Thomas John Watson funciona para IBM.	Thomas John Watson funciona para 	 Thomas J. Watson trabaja para IBM.	 Thomas J. Watson trabaja para 	IBM	['IBM', 'Computing Scale Corporation', 'International Business Machines Corporation']	{'IBM': 1}	1	-57.15625	1	{'IBM': 1}	1	-61.75	1
150	Q5213865	Dan Le Batard	Dan Le Batard	Q217776	ESPN	ESPN	Dan Le Batard works for ESPN .	Dan Le Batard funciona para ESPN.	Dan Le Batard funciona para 	 Dan Le Batard trabaja para ESPN.	 Dan Le Batard trabaja para 	ESPN	['ESPN', 'Entertainment and Sports Programming Network']	{'ESPN': 1}	1	-inf	1	{'ESPN': 1}	1	-inf	1
152	Q356719	Carlos Ghosn	Carlos Ghosn	Q6686	Renault	Renault	Carlos Ghosn works for Renault .	Carlos Ghosn funciona para Renault.	Carlos Ghosn funciona para 	 Carlos Ghosn trabaja para Renault.	 Carlos Ghosn trabaja para 	Renault	['Renault', 'Groupe Renault']	{'Renault': 1}	1	-42.09375	1	{'Renault': 1}	1	-52.3125	1
153	Q34943	Ptolemy	Claudio Ptolomeo	Q87	Alexandria	Alejandría	Ptolemy works for Alexandria .	Claudio Ptolomeo funciona para Alejandría.	Claudio Ptolomeo funciona para 	 Ptolomeo trabaja para Alejandría.	 Ptolomeo trabaja para 	Alejandría	['Alexandria', 'Alejandria']	{'Alejandría': 34}	0	-49.75	0	{'Alejandría': 2}	0	-53.9375	1
160	Q3503829	Sundar Pichai	Sundar Pichai	Q95	Google	Google	Sundar Pichai works for Google .	Sundar Pichai funciona para Google.	Sundar Pichai funciona para 	 Sundar Pichai trabaja para Google.	 Sundar Pichai trabaja para 	Google	['Google', 'Google LLC', 'Google Inc.']	{'Google': 1}	1	-inf	1	{'Google': 1}	1	-51.875	1
164	Q529233	Angela Ahrendts	Angela Ahrendts	Q312	Apple Inc.	Apple	Angela Ahrendts works for Apple Inc. .	Angela Ahrendts funciona para Apple.	Angela Ahrendts funciona para 	 Angela Ahrendts trabaja para Apple Inc.	 Angela Ahrendts trabaja para 	Apple	['Apple', 'Apple Computer Inc']	{'Apple': 1}	1	-49.5	1	{'Apple': 1}	1	-56.90625	1
165	Q3507045	Ian Hickson	Ian Hickson	Q95	Google	Google	Ian Hickson works for Google .	Ian Hickson funciona para Google.	Ian Hickson funciona para 	 Ian Hickson trabaja para Google.	 Ian Hickson trabaja para 	Google	['Google', 'Google LLC', 'Google Inc.']	{'Google': 1}	1	-49.28125	1	{'Google': 1}	1	-57.84375	1
168	Q3047191	Ed Logg	Ed Logg	Q207922	Atari	Atari	Ed Logg works for Atari .	Ed Logg funciona para Atari.	Ed Logg funciona para 	 Ed Logg trabaja para Atari.	 Ed Logg trabaja para 	Atari	['Atari']	{'Atari': 11}	0	-inf	0	{'Atari': 3}	0	-inf	1
170	Q92637	Ray Ozzie	Ray Ozzie	Q2283	Microsoft	Microsoft	Ray Ozzie works for Microsoft .	Ray Ozzie funciona para Microsoft.	Ray Ozzie funciona para 	 Ray Ozzie trabaja para Microsoft.	 Ray Ozzie trabaja para 	Microsoft	['Microsoft', 'MSFT', 'MS']	{'Microsoft': 1}	1	-inf	1	{'Microsoft': 1}	1	-57.375	1
171	Q658774	Mike Harrington	Mike Harrington	Q2283	Microsoft	Microsoft	Mike Harrington works for Microsoft .	Mike Harrington funciona para Microsoft.	Mike Harrington funciona para 	 Mike Harrington trabaja para Microsoft.	 Mike Harrington trabaja para 	Microsoft	['Microsoft', 'MSFT', 'MS']	{'Microsoft': 4}	0	-inf	0	{'Microsoft': 5}	0	-61.25	0
172	Q394925	Paddy Lowe	Paddy Lowe	Q172721	Mercedes	Mercedes	Paddy Lowe works for Mercedes .	Paddy Lowe funciona para Mercedes.	Paddy Lowe funciona para 	 Paddy Lowe trabaja para Mercedes.	 Paddy Lowe trabaja para 	Mercedes	['Mercedes F1 Team', 'Mercedes GP', 'Mercedes AMG Petronas Motorsport']	{'Mercedes': 1}	1	-51.25	1	{'Mercedes': 1}	1	-56.21875	1
174	Q7038133	Nina Tassler	Nina Tassler	Q43380	CBS	CBS	Nina Tassler works for CBS .	Nina Tassler funciona para CBS.	Nina Tassler funciona para 	 Nina Tassler trabaja para CBS.	 Nina Tassler trabaja para 	CBS	['CBS', 'Sistema de Radiodifusión Columbia']	{'CBS': 1}	1	-inf	1	{'CBS': 1}	1	-inf	1
177	Q453743	Lena Yada	Lena Yada	Q35339	WWE	WWE	Lena Yada works for WWE .	Lena Yada funciona para WWE.	Lena Yada funciona para 	 Lena Yada trabaja para WWE.	 Lena Yada trabaja para 	WWE	['WWE', 'World Wrestling Entertainment', 'WWF', 'WWE, Inc.', 'World Wrestling Federation', 'Titan Sports, Inc.']	{'WWE': 1}	1	-50.78125	1	{'WWE': 1}	1	-56.4375	1
178	Q1148995	Paul Otellini	Paul Otellini	Q248	Intel	Intel	Paul Otellini works for Intel .	Paul Otellini funciona para Intel.	Paul Otellini funciona para 	 Paul Otellini trabaja para Intel.	 Paul Otellini trabaja para 	Intel	['Intel']	{'Intel': 1}	1	-inf	1	{'Intel': 1}	1	-56.1875	1
181	Q92989	Jim Blinn	Jim Blinn	Q2283	Microsoft	Microsoft	Jim Blinn works for Microsoft .	Jim Blinn funciona para Microsoft.	Jim Blinn funciona para 	 Jim Blinn trabaja para Microsoft.	 Jim Blinn trabaja para 	Microsoft	['Microsoft', 'MSFT', 'MS']	{'Microsoft': 1}	1	-inf	1	{'Microsoft': 1}	1	-60.71875	1
188	Q3666575	Charles P. de Saint-Aignan	Charles P. de Saint-Aignan	Q37156	IBM	IBM	Charles P. de Saint-Aignan works for IBM .	Charles P. de Saint-Aignan funciona para IBM.	Charles P. de Saint-Aignan funciona para 	 Charles P. de Saint-Aignan trabaja para IBM.	 Charles P. de Saint-Aignan trabaja para 	IBM	['IBM', 'Computing Scale Corporation', 'International Business Machines Corporation']	{'IBM': 1}	1	-64.8125	1	{'IBM': 1}	1	-69.1875	1
191	Q86300	Hans Peter Luhn	Hans Peter Luhn	Q37156	IBM	IBM	Hans Peter Luhn works for IBM .	Hans Peter Luhn funciona para IBM.	Hans Peter Luhn funciona para 	 Hans Peter Luhn trabaja para IBM.	 Hans Peter Luhn trabaja para 	IBM	['IBM', 'Computing Scale Corporation', 'International Business Machines Corporation']	{'IBM': 1}	1	-51.3125	1	{'IBM': 1}	1	-62.1875	1
194	Q14946733	Nina Easton	Nina Easton	Q372989	Fortune	Fortune	Nina Easton works for Fortune .	Nina Easton funciona para Fortune.	Nina Easton funciona para 	 Nina Easton trabaja para Fortune.	 Nina Easton trabaja para 	Fortune	['Fortune']	{'Fortune': 1}	1	-inf	1	{'Fortune': 1}	1	-61.8125	1
195	Q30942	Guido van Rossum	Guido van Rossum	Q95	Google	Google	Guido van Rossum works for Google .	Guido van Rossum funciona para Google.	Guido van Rossum funciona para 	 Guido van Rossum trabaja para Google.	 Guido van Rossum trabaja para 	Google	['Google', 'Google LLC', 'Google Inc.']	{'Google': 1}	1	-49.875	1	{'Google': 1}	1	-58.34375	1
200	Q557305	Phil Knight	Phil Knight	Q483915	Nike	Nike	Phil Knight works for Nike .	Phil Knight funciona para Nike.	Phil Knight funciona para 	 Phil Knight trabaja para Nike.	 Phil Knight trabaja para 	Nike	['Nike']	{'Nike': 1}	1	-inf	1	{'Nike': 1}	1	-56.5625	1
204	Q52254	Mike Cowlishaw	Michael F. Cowlishaw	Q37156	IBM	IBM	Mike Cowlishaw works for IBM .	Michael F. Cowlishaw funciona para IBM.	Michael F. Cowlishaw funciona para 	 Mike Cowlishaw trabaja para IBM.	 Mike Cowlishaw trabaja para 	IBM	['IBM', 'Computing Scale Corporation', 'International Business Machines Corporation']	{'IBM': 1}	1	-62.34375	1	{'IBM': 1}	1	-60.25	1
206	Q2434645	Vincent Connare	Vincent Connare	Q2283	Microsoft	Microsoft	Vincent Connare works for Microsoft .	Vincent Connare funciona para Microsoft.	Vincent Connare funciona para 	 Vincent Connare trabaja para Microsoft.	 Vincent Connare trabaja para 	Microsoft	['Microsoft', 'MSFT', 'MS']	{'Microsoft': 1}	1	-48.5	1	{'Microsoft': 1}	1	-55.875	1
211	Q1700049	John Fellows Akers	John Fellows Akers	Q37156	IBM	IBM	John Fellows Akers works for IBM .	John Fellows Akers funciona para IBM.	John Fellows Akers funciona para 	 John Fellows Akers trabaja para IBM.	 John Fellows Akers trabaja para 	IBM	['IBM', 'Computing Scale Corporation', 'International Business Machines Corporation']	{'IBM': 1}	1	-inf	1	{'IBM': 1}	1	-inf	1
214	Q1363852	Louis V. Gerstner	Louis V. Gerstner, Jr.	Q37156	IBM	IBM	Louis V. Gerstner works for IBM .	Louis V. Gerstner, Jr. funciona para IBM.	Louis V. Gerstner, Jr. funciona para 	 Louis V. Gerstner trabaja para IBM.	 Louis V. Gerstner trabaja para 	IBM	['IBM', 'Computing Scale Corporation', 'International Business Machines Corporation']	{'IBM': 1}	1	-inf	1	{'IBM': 1}	1	-71.25	1
216	Q5882239	Holly Rowe	Holly Rowe	Q217776	ESPN	ESPN	Holly Rowe works for ESPN .	Holly Rowe funciona para ESPN.	Holly Rowe funciona para 	 Holly Rowe trabaja para ESPN.	 Holly Rowe trabaja para 	ESPN	['ESPN', 'Entertainment and Sports Programming Network']	{'ESPN': 1}	1	-49.09375	1	{'ESPN': 1}	1	-59.8125	1
218	Q374736	Adrian van Hooydonk	Adrian van Hooydonk	Q26678	BMW	BMW	Adrian van Hooydonk works for BMW .	Adrian van Hooydonk funciona para BMW.	Adrian van Hooydonk funciona para 	 Adrian van Hooydonk trabaja para BMW.	 Adrian van Hooydonk trabaja para 	BMW	['BMW', 'BMW AG', 'Bayerische Motoren Werke', 'BMW Group']	{'BMW': 1}	1	-inf	1	{'BMW': 1}	1	-62.0	1
220	Q230744	Anna Wintour	Anna Wintour	Q154008	Vogue	Vogue	Anna Wintour works for Vogue .	Anna Wintour funciona para Vogue.	Anna Wintour funciona para 	 Anna Wintour trabaja para Vogue.	 Anna Wintour trabaja para 	Vogue	['Vogue', 'Vogue USA']	{'Vogue': 1}	1	-inf	1	{'Vogue': 1}	1	-53.90625	1
221	Q92807	Scott Forstall	Scott Forstall	Q312	Apple Inc.	Apple	Scott Forstall works for Apple Inc. .	Scott Forstall funciona para Apple.	Scott Forstall funciona para 	 Scott Forstall trabaja para Apple Inc.	 Scott Forstall trabaja para 	Apple	['Apple', 'Apple Computer Inc']	{'Apple': 1}	1	-inf	1	{'Apple': 1}	1	-62.53125	1
223	Q6835618	Michaela Pereira	Michaela Pereira	Q48340	CNN	CNN	Michaela Pereira works for CNN .	Michaela Pereira funciona para CNN.	Michaela Pereira funciona para 	 Michaela Pereira trabaja para CNN.	 Michaela Pereira trabaja para 	CNN	['CNN', 'CNN Money', 'CNN com', 'Red de Noticias por Cable']	{'CNN': 2}	0	-49.03125	1	{'CNN': 1}	1	-63.125	1
227	Q230850	Irina Bokova	Irina Bokova	Q7809	UNESCO	Unesco	Irina Bokova works for UNESCO .	Irina Bokova funciona para Unesco.	Irina Bokova funciona para 	 Irina Bokova trabaja para la UNESCO.	 Irina Bokova trabaja para la 	UNESCO	['UNESCO', 'Unesco']	{'UNESCO': 1, 'Unesco': 2}	1	-50.09375	1	{'UNESCO': 1, 'Unesco': 2}	1	-58.21875	1
230	Q6265285	John Zachman	John Zachman	Q37156	IBM	IBM	John Zachman works for IBM .	John Zachman funciona para IBM.	John Zachman funciona para 	 John Zachman trabaja para IBM.	 John Zachman trabaja para 	IBM	['IBM', 'Computing Scale Corporation', 'International Business Machines Corporation']	{'IBM': 1}	1	-inf	1	{'IBM': 1}	1	-57.625	1
233	Q236804	Lionel Messi	Elizabeth Kocianski	Q35339	WWE	WWE	Lionel Messi works for WWE .	Elizabeth Kocianski funciona para WWE.	Elizabeth Kocianski funciona para 	 Lionel Messi trabaja para la WWE.	 Lionel Messi trabaja para la 	WWE	['WWE', 'World Wrestling Entertainment', 'WWF', 'WWE, Inc.', 'World Wrestling Federation', 'Titan Sports, Inc.']	{'WWE': 5}	0	-55.0	0	{'WWE': 12}	0	-50.125	0
235	Q6490535	Larry Hryb	Larry Hryb	Q2283	Microsoft	Microsoft	Larry Hryb works for Microsoft .	Larry Hryb funciona para Microsoft.	Larry Hryb funciona para 	 Larry Hryb trabaja para Microsoft.	 Larry Hryb trabaja para 	Microsoft	['Microsoft', 'MSFT', 'MS']	{'Microsoft': 1}	1	-inf	1	{'Microsoft': 1}	1	-inf	1
237	Q4679729	Adam Schefter	Adam Schefter	Q217776	ESPN	ESPN	Adam Schefter works for ESPN .	Adam Schefter funciona para ESPN.	Adam Schefter funciona para 	 Adam Schefter trabaja para ESPN.	 Adam Schefter trabaja para 	ESPN	['ESPN', 'Entertainment and Sports Programming Network']	{'ESPN': 1}	1	-inf	1	{'ESPN': 1}	1	-64.75	1
240	Q517764	Rob Pike	Rob Pike	Q95	Google	Google	Rob Pike works for Google .	Rob Pike funciona para Google.	Rob Pike funciona para 	 Rob Pike trabaja para Google.	 Rob Pike trabaja para 	Google	['Google', 'Google LLC', 'Google Inc.']	{'Google': 1}	1	-46.5	1	{'Google': 1}	1	-59.28125	1
241	Q5334827	Ed Fries	Ed Fries	Q2283	Microsoft	Microsoft	Ed Fries works for Microsoft .	Ed Fries funciona para Microsoft.	Ed Fries funciona para 	Ed Fries trabaja para Microsoft.	Ed Fries trabaja para 	Microsoft	['Microsoft', 'MSFT', 'MS']	{'Microsoft': 1}	1	-49.15625	1	{'Microsoft': 1}	1	-47.25	1
242	Q4705713	Alain de Cadenet	Alain de Cadenet	Q217776	ESPN	ESPN	Alain de Cadenet works for ESPN .	Alain de Cadenet funciona para ESPN.	Alain de Cadenet funciona para 	 Alain de Cadenet trabaja para ESPN.	 Alain de Cadenet trabaja para 	ESPN	['ESPN', 'Entertainment and Sports Programming Network']	{'ESPN': 1}	1	-57.84375	1	{'ESPN': 2}	0	-60.53125	1
243	Q2927498	Bud Tribble	Bud Tribble	Q312	Apple Inc.	Apple	Bud Tribble works for Apple Inc. .	Bud Tribble funciona para Apple.	Bud Tribble funciona para 	 Bud Tribble trabaja para Apple Inc.	 Bud Tribble trabaja para 	Apple	['Apple', 'Apple Computer Inc']	{'Apple': 1}	1	-52.53125	1	{'Apple': 1}	1	-59.5	1
245	Q92740	Jef Raskin	Jef Raskin	Q312	Apple Inc.	Apple	Jef Raskin works for Apple Inc. .	Jef Raskin funciona para Apple.	Jef Raskin funciona para 	 Jef Raskin trabaja para Apple Inc.	 Jef Raskin trabaja para 	Apple	['Apple', 'Apple Computer Inc']	{'Apple': 1}	1	-51.1875	1	{'Apple': 1}	1	-56.59375	1
252	Q702921	Chris Bangle	Chris Bangle	Q27597	Fiat	Fiat	Chris Bangle works for Fiat .	Chris Bangle funciona para Fiat.	Chris Bangle funciona para 	 Chris Bangle trabaja para Fiat.	 Chris Bangle trabaja para 	Fiat	['Fiat']	{'Fiat': 2}	0	-inf	1	{'Fiat': 2}	0	-53.78125	1
253	Q93120	Hugh Darwen	Hugh Darwen	Q37156	IBM	IBM	Hugh Darwen works for IBM .	Hugh Darwen funciona para IBM.	Hugh Darwen funciona para 	 Hugh Darwen trabaja para IBM.	 Hugh Darwen trabaja para 	IBM	['IBM', 'Computing Scale Corporation', 'International Business Machines Corporation']	{'IBM': 1}	1	-50.0625	1	{'IBM': 1}	1	-58.53125	1
256	Q356719	Carlos Ghosn	Carlos Ghosn	Q20165	Nissan	Nissan	Carlos Ghosn works for Nissan .	Carlos Ghosn funciona para Nissan.	Carlos Ghosn funciona para 	 Carlos Ghosn trabaja para Nissan.	 Carlos Ghosn trabaja para 	Nissan	['Nissan Motor Co. Ltd.']	{'Nissan': 1}	1	-42.09375	1	{'Nissan': 1}	1	-52.3125	1
257	Q491536	Dennis Hwang	Dennis Hwang	Q95	Google	Google	Dennis Hwang works for Google .	Dennis Hwang funciona para Google.	Dennis Hwang funciona para 	 Dennis Hwang trabaja para Google.	 Dennis Hwang trabaja para 	Google	['Google', 'Google LLC', 'Google Inc.']	{'Google': 1}	1	-52.78125	1	{'Google': 1}	1	-60.40625	1
258	Q5513101	Shinichiro Sakurai	Shinichiro Sakurai	Q20165	Nissan	Nissan	Shinichiro Sakurai works for Nissan .	Shinichiro Sakurai funciona para Nissan.	Shinichiro Sakurai funciona para 	 Shinichiro Sakurai trabaja para Nissan.	 Shinichiro Sakurai trabaja para 	Nissan	['Nissan Motor Co. Ltd.']	{'Nissan': 13}	0	-62.5625	0	{'Nissan': 10}	0	-70.25	0
260	Q92879	Tony Fadell	Tony Fadell	Q312	Apple Inc.	Apple	Tony Fadell works for Apple Inc. .	Tony Fadell funciona para Apple.	Tony Fadell funciona para 	 Tony Fadell trabaja para Apple Inc.	 Tony Fadell trabaja para 	Apple	['Apple', 'Apple Computer Inc']	{'Apple': 1}	1	-inf	1	{'Apple': 1}	1	-54.59375	1
262	Q1086204	Robert Scoble	Robert Scoble	Q2283	Microsoft	Microsoft	Robert Scoble works for Microsoft .	Robert Scoble funciona para Microsoft.	Robert Scoble funciona para 	 Robert Scoble trabaja para Microsoft.	 Robert Scoble trabaja para 	Microsoft	['Microsoft', 'MSFT', 'MS']	{'Microsoft': 1}	1	-inf	1	{'Microsoft': 1}	1	-52.1875	1
268	Q48971	Susan Kare	Susan Kare	Q312	Apple Inc.	Apple	Susan Kare works for Apple Inc. .	Susan Kare funciona para Apple.	Susan Kare funciona para 	 Susan Kare trabaja para Apple Inc.	 Susan Kare trabaja para 	Apple	['Apple', 'Apple Computer Inc']	{'Apple': 1}	1	-44.34375	1	{'Apple': 1}	1	-60.5	1
271	Q29024	Esko Aho	Esko Aho	Q1418	Nokia	Nokia	Esko Aho works for Nokia .	Esko Aho funciona para Nokia.	Esko Aho funciona para 	 Esko Aho trabaja para Nokia.	 Esko Aho trabaja para 	Nokia	['Nokia']	{'Nokia': 1}	1	-57.46875	1	{'Nokia': 1}	1	-59.1875	1
276	Q2514	Willy Brandt	Willy Brandt	Q183	Germany	Alemania	Willy Brandt works for Germany .	Willy Brandt funciona para Alemania.	Willy Brandt funciona para 	 Willy Brandt trabaja para Alemania.	 Willy Brandt trabaja para 	Alemania	['Germany', 'República Federal de Alemania', 'Republica Federal de Alemania']	{'Alemania': 3}	0	-45.25	1	{'Alemania': 1}	1	-52.0625	1
291	Q1563108	Fred Silverman	Fred Silverman	Q43380	CBS	CBS	Fred Silverman works for CBS .	Fred Silverman funciona para CBS.	Fred Silverman funciona para 	 Fred Silverman trabaja para CBS.	 Fred Silverman trabaja para 	CBS	['CBS', 'Sistema de Radiodifusión Columbia']	{'CBS': 1}	1	-inf	1	{'CBS': 1}	1	-55.71875	1
292	Q5342477	Edward Curtis Wells	Edward Curtis Wells	Q66	Boeing	Boeing	Edward Curtis Wells works for Boeing .	Edward Curtis Wells funciona para Boeing.	Edward Curtis Wells funciona para 	 Edward Curtis Wells trabaja para Boeing.	 Edward Curtis Wells trabaja para 	Boeing	['Boeing']	{'Boeing': 2}	0	-inf	1	{'Boeing': 1}	1	-inf	1
294	Q699605	Kai-Fu Lee	Kai-Fu Lee	Q2283	Microsoft	Microsoft	Kai-Fu Lee works for Microsoft .	Kai-Fu Lee funciona para Microsoft.	Kai-Fu Lee funciona para 	 Kai-Fu Lee trabaja para Microsoft.	 Kai-Fu Lee trabaja para 	Microsoft	['Microsoft', 'MSFT', 'MS']	{'Microsoft': 1}	1	-inf	1	{'Microsoft': 1}	1	-57.0	1
295	Q16062403	Joe Belfiore	Joe Belfiore	Q2283	Microsoft	Microsoft	Joe Belfiore works for Microsoft .	Joe Belfiore funciona para Microsoft.	Joe Belfiore funciona para 	Joe Belfiore trabaja para Microsoft.	Joe Belfiore trabaja para 	Microsoft	['Microsoft', 'MSFT', 'MS']	{'Microsoft': 1}	1	-51.25	1	{'Microsoft': 1}	1	-50.375	1
296	Q507469	Guy Kawasaki	Guy Kawasaki	Q312	Apple Inc.	Apple	Guy Kawasaki works for Apple Inc. .	Guy Kawasaki funciona para Apple.	Guy Kawasaki funciona para 	 Guy Kawasaki trabaja para Apple Inc.	 Guy Kawasaki trabaja para 	Apple	['Apple', 'Apple Computer Inc']	{'Apple': 1}	1	-inf	1	{'Apple': 1}	1	-57.3125	1
298	Q92973	Wietse Venema	Wietse Venema	Q37156	IBM	IBM	Wietse Venema works for IBM .	Wietse Venema funciona para IBM.	Wietse Venema funciona para 	 Wietse Venema trabaja para IBM.	 Wietse Venema trabaja para 	IBM	['IBM', 'Computing Scale Corporation', 'International Business Machines Corporation']	{'IBM': 1}	1	-57.40625	1	{'IBM': 1}	1	-56.25	1
302	Q618558	Craig Federighi	Craig Federighi	Q312	Apple Inc.	Apple	Craig Federighi works for Apple Inc. .	Craig Federighi funciona para Apple.	Craig Federighi funciona para 	 Craig Federighi trabaja para Apple Inc.	 Craig Federighi trabaja para 	Apple	['Apple', 'Apple Computer Inc']	{'Apple': 1}	1	-43.71875	1	{'Apple': 1}	1	-56.9375	1
303	Q298341	Raymond Kurzweil	Raymond Kurzweil	Q95	Google	Google	Raymond Kurzweil works for Google .	Raymond Kurzweil funciona para Google.	Raymond Kurzweil funciona para 	 Raymond Kurzweil trabaja para Google.	 Raymond Kurzweil trabaja para 	Google	['Google', 'Google LLC', 'Google Inc.']	{'Google': 1}	1	-inf	1	{'Google': 1}	1	-59.9375	1
304	Q507469	Guy Kawasaki	Guy Kawasaki	Q956568	Forbes	Forbes	Guy Kawasaki works for Forbes .	Guy Kawasaki funciona para Forbes.	Guy Kawasaki funciona para 	 Guy Kawasaki trabaja para Forbes.	 Guy Kawasaki trabaja para 	Forbes	['Forbes', 'Medios Forbes']	{'Forbes': 1}	1	-inf	1	{'Forbes': 2}	0	-57.3125	1
307	Q16149298	Adam Amin	Adam Amin	Q217776	ESPN	ESPN	Adam Amin works for ESPN .	Adam Amin funciona para ESPN.	Adam Amin funciona para 	 Adam Amin trabaja para ESPN.	 Adam Amin trabaja para 	ESPN	['ESPN', 'Entertainment and Sports Programming Network']	{'ESPN': 1}	1	-inf	1	{'ESPN': 1}	1	-57.59375	1
309	Q224628	Eddy Cue	Eddy Cue	Q312	Apple Inc.	Apple	Eddy Cue works for Apple Inc. .	Eddy Cue funciona para Apple.	Eddy Cue funciona para 	 Eddy Cue trabaja para Apple Inc.	 Eddy Cue trabaja para 	Apple	['Apple', 'Apple Computer Inc']	{'Apple': 1}	1	-44.4375	1	{'Apple': 1}	1	-54.65625	1
311	Q394925	Paddy Lowe	Paddy Lowe	Q172030	McLaren	McLaren	Paddy Lowe works for McLaren .	Paddy Lowe funciona para McLaren.	Paddy Lowe funciona para 	 Paddy Lowe trabaja para McLaren.	 Paddy Lowe trabaja para 	McLaren	['McLaren', 'Smooth Operator Racing Team', 'Milk Racing Team']	{'McLaren': 2}	0	-51.25	1	{'McLaren': 2}	0	-56.21875	1
312	Q6175319	Jeff Zucker	Jeff Zucker	Q48340	CNN	CNN	Jeff Zucker works for CNN .	Jeff Zucker funciona para CNN.	Jeff Zucker funciona para 	 Jeff Zucker trabaja para CNN.	 Jeff Zucker trabaja para 	CNN	['CNN', 'CNN Money', 'CNN com', 'Red de Noticias por Cable']	{'CNN': 1}	1	-inf	1	{'CNN': 1}	1	-55.0	1
315	Q16193458	Terry Myerson	terry myerson	Q2283	Microsoft	Microsoft	Terry Myerson works for Microsoft .	terry myerson funciona para Microsoft.	terry myerson funciona para 	 Terry Myerson trabaja para Microsoft.	 Terry Myerson trabaja para 	Microsoft	['Microsoft', 'MSFT', 'MS']	{'Microsoft': 1}	1	-47.96875	1	{'Microsoft': 1}	1	-54.8125	1
318	Q7823238	Tony Reali	Tony Reali	Q217776	ESPN	ESPN	Tony Reali works for ESPN .	Tony Reali funciona para ESPN.	Tony Reali funciona para 	 Tony Reali trabaja para ESPN.	 Tony Reali trabaja para 	ESPN	['ESPN', 'Entertainment and Sports Programming Network']	{'ESPN': 1}	1	-inf	1	{'ESPN': 1}	1	-56.34375	1
319	Q3500447	Mark Penn	Mark Penn	Q2283	Microsoft	Microsoft	Mark Penn works for Microsoft .	Mark Penn funciona para Microsoft.	Mark Penn funciona para 	 Mark Penn trabaja para Microsoft.	 Mark Penn trabaja para 	Microsoft	['Microsoft', 'MSFT', 'MS']	{'Microsoft': 2}	0	-47.84375	1	{'Microsoft': 1}	1	-56.3125	1
320	Q92743	Vint Cerf	Vinton Cerf	Q95	Google	Google	Vint Cerf works for Google .	Vinton Cerf funciona para Google.	Vinton Cerf funciona para 	 Vint Cerf trabaja para Google.	 Vint Cerf trabaja para 	Google	['Google', 'Google LLC', 'Google Inc.']	{'Google': 1}	1	-51.1875	1	{'Google': 1}	1	-53.75	1
322	Q7637	Ward Cunningham	Ward Cunningham	Q2283	Microsoft	Microsoft	Ward Cunningham works for Microsoft .	Ward Cunningham funciona para Microsoft.	Ward Cunningham funciona para 	 Ward Cunningham trabaja para Microsoft.	 Ward Cunningham trabaja para 	Microsoft	['Microsoft', 'MSFT', 'MS']	{'Microsoft': 1}	1	-50.15625	1	{'Microsoft': 1}	1	-58.8125	1
323	Q4384184	Phil Harrison	Phil Harrison	Q2283	Microsoft	Microsoft	Phil Harrison works for Microsoft .	Phil Harrison funciona para Microsoft.	Phil Harrison funciona para 	 Phil Harrison trabaja para Microsoft.	 Phil Harrison trabaja para 	Microsoft	['Microsoft', 'MSFT', 'MS']	{'Microsoft': 1}	1	-inf	1	{'Microsoft': 1}	1	-57.15625	1
325	Q7688294	Tatsumi Kimishima	Tatsumi Kimishima	Q8093	Nintendo	Nintendo	Tatsumi Kimishima works for Nintendo .	Tatsumi Kimishima funciona para Nintendo.	Tatsumi Kimishima funciona para 	 Tatsumi Kimishima trabaja para Nintendo.	 Tatsumi Kimishima trabaja para 	Nintendo	['Nintendo', 'Nintendo Co.', 'Nintendo Co., Ltd.']	{'Nintendo': 1}	1	-inf	1	{'Nintendo': 1}	1	-55.15625	1
326	Q92609	Fred Brooks	Frederick Brooks	Q37156	IBM	IBM	Fred Brooks works for IBM .	Frederick Brooks funciona para IBM.	Frederick Brooks funciona para 	 Fred Brooks trabaja para IBM.	 Fred Brooks trabaja para 	IBM	['IBM', 'Computing Scale Corporation', 'International Business Machines Corporation']	{'IBM': 1}	1	-inf	1	{'IBM': 1}	1	-62.125	1
328	Q838473	Bryant Tuckerman	Bryant Tuckerman	Q37156	IBM	IBM	Bryant Tuckerman works for IBM .	Bryant Tuckerman funciona para IBM.	Bryant Tuckerman funciona para 	 Bryant Tuckerman trabaja para IBM.	 Bryant Tuckerman trabaja para 	IBM	['IBM', 'Computing Scale Corporation', 'International Business Machines Corporation']	{'IBM': 2}	0	-53.21875	1	{'IBM': 1}	1	-59.65625	1
329	Q92923	Charles Goldfarb	Charles Goldfarb	Q37156	IBM	IBM	Charles Goldfarb works for IBM .	Charles Goldfarb funciona para IBM.	Charles Goldfarb funciona para 	 Charles Goldfarb trabaja para IBM.	 Charles Goldfarb trabaja para 	IBM	['IBM', 'Computing Scale Corporation', 'International Business Machines Corporation']	{'IBM': 1}	1	-55.9375	1	{'IBM': 1}	1	-61.1875	1
330	Q6776103	Martin M. Wattenberg	Martin M. Wattenberg	Q37156	IBM	IBM	Martin M. Wattenberg works for IBM .	Martin M. Wattenberg funciona para IBM.	Martin M. Wattenberg funciona para 	 Martin M. Wattenberg trabaja para IBM.	 Martin M. Wattenberg trabaja para 	IBM	['IBM', 'Computing Scale Corporation', 'International Business Machines Corporation']	{'IBM': 1}	1	-inf	1	{'IBM': 1}	1	-68.1875	1
332	Q317730	Jean-Dominique Bauby	Jean-Dominique Bauby	Q154020	Elle	Elle	Jean-Dominique Bauby works for Elle .	Jean-Dominique Bauby funciona para Elle.	Jean-Dominique Bauby funciona para 	 Jean-Dominique Bauby trabaja para Elle .	 Jean-Dominique Bauby trabaja para 	Elle	['Elle']	{'Elle': 1}	1	-49.71875	1	{'Elle': 1}	1	-55.96875	1
335	Q1325374	Yoshiyuki Tomino	Yoshiyuki Tomino	Q854654	Sunrise	Sunrise	Yoshiyuki Tomino works for Sunrise .	Yoshiyuki Tomino funciona para Sunrise.	Yoshiyuki Tomino funciona para 	 Yoshiyuki Tomino trabaja para Sunrise.	 Yoshiyuki Tomino trabaja para 	Sunrise	['Bandai Namco Filmworks', 'Sunrise Inc', 'Sunrise Inc.', 'Nippon Sunrise', 'Sunrise Studios']	{'Sunrise': 1}	1	-57.125	1	{'Sunrise': 1}	1	-60.5625	1
338	Q2306779	Peter Oppenheimer	Peter Oppenheimer	Q312	Apple Inc.	Apple	Peter Oppenheimer works for Apple Inc. .	Peter Oppenheimer funciona para Apple.	Peter Oppenheimer funciona para 	 Peter Oppenheimer trabaja para Apple Inc.	 Peter Oppenheimer trabaja para 	Apple	['Apple', 'Apple Computer Inc']	{'Apple': 1}	1	-54.4375	1	{'Apple': 1}	1	-61.28125	1
342	Q1297016	Reynold B. Johnson	Reynold B. Johnson	Q37156	IBM	IBM	Reynold B. Johnson works for IBM .	Reynold B. Johnson funciona para IBM.	Reynold B. Johnson funciona para 	 Reynold B. Johnson trabaja para IBM.	 Reynold B. Johnson trabaja para 	IBM	['IBM', 'Computing Scale Corporation', 'International Business Machines Corporation']	{'IBM': 1}	1	-inf	1	{'IBM': 1}	1	-62.90625	1
343	Q4784347	Arash Markazi	Arash Markazi	Q217776	ESPN	ESPN	Arash Markazi works for ESPN .	Arash Markazi funciona para ESPN.	Arash Markazi funciona para 	 Arash Markazi trabaja para ESPN.	 Arash Markazi trabaja para 	ESPN	['ESPN', 'Entertainment and Sports Programming Network']	{'ESPN': 1}	1	-inf	1	{'ESPN': 1}	1	-inf	1
347	Q4079754	Robert J. Bach	Robert J. Bach	Q2283	Microsoft	Microsoft	Robert J. Bach works for Microsoft .	Robert J. Bach funciona para Microsoft.	Robert J. Bach funciona para 	 Robert J. Bach trabaja para Microsoft.	 Robert J. Bach trabaja para 	Microsoft	['Microsoft', 'MSFT', 'MS']	{'Microsoft': 1}	1	-53.875	1	{'Microsoft': 1}	1	-inf	1
363	Q5364867	Ellen Hancock	Ellen Hancock	Q37156	IBM	IBM	Ellen Hancock works for IBM .	Ellen Hancock funciona para IBM.	Ellen Hancock funciona para 	 Ellen Hancock trabaja para IBM.	 Ellen Hancock trabaja para 	IBM	['IBM', 'Computing Scale Corporation', 'International Business Machines Corporation']	{'IBM': 1}	1	-49.8125	1	{'IBM': 1}	1	-57.65625	1
365	Q112534	Ed Zschau	Ed Zschau	Q37156	IBM	IBM	Ed Zschau works for IBM .	Ed Zschau funciona para IBM.	Ed Zschau funciona para 	 Ed Zschau trabaja para IBM.	 Ed Zschau trabaja para 	IBM	['IBM', 'Computing Scale Corporation', 'International Business Machines Corporation']	{'IBM': 1}	1	-inf	1	{'IBM': 1}	1	-58.75	1
366	Q736336	Katsuaki Watanabe	Katsuaki Watanabe	Q53268	Toyota	Toyota	Katsuaki Watanabe works for Toyota .	Katsuaki Watanabe funciona para Toyota.	Katsuaki Watanabe funciona para 	 Katsuaki Watanabe trabaja para Toyota.	 Katsuaki Watanabe trabaja para 	Toyota	['Toyota']	{'Toyota': 2}	0	-57.03125	1	{'Toyota': 2}	0	-59.3125	1
371	Q2573233	Don Coppersmith	Don Coppersmith	Q37156	IBM	IBM	Don Coppersmith works for IBM .	Don Coppersmith funciona para IBM.	Don Coppersmith funciona para 	 Don Coppersmith trabaja para IBM.	 Don Coppersmith trabaja para 	IBM	['IBM', 'Computing Scale Corporation', 'International Business Machines Corporation']	{'IBM': 1}	1	-58.1875	1	{'IBM': 1}	1	-63.4375	1
379	Q1701260	John R. Opel	John R. Opel	Q37156	IBM	IBM	John R. Opel works for IBM .	John R. Opel funciona para IBM.	John R. Opel funciona para 	 John R. Opel trabaja para IBM.	 John R. Opel trabaja para 	IBM	['IBM', 'Computing Scale Corporation', 'International Business Machines Corporation']	{'IBM': 1}	1	-55.5625	1	{'IBM': 1}	1	-61.71875	1
