	sub_uri	en_sub_label	sub_label	obj_uri	en_obj_label	obj_label	en_template	template	template_prompt	gt_translation	gt_prompt	gt_infl_object	aliases	template_true_ranks	template_top1_correct	template_prompt_prob	template_top3_correct	gt_true_ranks	gt_top1_correct	gt_prompt_prob	gt_top3_correct
0	Q13646	SNCF	Société nationale des chemins de fer français	Q90	Paris	Paris	SNCF was founded in Paris .	Société nationale des chemins de fer français didirikan di Paris.	Société nationale des chemins de fer français didirikan di 	 SNCF didirikan di Paris.	 SNCF didirikan di 	Paris	['Paris']	{'Paris': 1}	1	-65.9375	1	{'Paris': 1}	1	-58.53125	1
1	Q7077771	Odex	Odex Private Limited	Q334	Singapore	Singapura	Odex was founded in Singapore .	Odex Private Limited didirikan di Singapura.	Odex Private Limited didirikan di 	 Odex didirikan di Singapura.	 Odex didirikan di 	Singapura	['Singapore']	{'Singapura': 2}	0	-72.5	1	{'Singapura': 1}	1	-60.125	1
2	Q83835	Swiss Federal Railways	Kereta Api Federal Swiss	Q70	Bern	Bern	Swiss Federal Railways was founded in Bern .	Kereta Api Federal Swiss didirikan di Bern.	Kereta Api Federal Swiss didirikan di 	 Kereta Api Federal Swiss didirikan di Bern.	 Kereta Api Federal Swiss didirikan di 	Bern	['Bern']	{'Bern': 1}	1	-73.875	1	{'Bern': 2}	0	-84.6875	1
3	Q14799	Lenovo	Lenovo	Q956	Beijing	Beijing	Lenovo was founded in Beijing .	Lenovo didirikan di Beijing.	Lenovo didirikan di 	 Lenovo didirikan di Beijing.	 Lenovo didirikan di 	Beijing	['Beijing']	{'Beijing': 1}	1	-46.3125	1	{'Beijing': 1}	1	-57.25	1
4	Q218255	Electric Light Orchestra	Electric Light Orchestra	Q2256	Birmingham	Birmingham	Electric Light Orchestra was founded in Birmingham .	Electric Light Orchestra didirikan di Birmingham.	Electric Light Orchestra didirikan di 	 Electric Light Orchestra didirikan di Birmingham.	 Electric Light Orchestra didirikan di 	Birmingham	['Birmingham']	{'Birmingham': 4}	0	-50.375	0	{'Birmingham': 2}	0	-64.3125	1
5	Q1377135	Tokyo Metropolitan Bureau of Transportation	Biro Transportasi Metropolitan Tokyo	Q1490	Tokyo	Tokyo	Tokyo Metropolitan Bureau of Transportation was founded in Tokyo .	Biro Transportasi Metropolitan Tokyo didirikan di Tokyo.	Biro Transportasi Metropolitan Tokyo didirikan di 	 Biro Transportasi Metropolitan Tokyo didirikan di Tokyo.	 Biro Transportasi Metropolitan Tokyo didirikan di 	Tokyo	['Tokyo', 'Prefektur Tokyo']	{'Tokyo': 1}	1	-75.6875	1	{'Tokyo': 1}	1	-81.125	1
6	Q1336559	Iran Airtour	Iran Airtour	Q3616	Tehran	Teheran	Iran Airtour was founded in Tehran .	Iran Airtour didirikan di Teheran.	Iran Airtour didirikan di 	 Iran Airtour didirikan di Teheran.	 Iran Airtour didirikan di 	Teheran	['Tehran']	{'Teheran': 1}	1	-58.03125	1	{'Teheran': 1}	1	-65.5	1
7	Q211965	The Moody Blues	The Moody Blues	Q2256	Birmingham	Birmingham	The Moody Blues was founded in Birmingham .	The Moody Blues didirikan di Birmingham.	The Moody Blues didirikan di 	 Moody Blues didirikan di Birmingham.	 Moody Blues didirikan di 	Birmingham	['Birmingham']	{'Birmingham': 1}	1	-56.75	1	{'Birmingham': 1}	1	-59.15625	1
8	Q193136	Prada	Prada	Q490	Milan	Milan	Prada was founded in Milan .	Prada didirikan di Milan.	Prada didirikan di 	 Prada didirikan di Milan.	 Prada didirikan di 	Milan	['Milan']	{'Milan': 1}	1	-53.84375	1	{'Milan': 1}	1	-60.5625	1
9	Q1683255	Sikth	Sikth	Q2598	Watford	Watford	Sikth was founded in Watford .	Sikth didirikan di Watford.	Sikth didirikan di 	 Sikth didirikan di Watford.	 Sikth didirikan di 	Watford	['Watford']	{'Watford': 1}	1	-56.5625	1	{'Watford': 1}	1	-62.71875	1
10	Q625975	Kakao M	LOEN Entertainment	Q8684	Seoul	Seoul	Kakao M was founded in Seoul .	LOEN Entertainment didirikan di Seoul.	LOEN Entertainment didirikan di 	 Kakao M didirikan di Seoul.	 Kakao M didirikan di 	Seoul	['Seoul']	{'Seoul': 1}	1	-57.9375	1	{'Seoul': 1}	1	-71.4375	1
11	Q9349505	Team Syachihoko	Team Syachihoko	Q11751	Nagoya	Nagoya	Team Syachihoko was founded in Nagoya .	Team Syachihoko didirikan di Nagoya.	Team Syachihoko didirikan di 	 Tim Syachihoko didirikan di Nagoya.	 Tim Syachihoko didirikan di 	Nagoya	['Nagoya']	{'Nagoya': 2}	0	-55.25	1	{'Nagoya': 3}	0	-84.4375	1
12	Q83584	Odakyu Electric Railway	Kereta Api Listrik Odakyu	Q1490	Tokyo	Tokyo	Odakyu Electric Railway was founded in Tokyo .	Kereta Api Listrik Odakyu didirikan di Tokyo.	Kereta Api Listrik Odakyu didirikan di 	 Kereta Listrik Odakyu didirikan di Tokyo.	 Kereta Listrik Odakyu didirikan di 	Tokyo	['Tokyo', 'Prefektur Tokyo']	{'Tokyo': 1}	1	-68.75	1	{'Tokyo': 1}	1	-72.4375	1
13	Q1368540	Essanay Studios	Essanay	Q1297	Chicago	Chicago	Essanay Studios was founded in Chicago .	Essanay didirikan di Chicago.	Essanay didirikan di 	 Essanay Studios didirikan di Chicago.	 Essanay Studios didirikan di 	Chicago	['Chicago', 'The Queen of the West', 'The Second City', 'The Windy City', 'Chicago, Illinois', 'City of Broad Shoulders']	{'Chicago': 1}	1	-55.625	1	{'Chicago': 1}	1	-68.5	1
14	Q10852174	Popu Lady	Popu Lady	Q865	Taiwan	Taiwan	Popu Lady was founded in Taiwan .	Popu Lady didirikan di Taiwan.	Popu Lady didirikan di 	 Popu Lady didirikan di Taiwan.	 Popu Lady didirikan di 	Taiwan	['Taiwan', 'Republik Tiongkok']	{'Taiwan': 6}	0	-62.6875	0	{'Taiwan': 5}	0	-73.375	0
16	Q3295867	The Coca-Cola Company	The Coca-Cola Company	Q23556	Atlanta	Atlanta	The Coca-Cola Company was founded in Atlanta .	The Coca-Cola Company didirikan di Atlanta.	The Coca-Cola Company didirikan di 	 Perusahaan Coca-Cola didirikan di Atlanta.	 Perusahaan Coca-Cola didirikan di 	Atlanta	['Atlanta']	{'Atlanta': 1}	1	-54.25	1	{'Atlanta': 1}	1	-60.46875	1
17	Q231985	Hayley Westenra	Hayley Westenra	Q79990	Christchurch	Christchurch	Hayley Westenra was founded in Christchurch .	Hayley Westenra didirikan di Christchurch.	Hayley Westenra didirikan di 	 Hayley Westenra didirikan di Christchurch.	 Hayley Westenra didirikan di 	Christchurch	['Christchurch', 'Christchurch, New Zealand', 'Christchurch, Selandia Baru']	{'Christchurch': 1}	1	-54.6875	1	{'Christchurch': 1}	1	-65.0625	1
18	Q52618	Ericsson	Ericsson	Q1754	Stockholm	Stockholm	Ericsson was founded in Stockholm .	Ericsson didirikan di Stockholm.	Ericsson didirikan di 	 Ericsson didirikan di Stockholm.	 Ericsson didirikan di 	Stockholm	['Stockholm']	{'Stockholm': 1}	1	-45.46875	1	{'Stockholm': 1}	1	-57.21875	1
19	Q484255	Alice in Chains	Alice in Chains	Q5083	Seattle	Seattle	Alice in Chains was founded in Seattle .	Alice in Chains didirikan di Seattle.	Alice in Chains didirikan di 	 Alice in Chains didirikan di Seattle.	 Alice in Chains didirikan di 	Seattle	['Seattle', 'New York Alki', 'Duwamps']	{'Seattle': 1}	1	-49.1875	1	{'Seattle': 1}	1	-64.5625	1
20	Q714	Stevie Wonder	Stevie Wonder	Q12439	Detroit	Detroit	Stevie Wonder was founded in Detroit .	Stevie Wonder didirikan di Detroit.	Stevie Wonder didirikan di 	 Stevie Wonder didirikan di Detroit.	 Stevie Wonder didirikan di 	Detroit	['Detroit', 'Motor City', 'City of Detroit', 'The D', 'Detroit, Michigan']	{'Detroit': 1}	1	-45.625	1	{'Detroit': 1}	1	-56.78125	1
21	Q757307	Atlassian	Atlassian	Q3130	Sydney	Sydney	Atlassian was founded in Sydney .	Atlassian didirikan di Sydney.	Atlassian didirikan di 	 Atlassian didirikan di Sydney.	 Atlassian didirikan di 	Sydney	['Sydney']	{'Sydney': 1}	1	-45.46875	1	{'Sydney': 1}	1	-56.09375	1
22	Q269836	SHINee	Shinee	Q8684	Seoul	Seoul	SHINee was founded in Seoul .	Shinee didirikan di Seoul.	Shinee didirikan di 	SHINee didirikan di Seoul.	SHINee didirikan di 	Seoul	['Seoul']	{'Seoul': 1}	1	-55.25	1	{'Seoul': 1}	1	-48.0625	1
25	Q759210	Givenchy	Givenchy	Q90	Paris	Paris	Givenchy was founded in Paris .	Givenchy didirikan di Paris.	Givenchy didirikan di 	 Givenchy didirikan di Paris.	 Givenchy didirikan di 	Paris	['Paris']	{'Paris': 1}	1	-50.5625	1	{'Paris': 1}	1	-63.65625	1
26	Q489801	INXS	INXS	Q3130	Sydney	Sydney	INXS was founded in Sydney .	INXS didirikan di Sydney.	INXS didirikan di 	 INXS didirikan di Sydney.	 INXS didirikan di 	Sydney	['Sydney']	{'Sydney': 1}	1	-49.1875	1	{'Sydney': 1}	1	-59.5	1
27	Q30850	Meitetsu	Meitetsu	Q11751	Nagoya	Nagoya	Meitetsu was founded in Nagoya .	Meitetsu didirikan di Nagoya.	Meitetsu didirikan di 	 Meitetsu didirikan di Nagoya.	 Meitetsu didirikan di 	Nagoya	['Nagoya']	{'Nagoya': 1}	1	-55.9375	1	{'Nagoya': 1}	1	-66.5	1
28	Q150750	KAT-TUN	KAT-TUN	Q1490	Tokyo	Tokyo	KAT-TUN was founded in Tokyo .	KAT-TUN didirikan di Tokyo.	KAT-TUN didirikan di 	 KAT-TUN didirikan di Tokyo.	 KAT-TUN didirikan di 	Tokyo	['Tokyo', 'Prefektur Tokyo']	{'Tokyo': 1}	1	-50.65625	1	{'Tokyo': 1}	1	-56.15625	1
29	Q105349	Oscar Peterson	Oscar Peterson	Q340	Montreal	Montreal	Oscar Peterson was founded in Montreal .	Oscar Peterson didirikan di Montreal.	Oscar Peterson didirikan di 	 Oscar Peterson didirikan di Montreal.	 Oscar Peterson didirikan di 	Montreal	['Montreal']	{'Montreal': 1}	1	-51.03125	1	{'Montreal': 1}	1	-60.5	1
30	Q35962	Maserati	Maserati	Q1891	Bologna	Bologna	Maserati was founded in Bologna .	Maserati didirikan di Bologna.	Maserati didirikan di 	 Maserati didirikan di Bologna.	 Maserati didirikan di 	Bologna	['Bologna']	{'Bologna': 1}	1	-49.6875	1	{'Bologna': 1}	1	-59.8125	1
31	Q1006517	Off Course	Off Course	Q17	Japan	Jepang	Off Course was founded in Japan .	Off Course didirikan di Jepang.	Off Course didirikan di 	 Off Course didirikan di Jepang.	 Off Course didirikan di 	Jepang	['Japan', 'Negeri Matahari Terbit', 'Tanah Matahari Terbit', 'Negara Jepang']	{'Jepang': 8}	0	-56.125	0	{'Jepang': 8}	0	-67.0625	0
32	Q325635	Telefunken	Telefunken	Q64	Berlin	Berlin	Telefunken was founded in Berlin .	Telefunken didirikan di Berlin.	Telefunken didirikan di 	 Telefunken didirikan di Berlin.	 Telefunken didirikan di 	Berlin	['Berlin', 'Berlin, Jerman', 'Berlin (Jerman)']	{'Berlin': 1}	1	-52.09375	1	{'Berlin': 1}	1	-60.59375	1
33	Q53257	Mitsubishi Electric	Mitsubishi Electric	Q1490	Tokyo	Tokyo	Mitsubishi Electric was founded in Tokyo .	Mitsubishi Electric didirikan di Tokyo.	Mitsubishi Electric didirikan di 	 Mitsubishi Electric didirikan di Tokyo.	 Mitsubishi Electric didirikan di 	Tokyo	['Tokyo', 'Prefektur Tokyo']	{'Tokyo': 1}	1	-52.0	1	{'Tokyo': 1}	1	-56.875	1
34	Q188464	Pixies	Pixies	Q100	Boston	Boston	Pixies was founded in Boston .	Pixies didirikan di Boston.	Pixies didirikan di 	 Pixies didirikan di Boston.	 Pixies didirikan di 	Boston	['Boston']	{'Boston': 1}	1	-51.125	1	{'Boston': 1}	1	-59.8125	1
35	Q565594	Eni	Eni	Q490	Milan	Milan	Eni was founded in Milan .	Eni didirikan di Milan.	Eni didirikan di 	 Eni didirikan di Milan.	 Eni didirikan di 	Milan	['Milan']	{'Milan': 1}	1	-48.5625	1	{'Milan': 1}	1	-57.90625	1
36	Q483718	Foo Fighters	Foo Fighters	Q5083	Seattle	Seattle	Foo Fighters was founded in Seattle .	Foo Fighters didirikan di Seattle.	Foo Fighters didirikan di 	 Foo Fighters didirikan di Seattle.	 Foo Fighters didirikan di 	Seattle	['Seattle', 'New York Alki', 'Duwamps']	{'Seattle': 1}	1	-39.8125	1	{'Seattle': 1}	1	-53.625	1
37	Q1145899	Curved Air	Curved Air	Q84	London	London	Curved Air was founded in London .	Curved Air didirikan di London.	Curved Air didirikan di 	 Curved Air didirikan di London.	 Curved Air didirikan di 	London	['London']	{'London': 1}	1	-52.6875	1	{'London': 1}	1	-60.25	1
38	Q934489	San Miguel Corporation	San Miguel Corporation	Q1461	Manila	Manila	San Miguel Corporation was founded in Manila .	San Miguel Corporation didirikan di Manila.	San Miguel Corporation didirikan di 	 San Miguel Corporation didirikan di Manila.	 San Miguel Corporation didirikan di 	Manila	['Manila', 'Mainilak']	{'Manila': 1}	1	-56.4375	1	{'Manila': 1}	1	-66.75	1
39	Q93346	The Who	The Who	Q84	London	London	The Who was founded in London .	The Who didirikan di London.	The Who didirikan di 	 The Who didirikan di London.	 The Who didirikan di 	London	['London']	{'London': 1}	1	-56.125	1	{'London': 1}	1	-60.8125	1
40	Q20718	Samsung Electronics	Samsung Electronics	Q8684	Seoul	Seoul	Samsung Electronics was founded in Seoul .	Samsung Electronics didirikan di Seoul.	Samsung Electronics didirikan di 	 Samsung Electronics didirikan di Seoul.	 Samsung Electronics didirikan di 	Seoul	['Seoul']	{'Seoul': 1}	1	-56.4375	1	{'Seoul': 1}	1	-60.96875	1
41	Q134241	Feyenoord	Feyenoord Rotterdam	Q34370	Rotterdam	Rotterdam	Feyenoord was founded in Rotterdam .	Feyenoord Rotterdam didirikan di Rotterdam.	Feyenoord Rotterdam didirikan di 	 Feyenoord didirikan di Rotterdam.	 Feyenoord didirikan di 	Rotterdam	['Rotterdam', 'Gemeente Rotterdam']	{'Rotterdam': 1}	1	-55.1875	1	{'Rotterdam': 1}	1	-57.0625	1
42	Q15678788	Fiat Chrysler Automobiles	Fiat Chrysler Automobiles	Q495	Turin	Turin	Fiat Chrysler Automobiles was founded in Turin .	Fiat Chrysler Automobiles didirikan di Turin.	Fiat Chrysler Automobiles didirikan di 	 Fiat Chrysler Automobiles didirikan di Turin.	 Fiat Chrysler Automobiles didirikan di 	Turin	['Turin']	{'Turin': 1}	1	-49.90625	1	{'Turin': 1}	1	-55.0625	1
43	Q23901	Codemasters	Codemasters	Q23140	Warwickshire	Warwickshire	Codemasters was founded in Warwickshire .	Codemasters didirikan di Warwickshire.	Codemasters didirikan di 	 Codemasters didirikan di Warwickshire.	 Codemasters didirikan di 	Warwickshire	['Warwickshire']	{'Warwickshire': 7}	0	-43.5	0	{'Warwickshire': 7}	0	-53.625	0
44	Q15935	Kanye West	Kanye West	Q1297	Chicago	Chicago	Kanye West was founded in Chicago .	Kanye West didirikan di Chicago.	Kanye West didirikan di 	 Kanye West didirikan di Chicago.	 Kanye West didirikan di 	Chicago	['Chicago', 'The Queen of the West', 'The Second City', 'The Windy City', 'Chicago, Illinois', 'City of Broad Shoulders']	{'Chicago': 1}	1	-42.6875	1	{'Chicago': 1}	1	-50.4375	1
45	Q203223	Ciara	Ciara	Q23556	Atlanta	Atlanta	Ciara was founded in Atlanta .	Ciara didirikan di Atlanta.	Ciara didirikan di 	 Ciara didirikan di Atlanta.	 Ciara didirikan di 	Atlanta	['Atlanta']	{'Atlanta': 3}	0	-37.40625	1	{'Atlanta': 3}	0	-50.375	1
46	Q910379	Leonardo	Leonardo S.p.A.	Q220	Rome	Roma	Leonardo was founded in Rome .	Leonardo S.p.A. didirikan di Roma.	Leonardo S.p.A. didirikan di 	Leonardo didirikan di Roma.	Leonardo didirikan di 	Roma	['Rome']	{'Roma': 2}	0	-57.0625	1	{'Roma': 10}	0	-47.40625	0
47	Q960061	Radiotelevizija Slovenija	Radiotelevizija Slovenija	Q437	Ljubljana	Ljubljana	Radiotelevizija Slovenija was founded in Ljubljana .	Radiotelevizija Slovenija didirikan di Ljubljana.	Radiotelevizija Slovenija didirikan di 	 Radiotelevizija Slovenija didirikan di Ljubljana.	 Radiotelevizija Slovenija didirikan di 	Ljubljana	['Ljubljana']	{'Ljubljana': 1}	1	-61.6875	1	{'Ljubljana': 1}	1	-72.25	1
48	Q1092539	Cinnabon	Cinnabon	Q5083	Seattle	Seattle	Cinnabon was founded in Seattle .	Cinnabon didirikan di Seattle.	Cinnabon didirikan di 	 Cinnabon didirikan di Seattle.	 Cinnabon didirikan di 	Seattle	['Seattle', 'New York Alki', 'Duwamps']	{'Seattle': 1}	1	-52.8125	1	{'Seattle': 1}	1	-62.0625	1
49	Q300324	A Bathing Ape	A Bathing Ape	Q17	Japan	Jepang	A Bathing Ape was founded in Japan .	A Bathing Ape didirikan di Jepang.	A Bathing Ape didirikan di 	 A Bathing Ape didirikan di Jepang.	 A Bathing Ape didirikan di 	Jepang	['Japan', 'Negeri Matahari Terbit', 'Tanah Matahari Terbit', 'Negara Jepang']	{'Jepang': 1}	1	-56.09375	1	{'Jepang': 1}	1	-59.03125	1
50	Q268160	The White Stripes	The White Stripes	Q12439	Detroit	Detroit	The White Stripes was founded in Detroit .	The White Stripes didirikan di Detroit.	The White Stripes didirikan di 	 White Stripes didirikan di Detroit.	 White Stripes didirikan di 	Detroit	['Detroit', 'Motor City', 'City of Detroit', 'The D', 'Detroit, Michigan']	{'Detroit': 1}	1	-57.5625	1	{'Detroit': 1}	1	-61.9375	1
51	Q202988	Avedis Zildjian Company	Avedis Zildjian Company	Q406	Istanbul	Istanbul	Avedis Zildjian Company was founded in Istanbul .	Avedis Zildjian Company didirikan di Istanbul.	Avedis Zildjian Company didirikan di 	 Perusahaan Avedis Zildjian didirikan di Istanbul.	 Perusahaan Avedis Zildjian didirikan di 	Istanbul	['Istanbul', 'Konstantinopel']	{'Istanbul': 1}	1	-58.46875	1	{'Istanbul': 1}	1	-76.25	1
52	Q483810	The Cranberries	The Cranberries	Q133315	Limerick	Limerick	The Cranberries was founded in Limerick .	The Cranberries didirikan di Limerick.	The Cranberries didirikan di 	 Cranberries didirikan di Limerick.	 Cranberries didirikan di 	Limerick	['Limerick']	{'Limerick': 1}	1	-57.625	1	{'Limerick': 1}	1	-58.625	1
53	Q1719158	Woe, Is Me	Woe, Is Me	Q23556	Atlanta	Atlanta	Woe, Is Me was founded in Atlanta .	Woe, Is Me didirikan di Atlanta.	Woe, Is Me didirikan di 	 Woe, Is Me didirikan di Atlanta.	 Woe, Is Me didirikan di 	Atlanta	['Atlanta']	{'Atlanta': 15}	0	-63.78125	0	{'Atlanta': 14}	0	-73.5625	0
54	Q81888	AFC Ajax	Ajax Amsterdam	Q727	Amsterdam	Amsterdam	AFC Ajax was founded in Amsterdam .	Ajax Amsterdam didirikan di Amsterdam.	Ajax Amsterdam didirikan di 	 AFC Ajax didirikan di Amsterdam.	 AFC Ajax didirikan di 	Amsterdam	['Amsterdam']	{'Amsterdam': 1}	1	-43.40625	1	{'Amsterdam': 1}	1	-59.96875	1
55	Q9322	Deutsche Bahn	Deutsche Bahn	Q64	Berlin	Berlin	Deutsche Bahn was founded in Berlin .	Deutsche Bahn didirikan di Berlin.	Deutsche Bahn didirikan di 	 Deutsche Bahn didirikan di Berlin.	 Deutsche Bahn didirikan di 	Berlin	['Berlin', 'Berlin, Jerman', 'Berlin (Jerman)']	{'Berlin': 1}	1	-48.9375	1	{'Berlin': 1}	1	-54.5	1
56	Q1674581	Isotta Fraschini	Isotta Fraschini	Q490	Milan	Milan	Isotta Fraschini was founded in Milan .	Isotta Fraschini didirikan di Milan.	Isotta Fraschini didirikan di 	 Isotta Fraschini didirikan di Milan.	 Isotta Fraschini didirikan di 	Milan	['Milan']	{'Milan': 1}	1	-49.78125	1	{'Milan': 1}	1	-58.25	1
57	Q1136349	Costa Cruises	Costa Cruises	Q1449	Genoa	Genova	Costa Cruises was founded in Genoa .	Costa Cruises didirikan di Genova.	Costa Cruises didirikan di 	 Costa Cruises didirikan di Genoa.	 Costa Cruises didirikan di 	Genoa	['Genoa']	{'Genoa': 5, 'Genova': 15}	0	-48.78125	0	{'Genoa': 1, 'Genova': 5}	1	-60.46875	1
58	Q122741	Sega	Sega	Q1490	Tokyo	Tokyo	Sega was founded in Tokyo .	Sega didirikan di Tokyo.	Sega didirikan di 	 Sega didirikan di Tokyo.	 Sega didirikan di 	Tokyo	['Tokyo', 'Prefektur Tokyo']	{'Tokyo': 1}	1	-50.46875	1	{'Tokyo': 1}	1	-56.4375	1
59	Q465751	Chipotle Mexican Grill	Chipotle Mexican Grill	Q16554	Denver	Denver	Chipotle Mexican Grill was founded in Denver .	Chipotle Mexican Grill didirikan di Denver.	Chipotle Mexican Grill didirikan di 	 Chipotle Mexican Grill didirikan di Denver.	 Chipotle Mexican Grill didirikan di 	Denver	['Denver', 'Denver, Colorado']	{'Denver': 1}	1	-54.25	1	{'Denver': 1}	1	-63.1875	1
60	Q619364	Realtek	Realtek	Q865	Taiwan	Taiwan	Realtek was founded in Taiwan .	Realtek didirikan di Taiwan.	Realtek didirikan di 	 Realtek didirikan di Taiwan.	 Realtek didirikan di 	Taiwan	['Taiwan', 'Republik Tiongkok']	{'Taiwan': 1}	1	-54.21875	1	{'Taiwan': 1}	1	-62.78125	1
61	Q163989	Arch Enemy	Arch Enemy	Q34	Sweden	Swedia	Arch Enemy was founded in Sweden .	Arch Enemy didirikan di Swedia.	Arch Enemy didirikan di 	 Arch Enemy didirikan di Swedia.	 Arch Enemy didirikan di 	Swedia	['Sweden']	{'Swedia': 4}	0	-46.5	0	{'Swedia': 1}	1	-56.0625	1
62	Q736107	OK Go	OK Go	Q1297	Chicago	Chicago	OK Go was founded in Chicago .	OK Go didirikan di Chicago.	OK Go didirikan di 	 OK Go didirikan di Chicago.	 OK Go didirikan di 	Chicago	['Chicago', 'The Queen of the West', 'The Second City', 'The Windy City', 'Chicago, Illinois', 'City of Broad Shoulders']	{'Chicago': 1}	1	-52.125	1	{'Chicago': 1}	1	-62.375	1
64	Q2054310	Nintendo Software Planning & Development	Nintendo Software Planning & Development	Q17	Japan	Jepang	Nintendo Software Planning & Development was founded in Japan .	Nintendo Software Planning & Development didirikan di Jepang.	Nintendo Software Planning & Development didirikan di 	 Nintendo Software Planning & Development didirikan di Jepang.	 Nintendo Software Planning & Development didirikan di 	Jepang	['Japan', 'Negeri Matahari Terbit', 'Tanah Matahari Terbit', 'Negara Jepang']	{'Jepang': 1}	1	-58.125	1	{'Jepang': 1}	1	-69.625	1
65	Q912351	Caspian Airlines	Caspian Airlines	Q3616	Tehran	Teheran	Caspian Airlines was founded in Tehran .	Caspian Airlines didirikan di Teheran.	Caspian Airlines didirikan di 	 Caspian Airlines didirikan di Teheran.	 Caspian Airlines didirikan di 	Teheran	['Tehran']	{'Teheran': 4}	0	-53.53125	0	{'Teheran': 1}	1	-60.625	1
66	Q1577587	Marathon Oil	Marathon Oil	Q16555	Houston	Houston	Marathon Oil was founded in Houston .	Marathon Oil didirikan di Houston.	Marathon Oil didirikan di 	 Marathon Oil didirikan di Houston.	 Marathon Oil didirikan di 	Houston	['Houston', 'Houston, Texas', 'Space City', 'H-Town', 'USHOU', 'Kota Houston']	{'Houston': 6}	0	-58.5	0	{'Houston': 6}	0	-67.125	0
67	Q1553421	Gugun Blues Shelter	Gugun Blues Shelter	Q3630	Jakarta	Jakarta	Gugun Blues Shelter was founded in Jakarta .	Gugun Blues Shelter didirikan di Jakarta.	Gugun Blues Shelter didirikan di 	 Gugun Blues Shelter didirikan di Jakarta.	 Gugun Blues Shelter didirikan di 	Jakarta	['Jakarta', 'Daerah Khusus Ibukota Jakarta', 'DKI Jakarta', 'Djakarta', 'Prov. Jakarta', 'Provinsi Jakarta', 'Daerah Khusus Jakarta', 'DKJ']	{'Jakarta': 1}	1	-59.96875	1	{'Jakarta': 1}	1	-69.9375	1
68	Q286650	Trenitalia	Trenitalia	Q220	Rome	Roma	Trenitalia was founded in Rome .	Trenitalia didirikan di Roma.	Trenitalia didirikan di 	Trenitalia didirikan di Roma.	Trenitalia didirikan di 	Roma	['Rome']	{'Roma': 2}	0	-53.4375	1	{'Roma': 2}	0	-53.4375	1
69	Q27074	Aston Martin Lagonda	Aston Martin	Q84	London	London	Aston Martin Lagonda was founded in London .	Aston Martin didirikan di London.	Aston Martin didirikan di 	 Aston Martin Lagonda didirikan di London.	 Aston Martin Lagonda didirikan di 	London	['London']	{'London': 1}	1	-45.34375	1	{'London': 1}	1	-56.96875	1
71	Q45188	Coldplay	Coldplay	Q84	London	London	Coldplay was founded in London .	Coldplay didirikan di London.	Coldplay didirikan di 	 Coldplay didirikan di London.	 Coldplay didirikan di 	London	['London']	{'London': 1}	1	-41.59375	1	{'London': 1}	1	-53.9375	1
72	Q368151	Mediaset S.p.A.	Mediaset	Q490	Milan	Milan	Mediaset S.p.A. was founded in Milan .	Mediaset didirikan di Milan.	Mediaset didirikan di 	 Mediaset SpA didirikan di Milan.	 Mediaset SpA didirikan di 	Milan	['Milan']	{'Milan': 1}	1	-50.90625	1	{'Milan': 1}	1	-71.4375	1
74	Q170599	Arctic Monkeys	Arctic Monkeys	Q42448	Sheffield	Sheffield	Arctic Monkeys was founded in Sheffield .	Arctic Monkeys didirikan di Sheffield.	Arctic Monkeys didirikan di 	 Arctic Monkeys didirikan di Sheffield.	 Arctic Monkeys didirikan di 	Sheffield	['Sheffield']	{'Sheffield': 1}	1	-46.0	1	{'Sheffield': 1}	1	-55.0	1
75	Q184697	Gloria Estefan	Gloria Estefan	Q8652	Miami	Miami	Gloria Estefan was founded in Miami .	Gloria Estefan didirikan di Miami.	Gloria Estefan didirikan di 	 Gloria Estefan didirikan di Miami.	 Gloria Estefan didirikan di 	Miami	['Miami', 'Kota Miami']	{'Miami': 1}	1	-45.125	1	{'Miami': 1}	1	-52.59375	1
76	Q871700	United Airlines Holdings	United Continental Holdings	Q1297	Chicago	Chicago	United Airlines Holdings was founded in Chicago .	United Continental Holdings didirikan di Chicago.	United Continental Holdings didirikan di 	 United Airlines Holdings didirikan di Chicago.	 United Airlines Holdings didirikan di 	Chicago	['Chicago', 'The Queen of the West', 'The Second City', 'The Windy City', 'Chicago, Illinois', 'City of Broad Shoulders']	{'Chicago': 3}	0	-65.25	1	{'Chicago': 2}	0	-72.75	1
77	Q81230	Siemens	Siemens AG	Q64	Berlin	Berlin	Siemens was founded in Berlin .	Siemens AG didirikan di Berlin.	Siemens AG didirikan di 	 Siemens didirikan di Berlin.	 Siemens didirikan di 	Berlin	['Berlin', 'Berlin, Jerman', 'Berlin (Jerman)']	{'Berlin': 1}	1	-57.8125	1	{'Berlin': 1}	1	-56.96875	1
79	Q529531	Berliner Maschinenbau	Berliner Maschinenbau	Q64	Berlin	Berlin	Berliner Maschinenbau was founded in Berlin .	Berliner Maschinenbau didirikan di Berlin.	Berliner Maschinenbau didirikan di 	 Berliner Maschinenbau didirikan di Berlin.	 Berliner Maschinenbau didirikan di 	Berlin	['Berlin', 'Berlin, Jerman', 'Berlin (Jerman)']	{'Berlin': 1}	1	-50.65625	1	{'Berlin': 1}	1	-66.625	1
81	Q2005836	Conrad Editora	Conrad Editora	Q155	Brazil	Brasil	Conrad Editora was founded in Brazil .	Conrad Editora didirikan di Brasil.	Conrad Editora didirikan di 	 Conrad Editora didirikan di Brazil.	 Conrad Editora didirikan di 	Brazil	['Brazil', 'Republik Federatif Brasil', 'Republik Federatif Brazil']	{'Brazil': 1, 'Brasil': 5}	1	-58.75	1	{'Brazil': 1, 'Brasil': 6}	1	-69.1875	1
82	Q295919	Sam Cooke	Sam Cooke	Q1297	Chicago	Chicago	Sam Cooke was founded in Chicago .	Sam Cooke didirikan di Chicago.	Sam Cooke didirikan di 	 Sam Cooke didirikan di Chicago.	 Sam Cooke didirikan di 	Chicago	['Chicago', 'The Queen of the West', 'The Second City', 'The Windy City', 'Chicago, Illinois', 'City of Broad Shoulders']	{'Chicago': 1}	1	-47.71875	1	{'Chicago': 1}	1	-58.3125	1
83	Q2129943	Miami Horror	Miami Horror	Q3141	Melbourne	Melbourne	Miami Horror was founded in Melbourne .	Miami Horror didirikan di Melbourne.	Miami Horror didirikan di 	 Miami Horror didirikan di Melbourne.	 Miami Horror didirikan di 	Melbourne	['Melbourne']	{'Melbourne': 1}	1	-51.375	1	{'Melbourne': 1}	1	-64.75	1
84	Q81307	Greenpeace	Greenpeace	Q24639	Vancouver	Vancouver	Greenpeace was founded in Vancouver .	Greenpeace didirikan di Vancouver.	Greenpeace didirikan di 	 Greenpeace didirikan di Vancouver.	 Greenpeace didirikan di 	Vancouver	['Vancouver', 'Kota Vancouver', 'Vancouver, BC', 'Vancouver, British Columbia']	{'Vancouver': 1}	1	-47.71875	1	{'Vancouver': 1}	1	-54.375	1
85	Q679888	Rolls-Royce	Rolls-Royce	Q18125	Manchester	Manchester	Rolls-Royce was founded in Manchester .	Rolls-Royce didirikan di Manchester.	Rolls-Royce didirikan di 	 Rolls-Royce didirikan di Manchester.	 Rolls-Royce didirikan di 	Manchester	['Manchester']	{'Manchester': 1}	1	-39.90625	1	{'Manchester': 1}	1	-52.625	1
86	Q18557	Opeth	Opeth	Q34	Sweden	Swedia	Opeth was founded in Sweden .	Opeth didirikan di Swedia.	Opeth didirikan di 	 Opeth didirikan di Swedia.	 Opeth didirikan di 	Swedia	['Sweden']	{'Swedia': 1}	1	-51.09375	1	{'Swedia': 1}	1	-60.90625	1
87	Q1636958	Xiaomi	Xiaomi	Q956	Beijing	Beijing	Xiaomi was founded in Beijing .	Xiaomi didirikan di Beijing.	Xiaomi didirikan di 	 Xiaomi didirikan di Beijing.	 Xiaomi didirikan di 	Beijing	['Beijing']	{'Beijing': 1}	1	-49.96875	1	{'Beijing': 1}	1	-56.9375	1
88	Q34918	The Wanted	The Wanted	Q21	England	Inggris	The Wanted was founded in England .	The Wanted didirikan di Inggris.	The Wanted didirikan di 	 The Wanted didirikan di Inggris.	 The Wanted didirikan di 	Inggris	['England']	{'Inggris': 1}	1	-56.625	1	{'Inggris': 1}	1	-62.625	1
89	Q676585	Fnac	Fnac	Q90	Paris	Paris	Fnac was founded in Paris .	Fnac didirikan di Paris.	Fnac didirikan di 	 Fnac didirikan di Paris.	 Fnac didirikan di 	Paris	['Paris']	{'Paris': 1}	1	-55.5	1	{'Paris': 1}	1	-60.6875	1
90	Q5827792	W Motors	W Motors	Q822	Lebanon	Lebanon	W Motors was founded in Lebanon .	W Motors didirikan di Lebanon.	W Motors didirikan di 	 W Motors didirikan di Lebanon.	 W Motors didirikan di 	Lebanon	['Lebanon', 'Republik Lebanon']	{'Lebanon': 1}	1	-61.21875	1	{'Lebanon': 1}	1	-58.5625	1
91	Q247116	Ansett Australia	Ansett Australia	Q3141	Melbourne	Melbourne	Ansett Australia was founded in Melbourne .	Ansett Australia didirikan di Melbourne.	Ansett Australia didirikan di 	Ansett Australia didirikan di Melbourne.	Ansett Australia didirikan di 	Melbourne	['Melbourne']	{'Melbourne': 1}	1	-51.9375	1	{'Melbourne': 1}	1	-51.9375	1
92	Q321762	Napalm Death	Napalm Death	Q2256	Birmingham	Birmingham	Napalm Death was founded in Birmingham .	Napalm Death didirikan di Birmingham.	Napalm Death didirikan di 	 Napalm Death didirikan di Birmingham.	 Napalm Death didirikan di 	Birmingham	['Birmingham']	{'Birmingham': 1}	1	-43.28125	1	{'Birmingham': 2}	0	-51.6875	1
94	Q1478918	Nippon Yusen	Nippon Yusen	Q1490	Tokyo	Tokyo	Nippon Yusen was founded in Tokyo .	Nippon Yusen didirikan di Tokyo.	Nippon Yusen didirikan di 	 Nippon Yusen didirikan di Tokyo.	 Nippon Yusen didirikan di 	Tokyo	['Tokyo', 'Prefektur Tokyo']	{'Tokyo': 1}	1	-54.8125	1	{'Tokyo': 1}	1	-64.875	1
95	Q253414	FIFA	FIFA	Q90	Paris	Paris	FIFA was founded in Paris .	FIFA didirikan di Paris.	FIFA didirikan di 	 FIFA didirikan di Paris.	 FIFA didirikan di 	Paris	['Paris']	{'Paris': 1}	1	-47.1875	1	{'Paris': 1}	1	-54.65625	1
96	Q745394	Gilera	Gilera	Q490	Milan	Milan	Gilera was founded in Milan .	Gilera didirikan di Milan.	Gilera didirikan di 	 Gilera didirikan di Milan.	 Gilera didirikan di 	Milan	['Milan']	{'Milan': 2}	0	-53.625	1	{'Milan': 2}	0	-68.875	1
97	Q16513838	Union Films	Union Films	Q3630	Jakarta	Jakarta	Union Films was founded in Jakarta .	Union Films didirikan di Jakarta.	Union Films didirikan di 	 Union Films didirikan di Jakarta.	 Union Films didirikan di 	Jakarta	['Jakarta', 'Daerah Khusus Ibukota Jakarta', 'DKI Jakarta', 'Djakarta', 'Prov. Jakarta', 'Provinsi Jakarta', 'Daerah Khusus Jakarta', 'DKJ']	{'Jakarta': 1}	1	-50.28125	1	{'Jakarta': 1}	1	-60.28125	1
98	Q183412	EMI	EMI	Q84	London	London	EMI was founded in London .	EMI didirikan di London.	EMI didirikan di 	 EMI didirikan di London.	 EMI didirikan di 	London	['London']	{'London': 1}	1	-53.4375	1	{'London': 1}	1	-59.90625	1
99	Q492747	Dole Food Company	Dole Food Company	Q782	Hawaii	Hawaii	Dole Food Company was founded in Hawaii .	Dole Food Company didirikan di Hawaii.	Dole Food Company didirikan di 	 Dole Food Company didirikan di Hawaii.	 Dole Food Company didirikan di 	Hawaii	['Hawaii']	{'Hawaii': 1}	1	-57.59375	1	{'Hawaii': 1}	1	-64.25	1
100	Q2306052	Branobel	Branobel	Q9248	Baku	Baku	Branobel was founded in Baku .	Branobel didirikan di Baku.	Branobel didirikan di 	 Branobel didirikan di Baku.	 Branobel didirikan di 	Baku	['Baku']	{'Baku': 3}	0	-51.28125	1	{'Baku': 5}	0	-67.5	0
101	Q931544	Half Japanese	Half Japanese	Q1391	Maryland	Maryland	Half Japanese was founded in Maryland .	Half Japanese didirikan di Maryland.	Half Japanese didirikan di 	 Half Japanese didirikan di Maryland.	 Half Japanese didirikan di 	Maryland	['Maryland']	{'Maryland': 14}	0	-50.96875	0	{'Maryland': 17}	0	-64.625	0
102	Q1066018	Toei Company	Toei Company	Q1490	Tokyo	Tokyo	Toei Company was founded in Tokyo .	Toei Company didirikan di Tokyo.	Toei Company didirikan di 	 Perusahaan Toei didirikan di Tokyo.	 Perusahaan Toei didirikan di 	Tokyo	['Tokyo', 'Prefektur Tokyo']	{'Tokyo': 1}	1	-55.6875	1	{'Tokyo': 1}	1	-64.3125	1
103	Q614283	Grupo Globo	Grupo Globo	Q155	Brazil	Brasil	Grupo Globo was founded in Brazil .	Grupo Globo didirikan di Brasil.	Grupo Globo didirikan di 	 Grupo Globo didirikan di Brasil.	 Grupo Globo didirikan di 	Brasil	['Brazil', 'Republik Federatif Brasil', 'Republik Federatif Brazil']	{'Brasil': 1}	1	-44.875	1	{'Brasil': 1}	1	-57.1875	1
104	Q963303	Union of Lublin	Persatuan Lublin	Q37333	Lublin	Lublin	Union of Lublin was founded in Lublin .	Persatuan Lublin didirikan di Lublin.	Persatuan Lublin didirikan di 	 Persatuan Lublin didirikan di Lublin.	 Persatuan Lublin didirikan di 	Lublin	['Lublin']	{'Lublin': 1}	1	-56.5625	1	{'Lublin': 1}	1	-63.75	1
105	Q864407	The Home Depot	The Home Depot	Q23556	Atlanta	Atlanta	The Home Depot was founded in Atlanta .	The Home Depot didirikan di Atlanta.	The Home Depot didirikan di 	 Home Depot didirikan di Atlanta.	 Home Depot didirikan di 	Atlanta	['Atlanta']	{'Atlanta': 1}	1	-53.0625	1	{'Atlanta': 1}	1	-57.375	1
106	Q2350820	Old Funeral	Old Funeral	Q26793	Bergen	Bergen	Old Funeral was founded in Bergen .	Old Funeral didirikan di Bergen.	Old Funeral didirikan di 	 Old Funeral didirikan di Bergen.	 Old Funeral didirikan di 	Bergen	['Bergen', 'Bjørgvin']	{'Bergen': 28}	0	-63.40625	0	{'Bergen': 29}	0	-71.0625	0
107	Q4736288	Altera Enigma	Altera Enigma	Q3141	Melbourne	Melbourne	Altera Enigma was founded in Melbourne .	Altera Enigma didirikan di Melbourne.	Altera Enigma didirikan di 	 Altera Enigma didirikan di Melbourne.	 Altera Enigma didirikan di 	Melbourne	['Melbourne']	{'Melbourne': 9}	0	-66.4375	0	{'Melbourne': 11}	0	-71.9375	0
108	Q4356488	Ultrabeat	Ultrabeat	Q24826	Liverpool	Liverpool	Ultrabeat was founded in Liverpool .	Ultrabeat didirikan di Liverpool.	Ultrabeat didirikan di 	 Ultrabeat didirikan di Liverpool.	 Ultrabeat didirikan di 	Liverpool	['Liverpool', 'Kota Liverpool']	{'Liverpool': 1}	1	-54.5625	1	{'Liverpool': 1}	1	-62.59375	1
109	Q32784	Royal Gibraltar Post Office	Royal Gibraltar Post Office	Q1410	Gibraltar	Gibraltar	Royal Gibraltar Post Office was founded in Gibraltar .	Royal Gibraltar Post Office didirikan di Gibraltar.	Royal Gibraltar Post Office didirikan di 	 Kantor Pos Kerajaan Gibraltar didirikan di Gibraltar.	 Kantor Pos Kerajaan Gibraltar didirikan di 	Gibraltar	['Gibraltar']	{'Gibraltar': 1}	1	-55.5625	1	{'Gibraltar': 1}	1	-82.875	1
110	Q58381	Duran Duran	Duran Duran	Q2256	Birmingham	Birmingham	Duran Duran was founded in Birmingham .	Duran Duran didirikan di Birmingham.	Duran Duran didirikan di 	 Duran Duran didirikan di Birmingham.	 Duran Duran didirikan di 	Birmingham	['Birmingham']	{'Birmingham': 1}	1	-47.875	1	{'Birmingham': 1}	1	-58.9375	1
111	Q644167	PLDT	PLDT	Q1461	Manila	Manila	PLDT was founded in Manila .	PLDT didirikan di Manila.	PLDT didirikan di 	 PLDT didirikan di Manila.	 PLDT didirikan di 	Manila	['Manila', 'Mainilak']	{'Manila': 1}	1	-56.40625	1	{'Manila': 1}	1	-61.1875	1
112	Q499071	East Japan Railway Company	East Japan Railway Company	Q1490	Tokyo	Tokyo	East Japan Railway Company was founded in Tokyo .	East Japan Railway Company didirikan di Tokyo.	East Japan Railway Company didirikan di 	 Perusahaan Kereta Api Jepang Timur didirikan di Tokyo.	 Perusahaan Kereta Api Jepang Timur didirikan di 	Tokyo	['Tokyo', 'Prefektur Tokyo']	{'Tokyo': 1}	1	-53.03125	1	{'Tokyo': 1}	1	-75.5625	1
113	Q505922	Electrolux	Electrolux	Q1754	Stockholm	Stockholm	Electrolux was founded in Stockholm .	Electrolux didirikan di Stockholm.	Electrolux didirikan di 	 Electrolux didirikan di Stockholm.	 Electrolux didirikan di 	Stockholm	['Stockholm']	{'Stockholm': 1}	1	-49.09375	1	{'Stockholm': 1}	1	-58.71875	1
114	Q1412968	NRJ Group	NRJ Radio	Q90	Paris	Paris	NRJ Group was founded in Paris .	NRJ Radio didirikan di Paris.	NRJ Radio didirikan di 	NRJ Group didirikan di Paris.	NRJ Group didirikan di 	Paris	['Paris']	{'Paris': 1}	1	-51.78125	1	{'Paris': 1}	1	-52.96875	1
115	Q99633	Berliner Verkehrsbetriebe	Berliner Verkehrsbetriebe	Q64	Berlin	Berlin	Berliner Verkehrsbetriebe was founded in Berlin .	Berliner Verkehrsbetriebe didirikan di Berlin.	Berliner Verkehrsbetriebe didirikan di 	 Berliner Verkehrsbetriebe didirikan di Berlin.	 Berliner Verkehrsbetriebe didirikan di 	Berlin	['Berlin', 'Berlin, Jerman', 'Berlin (Jerman)']	{'Berlin': 1}	1	-50.25	1	{'Berlin': 1}	1	-63.59375	1
116	Q15964414	Odesza	Odesza	Q5083	Seattle	Seattle	Odesza was founded in Seattle .	Odesza didirikan di Seattle.	Odesza didirikan di 	 Odesza didirikan di Seattle.	 Odesza didirikan di 	Seattle	['Seattle', 'New York Alki', 'Duwamps']	{'Seattle': 1}	1	-48.28125	1	{'Seattle': 1}	1	-56.125	1
117	Q381779	Aerosvit Airlines	Aerosvit Airlines	Q1899	Kiev	Kiev	Aerosvit Airlines was founded in Kiev .	Aerosvit Airlines didirikan di Kiev.	Aerosvit Airlines didirikan di 	 Aerosvit Airlines didirikan di Kiev.	 Aerosvit Airlines didirikan di 	Kiev	['Kyiv']	{'Kiev': 1}	1	-61.9375	1	{'Kiev': 1}	1	-64.5	1
118	Q194393	SK Slavia Prague	SK Slavia Praha	Q1085	Prague	Praha	SK Slavia Prague was founded in Prague .	SK Slavia Praha didirikan di Praha.	SK Slavia Praha didirikan di 	 SK Slavia Prague didirikan di Praha.	 SK Slavia Prague didirikan di 	Praha	['Prague', 'Hlavní město Praha', 'Kota Praha']	{'Praha': 1}	1	-53.78125	1	{'Praha': 1}	1	-62.96875	1
119	Q1576610	Standard Bank	Standard Bank Group	Q84	London	London	Standard Bank was founded in London .	Standard Bank Group didirikan di London.	Standard Bank Group didirikan di 	 Standard Bank didirikan di London.	 Standard Bank didirikan di 	London	['London']	{'London': 1}	1	-59.9375	1	{'London': 1}	1	-69.3125	1
120	Q504998	LVMH	LVMH	Q90	Paris	Paris	LVMH was founded in Paris .	LVMH didirikan di Paris.	LVMH didirikan di 	 LVMH didirikan di Paris.	 LVMH didirikan di 	Paris	['Paris']	{'Paris': 1}	1	-50.03125	1	{'Paris': 1}	1	-53.90625	1
121	Q513712	Pony Canyon	Pony Canyon	Q1490	Tokyo	Tokyo	Pony Canyon was founded in Tokyo .	Pony Canyon didirikan di Tokyo.	Pony Canyon didirikan di 	 Pony Canyon didirikan di Tokyo.	 Pony Canyon didirikan di 	Tokyo	['Tokyo', 'Prefektur Tokyo']	{'Tokyo': 1}	1	-48.96875	1	{'Tokyo': 1}	1	-54.9375	1
122	Q1093670	Seattle Computer Products	Seattle Computer Products	Q5083	Seattle	Seattle	Seattle Computer Products was founded in Seattle .	Seattle Computer Products didirikan di Seattle.	Seattle Computer Products didirikan di 	 Seattle Computer Products didirikan di Seattle.	 Seattle Computer Products didirikan di 	Seattle	['Seattle', 'New York Alki', 'Duwamps']	{'Seattle': 1}	1	-57.125	1	{'Seattle': 1}	1	-68.5	1
123	Q682520	Transport for London	Transport for London	Q84	London	London	Transport for London was founded in London .	Transport for London didirikan di London.	Transport for London didirikan di 	 Transport for London didirikan di London.	 Transport for London didirikan di 	London	['London']	{'London': 1}	1	-51.1875	1	{'London': 1}	1	-60.6875	1
124	Q12009	Ell & Nikki	Eldar & Nigar	Q9248	Baku	Baku	Ell & Nikki was founded in Baku .	Eldar & Nigar didirikan di Baku.	Eldar & Nigar didirikan di 	 Ell & Nikki didirikan di Baku.	 Ell & Nikki didirikan di 	Baku	['Baku']	{'Baku': 1}	1	-67.0625	1	{'Baku': 27}	0	-66.625	0
125	Q158895	Helloween	Helloween	Q1055	Hamburg	Hamburg	Helloween was founded in Hamburg .	Helloween didirikan di Hamburg.	Helloween didirikan di 	 Helloween didirikan di Hamburg.	 Helloween didirikan di 	Hamburg	['Hamburg']	{'Hamburg': 1}	1	-43.1875	1	{'Hamburg': 1}	1	-57.53125	1
126	Q925641	Echo & the Bunnymen	Echo & the Bunnymen	Q24826	Liverpool	Liverpool	Echo & the Bunnymen was founded in Liverpool .	Echo & the Bunnymen didirikan di Liverpool.	Echo & the Bunnymen didirikan di 	 Echo & the Bunnymen didirikan di Liverpool.	 Echo & the Bunnymen didirikan di 	Liverpool	['Liverpool', 'Kota Liverpool']	{'Liverpool': 1}	1	-57.375	1	{'Liverpool': 1}	1	-62.53125	1
127	Q638231	Larsen & Toubro	Larsen & Toubro	Q1156	Mumbai	Mumbai	Larsen & Toubro was founded in Mumbai .	Larsen & Toubro didirikan di Mumbai.	Larsen & Toubro didirikan di 	 Larsen & Toubro didirikan di Mumbai.	 Larsen & Toubro didirikan di 	Mumbai	['Mumbai']	{'Mumbai': 1}	1	-45.59375	1	{'Mumbai': 1}	1	-61.53125	1
128	Q171240	London Stock Exchange	Bursa efek London	Q84	London	London	London Stock Exchange was founded in London .	Bursa efek London didirikan di London.	Bursa efek London didirikan di 	 Bursa Efek London didirikan di London.	 Bursa Efek London didirikan di 	London	['London']	{'London': 1}	1	-68.8125	1	{'London': 1}	1	-69.25	1
129	Q2071252	Perkins Engines	Perkins Engines	Q172438	Peterborough	Peterborough	Perkins Engines was founded in Peterborough .	Perkins Engines didirikan di Peterborough.	Perkins Engines didirikan di 	 Perkins Engines didirikan di Peterborough.	 Perkins Engines didirikan di 	Peterborough	['Peterborough']	{'Peterborough': 6}	0	-59.84375	0	{'Peterborough': 15}	0	-68.6875	0
130	Q115095	Institut de Droit International	Institut de droit international	Q1296	Ghent	Gent	Institut de Droit International was founded in Ghent .	Institut de droit international didirikan di Gent.	Institut de droit international didirikan di 	 Institut de Droit International didirikan di Ghent.	 Institut de Droit International didirikan di 	Ghent	['Ghent']	{'Gent': 8, 'Ghent': 11}	0	-53.59375	0	{'Gent': 8, 'Ghent': 11}	0	-67.375	0
131	Q282090	Ikegami Tsushinki	Ikegami Tsushinki	Q1490	Tokyo	Tokyo	Ikegami Tsushinki was founded in Tokyo .	Ikegami Tsushinki didirikan di Tokyo.	Ikegami Tsushinki didirikan di 	 Ikegami Tsushinki didirikan di Tokyo.	 Ikegami Tsushinki didirikan di 	Tokyo	['Tokyo', 'Prefektur Tokyo']	{'Tokyo': 1}	1	-56.46875	1	{'Tokyo': 1}	1	-65.3125	1
132	Q29606	The Stone Roses	The Stone Roses	Q18125	Manchester	Manchester	The Stone Roses was founded in Manchester .	The Stone Roses didirikan di Manchester.	The Stone Roses didirikan di 	 Stone Roses didirikan di Manchester.	 Stone Roses didirikan di 	Manchester	['Manchester']	{'Manchester': 1}	1	-59.28125	1	{'Manchester': 1}	1	-59.78125	1
133	Q741801	Sevendust	Sevendust	Q23556	Atlanta	Atlanta	Sevendust was founded in Atlanta .	Sevendust didirikan di Atlanta.	Sevendust didirikan di 	 Sevendust didirikan di Atlanta.	 Sevendust didirikan di 	Atlanta	['Atlanta']	{'Atlanta': 1}	1	-49.6875	1	{'Atlanta': 1}	1	-56.9375	1
134	Q271812	Ducati Motor Holding S.p.A.	Ducati	Q1891	Bologna	Bologna	Ducati Motor Holding S.p.A. was founded in Bologna .	Ducati didirikan di Bologna.	Ducati didirikan di 	 Ducati Motor Holding SpA didirikan di Bologna.	 Ducati Motor Holding SpA didirikan di 	Bologna	['Bologna']	{'Bologna': 1}	1	-48.53125	1	{'Bologna': 1}	1	-67.1875	1
135	Q151843	Frankfurt School	Mazhab Frankfurt	Q1794	Frankfurt am Main	Frankfurt am Main	Frankfurt School was founded in Frankfurt am Main .	Mazhab Frankfurt didirikan di Frankfurt am Main.	Mazhab Frankfurt didirikan di 	Sekolah Frankfurt didirikan di Frankfurt am Main.	Sekolah Frankfurt didirikan di 	Frankfurt am Main	['Frankfurt']	{'Frankfurt am Main': 1}	1	-60.03125	1	{'Frankfurt am Main': 1}	1	-56.8125	1
136	Q623459	Silicon Graphics	Silicon Graphics	Q99	California	California	Silicon Graphics was founded in California .	Silicon Graphics didirikan di California.	Silicon Graphics didirikan di 	 Silicon Graphics didirikan di California.	 Silicon Graphics didirikan di 	California	['California']	{'California': 1}	1	-51.0625	1	{'California': 1}	1	-61.8125	1
137	Q156872	Slade	Slade	Q126269	Wolverhampton	Wolverhampton	Slade was founded in Wolverhampton .	Slade didirikan di Wolverhampton.	Slade didirikan di 	 Slade didirikan di Wolverhampton.	 Slade didirikan di 	Wolverhampton	['Wolverhampton']	{'Wolverhampton': 1}	1	-55.0625	1	{'Wolverhampton': 1}	1	-59.46875	1
138	Q218115	Chanel	Chanel	Q90	Paris	Paris	Chanel was founded in Paris .	Chanel didirikan di Paris.	Chanel didirikan di 	 Chanel didirikan di Paris.	 Chanel didirikan di 	Paris	['Paris']	{'Paris': 1}	1	-51.75	1	{'Paris': 1}	1	-60.28125	1
139	Q15052678	Swim Deep	Swim Deep	Q2256	Birmingham	Birmingham	Swim Deep was founded in Birmingham .	Swim Deep didirikan di Birmingham.	Swim Deep didirikan di 	 Swim Deep didirikan di Birmingham.	 Swim Deep didirikan di 	Birmingham	['Birmingham']	{'Birmingham': 27}	0	-61.71875	0	{'Birmingham': 2}	0	-71.3125	1
140	Q156391	Steinway & Sons	Steinway & Sons	Q11299	Manhattan	Manhattan	Steinway & Sons was founded in Manhattan .	Steinway & Sons didirikan di Manhattan.	Steinway & Sons didirikan di 	 Steinway & Sons didirikan di Manhattan.	 Steinway & Sons didirikan di 	Manhattan	['Manhattan', 'Manhattan, New York']	{'Manhattan': 1}	1	-42.9375	1	{'Manhattan': 2}	0	-50.09375	1
141	Q872181	scouting	kepanduan	Q21	England	Inggris	scouting was founded in England .	kepanduan didirikan di Inggris.	kepanduan didirikan di 	 kepanduan didirikan di Inggris.	 kepanduan didirikan di 	Inggris	['England']	{'Inggris': 4}	0	-59.875	0	{'Inggris': 1}	1	-67.5625	1
143	Q429852	Sug	Sug	Q17	Japan	Jepang	Sug was founded in Japan .	Sug didirikan di Jepang.	Sug didirikan di 	 Sug didirikan di Jepang.	 Sug didirikan di 	Jepang	['Japan', 'Negeri Matahari Terbit', 'Tanah Matahari Terbit', 'Negara Jepang']	{'Jepang': 2}	0	-49.71875	1	{'Jepang': 4}	0	-58.34375	0
144	Q875920	Tōhō	Toho	Q1490	Tokyo	Tokyo	Tōhō was founded in Tokyo .	Toho didirikan di Tokyo.	Toho didirikan di 	 Tōhō didirikan di Tokyo.	 Tōhō didirikan di 	Tokyo	['Tokyo', 'Prefektur Tokyo']	{'Tokyo': 1}	1	-48.15625	1	{'Tokyo': 1}	1	-60.03125	1
145	Q376035	American Hi-Fi	American Hi-Fi	Q100	Boston	Boston	American Hi-Fi was founded in Boston .	American Hi-Fi didirikan di Boston.	American Hi-Fi didirikan di 	 American Hi-Fi didirikan di Boston.	 American Hi-Fi didirikan di 	Boston	['Boston']	{'Boston': 1}	1	-53.0	1	{'Boston': 1}	1	-60.125	1
146	Q1073337	China National Nuclear Corporation	China National Nuclear Corporation	Q956	Beijing	Beijing	China National Nuclear Corporation was founded in Beijing .	China National Nuclear Corporation didirikan di Beijing.	China National Nuclear Corporation didirikan di 	 China National Nuclear Corporation didirikan di Beijing.	 China National Nuclear Corporation didirikan di 	Beijing	['Beijing']	{'Beijing': 1}	1	-57.03125	1	{'Beijing': 1}	1	-65.1875	1
147	Q1145059	Hellenic Broadcasting Corporation	Ellinikí Radiofonía Tileórasi	Q1524	Athens	Athena	Hellenic Broadcasting Corporation was founded in Athens .	Ellinikí Radiofonía Tileórasi didirikan di Athena.	Ellinikí Radiofonía Tileórasi didirikan di 	 Hellenic Broadcasting Corporation didirikan di Athena.	 Hellenic Broadcasting Corporation didirikan di 	Athena	['Athens']	{'Athena': 1}	1	-76.375	1	{'Athena': 1}	1	-70.25	1
148	Q1180767	Deacon Blue	Deacon Blue	Q4093	Glasgow	Glasgow	Deacon Blue was founded in Glasgow .	Deacon Blue didirikan di Glasgow.	Deacon Blue didirikan di 	 Deacon Blue didirikan di Glasgow.	 Deacon Blue didirikan di 	Glasgow	['Glasgow']	{'Glasgow': 1}	1	-60.84375	1	{'Glasgow': 1}	1	-67.6875	1
149	Q182890	Def Leppard	Def Leppard	Q42448	Sheffield	Sheffield	Def Leppard was founded in Sheffield .	Def Leppard didirikan di Sheffield.	Def Leppard didirikan di 	 Def Leppard didirikan di Sheffield.	 Def Leppard didirikan di 	Sheffield	['Sheffield']	{'Sheffield': 1}	1	-45.3125	1	{'Sheffield': 1}	1	-55.59375	1
150	Q20153	Girls' Generation	Girls' Generation	Q8684	Seoul	Seoul	Girls' Generation was founded in Seoul .	Girls' Generation didirikan di Seoul.	Girls' Generation didirikan di 	 Girls' Generation didirikan di Seoul.	 Girls' Generation didirikan di 	Seoul	['Seoul']	{'Seoul': 1}	1	-53.3125	1	{'Seoul': 1}	1	-62.46875	1
151	Q788231	Massimo Dutti	Massimo Dutti	Q1492	Barcelona	Barcelona	Massimo Dutti was founded in Barcelona .	Massimo Dutti didirikan di Barcelona.	Massimo Dutti didirikan di 	 Massimo Dutti didirikan di Barcelona.	 Massimo Dutti didirikan di 	Barcelona	['Barcelona']	{'Barcelona': 1}	1	-48.25	1	{'Barcelona': 1}	1	-60.65625	1
152	Q133405	Bee Gees	Bee Gees	Q18125	Manchester	Manchester	Bee Gees was founded in Manchester .	Bee Gees didirikan di Manchester.	Bee Gees didirikan di 	 Bee Gees didirikan di Manchester.	 Bee Gees didirikan di 	Manchester	['Manchester']	{'Manchester': 1}	1	-49.375	1	{'Manchester': 1}	1	-58.09375	1
153	Q1218180	Nikon	Nikon Corporation	Q1490	Tokyo	Tokyo	Nikon was founded in Tokyo .	Nikon Corporation didirikan di Tokyo.	Nikon Corporation didirikan di 	 Nikon didirikan di Tokyo.	 Nikon didirikan di 	Tokyo	['Tokyo', 'Prefektur Tokyo']	{'Tokyo': 1}	1	-54.5	1	{'Tokyo': 1}	1	-51.1875	1
154	Q6677525	Cadbury	Cadbury Schweppes	Q2256	Birmingham	Birmingham	Cadbury was founded in Birmingham .	Cadbury Schweppes didirikan di Birmingham.	Cadbury Schweppes didirikan di 	 Cadbury didirikan di Birmingham.	 Cadbury didirikan di 	Birmingham	['Birmingham']	{'Birmingham': 1}	1	-51.25	1	{'Birmingham': 1}	1	-58.65625	1
155	Q17405939	John Player & Sons	John Player & Sons	Q41262	Nottingham	Nottingham	John Player & Sons was founded in Nottingham .	John Player & Sons didirikan di Nottingham.	John Player & Sons didirikan di 	 John Player & Sons didirikan di Nottingham.	 John Player & Sons didirikan di 	Nottingham	['Nottingham']	{'Nottingham': 2}	0	-47.03125	1	{'Nottingham': 2}	0	-57.1875	1
157	Q877512	Hot Chip	Hot Chip	Q84	London	London	Hot Chip was founded in London .	Hot Chip didirikan di London.	Hot Chip didirikan di 	 Hot Chip didirikan di London.	 Hot Chip didirikan di 	London	['London']	{'London': 1}	1	-54.1875	1	{'London': 1}	1	-63.0	1
158	Q66	Boeing	Boeing	Q5083	Seattle	Seattle	Boeing was founded in Seattle .	Boeing didirikan di Seattle.	Boeing didirikan di 	 Boeing didirikan di Seattle.	 Boeing didirikan di 	Seattle	['Seattle', 'New York Alki', 'Duwamps']	{'Seattle': 1}	1	-44.125	1	{'Seattle': 1}	1	-52.6875	1
159	Q4385833	Massachusetts Mutual Life Insurance Company	Massachusetts Mutual Life Insurance Company	Q49158	Springfield	Springfield	Massachusetts Mutual Life Insurance Company was founded in Springfield .	Massachusetts Mutual Life Insurance Company didirikan di Springfield.	Massachusetts Mutual Life Insurance Company didirikan di 	 Massachusetts Mutual Life Insurance Company didirikan di Springfield.	 Massachusetts Mutual Life Insurance Company didirikan di 	Springfield	['Springfield', 'Springfield, Massachusetts', 'SPFLD, MA', 'Springfield, MA']	{'Springfield': 1}	1	-54.59375	1	{'Springfield': 1}	1	-64.75	1
160	Q1963952	Nakamichi	Nakamichi	Q1490	Tokyo	Tokyo	Nakamichi was founded in Tokyo .	Nakamichi didirikan di Tokyo.	Nakamichi didirikan di 	 Nakamichi didirikan di Tokyo.	 Nakamichi didirikan di 	Tokyo	['Tokyo', 'Prefektur Tokyo']	{'Tokyo': 1}	1	-49.25	1	{'Tokyo': 1}	1	-63.09375	1
161	Q1102645	Cloud Nothings	Cloud Nothings	Q37320	Cleveland	Cleveland	Cloud Nothings was founded in Cleveland .	Cloud Nothings didirikan di Cleveland.	Cloud Nothings didirikan di 	 Cloud Nothings didirikan di Cleveland.	 Cloud Nothings didirikan di 	Cleveland	['Cleveland']	{'Cleveland': 1}	1	-57.8125	1	{'Cleveland': 1}	1	-70.5625	1
162	Q254371	Papa Roach	Papa Roach	Q99	California	California	Papa Roach was founded in California .	Papa Roach didirikan di California.	Papa Roach didirikan di 	 Papa Roach didirikan di California.	 Papa Roach didirikan di 	California	['California']	{'California': 1}	1	-41.96875	1	{'California': 1}	1	-57.875	1
163	Q172740	Cosworth	Cosworth	Q84	London	London	Cosworth was founded in London .	Cosworth didirikan di London.	Cosworth didirikan di 	 Cosworth didirikan di London.	 Cosworth didirikan di 	London	['London']	{'London': 1}	1	-49.8125	1	{'London': 2}	0	-55.75	1
164	Q23471	Lordi	Lordi	Q1757	Helsinki	Helsinki	Lordi was founded in Helsinki .	Lordi didirikan di Helsinki.	Lordi didirikan di 	 Lordi didirikan di Helsinki.	 Lordi didirikan di 	Helsinki	['Helsinki', 'Helsingfors']	{'Helsinki': 1}	1	-47.65625	1	{'Helsinki': 1}	1	-59.65625	1
165	Q2882611	Bank Negara Indonesia	Bank Negara Indonesia	Q252	Indonesia	Indonesia	Bank Negara Indonesia was founded in Indonesia .	Bank Negara Indonesia didirikan di Indonesia.	Bank Negara Indonesia didirikan di 	 Bank Negara Indonesia didirikan di Indonesia.	 Bank Negara Indonesia didirikan di 	Indonesia	['Indonesia', 'Republik Indonesia', 'Negara Kesatuan Republik Indonesia', 'NKRI', 'ID', 'INA', 'IDN', 'RI', '🇮🇩', '🇲🇨']	{'Indonesia': 1}	1	-39.5	1	{'Indonesia': 1}	1	-51.84375	1
166	Q507269	Bandai Co., Ltd.	Bandai	Q1490	Tokyo	Tokyo	Bandai Co., Ltd. was founded in Tokyo .	Bandai didirikan di Tokyo.	Bandai didirikan di 	 Bandai Co., Ltd. didirikan di Tokyo.	 Bandai Co., Ltd. didirikan di 	Tokyo	['Tokyo', 'Prefektur Tokyo']	{'Tokyo': 1}	1	-50.21875	1	{'Tokyo': 1}	1	-68.0625	1
169	Q177054	Burger King	Burger King	Q8652	Miami	Miami	Burger King was founded in Miami .	Burger King didirikan di Miami.	Burger King didirikan di 	 Burger King didirikan di Miami.	 Burger King didirikan di 	Miami	['Miami', 'Kota Miami']	{'Miami': 1}	1	-43.0	1	{'Miami': 2}	0	-54.5	1
170	Q594855	Sunn O)))	Sunn O)))	Q5083	Seattle	Seattle	Sunn O))) was founded in Seattle .	Sunn O))) didirikan di Seattle.	Sunn O))) didirikan di 	 Sunn O))) didirikan di Seattle.	 Sunn O))) didirikan di 	Seattle	['Seattle', 'New York Alki', 'Duwamps']	{'Seattle': 1}	1	-51.25	1	{'Seattle': 1}	1	-58.875	1
171	Q714491	Marks & Spencer	Marks & Spencer	Q39121	Leeds	Leeds	Marks & Spencer was founded in Leeds .	Marks & Spencer didirikan di Leeds.	Marks & Spencer didirikan di 	 Marks & Spencer didirikan di Leeds.	 Marks & Spencer didirikan di 	Leeds	['Leeds']	{'Leeds': 2}	0	-44.53125	1	{'Leeds': 2}	0	-50.8125	1
172	Q25177	Rammstein	Rammstein	Q64	Berlin	Berlin	Rammstein was founded in Berlin .	Rammstein didirikan di Berlin.	Rammstein didirikan di 	 Rammstein didirikan di Berlin.	 Rammstein didirikan di 	Berlin	['Berlin', 'Berlin, Jerman', 'Berlin (Jerman)']	{'Berlin': 1}	1	-55.1875	1	{'Berlin': 1}	1	-60.625	1
