	sub_uri	en_sub_label	sub_label	obj_uri	en_obj_label	obj_label	en_template	template	template_prompt	gt_translation	gt_prompt	gt_infl_object	aliases	template_true_ranks	template_top1_correct	template_prompt_prob	template_top3_correct	gt_true_ranks	gt_top1_correct	gt_prompt_prob	gt_top3_correct
0	Q155476	The Fast and the Furious	The Fast and the Furious	Q1860	English	Inggris	The original language of The Fast and the Furious is English .	Bahasa asli The Fast and the Furious adalah Inggris.	Bahasa asli The Fast and the Furious adalah 	 Bahasa asli The Fast and the Furious adalah bahasa Inggris.	 Bahasa asli The Fast and the Furious adalah bahasa 	Inggris	['English', 'eng', 'en', 'EN', 'BI']	{'Inggris': 16}	0	-62.90625	0	{'Inggris': 1}	1	-80.6875	1
1	Q837333	The Broken Ear	Si Kuping Belah	Q150	French	Prancis	The original language of The Broken Ear is French .	Bahasa asli Si Kuping Belah adalah Prancis.	Bahasa asli Si Kuping Belah adalah 	 Bahasa asli The Broken Ear adalah bahasa Prancis.	 Bahasa asli The Broken Ear adalah bahasa 	Prancis	['French']	{'Prancis': 16}	0	-90.6875	0	{'Prancis': 22}	0	-89.25	0
2	Q245265	The God Delusion	The God Delusion	Q1860	English	Inggris	The original language of The God Delusion is English .	Bahasa asli The God Delusion adalah Inggris.	Bahasa asli The God Delusion adalah 	 Bahasa asli The God Delusion adalah bahasa Inggris.	 Bahasa asli The God Delusion adalah bahasa 	Inggris	['English', 'eng', 'en', 'EN', 'BI']	{'Inggris': 3}	0	-68.625	1	{'Inggris': 1}	1	-77.5625	1
3	Q7136219	Parattai Engira Azhagu Sundaram	Parattai Engira Azhagu Sundaram	Q5885	Tamil	Bahasa Tamil	The original language of Parattai Engira Azhagu Sundaram is Tamil .	Bahasa asli Parattai Engira Azhagu Sundaram adalah Bahasa Tamil.	Bahasa asli Parattai Engira Azhagu Sundaram adalah 	 Bahasa asli Parattai Engira Azhagu Sundaram adalah bahasa Tamil.	 Bahasa asli Parattai Engira Azhagu Sundaram adalah bahasa 	Tamil	['Tamil']	{'Tamil': 1, 'Bahasa Tamil': 3}	1	-80.5	1	{'Tamil': 1, 'Bahasa Tamil': 7}	1	-92.8125	1
5	Q576763	Face Dances	Face Dances	Q1860	English	Inggris	The original language of Face Dances is English .	Bahasa asli Face Dances adalah Inggris.	Bahasa asli Face Dances adalah 	 Bahasa asli Face Dances adalah bahasa Inggris.	 Bahasa asli Face Dances adalah bahasa 	Inggris	['English', 'eng', 'en', 'EN', 'BI']	{'Inggris': 9}	0	-67.1875	0	{'Inggris': 2}	0	-81.375	1
6	Q1180721	De Officiis	Tentang Kewajiban	Q397	Latin	bahasa Latin	The original language of De Officiis is Latin .	Bahasa asli Tentang Kewajiban adalah bahasa Latin.	Bahasa asli Tentang Kewajiban adalah 	 Bahasa asli De Officiis adalah bahasa Latin.	 Bahasa asli De Officiis adalah 	bahasa Latin	['Latin']	{'bahasa Latin': 32}	0	-71.8125	0	{'bahasa Latin': 1}	1	-86.0	1
7	Q5064	The Magic Flute	Seruling Sihir	Q188	German	Jerman	The original language of The Magic Flute is German .	Bahasa asli Seruling Sihir adalah Jerman.	Bahasa asli Seruling Sihir adalah 	 Bahasa asli The Magic Flute adalah Jerman.	 Bahasa asli The Magic Flute adalah 	Jerman	['German']	{'Jerman': 36}	0	-72.75	0	{'Jerman': 3}	0	-72.5625	1
8	Q3013	iCarly	iCarly	Q1860	English	Inggris	The original language of iCarly is English .	Bahasa asli iCarly adalah Inggris.	Bahasa asli iCarly adalah 	 Bahasa asli iCarly adalah bahasa Inggris.	 Bahasa asli iCarly adalah bahasa 	Inggris	['English', 'eng', 'en', 'EN', 'BI']	{'Inggris': 4}	0	-56.46875	0	{'Inggris': 1}	1	-70.0	1
9	Q36479	The Lion King	The Lion King	Q1860	English	Inggris	The original language of The Lion King is English .	Bahasa asli The Lion King adalah Inggris.	Bahasa asli The Lion King adalah 	 Bahasa asli The Lion King adalah bahasa Inggris.	 Bahasa asli The Lion King adalah bahasa 	Inggris	['English', 'eng', 'en', 'EN', 'BI']	{'Inggris': 4}	0	-63.09375	0	{'Inggris': 1}	1	-73.1875	1
10	Q12487339	Janji Joni	Janji Joni	Q9240	Indonesian	Indonesia	The original language of Janji Joni is Indonesian .	Bahasa asli Janji Joni adalah Indonesia.	Bahasa asli Janji Joni adalah 	 Bahasa asli Janji Joni adalah Bahasa Indonesia.	 Bahasa asli Janji Joni adalah Bahasa 	Indonesia	['Indonesian', 'bahasa Indo', 'id', 'idn']	{'Indonesia': 1}	1	-63.59375	1	{'Indonesia': 1}	1	-76.9375	1
11	Q639597	Charulata	Charulata	Q9610	Bengali	Bahasa Bengali	The original language of Charulata is Bengali .	Bahasa asli Charulata adalah Bahasa Bengali.	Bahasa asli Charulata adalah 	 Bahasa asli Charulata adalah Bengali.	 Bahasa asli Charulata adalah 	Bengali	['Bangla']	{'Bengali': 1, 'Bahasa Bengali': 3}	1	-66.0625	1	{'Bahasa Bengali': 1, 'Bengali': 2}	1	-71.5	1
12	Q3418011	Rajnigandha	Rajnigandha	Q1568	Hindi	Bahasa Hindi	The original language of Rajnigandha is Hindi .	Bahasa asli Rajnigandha adalah Bahasa Hindi.	Bahasa asli Rajnigandha adalah 	 Bahasa asli Rajnigandha adalah Hindi.	 Bahasa asli Rajnigandha adalah 	Hindi	['Hindi']	{'Bahasa Hindi': 3, 'Hindi': 5}	0	-66.4375	1	{'Bahasa Hindi': 1, 'Hindi': 2}	1	-69.5625	1
13	Q4751359	Anandha Jodhi	Anandha Jodhi	Q5885	Tamil	Bahasa Tamil	The original language of Anandha Jodhi is Tamil .	Bahasa asli Anandha Jodhi adalah Bahasa Tamil.	Bahasa asli Anandha Jodhi adalah 	 Bahasa asli Anandha Jodhi adalah bahasa Tamil.	 Bahasa asli Anandha Jodhi adalah bahasa 	Tamil	['Tamil']	{'Bahasa Tamil': 3, 'Tamil': 5}	0	-76.6875	1	{'Tamil': 1, 'Bahasa Tamil': 11}	1	-87.25	1
14	Q16974667	Alludu Seenu	Alludu Seenu	Q8097	Telugu	Bahasa Telugu	The original language of Alludu Seenu is Telugu .	Bahasa asli Alludu Seenu adalah Bahasa Telugu.	Bahasa asli Alludu Seenu adalah 	 Bahasa asli Alludu Seenu adalah Telugu.	 Bahasa asli Alludu Seenu adalah 	Telugu	['Telugu']	{'Telugu': 1, 'Bahasa Telugu': 3}	1	-77.1875	1	{'Bahasa Telugu': 1, 'Telugu': 2}	1	-81.5	1
15	Q825946	Good Morning America	Good Morning America	Q1860	English	Inggris	The original language of Good Morning America is English .	Bahasa asli Good Morning America adalah Inggris.	Bahasa asli Good Morning America adalah 	 Bahasa asli Good Morning America adalah bahasa Inggris.	 Bahasa asli Good Morning America adalah bahasa 	Inggris	['English', 'eng', 'en', 'EN', 'BI']	{'Inggris': 6}	0	-66.9375	0	{'Inggris': 1}	1	-80.4375	1
16	Q3054309	English Vinglish	English Vinglish	Q5885	Tamil	Bahasa Tamil	The original language of English Vinglish is Tamil .	Bahasa asli English Vinglish adalah Bahasa Tamil.	Bahasa asli English Vinglish adalah 	 Bahasa asli bahasa Inggris Vinglish adalah Tamil.	 Bahasa asli bahasa Inggris Vinglish adalah 	Tamil	['Tamil']	{'Tamil': 13, 'Bahasa Tamil': 22}	0	-64.25	0	{'Tamil': 11, 'Bahasa Tamil': 37}	0	-74.5	0
17	Q7717816	The Big Swindle	The Big Swindle	Q9176	Korean	Korea	The original language of The Big Swindle is Korean .	Bahasa asli The Big Swindle adalah Korea.	Bahasa asli The Big Swindle adalah 	Bahasa asli The Big Swindle adalah bahasa Korea.	Bahasa asli The Big Swindle adalah bahasa 	Korea	['Korean']	{'Korea': 11}	0	-70.0	0	{'Korea': 10}	0	-78.0	0
18	Q1858285	Moscow Strikes Back	Moscow Strikes Back	Q7737	Russian	Rusia	The original language of Moscow Strikes Back is Russian .	Bahasa asli Moscow Strikes Back adalah Rusia.	Bahasa asli Moscow Strikes Back adalah 	 Bahasa asli Moscow Strikes Back adalah bahasa Rusia.	 Bahasa asli Moscow Strikes Back adalah bahasa 	Rusia	['Russian']	{'Rusia': 4}	0	-74.125	0	{'Rusia': 1}	1	-88.0625	1
19	Q595	The Intouchables	The Intouchables	Q150	French	Prancis	The original language of The Intouchables is French .	Bahasa asli The Intouchables adalah Prancis.	Bahasa asli The Intouchables adalah 	 Bahasa asli The Intouchables adalah Bahasa Prancis.	 Bahasa asli The Intouchables adalah Bahasa 	Prancis	['French']	{'Prancis': 4}	0	-69.8125	0	{'Prancis': 1}	1	-84.0625	1
20	Q489235	Everybody Has Secrets	Everybody Has Secrets	Q9176	Korean	Korea	The original language of Everybody Has Secrets is Korean .	Bahasa asli Everybody Has Secrets adalah Korea.	Bahasa asli Everybody Has Secrets adalah 	 Bahasa asli Everybody Has Secrets adalah bahasa Korea.	 Bahasa asli Everybody Has Secrets adalah bahasa 	Korea	['Korean']	{'Korea': 9}	0	-73.625	0	{'Korea': 7}	0	-89.625	0
21	Q755171	The Young Victoria	The Young Victoria	Q1860	English	Inggris	The original language of The Young Victoria is English .	Bahasa asli The Young Victoria adalah Inggris.	Bahasa asli The Young Victoria adalah 	 Bahasa asli The Young Victoria adalah bahasa Inggris.	 Bahasa asli The Young Victoria adalah bahasa 	Inggris	['English', 'eng', 'en', 'EN', 'BI']	{'Inggris': 3}	0	-72.9375	1	{'Inggris': 1}	1	-88.8125	1
22	Q2748292	La Fontaine's Fables	Fables de La Fontaine	Q150	French	Prancis	The original language of La Fontaine's Fables is French .	Bahasa asli Fables de La Fontaine adalah Prancis.	Bahasa asli Fables de La Fontaine adalah 	 Bahasa asli Fabel La Fontaine adalah bahasa Prancis.	 Bahasa asli Fabel La Fontaine adalah bahasa 	Prancis	['French']	{'Prancis': 15}	0	-68.125	0	{'Prancis': 1}	1	-80.25	1
23	Q258647	Il Postino: The Postman	Il Postino	Q652	Italian	Italia	The original language of Il Postino: The Postman is Italian .	Bahasa asli Il Postino adalah Italia.	Bahasa asli Il Postino adalah 	 Bahasa asli Il Postino: The Postman adalah bahasa Italia.	 Bahasa asli Il Postino: The Postman adalah bahasa 	Italia	['Italian']	{'Italia': 2}	0	-63.65625	1	{'Italia': 1}	1	-83.125	1
24	Q484709	A Frozen Flower	A Frozen Flower	Q9176	Korean	Korea	The original language of A Frozen Flower is Korean .	Bahasa asli A Frozen Flower adalah Korea.	Bahasa asli A Frozen Flower adalah 	 Bahasa asli A Frozen Flower adalah bahasa Korea.	 Bahasa asli A Frozen Flower adalah bahasa 	Korea	['Korean']	{'Korea': 2}	0	-68.75	1	{'Korea': 1}	1	-82.0	1
25	Q723679	Star Trek Generations	Star Trek: Generations	Q1860	English	Inggris	The original language of Star Trek Generations is English .	Bahasa asli Star Trek: Generations adalah Inggris.	Bahasa asli Star Trek: Generations adalah 	 Bahasa asli Star Trek Generations adalah bahasa Inggris.	 Bahasa asli Star Trek Generations adalah bahasa 	Inggris	['English', 'eng', 'en', 'EN', 'BI']	{'Inggris': 5}	0	-66.75	0	{'Inggris': 1}	1	-80.5625	1
26	Q7444445	Secretly, Greatly	Secretly, Greatly	Q9176	Korean	Korea	The original language of Secretly, Greatly is Korean .	Bahasa asli Secretly, Greatly adalah Korea.	Bahasa asli Secretly, Greatly adalah 	 Bahasa asli Secretly, Greatly adalah bahasa Korea.	 Bahasa asli Secretly, Greatly adalah bahasa 	Korea	['Korean']	{'Korea': 7}	0	-77.25	0	{'Korea': 4}	0	-89.75	0
27	Q1169861	The Match Factory Girl	Tulitikkutehtaan tyttö	Q1412	Finnish	Finlandia	The original language of The Match Factory Girl is Finnish .	Bahasa asli Tulitikkutehtaan tyttö adalah Finlandia.	Bahasa asli Tulitikkutehtaan tyttö adalah 	 Bahasa asli The Match Factory Girl adalah Bahasa Finlandia.	 Bahasa asli The Match Factory Girl adalah Bahasa 	Finlandia	['Finnish']	{'Finlandia': 2}	0	-89.125	1	{'Finlandia': 8}	0	-83.75	0
28	Q1134208	The Irish Times	The Irish Times	Q1860	English	Inggris	The original language of The Irish Times is English .	Bahasa asli The Irish Times adalah Inggris.	Bahasa asli The Irish Times adalah 	 Bahasa asli The Irish Times adalah bahasa Inggris.	 Bahasa asli The Irish Times adalah bahasa 	Inggris	['English', 'eng', 'en', 'EN', 'BI']	{'Inggris': 2}	0	-68.3125	1	{'Inggris': 1}	1	-80.5625	1
29	Q15051674	Vishwaroopam II	Vishwaroopam II	Q5885	Tamil	Bahasa Tamil	The original language of Vishwaroopam II is Tamil .	Bahasa asli Vishwaroopam II adalah Bahasa Tamil.	Bahasa asli Vishwaroopam II adalah 	 Bahasa asli Vishwaroopam II adalah Tamil.	 Bahasa asli Vishwaroopam II adalah 	Tamil	['Tamil']	{'Tamil': 4, 'Bahasa Tamil': 6}	0	-76.875	0	{'Tamil': 4, 'Bahasa Tamil': 5}	0	-80.4375	0
30	Q21141	Infinite Challenge	Infinite Challenge	Q9176	Korean	Korea	The original language of Infinite Challenge is Korean .	Bahasa asli Infinite Challenge adalah Korea.	Bahasa asli Infinite Challenge adalah 	 Bahasa asli Infinite Challenge adalah bahasa Korea.	 Bahasa asli Infinite Challenge adalah bahasa 	Korea	['Korean']	{'Korea': 2}	0	-64.375	1	{'Korea': 1}	1	-76.9375	1
31	Q491414	I Need Romance	I Need Romance	Q9176	Korean	Korea	The original language of I Need Romance is Korean .	Bahasa asli I Need Romance adalah Korea.	Bahasa asli I Need Romance adalah 	 Bahasa asli I Need Romance adalah bahasa Korea.	 Bahasa asli I Need Romance adalah bahasa 	Korea	['Korean']	{'Korea': 14}	0	-68.6875	0	{'Korea': 5}	0	-83.0625	0
32	Q15286542	Attarintiki Daredi	Attarintiki Daredi	Q8097	Telugu	Bahasa Telugu	The original language of Attarintiki Daredi is Telugu .	Bahasa asli Attarintiki Daredi adalah Bahasa Telugu.	Bahasa asli Attarintiki Daredi adalah 	 Bahasa asli Attarintiki Daredi adalah Telugu.	 Bahasa asli Attarintiki Daredi adalah 	Telugu	['Telugu']	{'Telugu': 1, 'Bahasa Telugu': 2}	1	-78.375	1	{'Bahasa Telugu': 1, 'Telugu': 2}	1	-83.6875	1
33	Q190588	Love Actually	Love Actually	Q1860	English	Inggris	The original language of Love Actually is English .	Bahasa asli Love Actually adalah Inggris.	Bahasa asli Love Actually adalah 	Bahasa asli Love Actually adalah bahasa Inggris.	Bahasa asli Love Actually adalah bahasa 	Inggris	['English', 'eng', 'en', 'EN', 'BI']	{'Inggris': 6}	0	-60.90625	0	{'Inggris': 1}	1	-68.25	1
34	Q1954990	The Telegraph	The Telegraph	Q1860	English	Inggris	The original language of The Telegraph is English .	Bahasa asli The Telegraph adalah Inggris.	Bahasa asli The Telegraph adalah 	 Bahasa asli The Telegraph adalah bahasa Inggris.	 Bahasa asli The Telegraph adalah bahasa 	Inggris	['English', 'eng', 'en', 'EN', 'BI']	{'Inggris': 2}	0	-67.5625	1	{'Inggris': 1}	1	-84.5625	1
35	Q234535	Great Soviet Encyclopedia	Ensiklopedia Besar Soviet	Q7737	Russian	Rusia	The original language of Great Soviet Encyclopedia is Russian .	Bahasa asli Ensiklopedia Besar Soviet adalah Rusia.	Bahasa asli Ensiklopedia Besar Soviet adalah 	 Bahasa asli Great Soviet Encyclopedia adalah bahasa Rusia.	 Bahasa asli Great Soviet Encyclopedia adalah bahasa 	Rusia	['Russian']	{'Rusia': 4}	0	-78.75	0	{'Rusia': 1}	1	-79.5625	1
36	Q53093	Adventure Time	Adventure Time	Q1860	English	Inggris	The original language of Adventure Time is English .	Bahasa asli Adventure Time adalah Inggris.	Bahasa asli Adventure Time adalah 	 Bahasa asli Adventure Time adalah bahasa Inggris.	 Bahasa asli Adventure Time adalah bahasa 	Inggris	['English', 'eng', 'en', 'EN', 'BI']	{'Inggris': 7}	0	-60.6875	0	{'Inggris': 1}	1	-74.0	1
37	Q661660	Mediterraneo	Mediterraneo	Q652	Italian	Italia	The original language of Mediterraneo is Italian .	Bahasa asli Mediterraneo adalah Italia.	Bahasa asli Mediterraneo adalah 	 Bahasa asli Mediterraneo adalah bahasa Italia.	 Bahasa asli Mediterraneo adalah bahasa 	Italia	['Italian']	{'Italia': 3}	0	-57.625	1	{'Italia': 2}	0	-69.0625	1
38	Q11834	Puss in Boots	Kucing dalam Sepatu Bot	Q652	Italian	Italia	The original language of Puss in Boots is Italian .	Bahasa asli Kucing dalam Sepatu Bot adalah Italia.	Bahasa asli Kucing dalam Sepatu Bot adalah 	 Bahasa asli Puss in Boots adalah bahasa Italia.	 Bahasa asli Puss in Boots adalah bahasa 	Italia	['Italian']	{'Italia': 19}	0	-77.8125	0	{'Italia': 5}	0	-72.25	0
39	Q3031575	Kaminey	Kaminey	Q1568	Hindi	Bahasa Hindi	The original language of Kaminey is Hindi .	Bahasa asli Kaminey adalah Bahasa Hindi.	Bahasa asli Kaminey adalah 	 Bahasa asli Kaminey adalah Hindi.	 Bahasa asli Kaminey adalah 	Hindi	['Hindi']	{'Hindi': 31, 'Bahasa Hindi': 36}	0	-69.75	0	{'Bahasa Hindi': 14, 'Hindi': 24}	0	-74.6875	0
40	Q1044767	The Golden Ass	Keledai Emas	Q397	Latin	bahasa Latin	The original language of The Golden Ass is Latin .	Bahasa asli Keledai Emas adalah bahasa Latin.	Bahasa asli Keledai Emas adalah 	 Bahasa asli The Golden Ass adalah Latin.	 	Bahasa asli The Golden Ass adalah Latin	['Latin']	{'bahasa Latin': 39, 'Bahasa asli The Golden Ass adalah Latin': 50}	0	-66.625	0	{'bahasa Latin': 42, 'Bahasa asli The Golden Ass adalah Latin': 52}	0	-11.25	0
41	Q181943	I Love Lucy	I Love Lucy	Q1860	English	Inggris	The original language of I Love Lucy is English .	Bahasa asli I Love Lucy adalah Inggris.	Bahasa asli I Love Lucy adalah 	 Bahasa asli I Love Lucy adalah bahasa Inggris.	 Bahasa asli I Love Lucy adalah bahasa 	Inggris	['English', 'eng', 'en', 'EN', 'BI']	{'Inggris': 6}	0	-63.25	0	{'Inggris': 2}	0	-77.125	1
42	Q161953	Books of Chronicles	Kitab 1 Tawarikh	Q9288	Hebrew	Bahasa Ibrani	The original language of Books of Chronicles is Hebrew .	Bahasa asli Kitab 1 Tawarikh adalah Bahasa Ibrani.	Bahasa asli Kitab 1 Tawarikh adalah 	 Bahasa asli Kitab Tawarikh adalah bahasa Ibrani.	 Bahasa asli Kitab Tawarikh adalah bahasa 	Ibrani	['Hebrew']	{'Bahasa Ibrani': 20, 'Ibrani': 28}	0	-80.6875	0	{'Ibrani': 11, 'Bahasa Ibrani': 33}	0	-83.875	0
43	Q3181879	Nayagan	Nayakan	Q5885	Tamil	Bahasa Tamil	The original language of Nayagan is Tamil .	Bahasa asli Nayakan adalah Bahasa Tamil.	Bahasa asli Nayakan adalah 	 Bahasa asli Nayagan adalah bahasa Tamil.	 Bahasa asli Nayagan adalah bahasa 	Tamil	['Tamil']	{'Bahasa Tamil': 4, 'Tamil': 17}	0	-65.6875	0	{'Tamil': 1, 'Bahasa Tamil': 5}	1	-77.25	1
44	Q274895	8 Women	8 Women	Q150	French	Prancis	The original language of 8 Women is French .	Bahasa asli 8 Women adalah Prancis.	Bahasa asli 8 Women adalah 	 Bahasa asli 8 Women adalah bahasa Prancis.	 Bahasa asli 8 Women adalah bahasa 	Prancis	['French']	{'Prancis': 16}	0	-64.75	0	{'Prancis': 13}	0	-83.3125	0
45	Q7373822	Royal Bengal Rohosso	Royal Bengal Rahashya	Q9610	Bengali	Bahasa Bengali	The original language of Royal Bengal Rohosso is Bengali .	Bahasa asli Royal Bengal Rahashya adalah Bahasa Bengali.	Bahasa asli Royal Bengal Rahashya adalah 	 Bahasa asli Royal Bengal Rohosso adalah Bengali.	 Bahasa asli Royal Bengal Rohosso adalah 	Bengali	['Bangla']	{'Bengali': 1, 'Bahasa Bengali': 2}	1	-87.5625	1	{'Bahasa Bengali': 1, 'Bengali': 2}	1	-98.3125	1
46	Q11336	Heart	Heart	Q652	Italian	Italia	The original language of Heart is Italian .	Bahasa asli Heart adalah Italia.	Bahasa asli Heart adalah 	 Bahasa asli Heart adalah bahasa Italia.	 Bahasa asli Heart adalah bahasa 	Italia	['Italian']	{'Italia': 26}	0	-61.125	0	{'Italia': 9}	0	-75.6875	0
47	Q265152	The Shield	The Shield	Q1860	English	Inggris	The original language of The Shield is English .	Bahasa asli The Shield adalah Inggris.	Bahasa asli The Shield adalah 	 Bahasa asli The Shield adalah bahasa Inggris.	 Bahasa asli The Shield adalah bahasa 	Inggris	['English', 'eng', 'en', 'EN', 'BI']	{'Inggris': 7}	0	-67.4375	0	{'Inggris': 1}	1	-82.25	1
48	Q106199	Commentarii de Bello Gallico	Commentarii de Bello Gallico	Q397	Latin	bahasa Latin	The original language of Commentarii de Bello Gallico is Latin .	Bahasa asli Commentarii de Bello Gallico adalah bahasa Latin.	Bahasa asli Commentarii de Bello Gallico adalah 	 Bahasa asli Commentarii de Bello Gallico adalah bahasa Latin.	 Bahasa asli Commentarii de Bello Gallico adalah 	bahasa Latin	['Latin']	{'bahasa Latin': 1}	1	-76.5625	1	{'bahasa Latin': 1}	1	-79.75	1
49	Q1178770	Dawn	Dawn	Q1860	English	Inggris	The original language of Dawn is English .	Bahasa asli Dawn adalah Inggris.	Bahasa asli Dawn adalah 	 Bahasa asli Dawn adalah bahasa Inggris.	 Bahasa asli Dawn adalah bahasa 	Inggris	['English', 'eng', 'en', 'EN', 'BI']	{'Inggris': 3}	0	-61.375	1	{'Inggris': 1}	1	-75.5625	1
50	Q3204824	L'Univers	L'Univers	Q150	French	Prancis	The original language of L'Univers is French .	Bahasa asli L'Univers adalah Prancis.	Bahasa asli L'Univers adalah 	Bahasa asli L'Univers adalah bahasa Prancis.	Bahasa asli L'Univers adalah bahasa 	Prancis	['French']	{'Prancis': 25}	0	-70.125	0	{'Prancis': 8}	0	-77.375	0
51	Q618719	Asterix the Gaul	Asterix Prajurit Galia	Q150	French	Prancis	The original language of Asterix the Gaul is French .	Bahasa asli Asterix Prajurit Galia adalah Prancis.	Bahasa asli Asterix Prajurit Galia adalah 	 Bahasa asli Asterix the Gaul adalah bahasa Prancis.	 Bahasa asli Asterix the Gaul adalah bahasa 	Prancis	['French']	{'Prancis': 4}	0	-82.8125	0	{'Prancis': 1}	1	-82.5625	1
52	Q13423399	The Lunchbox	The Lunchbox	Q1860	English	Inggris	The original language of The Lunchbox is English .	Bahasa asli The Lunchbox adalah Inggris.	Bahasa asli The Lunchbox adalah 	 Bahasa asli The Lunchbox adalah bahasa Inggris.	 Bahasa asli The Lunchbox adalah bahasa 	Inggris	['English', 'eng', 'en', 'EN', 'BI']	{'Inggris': 7}	0	-72.375	0	{'Inggris': 2}	0	-87.5	1
53	Q352431	Adaptation	Adaptation	Q1860	English	Inggris	The original language of Adaptation is English .	Bahasa asli Adaptation adalah Inggris.	Bahasa asli Adaptation adalah 	 Bahasa asli Adaptasi adalah bahasa Inggris.	 Bahasa asli Adaptasi adalah bahasa 	Inggris	['English', 'eng', 'en', 'EN', 'BI']	{'Inggris': 13}	0	-58.96875	0	{'Inggris': 2}	0	-75.75	1
54	Q831437	Ong-Bak: Muay Thai Warrior	Ong Bak	Q9217	Thai	Thai	The original language of Ong-Bak: Muay Thai Warrior is Thai .	Bahasa asli Ong Bak adalah Thai.	Bahasa asli Ong Bak adalah 	 Bahasa asli Ong-Bak: Muay Thai Warrior adalah Thai.	 Bahasa asli Ong-Bak: Muay Thai Warrior adalah 	Thai	['Thai', 'bahasa Thai']	{'Thai': 2}	0	-60.03125	1	{'Thai': 1}	1	-72.125	1
55	Q1127167	Burnt by the Sun	Burnt by the Sun	Q7737	Russian	Rusia	The original language of Burnt by the Sun is Russian .	Bahasa asli Burnt by the Sun adalah Rusia.	Bahasa asli Burnt by the Sun adalah 	 Bahasa asli Burnt by the Sun adalah bahasa Rusia.	 Bahasa asli Burnt by the Sun adalah bahasa 	Rusia	['Russian']	{'Rusia': 11}	0	-68.25	0	{'Rusia': 1}	1	-83.125	1
56	Q578526	La clemenza di Tito	La clemenza di Tito	Q652	Italian	Italia	The original language of La clemenza di Tito is Italian .	Bahasa asli La clemenza di Tito adalah Italia.	Bahasa asli La clemenza di Tito adalah 	 Bahasa asli La clemenza di Tito adalah bahasa Italia.	 Bahasa asli La clemenza di Tito adalah bahasa 	Italia	['Italian']	{'Italia': 1}	1	-68.0	1	{'Italia': 1}	1	-87.875	1
57	Q369960	Evangelium Vitae	Injil Kehidupan	Q397	Latin	bahasa Latin	The original language of Evangelium Vitae is Latin .	Bahasa asli Injil Kehidupan adalah bahasa Latin.	Bahasa asli Injil Kehidupan adalah 	 Bahasa asli Evangelium Vitae adalah Latin.	 	Bahasa asli Evangelium Vitae adalah Latin	['Latin']	{'bahasa Latin': 27, 'Bahasa asli Evangelium Vitae adalah Latin': 50}	0	-68.25	0	{'bahasa Latin': 42, 'Bahasa asli Evangelium Vitae adalah Latin': 50}	0	-11.25	0
58	Q175482	Finnish Wikipedia	Wikipedia bahasa Suomi	Q1412	Finnish	Finlandia	The original language of Finnish Wikipedia is Finnish .	Bahasa asli Wikipedia bahasa Suomi adalah Finlandia.	Bahasa asli Wikipedia bahasa Suomi adalah 	 Bahasa asli Wikipedia Finlandia adalah bahasa Finlandia.	 Bahasa asli Wikipedia Finlandia adalah bahasa 	Finlandia	['Finnish']	{'Finlandia': 1}	1	-73.125	1	{'Finlandia': 1}	1	-73.875	1
60	Q150804	The Pianist	The Pianist	Q1860	English	Inggris	The original language of The Pianist is English .	Bahasa asli The Pianist adalah Inggris.	Bahasa asli The Pianist adalah 	 Bahasa asli The Pianist adalah bahasa Inggris.	 Bahasa asli The Pianist adalah bahasa 	Inggris	['English', 'eng', 'en', 'EN', 'BI']	{'Inggris': 3}	0	-67.375	1	{'Inggris': 1}	1	-78.875	1
61	Q311249	GQ	GQ	Q1860	English	Inggris	The original language of GQ is English .	Bahasa asli GQ adalah Inggris.	Bahasa asli GQ adalah 	 Bahasa asli GQ adalah bahasa Inggris.	 Bahasa asli GQ adalah bahasa 	Inggris	['English', 'eng', 'en', 'EN', 'BI']	{'Inggris': 3}	0	-61.3125	1	{'Inggris': 1}	1	-72.5625	1
62	Q6379266	Kaviratna Kalidasa	Kaviratna Kalidasa	Q33673	Kannada	Bahasa Kannada	The original language of Kaviratna Kalidasa is Kannada .	Bahasa asli Kaviratna Kalidasa adalah Bahasa Kannada.	Bahasa asli Kaviratna Kalidasa adalah 	 Bahasa asli Kaviratna Kalidasa adalah Kannada.	 Bahasa asli Kaviratna Kalidasa adalah 	Kannada	['Kannada']	{'Kannada': 21, 'Bahasa Kannada': 27}	0	-77.875	0	{'Kannada': 13, 'Bahasa Kannada': 16}	0	-82.25	0
63	Q813446	Beautiful Boxer	Beautiful Boxer	Q9217	Thai	Thai	The original language of Beautiful Boxer is Thai .	Bahasa asli Beautiful Boxer adalah Thai.	Bahasa asli Beautiful Boxer adalah 	 Bahasa asli Beautiful Boxer adalah Thai.	 Bahasa asli Beautiful Boxer adalah 	Thai	['Thai', 'bahasa Thai']	{'Thai': 2}	0	-65.5625	1	{'Thai': 2}	0	-70.6875	1
64	Q7785499	Thiruvambadi Thamban	Thiruvambadi Thamban	Q36236	Malayalam	Bahasa Malayalam	The original language of Thiruvambadi Thamban is Malayalam .	Bahasa asli Thiruvambadi Thamban adalah Bahasa Malayalam.	Bahasa asli Thiruvambadi Thamban adalah 	 Bahasa asli Thiruvambadi Thmban adalah Malayalam.	 Bahasa asli Thiruvambadi Thmban adalah 	Malayalam	['Malayalam']	{'Malayalam': 1, 'Bahasa Malayalam': 11}	1	-94.9375	1	{'Bahasa Malayalam': 2, 'Malayalam': 4}	0	-103.75	1
65	Q18811629	Second Hand Husband	Second Hand Husband	Q58635	Punjabi	Bahasa Punjab	The original language of Second Hand Husband is Punjabi .	Bahasa asli Second Hand Husband adalah Bahasa Punjab.	Bahasa asli Second Hand Husband adalah 	 Bahasa asli Second Hand Husband adalah Punjabi.	 Bahasa asli Second Hand Husband adalah 	Punjabi	['Punjabi']	{'Punjabi': 18, 'Bahasa Punjab': 44}	0	-70.3125	0	{'Punjabi': 18, 'Bahasa Punjab': 45}	0	-73.9375	0
66	Q840297	El Mariachi	El Mariachi	Q1321	Spanish	Spanyol	The original language of El Mariachi is Spanish .	Bahasa asli El Mariachi adalah Spanyol.	Bahasa asli El Mariachi adalah 	 Bahasa asli El Mariachi adalah bahasa Spanyol.	 Bahasa asli El Mariachi adalah bahasa 	Spanyol	['Spanish']	{'Spanyol': 10}	0	-63.0625	0	{'Spanyol': 1}	1	-74.4375	1
67	Q131144	Tom and Jerry	Tom and Jerry	Q1860	English	Inggris	The original language of Tom and Jerry is English .	Bahasa asli Tom and Jerry adalah Inggris.	Bahasa asli Tom and Jerry adalah 	Bahasa asli Tom dan Jerry adalah bahasa Inggris.	Bahasa asli Tom dan Jerry adalah bahasa 	Inggris	['English', 'eng', 'en', 'EN', 'BI']	{'Inggris': 6}	0	-59.125	0	{'Inggris': 1}	1	-68.5	1
68	Q696057	Around the World in 80 Days	Around The World In Eighty Days	Q1860	English	Inggris	The original language of Around the World in 80 Days is English .	Bahasa asli Around The World In Eighty Days adalah Inggris.	Bahasa asli Around The World In Eighty Days adalah 	 Bahasa asli Around the World in 80 Days adalah bahasa Inggris.	 Bahasa asli Around the World in 80 Days adalah bahasa 	Inggris	['English', 'eng', 'en', 'EN', 'BI']	{'Inggris': 2}	0	-69.625	1	{'Inggris': 1}	1	-80.6875	1
69	Q1656834	Wild Reeds	Wild Reeds	Q150	French	Prancis	The original language of Wild Reeds is French .	Bahasa asli Wild Reeds adalah Prancis.	Bahasa asli Wild Reeds adalah 	 Bahasa asli Wild Reeds adalah bahasa Prancis.	 Bahasa asli Wild Reeds adalah bahasa 	Prancis	['French']	{'Prancis': 18}	0	-71.4375	0	{'Prancis': 2}	0	-87.4375	1
70	Q1063052	Heathen Chemistry	Heathen Chemistry	Q1860	English	Inggris	The original language of Heathen Chemistry is English .	Bahasa asli Heathen Chemistry adalah Inggris.	Bahasa asli Heathen Chemistry adalah 	 Bahasa asli Heathen Chemistry adalah bahasa Inggris.	 Bahasa asli Heathen Chemistry adalah bahasa 	Inggris	['English', 'eng', 'en', 'EN', 'BI']	{'Inggris': 4}	0	-72.9375	0	{'Inggris': 1}	1	-83.75	1
71	Q470098	The Second Sex	The Second Sex	Q150	French	Prancis	The original language of The Second Sex is French .	Bahasa asli The Second Sex adalah Prancis.	Bahasa asli The Second Sex adalah 	 Bahasa asli The Second Sex adalah bahasa Prancis.	 Bahasa asli The Second Sex adalah bahasa 	Prancis	['French']	{'Prancis': 23}	0	-70.625	0	{'Prancis': 1}	1	-82.125	1
72	Q130924	Kalevala	Kalevala	Q1412	Finnish	Finlandia	The original language of Kalevala is Finnish .	Bahasa asli Kalevala adalah Finlandia.	Bahasa asli Kalevala adalah 	 Bahasa asli Kalevala adalah bahasa Finlandia.	 Bahasa asli Kalevala adalah bahasa 	Finlandia	['Finnish']	{'Finlandia': 1}	1	-66.875	1	{'Finlandia': 1}	1	-74.375	1
73	Q13423399	The Lunchbox	The Lunchbox	Q1568	Hindi	Bahasa Hindi	The original language of The Lunchbox is Hindi .	Bahasa asli The Lunchbox adalah Bahasa Hindi.	Bahasa asli The Lunchbox adalah 	 Bahasa asli The Lunchbox adalah Hindi.	 Bahasa asli The Lunchbox adalah 	Hindi	['Hindi']	{'Hindi': 2, 'Bahasa Hindi': 4}	0	-72.375	1	{'Hindi': 2, 'Bahasa Hindi': 3}	0	-78.6875	1
75	Q4900917	Bhalo Theko	Bhalo Theko	Q9610	Bengali	Bahasa Bengali	The original language of Bhalo Theko is Bengali .	Bahasa asli Bhalo Theko adalah Bahasa Bengali.	Bahasa asli Bhalo Theko adalah 	 Bahasa asli Bhalo Theko adalah bahasa Bengali.	 Bahasa asli Bhalo Theko adalah bahasa 	Bengali	['Bangla']	{'Bengali': 1, 'Bahasa Bengali': 2}	1	-68.8125	1	{'Bengali': 1, 'Bahasa Bengali': 3}	1	-81.6875	1
76	Q492481	My Rosy Life	My Rosy Life	Q9176	Korean	Korea	The original language of My Rosy Life is Korean .	Bahasa asli My Rosy Life adalah Korea.	Bahasa asli My Rosy Life adalah 	 Bahasa asli My Rosy Life adalah bahasa Korea.	 Bahasa asli My Rosy Life adalah bahasa 	Korea	['Korean']	{'Korea': 9}	0	-74.1875	0	{'Korea': 5}	0	-89.0625	0
77	Q221241	Pablo Honey	Pablo Honey	Q1860	English	Inggris	The original language of Pablo Honey is English .	Bahasa asli Pablo Honey adalah Inggris.	Bahasa asli Pablo Honey adalah 	 Bahasa asli Pablo Honey adalah bahasa Inggris.	 Bahasa asli Pablo Honey adalah bahasa 	Inggris	['English', 'eng', 'en', 'EN', 'BI']	{'Inggris': 2}	0	-63.59375	1	{'Inggris': 1}	1	-76.625	1
78	Q814296	Brief Encounter	Brief Encounter	Q1860	English	Inggris	The original language of Brief Encounter is English .	Bahasa asli Brief Encounter adalah Inggris.	Bahasa asli Brief Encounter adalah 	 Bahasa asli Brief Encounter adalah bahasa Inggris.	 Bahasa asli Brief Encounter adalah bahasa 	Inggris	['English', 'eng', 'en', 'EN', 'BI']	{'Inggris': 4}	0	-68.25	0	{'Inggris': 1}	1	-87.0	1
79	Q7785273	Thiruda Thirudi	Thiruda Thirudi	Q5885	Tamil	Bahasa Tamil	The original language of Thiruda Thirudi is Tamil .	Bahasa asli Thiruda Thirudi adalah Bahasa Tamil.	Bahasa asli Thiruda Thirudi adalah 	 Bahasa asli Thiruda Thirudi adalah Tamil.	 Bahasa asli Thiruda Thirudi adalah 	Tamil	['Tamil']	{'Tamil': 1, 'Bahasa Tamil': 2}	1	-72.25	1	{'Bahasa Tamil': 1, 'Tamil': 2}	1	-78.25	1
80	Q2301516	Songs from the Second Floor	Songs from the Second Floor	Q9027	Swedish	Swedia	The original language of Songs from the Second Floor is Swedish .	Bahasa asli Songs from the Second Floor adalah Swedia.	Bahasa asli Songs from the Second Floor adalah 	 Bahasa asli Songs from the Second Floor adalah bahasa Swedia.	 Bahasa asli Songs from the Second Floor adalah bahasa 	Swedia	['Swedish']	{'Swedia': 29}	0	-74.75	0	{'Swedia': 2}	0	-91.125	1
81	Q328993	Definitely Maybe	Definitely Maybe	Q1860	English	Inggris	The original language of Definitely Maybe is English .	Bahasa asli Definitely Maybe adalah Inggris.	Bahasa asli Definitely Maybe adalah 	 Bahasa asli Definitely Maybe adalah bahasa Inggris.	 Bahasa asli Definitely Maybe adalah bahasa 	Inggris	['English', 'eng', 'en', 'EN', 'BI']	{'Inggris': 2}	0	-65.0	1	{'Inggris': 1}	1	-77.625	1
82	Q3766013	Dookudu	Dookudu	Q8097	Telugu	Bahasa Telugu	The original language of Dookudu is Telugu .	Bahasa asli Dookudu adalah Bahasa Telugu.	Bahasa asli Dookudu adalah 	 Bahasa asli Dookudu adalah Telugu.	 Bahasa asli Dookudu adalah 	Telugu	['Telugu']	{'Bahasa Telugu': 1, 'Telugu': 3}	1	-65.9375	1	{'Bahasa Telugu': 1, 'Telugu': 3}	1	-72.875	1
83	Q390467	Agantuk	Agantuk	Q9610	Bengali	Bahasa Bengali	The original language of Agantuk is Bengali .	Bahasa asli Agantuk adalah Bahasa Bengali.	Bahasa asli Agantuk adalah 	 Bahasa asli Agantuk adalah Bengali.	 Bahasa asli Agantuk adalah 	Bengali	['Bangla']	{'Bengali': 3, 'Bahasa Bengali': 7}	0	-69.5	1	{'Bengali': 4, 'Bahasa Bengali': 8}	0	-75.0625	0
84	Q486093	Beethoven Virus	Beethoven Virus	Q9176	Korean	Korea	The original language of Beethoven Virus is Korean .	Bahasa asli Beethoven Virus adalah Korea.	Bahasa asli Beethoven Virus adalah 	Bahasa asli Beethoven Virus adalah bahasa Korea.	Bahasa asli Beethoven Virus adalah bahasa 	Korea	['Korean']	{'Korea': 9}	0	-71.0625	0	{'Korea': 3}	0	-79.0	1
85	Q17068098	Kumkum Bhagya	Lonceng Cinta	Q1568	Hindi	Bahasa Hindi	The original language of Kumkum Bhagya is Hindi .	Bahasa asli Lonceng Cinta adalah Bahasa Hindi.	Bahasa asli Lonceng Cinta adalah 	 Bahasa asli Kumkum Bhagya adalah Hindi.	 Bahasa asli Kumkum Bhagya adalah 	Hindi	['Hindi']	{'Hindi': 15, 'Bahasa Hindi': 35}	0	-68.625	0	{'Bahasa Hindi': 1, 'Hindi': 2}	1	-70.375	1
86	Q557867	Fifty Shades of Grey	Fifty Shades of Grey	Q1860	English	Inggris	The original language of Fifty Shades of Grey is English .	Bahasa asli Fifty Shades of Grey adalah Inggris.	Bahasa asli Fifty Shades of Grey adalah 	 Bahasa asli Fifty Shades of Grey adalah bahasa Inggris.	 Bahasa asli Fifty Shades of Grey adalah bahasa 	Inggris	['English', 'eng', 'en', 'EN', 'BI']	{'Inggris': 2}	0	-54.75	1	{'Inggris': 1}	1	-72.625	1
87	Q2472946	Adi Parva	Adiparwa	Q11059	Sanskrit	Bahasa Sanskerta	The original language of Adi Parva is Sanskrit .	Bahasa asli Adiparwa adalah Bahasa Sanskerta.	Bahasa asli Adiparwa adalah 	 Bahasa asli Adi Parva adalah bahasa Sansekerta.	 Bahasa asli Adi Parva adalah bahasa 	Sansekerta	['Sanskrit']	{'Sansekerta': 12, 'Bahasa Sanskerta': 36}	0	-60.65625	0	{'Sansekerta': 1, 'Bahasa Sanskerta': 6}	1	-74.0	1
88	Q3420017	Aandhi	Aandhi	Q1568	Hindi	Bahasa Hindi	The original language of Aandhi is Hindi .	Bahasa asli Aandhi adalah Bahasa Hindi.	Bahasa asli Aandhi adalah 	 Bahasa asli Aandhi adalah bahasa Hindi.	 Bahasa asli Aandhi adalah bahasa 	Hindi	['Hindi']	{'Hindi': 5, 'Bahasa Hindi': 8}	0	-65.375	0	{'Hindi': 1, 'Bahasa Hindi': 23}	1	-76.4375	1
89	Q176465	Hedda Gabler	Hedda Gabler	Q9043	Norwegian	Norwegia	The original language of Hedda Gabler is Norwegian .	Bahasa asli Hedda Gabler adalah Norwegia.	Bahasa asli Hedda Gabler adalah 	 Bahasa asli Hedda Gabler adalah bahasa Norwegia.	 Bahasa asli Hedda Gabler adalah bahasa 	Norwegia	['Norwegian']	{'Norwegia': 2}	0	-61.375	1	{'Norwegia': 1}	1	-71.5625	1
90	Q18049522	HuffPost	The Huffington Post	Q1860	English	Inggris	The original language of HuffPost is English .	Bahasa asli The Huffington Post adalah Inggris.	Bahasa asli The Huffington Post adalah 	 Bahasa asli HuffPost adalah bahasa Inggris.	 Bahasa asli HuffPost adalah bahasa 	Inggris	['English', 'eng', 'en', 'EN', 'BI']	{'Inggris': 2}	0	-62.90625	1	{'Inggris': 1}	1	-72.75	1
91	Q58419	Alright, Still	Alright, Still	Q1860	English	Inggris	The original language of Alright, Still is English .	Bahasa asli Alright, Still adalah Inggris.	Bahasa asli Alright, Still adalah 	 Bahasa asli Alright, Still adalah bahasa Inggris.	 Bahasa asli Alright, Still adalah bahasa 	Inggris	['English', 'eng', 'en', 'EN', 'BI']	{'Inggris': 2}	0	-72.4375	1	{'Inggris': 1}	1	-84.625	1
92	Q645882	Pyramid Texts	Teks Piramida	Q50868	Egyptian	Bahasa Mesir	The original language of Pyramid Texts is Egyptian .	Bahasa asli Teks Piramida adalah Bahasa Mesir.	Bahasa asli Teks Piramida adalah 	 Bahasa asli Pyramid Texts adalah bahasa Mesir.	 Bahasa asli Pyramid Texts adalah bahasa 	Mesir	['Egyptian', 'bahasa Mesir Kuno', 'bahasa Mesir kuno']	{'Bahasa Mesir': 2, 'Mesir': 9}	0	-63.90625	1	{'Mesir': 1, 'Bahasa Mesir': 3}	1	-76.0625	1
93	Q469862	The Naked Sun	The Naked Sun	Q1860	English	Inggris	The original language of The Naked Sun is English .	Bahasa asli The Naked Sun adalah Inggris.	Bahasa asli The Naked Sun adalah 	 Bahasa asli The Naked Sun adalah bahasa Inggris.	 Bahasa asli The Naked Sun adalah bahasa 	Inggris	['English', 'eng', 'en', 'EN', 'BI']	{'Inggris': 2}	0	-74.125	1	{'Inggris': 1}	1	-87.375	1
94	Q639611	Mahapurush	Mahapurush	Q9610	Bengali	Bahasa Bengali	The original language of Mahapurush is Bengali .	Bahasa asli Mahapurush adalah Bahasa Bengali.	Bahasa asli Mahapurush adalah 	 Bahasa asli Mahapurush adalah Bengali.	 Bahasa asli Mahapurush adalah 	Bengali	['Bangla']	{'Bengali': 1, 'Bahasa Bengali': 10}	1	-70.4375	1	{'Bengali': 1, 'Bahasa Bengali': 7}	1	-78.0	1
95	Q227520	36 China Town	36 China Town	Q1568	Hindi	Bahasa Hindi	The original language of 36 China Town is Hindi .	Bahasa asli 36 China Town adalah Bahasa Hindi.	Bahasa asli 36 China Town adalah 	 Bahasa asli 36 China Town adalah Bahasa Hindi.	 Bahasa asli 36 China Town adalah Bahasa 	Hindi	['Hindi']	{'Hindi': 22, 'Bahasa Hindi': 48}	0	-65.375	0	{'Hindi': 27, 'Bahasa Hindi': 45}	0	-78.5625	0
96	Q5466717	For Eternal Hearts	For Eternal Hearts	Q9176	Korean	Korea	The original language of For Eternal Hearts is Korean .	Bahasa asli For Eternal Hearts adalah Korea.	Bahasa asli For Eternal Hearts adalah 	 Bahasa asli For Eternal Hearts adalah bahasa Korea.	 Bahasa asli For Eternal Hearts adalah bahasa 	Korea	['Korean']	{'Korea': 12}	0	-77.875	0	{'Korea': 9}	0	-92.0	0
97	Q219523	LiveJournal	LiveJournal	Q1860	English	Inggris	The original language of LiveJournal is English .	Bahasa asli LiveJournal adalah Inggris.	Bahasa asli LiveJournal adalah 	 Bahasa asli LiveJournal adalah bahasa Inggris.	 Bahasa asli LiveJournal adalah bahasa 	Inggris	['English', 'eng', 'en', 'EN', 'BI']	{'Inggris': 10}	0	-59.53125	0	{'Inggris': 1}	1	-71.5	1
98	Q389971	Under the Sun of Satan	Under the Sun of Satan	Q150	French	Prancis	The original language of Under the Sun of Satan is French .	Bahasa asli Under the Sun of Satan adalah Prancis.	Bahasa asli Under the Sun of Satan adalah 	 Bahasa asli Under the Sun of Satan adalah bahasa Prancis.	 Bahasa asli Under the Sun of Satan adalah bahasa 	Prancis	['French']	{'Prancis': 26}	0	-73.25	0	{'Prancis': 10}	0	-85.8125	0
99	Q18720579	Je suis Charlie	Je suis Charlie	Q150	French	Prancis	The original language of Je suis Charlie is French .	Bahasa asli Je suis Charlie adalah Prancis.	Bahasa asli Je suis Charlie adalah 	 Bahasa asli Je suis Charlie adalah bahasa Prancis.	 Bahasa asli Je suis Charlie adalah bahasa 	Prancis	['French']	{'Prancis': 22}	0	-61.59375	0	{'Prancis': 1}	1	-79.5625	1
100	Q2496821	La Jornada	La Jornada	Q1321	Spanish	Spanyol	The original language of La Jornada is Spanish .	Bahasa asli La Jornada adalah Spanyol.	Bahasa asli La Jornada adalah 	 Bahasa asli La Jornada adalah bahasa Spanyol.	 Bahasa asli La Jornada adalah bahasa 	Spanyol	['Spanish']	{'Spanyol': 11}	0	-65.125	0	{'Spanyol': 1}	1	-79.75	1
101	Q3473364	Neethaane En Ponvasantham	Neethaane En Ponvasantham	Q5885	Tamil	Bahasa Tamil	The original language of Neethaane En Ponvasantham is Tamil .	Bahasa asli Neethaane En Ponvasantham adalah Bahasa Tamil.	Bahasa asli Neethaane En Ponvasantham adalah 	Bahasa asli Neethane En Ponvasantham adalah bahasa Tamil.	Bahasa asli Neethane En Ponvasantham adalah bahasa 	Tamil	['Tamil']	{'Bahasa Tamil': 2, 'Tamil': 3}	0	-79.5625	1	{'Tamil': 1, 'Bahasa Tamil': 5}	1	-83.0625	1
102	Q466186	A Fish Called Wanda	A Fish Called Wanda	Q1860	English	Inggris	The original language of A Fish Called Wanda is English .	Bahasa asli A Fish Called Wanda adalah Inggris.	Bahasa asli A Fish Called Wanda adalah 	 Bahasa asli A Fish Called Wanda adalah bahasa Inggris.	 Bahasa asli A Fish Called Wanda adalah bahasa 	Inggris	['English', 'eng', 'en', 'EN', 'BI']	{'Inggris': 3}	0	-70.75	1	{'Inggris': 1}	1	-84.5	1
103	Q492485	The Thieves	The Thieves	Q1860	English	Inggris	The original language of The Thieves is English .	Bahasa asli The Thieves adalah Inggris.	Bahasa asli The Thieves adalah 	 Bahasa asli The Thieves adalah bahasa Inggris.	 Bahasa asli The Thieves adalah bahasa 	Inggris	['English', 'eng', 'en', 'EN', 'BI']	{'Inggris': 5}	0	-70.125	0	{'Inggris': 2}	0	-84.75	1
104	Q189509	The Jungle Book	Anak Didikan Rimba	Q1860	English	Inggris	The original language of The Jungle Book is English .	Bahasa asli Anak Didikan Rimba adalah Inggris.	Bahasa asli Anak Didikan Rimba adalah 	 Bahasa asli The Jungle Book adalah bahasa Inggris.	 Bahasa asli The Jungle Book adalah bahasa 	Inggris	['English', 'eng', 'en', 'EN', 'BI']	{'Inggris': 3}	0	-77.4375	1	{'Inggris': 2}	0	-77.3125	1
105	Q191949	Brave New World	Brave New World	Q1860	English	Inggris	The original language of Brave New World is English .	Bahasa asli Brave New World adalah Inggris.	Bahasa asli Brave New World adalah 	 Bahasa asli Brave New World adalah bahasa Inggris.	 Bahasa asli Brave New World adalah bahasa 	Inggris	['English', 'eng', 'en', 'EN', 'BI']	{'Inggris': 2}	0	-59.75	1	{'Inggris': 1}	1	-73.625	1
106	Q454674	Amar Akbar Anthony	Amar Akbar Anthony	Q1568	Hindi	Bahasa Hindi	The original language of Amar Akbar Anthony is Hindi .	Bahasa asli Amar Akbar Anthony adalah Bahasa Hindi.	Bahasa asli Amar Akbar Anthony adalah 	 Bahasa asli Amar Akbar Anthony adalah Hindi.	 Bahasa asli Amar Akbar Anthony adalah 	Hindi	['Hindi']	{'Hindi': 3, 'Bahasa Hindi': 5}	0	-65.5	1	{'Hindi': 1, 'Bahasa Hindi': 5}	1	-70.0	1
107	Q905129	Singham	Singham	Q1568	Hindi	Bahasa Hindi	The original language of Singham is Hindi .	Bahasa asli Singham adalah Bahasa Hindi.	Bahasa asli Singham adalah 	 Bahasa asli Singham adalah Hindi.	 Bahasa asli Singham adalah 	Hindi	['Hindi']	{'Hindi': 11, 'Bahasa Hindi': 30}	0	-65.3125	0	{'Hindi': 6, 'Bahasa Hindi': 10}	0	-71.4375	0
108	Q555687	The Man Who Shot Liberty Valance	The Man Who Shot Liberty Valance	Q1860	English	Inggris	The original language of The Man Who Shot Liberty Valance is English .	Bahasa asli The Man Who Shot Liberty Valance adalah Inggris.	Bahasa asli The Man Who Shot Liberty Valance adalah 	 Bahasa asli The Man Who Shot Liberty Valance adalah bahasa Inggris.	 Bahasa asli The Man Who Shot Liberty Valance adalah bahasa 	Inggris	['English', 'eng', 'en', 'EN', 'BI']	{'Inggris': 2}	0	-69.375	1	{'Inggris': 1}	1	-83.25	1
109	Q977950	Coup de Torchon	Coup de Torchon	Q150	French	Prancis	The original language of Coup de Torchon is French .	Bahasa asli Coup de Torchon adalah Prancis.	Bahasa asli Coup de Torchon adalah 	 Bahasa asli Coup de Torchon adalah bahasa Prancis.	 Bahasa asli Coup de Torchon adalah bahasa 	Prancis	['French']	{'Prancis': 5}	0	-73.6875	0	{'Prancis': 1}	1	-87.3125	1
110	Q459720	The Price Is Right	The Price is Right	Q5146	Portuguese	Portugis	The original language of The Price Is Right is Portuguese .	Bahasa asli The Price is Right adalah Portugis.	Bahasa asli The Price is Right adalah 	 Bahasa asli The Price Is Right adalah bahasa Portugis.	 Bahasa asli The Price Is Right adalah bahasa 	Portugis	['Portuguese']	{'Portugis': 27}	0	-67.1875	0	{'Portugis': 12}	0	-83.375	0
111	Q300552	A Serbian Film	A Serbian Film	Q9299	Serbian	Bahasa Serbia	The original language of A Serbian Film is Serbian .	Bahasa asli A Serbian Film adalah Bahasa Serbia.	Bahasa asli A Serbian Film adalah 	 Bahasa asli A Serbian Film adalah bahasa Serbia.	 Bahasa asli A Serbian Film adalah bahasa 	Serbia	['Serbian', 'bahasa Serbia', 'sr']	{'Bahasa Serbia': 1, 'Serbia': 2}	1	-71.125	1	{'Serbia': 1, 'Bahasa Serbia': 2}	1	-80.4375	1
112	Q191838	The Count of Monte Cristo	Pangeran Monte Cristo	Q150	French	Prancis	The original language of The Count of Monte Cristo is French .	Bahasa asli Pangeran Monte Cristo adalah Prancis.	Bahasa asli Pangeran Monte Cristo adalah 	 Bahasa asli The Count of Monte Cristo adalah bahasa Prancis.	 Bahasa asli The Count of Monte Cristo adalah bahasa 	Prancis	['French']	{'Prancis': 24}	0	-70.0625	0	{'Prancis': 1}	1	-82.25	1
113	Q626101	Aranyer Din Ratri	Aranyer Din Ratri	Q9610	Bengali	Bahasa Bengali	The original language of Aranyer Din Ratri is Bengali .	Bahasa asli Aranyer Din Ratri adalah Bahasa Bengali.	Bahasa asli Aranyer Din Ratri adalah 	 Bahasa asli Aranyer Din Ratri adalah Bengali.	 Bahasa asli Aranyer Din Ratri adalah 	Bengali	['Bangla']	{'Bengali': 1, 'Bahasa Bengali': 2}	1	-76.8125	1	{'Bengali': 1, 'Bahasa Bengali': 2}	1	-80.375	1
114	Q486230	Paradise Ranch	Paradise Ranch	Q9176	Korean	Korea	The original language of Paradise Ranch is Korean .	Bahasa asli Paradise Ranch adalah Korea.	Bahasa asli Paradise Ranch adalah 	 Bahasa asli Paradise Ranch adalah bahasa Korea.	 Bahasa asli Paradise Ranch adalah bahasa 	Korea	['Korean']	{'Korea': 11}	0	-64.125	0	{'Korea': 13}	0	-81.125	0
115	Q949863	The Shooting Star	Bintang Misterius	Q150	French	Prancis	The original language of The Shooting Star is French .	Bahasa asli Bintang Misterius adalah Prancis.	Bahasa asli Bintang Misterius adalah 	 Bahasa asli The Shooting Star adalah bahasa Prancis.	 Bahasa asli The Shooting Star adalah bahasa 	Prancis	['French']	{'Prancis': 9}	0	-73.75	0	{'Prancis': 11}	0	-82.5625	0
116	Q7884507	Ungli	Ungli	Q1568	Hindi	Bahasa Hindi	The original language of Ungli is Hindi .	Bahasa asli Ungli adalah Bahasa Hindi.	Bahasa asli Ungli adalah 	 Bahasa asli Ungli adalah Hindi.	 Bahasa asli Ungli adalah 	Hindi	['Hindi']	{'Bahasa Hindi': 5, 'Hindi': 7}	0	-65.0625	0	{'Bahasa Hindi': 1, 'Hindi': 7}	1	-73.0625	1
117	Q256520	Nouvelle Star	Nouvelle Star	Q150	French	Prancis	The original language of Nouvelle Star is French .	Bahasa asli Nouvelle Star adalah Prancis.	Bahasa asli Nouvelle Star adalah 	Bahasa asli Nouvelle Star adalah bahasa Prancis.	Bahasa asli Nouvelle Star adalah bahasa 	Prancis	['French']	{'Prancis': 17}	0	-64.4375	0	{'Prancis': 1}	1	-72.25	1
118	Q1403042	Waltzing Regitze	Waltzing Regitze	Q9035	Danish	Bahasa Denmark	The original language of Waltzing Regitze is Danish .	Bahasa asli Waltzing Regitze adalah Bahasa Denmark.	Bahasa asli Waltzing Regitze adalah 	 Bahasa asli Waltzing Regitze adalah bahasa Denmark.	 Bahasa asli Waltzing Regitze adalah bahasa 	Denmark	['Danish']	{'Bahasa Denmark': 9, 'Denmark': 18}	0	-83.25	0	{'Denmark': 3, 'Bahasa Denmark': 17}	0	-97.3125	1
119	Q4751657	Anarchist Studies	Anarchist Studies	Q1860	English	Inggris	The original language of Anarchist Studies is English .	Bahasa asli Anarchist Studies adalah Inggris.	Bahasa asli Anarchist Studies adalah 	 Bahasa asli Studi Anarkis adalah bahasa Inggris.	 Bahasa asli Studi Anarkis adalah bahasa 	Inggris	['English', 'eng', 'en', 'EN', 'BI']	{'Inggris': 5}	0	-71.3125	0	{'Inggris': 1}	1	-87.25	1
120	Q1475036	Times Higher Education	Times Higher Education	Q1860	English	Inggris	The original language of Times Higher Education is English .	Bahasa asli Times Higher Education adalah Inggris.	Bahasa asli Times Higher Education adalah 	 Bahasa asli Times Higher Education adalah bahasa Inggris.	 Bahasa asli Times Higher Education adalah bahasa 	Inggris	['English', 'eng', 'en', 'EN', 'BI']	{'Inggris': 5}	0	-64.9375	0	{'Inggris': 1}	1	-78.4375	1
121	Q1537568	Turner & Hooch	Turner & Hooch	Q1860	English	Inggris	The original language of Turner & Hooch is English .	Bahasa asli Turner & Hooch adalah Inggris.	Bahasa asli Turner & Hooch adalah 	 Bahasa asli Turner & Hooch adalah bahasa Inggris.	 Bahasa asli Turner & Hooch adalah bahasa 	Inggris	['English', 'eng', 'en', 'EN', 'BI']	{'Inggris': 3}	0	-63.90625	1	{'Inggris': 1}	1	-75.6875	1
122	Q13445254	Sorga Ka Toedjoe	Sorga Ka Toedjoe	Q9240	Indonesian	Indonesia	The original language of Sorga Ka Toedjoe is Indonesian .	Bahasa asli Sorga Ka Toedjoe adalah Indonesia.	Bahasa asli Sorga Ka Toedjoe adalah 	 Bahasa asli Sorga Ka Toedjoe adalah Bahasa Indonesia.	 Bahasa asli Sorga Ka Toedjoe adalah Bahasa 	Indonesia	['Indonesian', 'bahasa Indo', 'id', 'idn']	{'Indonesia': 1}	1	-76.4375	1	{'Indonesia': 1}	1	-89.5	1
123	Q11918	Greek Wikipedia	Wikipedia bahasa Yunani	Q9129	Greek	Yunani	The original language of Greek Wikipedia is Greek .	Bahasa asli Wikipedia bahasa Yunani adalah Yunani.	Bahasa asli Wikipedia bahasa Yunani adalah 	 Bahasa asli Wikipedia Yunani adalah bahasa Yunani.	 Bahasa asli Wikipedia Yunani adalah bahasa 	Yunani	['Greek']	{'Yunani': 6}	0	-68.25	0	{'Yunani': 1}	1	-73.5	1
124	Q125076	Slumdog Millionaire	Slumdog Millionaire	Q1860	English	Inggris	The original language of Slumdog Millionaire is English .	Bahasa asli Slumdog Millionaire adalah Inggris.	Bahasa asli Slumdog Millionaire adalah 	 Bahasa asli Slumdog Millionaire adalah bahasa Inggris.	 Bahasa asli Slumdog Millionaire adalah bahasa 	Inggris	['English', 'eng', 'en', 'EN', 'BI']	{'Inggris': 7}	0	-58.84375	0	{'Inggris': 2}	0	-74.9375	1
125	Q7887009	Unishe April	Unishe April	Q9610	Bengali	Bahasa Bengali	The original language of Unishe April is Bengali .	Bahasa asli Unishe April adalah Bahasa Bengali.	Bahasa asli Unishe April adalah 	 Bahasa asli Unishe April adalah Bengali.	 Bahasa asli Unishe April adalah 	Bengali	['Bangla']	{'Bengali': 5, 'Bahasa Bengali': 27}	0	-78.0	0	{'Bengali': 4, 'Bahasa Bengali': 6}	0	-86.0	0
126	Q3572804	Vishwaroopam	Vishwaroopam	Q5885	Tamil	Bahasa Tamil	The original language of Vishwaroopam is Tamil .	Bahasa asli Vishwaroopam adalah Bahasa Tamil.	Bahasa asli Vishwaroopam adalah 	 Bahasa asli Vishwaroopam adalah Tamil.	 Bahasa asli Vishwaroopam adalah 	Tamil	['Tamil']	{'Bahasa Tamil': 2, 'Tamil': 3}	0	-68.75	1	{'Bahasa Tamil': 1, 'Tamil': 2}	1	-73.0625	1
127	Q3473373	Kadhalil Sodhappuvadhu Yeppadi	Kadhalil Sodhappuvadhu Yeppadi	Q5885	Tamil	Bahasa Tamil	The original language of Kadhalil Sodhappuvadhu Yeppadi is Tamil .	Bahasa asli Kadhalil Sodhappuvadhu Yeppadi adalah Bahasa Tamil.	Bahasa asli Kadhalil Sodhappuvadhu Yeppadi adalah 	 Bahasa asli Kadhalil Sodappuvadhu Yeppadi adalah bahasa Tamil.	 Bahasa asli Kadhalil Sodappuvadhu Yeppadi adalah bahasa 	Tamil	['Tamil']	{'Tamil': 2, 'Bahasa Tamil': 3}	0	-77.625	1	{'Tamil': 1, 'Bahasa Tamil': 6}	1	-98.625	1
128	Q1246289	The Cheat	The Cheat	Q1860	English	Inggris	The original language of The Cheat is English .	Bahasa asli The Cheat adalah Inggris.	Bahasa asli The Cheat adalah 	 Bahasa asli The Cheat adalah bahasa Inggris.	 Bahasa asli The Cheat adalah bahasa 	Inggris	['English', 'eng', 'en', 'EN', 'BI']	{'Inggris': 13}	0	-67.4375	0	{'Inggris': 1}	1	-82.0625	1
129	Q851395	Pakeezah	Pakeezah	Q1568	Hindi	Bahasa Hindi	The original language of Pakeezah is Hindi .	Bahasa asli Pakeezah adalah Bahasa Hindi.	Bahasa asli Pakeezah adalah 	 Bahasa asli Pakeezah adalah bahasa Hindi.	 Bahasa asli Pakeezah adalah bahasa 	Hindi	['Hindi']	{'Bahasa Hindi': 3, 'Hindi': 10}	0	-66.0625	1	{'Hindi': 1, 'Bahasa Hindi': 12}	1	-74.125	1
130	Q2828895	Akademi Fantasi Indosiar	Akademi Fantasi Indosiar	Q9240	Indonesian	Indonesia	The original language of Akademi Fantasi Indosiar is Indonesian .	Bahasa asli Akademi Fantasi Indosiar adalah Indonesia.	Bahasa asli Akademi Fantasi Indosiar adalah 	 Bahasa asli Akademi Fantasi Indosiar adalah bahasa Indonesia.	 Bahasa asli Akademi Fantasi Indosiar adalah bahasa 	Indonesia	['Indonesian', 'bahasa Indo', 'id', 'idn']	{'Indonesia': 1}	1	-67.6875	1	{'Indonesia': 1}	1	-83.6875	1
131	Q497250	Tell Me Something	Tell Me Something	Q9176	Korean	Korea	The original language of Tell Me Something is Korean .	Bahasa asli Tell Me Something adalah Korea.	Bahasa asli Tell Me Something adalah 	 Bahasa asli Tell Me Something adalah bahasa Korea.	 Bahasa asli Tell Me Something adalah bahasa 	Korea	['Korean']	{'Korea': 18}	0	-68.6875	0	{'Korea': 8}	0	-84.25	0
132	Q161985	1 Maccabees	Kitab 1 Makabe	Q9288	Hebrew	Bahasa Ibrani	The original language of 1 Maccabees is Hebrew .	Bahasa asli Kitab 1 Makabe adalah Bahasa Ibrani.	Bahasa asli Kitab 1 Makabe adalah 	 Bahasa asli 1 Makabe adalah bahasa Ibrani.	 Bahasa asli 1 Makabe adalah bahasa 	Ibrani	['Hebrew']	{'Ibrani': 15, 'Bahasa Ibrani': 18}	0	-78.0	0	{'Ibrani': 3, 'Bahasa Ibrani': 39}	0	-87.25	1
134	Q4748690	Amrithadhare	Amrithadhare	Q33673	Kannada	Bahasa Kannada	The original language of Amrithadhare is Kannada .	Bahasa asli Amrithadhare adalah Bahasa Kannada.	Bahasa asli Amrithadhare adalah 	Bahasa asli Amrithadhare adalah Kannada.	Bahasa asli Amrithadhare adalah 	Kannada	['Kannada']	{'Kannada': 36, 'Bahasa Kannada': 39}	0	-84.4375	0	{'Kannada': 36, 'Bahasa Kannada': 39}	0	-84.4375	0
135	Q611043	Flashdance	Flashdance	Q1860	English	Inggris	The original language of Flashdance is English .	Bahasa asli Flashdance adalah Inggris.	Bahasa asli Flashdance adalah 	 Bahasa asli Flashdance adalah bahasa Inggris.	 Bahasa asli Flashdance adalah bahasa 	Inggris	['English', 'eng', 'en', 'EN', 'BI']	{'Inggris': 11}	0	-60.3125	0	{'Inggris': 1}	1	-72.625	1
136	Q955389	Nine Months	Nine Months	Q1860	English	Inggris	The original language of Nine Months is English .	Bahasa asli Nine Months adalah Inggris.	Bahasa asli Nine Months adalah 	 Bahasa asli Nine Months adalah bahasa Inggris.	 Bahasa asli Nine Months adalah bahasa 	Inggris	['English', 'eng', 'en', 'EN', 'BI']	{'Inggris': 9}	0	-64.4375	0	{'Inggris': 1}	1	-83.5625	1
137	Q492015	Eighteen, Twenty-Nine	Eighteen	Q9176	Korean	Korea	The original language of Eighteen, Twenty-Nine is Korean .	Bahasa asli Eighteen adalah Korea.	Bahasa asli Eighteen adalah 	 Bahasa asli Eighteen, Twenty-Nine adalah bahasa Korea.	 Bahasa asli Eighteen, Twenty-Nine adalah bahasa 	Korea	['Korean']	{'Korea': 22}	0	-66.1875	0	{'Korea': 11}	0	-95.25	0
138	Q1676793	Jab Pyaar Kisise Hota Hai	Jab Pyaar Kisise Hota Hai	Q1568	Hindi	Bahasa Hindi	The original language of Jab Pyaar Kisise Hota Hai is Hindi .	Bahasa asli Jab Pyaar Kisise Hota Hai adalah Bahasa Hindi.	Bahasa asli Jab Pyaar Kisise Hota Hai adalah 	 Bahasa asli Jab Pyaar Kisise Hota Hai adalah bahasa Hindi.	 Bahasa asli Jab Pyaar Kisise Hota Hai adalah bahasa 	Hindi	['Hindi']	{'Bahasa Hindi': 1, 'Hindi': 2}	1	-82.3125	1	{'Hindi': 1, 'Bahasa Hindi': 4}	1	-100.625	1
139	Q429557	Gia	Gia	Q1860	English	Inggris	The original language of Gia is English .	Bahasa asli Gia adalah Inggris.	Bahasa asli Gia adalah 	 Bahasa asli Gia adalah bahasa Inggris.	 Bahasa asli Gia adalah bahasa 	Inggris	['English', 'eng', 'en', 'EN', 'BI']	{'Inggris': 5}	0	-62.4375	0	{'Inggris': 2}	0	-71.5	1
140	Q939416	The Lancet	The Lancet	Q1860	English	Inggris	The original language of The Lancet is English .	Bahasa asli The Lancet adalah Inggris.	Bahasa asli The Lancet adalah 	 Bahasa asli The Lancet adalah bahasa Inggris.	 Bahasa asli The Lancet adalah bahasa 	Inggris	['English', 'eng', 'en', 'EN', 'BI']	{'Inggris': 2}	0	-64.25	1	{'Inggris': 1}	1	-81.6875	1
141	Q773457	Anhey Ghorhey Da Daan	Anhe Ghore Da Daan	Q58635	Punjabi	Bahasa Punjab	The original language of Anhey Ghorhey Da Daan is Punjabi .	Bahasa asli Anhe Ghore Da Daan adalah Bahasa Punjab.	Bahasa asli Anhe Ghore Da Daan adalah 	 Bahasa asli Anhey Ghorhey Da Daan adalah Punjabi.	 Bahasa asli Anhey Ghorhey Da Daan adalah 	Punjabi	['Punjabi']	{'Punjabi': 4, 'Bahasa Punjab': 25}	0	-92.5	0	{'Punjabi': 2, 'Bahasa Punjab': 3}	0	-88.9375	1
142	Q3572804	Vishwaroopam	Vishwaroopam	Q1568	Hindi	Bahasa Hindi	The original language of Vishwaroopam is Hindi .	Bahasa asli Vishwaroopam adalah Bahasa Hindi.	Bahasa asli Vishwaroopam adalah 	 Bahasa asli Vishwaroopam adalah Hindi.	 Bahasa asli Vishwaroopam adalah 	Hindi	['Hindi']	{'Hindi': 4, 'Bahasa Hindi': 9}	0	-68.75	0	{'Hindi': 3, 'Bahasa Hindi': 4}	0	-73.0625	1
143	Q180445	Nature	Nature	Q1860	English	Inggris	The original language of Nature is English .	Bahasa asli Nature adalah Inggris.	Bahasa asli Nature adalah 	 Bahasa asli Nature adalah bahasa Inggris.	 Bahasa asli Nature adalah bahasa 	Inggris	['English', 'eng', 'en', 'EN', 'BI']	{'Inggris': 5}	0	-55.59375	0	{'Inggris': 2}	0	-69.6875	1
144	Q465472	Full House	Full House	Q1860	English	Inggris	The original language of Full House is English .	Bahasa asli Full House adalah Inggris.	Bahasa asli Full House adalah 	 Bahasa asli Full House adalah bahasa Inggris.	 Bahasa asli Full House adalah bahasa 	Inggris	['English', 'eng', 'en', 'EN', 'BI']	{'Inggris': 5}	0	-56.34375	0	{'Inggris': 1}	1	-71.125	1
145	Q178338	Book of Haggai	Kitab Hagai	Q9288	Hebrew	Bahasa Ibrani	The original language of Book of Haggai is Hebrew .	Bahasa asli Kitab Hagai adalah Bahasa Ibrani.	Bahasa asli Kitab Hagai adalah 	 Bahasa asli Kitab Hagai adalah bahasa Ibrani.	 Bahasa asli Kitab Hagai adalah bahasa 	Ibrani	['Hebrew']	{'Bahasa Ibrani': 1, 'Ibrani': 9}	1	-72.8125	1	{'Ibrani': 1, 'Bahasa Ibrani': 5}	1	-86.875	1
146	Q976558	Forbidden Games	Forbidden Games	Q150	French	Prancis	The original language of Forbidden Games is French .	Bahasa asli Forbidden Games adalah Prancis.	Bahasa asli Forbidden Games adalah 	 Bahasa asli Forbidden Games adalah bahasa Prancis.	 Bahasa asli Forbidden Games adalah bahasa 	Prancis	['French']	{'Prancis': 5}	0	-66.875	0	{'Prancis': 2}	0	-83.0625	1
147	Q13417199	Air Mata Iboe	Air Mata Iboe	Q9240	Indonesian	Indonesia	The original language of Air Mata Iboe is Indonesian .	Bahasa asli Air Mata Iboe adalah Indonesia.	Bahasa asli Air Mata Iboe adalah 	 Bahasa asli Air Mata Iboe adalah Bahasa Indonesia.	 Bahasa asli Air Mata Iboe adalah Bahasa 	Indonesia	['Indonesian', 'bahasa Indo', 'id', 'idn']	{'Indonesia': 1}	1	-68.875	1	{'Indonesia': 1}	1	-80.875	1
148	Q1319274	Journey Beyond Three Seas	Pardesi	Q1568	Hindi	Bahasa Hindi	The original language of Journey Beyond Three Seas is Hindi .	Bahasa asli Pardesi adalah Bahasa Hindi.	Bahasa asli Pardesi adalah 	 Bahasa asli Journey Beyond Three Seas adalah Hindi.	 Bahasa asli Journey Beyond Three Seas adalah 	Hindi	['Hindi']	{'Bahasa Hindi': 1, 'Hindi': 3}	1	-63.53125	1	{'Hindi': 30, 'Bahasa Hindi': 33}	0	-92.875	0
149	Q503638	Easy Rider	Easy Rider	Q1860	English	Inggris	The original language of Easy Rider is English .	Bahasa asli Easy Rider adalah Inggris.	Bahasa asli Easy Rider adalah 	 Bahasa asli Easy Rider adalah bahasa Inggris.	 Bahasa asli Easy Rider adalah bahasa 	Inggris	['English', 'eng', 'en', 'EN', 'BI']	{'Inggris': 4}	0	-63.875	0	{'Inggris': 1}	1	-75.875	1
150	Q1131283	The Red Sea Sharks	Petualangan Tintin, Laut Merah	Q150	French	Prancis	The original language of The Red Sea Sharks is French .	Bahasa asli Petualangan Tintin, Laut Merah adalah Prancis.	Bahasa asli Petualangan Tintin, Laut Merah adalah 	 Bahasa asli The Red Sea Sharks adalah bahasa Prancis.	 Bahasa asli The Red Sea Sharks adalah bahasa 	Prancis	['French']	{'Prancis': 10}	0	-91.125	0	{'Prancis': 6}	0	-91.75	0
152	Q956914	El Debate	El Debate	Q1321	Spanish	Spanyol	The original language of El Debate is Spanish .	Bahasa asli El Debate adalah Spanyol.	Bahasa asli El Debate adalah 	 Bahasa asli El Debate adalah bahasa Spanyol.	 Bahasa asli El Debate adalah bahasa 	Spanyol	['Spanish']	{'Spanyol': 10}	0	-71.125	0	{'Spanyol': 1}	1	-85.6875	1
153	Q2491550	Chupke Chupke	Chupke Chupke	Q1568	Hindi	Bahasa Hindi	The original language of Chupke Chupke is Hindi .	Bahasa asli Chupke Chupke adalah Bahasa Hindi.	Bahasa asli Chupke Chupke adalah 	 Bahasa asli Chupke Chupke adalah bahasa Hindi.	 Bahasa asli Chupke Chupke adalah bahasa 	Hindi	['Hindi']	{'Bahasa Hindi': 1, 'Hindi': 3}	1	-69.375	1	{'Hindi': 1, 'Bahasa Hindi': 7}	1	-83.25	1
154	Q6864077	Mine Own Executioner	Mine Own Executioner	Q1860	English	Inggris	The original language of Mine Own Executioner is English .	Bahasa asli Mine Own Executioner adalah Inggris.	Bahasa asli Mine Own Executioner adalah 	 Bahasa asli Mine Own Executioner adalah bahasa Inggris.	 Bahasa asli Mine Own Executioner adalah bahasa 	Inggris	['English', 'eng', 'en', 'EN', 'BI']	{'Inggris': 8}	0	-78.0	0	{'Inggris': 1}	1	-91.4375	1
155	Q16256567	Sea Fog	Haemoo	Q9176	Korean	Korea	The original language of Sea Fog is Korean .	Bahasa asli Haemoo adalah Korea.	Bahasa asli Haemoo adalah 	 Bahasa asli Sea Fog adalah bahasa Korea.	 Bahasa asli Sea Fog adalah bahasa 	Korea	['Korean']	{'Korea': 2}	0	-63.28125	1	{'Korea': 2}	0	-79.6875	1
156	Q898461	RocknRolla	RocknRolla	Q1860	English	Inggris	The original language of RocknRolla is English .	Bahasa asli RocknRolla adalah Inggris.	Bahasa asli RocknRolla adalah 	 Bahasa asli RocknRolla adalah bahasa Inggris.	 Bahasa asli RocknRolla adalah bahasa 	Inggris	['English', 'eng', 'en', 'EN', 'BI']	{'Inggris': 6}	0	-61.21875	0	{'Inggris': 1}	1	-74.5	1
157	Q281687	Rakshak	Rakshak	Q1568	Hindi	Bahasa Hindi	The original language of Rakshak is Hindi .	Bahasa asli Rakshak adalah Bahasa Hindi.	Bahasa asli Rakshak adalah 	 Bahasa asli Rakshak adalah Hindi.	 Bahasa asli Rakshak adalah 	Hindi	['Hindi']	{'Hindi': 5, 'Bahasa Hindi': 8}	0	-64.6875	0	{'Hindi': 4, 'Bahasa Hindi': 5}	0	-70.25	0
158	Q3197403	Kirkus Reviews	Kirkus Reviews	Q1860	English	Inggris	The original language of Kirkus Reviews is English .	Bahasa asli Kirkus Reviews adalah Inggris.	Bahasa asli Kirkus Reviews adalah 	 Bahasa asli Kirkus Reviews adalah bahasa Inggris.	 Bahasa asli Kirkus Reviews adalah bahasa 	Inggris	['English', 'eng', 'en', 'EN', 'BI']	{'Inggris': 2}	0	-62.5	1	{'Inggris': 1}	1	-76.25	1
159	Q276415	A Cinderella Story	A Cinderella Story	Q1860	English	Inggris	The original language of A Cinderella Story is English .	Bahasa asli A Cinderella Story adalah Inggris.	Bahasa asli A Cinderella Story adalah 	 Bahasa asli A Cinderella Story adalah bahasa Inggris.	 Bahasa asli A Cinderella Story adalah bahasa 	Inggris	['English', 'eng', 'en', 'EN', 'BI']	{'Inggris': 3}	0	-66.0	1	{'Inggris': 1}	1	-81.125	1
160	Q1415029	Your Highness	Your Highness	Q1860	English	Inggris	The original language of Your Highness is English .	Bahasa asli Your Highness adalah Inggris.	Bahasa asli Your Highness adalah 	 Bahasa asli Yang Mulia adalah bahasa Inggris.	 Bahasa asli Yang Mulia adalah bahasa 	Inggris	['English', 'eng', 'en', 'EN', 'BI']	{'Inggris': 3}	0	-63.21875	1	{'Inggris': 1}	1	-70.25	1
161	Q47703	The Godfather	The Godfather	Q1860	English	Inggris	The original language of The Godfather is English .	Bahasa asli The Godfather adalah Inggris.	Bahasa asli The Godfather adalah 	 Bahasa asli The Godfather adalah bahasa Inggris.	 Bahasa asli The Godfather adalah bahasa 	Inggris	['English', 'eng', 'en', 'EN', 'BI']	{'Inggris': 2}	0	-66.5625	1	{'Inggris': 2}	0	-78.0625	1
162	Q6052503	International Political Sociology	International Political Sociology	Q1860	English	Inggris	The original language of International Political Sociology is English .	Bahasa asli International Political Sociology adalah Inggris.	Bahasa asli International Political Sociology adalah 	 Bahasa asli Sosiologi Politik Internasional adalah bahasa Inggris.	 Bahasa asli Sosiologi Politik Internasional adalah bahasa 	Inggris	['English', 'eng', 'en', 'EN', 'BI']	{'Inggris': 20}	0	-73.8125	0	{'Inggris': 1}	1	-88.0625	1
163	Q6772265	Maro Charithra	Maro Charitra	Q8097	Telugu	Bahasa Telugu	The original language of Maro Charithra is Telugu .	Bahasa asli Maro Charitra adalah Bahasa Telugu.	Bahasa asli Maro Charitra adalah 	 Bahasa asli Maro Charithra adalah Telugu.	 Bahasa asli Maro Charithra adalah 	Telugu	['Telugu']	{'Telugu': 4, 'Bahasa Telugu': 9}	0	-81.8125	0	{'Telugu': 6, 'Bahasa Telugu': 7}	0	-88.5	0
164	Q748851	The Secret in Their Eyes	The Secret in Their Eyes	Q1321	Spanish	Spanyol	The original language of The Secret in Their Eyes is Spanish .	Bahasa asli The Secret in Their Eyes adalah Spanyol.	Bahasa asli The Secret in Their Eyes adalah 	 Bahasa asli The Secret in Their Eyes adalah bahasa Spanyol.	 Bahasa asli The Secret in Their Eyes adalah bahasa 	Spanyol	['Spanish']	{'Spanyol': 22}	0	-68.375	0	{'Spanyol': 1}	1	-84.3125	1
166	Q1127709	True Romance	True Romance	Q1860	English	Inggris	The original language of True Romance is English .	Bahasa asli True Romance adalah Inggris.	Bahasa asli True Romance adalah 	 Bahasa asli True Romance adalah bahasa Inggris.	 Bahasa asli True Romance adalah bahasa 	Inggris	['English', 'eng', 'en', 'EN', 'BI']	{'Inggris': 9}	0	-66.375	0	{'Inggris': 1}	1	-78.0	1
167	Q539269	Bad Boys II Marvel	Bad Boys II	Q1860	English	Inggris	The original language of Bad Boys II Marvel is English .	Bahasa asli Bad Boys II adalah Inggris.	Bahasa asli Bad Boys II adalah 	 Bahasa asli Bad Boys II Marvel adalah bahasa Inggris.	 Bahasa asli Bad Boys II Marvel adalah bahasa 	Inggris	['English', 'eng', 'en', 'EN', 'BI']	{'Inggris': 10}	0	-66.0625	0	{'Inggris': 1}	1	-94.9375	1
168	Q3565243	Solamente Vos	Solamente vos	Q1321	Spanish	Spanyol	The original language of Solamente Vos is Spanish .	Bahasa asli Solamente vos adalah Spanyol.	Bahasa asli Solamente vos adalah 	Bahasa asli Solamente Vos adalah bahasa Spanyol.	Bahasa asli Solamente Vos adalah bahasa 	Spanyol	['Spanish']	{'Spanyol': 11}	0	-76.75	0	{'Spanyol': 8}	0	-82.5	0
169	Q108745	Ghostbusters	Ghostbusters	Q1860	English	Inggris	The original language of Ghostbusters is English .	Bahasa asli Ghostbusters adalah Inggris.	Bahasa asli Ghostbusters adalah 	 Bahasa asli Ghostbusters adalah bahasa Inggris.	 Bahasa asli Ghostbusters adalah bahasa 	Inggris	['English', 'eng', 'en', 'EN', 'BI']	{'Inggris': 6}	0	-56.46875	0	{'Inggris': 1}	1	-73.125	1
170	Q1157807	Schilder-boeck	Schilder-boeck	Q7411	Dutch	Belanda	The original language of Schilder-boeck is Dutch .	Bahasa asli Schilder-boeck adalah Belanda.	Bahasa asli Schilder-boeck adalah 	 Bahasa asli Schilder-boeck adalah bahasa Belanda.	 Bahasa asli Schilder-boeck adalah bahasa 	Belanda	['Dutch']	{'Belanda': 2}	0	-84.0	1	{'Belanda': 1}	1	-95.0	1
171	Q2829497	Alaipayuthey	Alaipayuthey	Q5885	Tamil	Bahasa Tamil	The original language of Alaipayuthey is Tamil .	Bahasa asli Alaipayuthey adalah Bahasa Tamil.	Bahasa asli Alaipayuthey adalah 	 Bahasa asli Alaipayuthey adalah Tamil.	 Bahasa asli Alaipayuthey adalah 	Tamil	['Tamil']	{'Tamil': 3, 'Bahasa Tamil': 4}	0	-65.5625	1	{'Tamil': 1, 'Bahasa Tamil': 3}	1	-71.8125	1
172	Q140527	The Three Musketeers	Les Trois Mousquetaires	Q150	French	Prancis	The original language of The Three Musketeers is French .	Bahasa asli Les Trois Mousquetaires adalah Prancis.	Bahasa asli Les Trois Mousquetaires adalah 	 Bahasa asli The Three Musketeers adalah Bahasa Prancis.	 Bahasa asli The Three Musketeers adalah Bahasa 	Prancis	['French']	{'Prancis': 2}	0	-67.0625	1	{'Prancis': 1}	1	-82.25	1
173	Q907934	Nuremberg Chronicle	Kronik Nuremberg	Q397	Latin	bahasa Latin	The original language of Nuremberg Chronicle is Latin .	Bahasa asli Kronik Nuremberg adalah bahasa Latin.	Bahasa asli Kronik Nuremberg adalah 	 Bahasa asli Nuremberg Chronicle adalah Latin.	 	Bahasa asli Nuremberg Chronicle adalah Latin	['Latin']	{'bahasa Latin': 29, 'Bahasa asli Nuremberg Chronicle adalah Latin': 46}	0	-72.4375	0	{'bahasa Latin': 42, 'Bahasa asli Nuremberg Chronicle adalah Latin': 51}	0	-11.25	0
174	Q18428	Amarcord	Amarcord	Q652	Italian	Italia	The original language of Amarcord is Italian .	Bahasa asli Amarcord adalah Italia.	Bahasa asli Amarcord adalah 	 Bahasa asli Amarcord adalah bahasa Italia.	 Bahasa asli Amarcord adalah bahasa 	Italia	['Italian']	{'Italia': 6}	0	-68.1875	0	{'Italia': 1}	1	-79.375	1
175	Q459983	I Am Number Four	I Am Number Four	Q1860	English	Inggris	The original language of I Am Number Four is English .	Bahasa asli I Am Number Four adalah Inggris.	Bahasa asli I Am Number Four adalah 	 Bahasa asli I Am Number Four adalah bahasa Inggris.	 Bahasa asli I Am Number Four adalah bahasa 	Inggris	['English', 'eng', 'en', 'EN', 'BI']	{'Inggris': 6}	0	-67.9375	0	{'Inggris': 1}	1	-83.125	1
176	Q10000	Dutch Wikipedia	Wikipedia bahasa Belanda	Q7411	Dutch	Belanda	The original language of Dutch Wikipedia is Dutch .	Bahasa asli Wikipedia bahasa Belanda adalah Belanda.	Bahasa asli Wikipedia bahasa Belanda adalah 	 Bahasa asli Wikipedia Belanda adalah bahasa Belanda.	 Bahasa asli Wikipedia Belanda adalah bahasa 	Belanda	['Dutch']	{'Belanda': 1}	1	-62.96875	1	{'Belanda': 1}	1	-71.625	1
177	Q5861276	MasterChef	MasterChef	Q1860	English	Inggris	The original language of MasterChef is English .	Bahasa asli MasterChef adalah Inggris.	Bahasa asli MasterChef adalah 	 Bahasa asli MasterChef adalah bahasa Inggris.	 Bahasa asli MasterChef adalah bahasa 	Inggris	['English', 'eng', 'en', 'EN', 'BI']	{'Inggris': 3}	0	-62.34375	1	{'Inggris': 1}	1	-75.4375	1
178	Q7271752	Quickie Express	Quickie Express	Q9240	Indonesian	Indonesia	The original language of Quickie Express is Indonesian .	Bahasa asli Quickie Express adalah Indonesia.	Bahasa asli Quickie Express adalah 	 Bahasa asli Quickie Express adalah Bahasa Indonesia.	 Bahasa asli Quickie Express adalah Bahasa 	Indonesia	['Indonesian', 'bahasa Indo', 'id', 'idn']	{'Indonesia': 1}	1	-71.4375	1	{'Indonesia': 1}	1	-84.8125	1
179	Q1043104	Charlie Hebdo	Charlie Hebdo	Q150	French	Prancis	The original language of Charlie Hebdo is French .	Bahasa asli Charlie Hebdo adalah Prancis.	Bahasa asli Charlie Hebdo adalah 	 Bahasa asli Charlie Hebdo adalah bahasa Prancis.	 Bahasa asli Charlie Hebdo adalah bahasa 	Prancis	['French']	{'Prancis': 3}	0	-56.28125	1	{'Prancis': 1}	1	-70.125	1
180	Q2917130	Casa de Mi Padre	Casa de Mi Padre	Q1321	Spanish	Spanyol	The original language of Casa de Mi Padre is Spanish .	Bahasa asli Casa de Mi Padre adalah Spanyol.	Bahasa asli Casa de Mi Padre adalah 	 Bahasa asli Casa de Mi Padre adalah bahasa Spanyol.	 Bahasa asli Casa de Mi Padre adalah bahasa 	Spanyol	['Spanish']	{'Spanyol': 3}	0	-67.0	1	{'Spanyol': 1}	1	-78.75	1
181	Q104123	Pulp Fiction	Pulp Fiction	Q1860	English	Inggris	The original language of Pulp Fiction is English .	Bahasa asli Pulp Fiction adalah Inggris.	Bahasa asli Pulp Fiction adalah 	 Bahasa asli Pulp Fiction adalah bahasa Inggris.	 Bahasa asli Pulp Fiction adalah bahasa 	Inggris	['English', 'eng', 'en', 'EN', 'BI']	{'Inggris': 5}	0	-57.8125	0	{'Inggris': 1}	1	-71.4375	1
182	Q6115713	Gagak Item	Gagak Item	Q9240	Indonesian	Indonesia	The original language of Gagak Item is Indonesian .	Bahasa asli Gagak Item adalah Indonesia.	Bahasa asli Gagak Item adalah 	 Bahasa asli Gagak Item adalah Bahasa Indonesia.	 Bahasa asli Gagak Item adalah Bahasa 	Indonesia	['Indonesian', 'bahasa Indo', 'id', 'idn']	{'Indonesia': 1}	1	-66.625	1	{'Indonesia': 1}	1	-80.6875	1
183	Q2353591	Mujrim	Mujrim	Q1568	Hindi	Bahasa Hindi	The original language of Mujrim is Hindi .	Bahasa asli Mujrim adalah Bahasa Hindi.	Bahasa asli Mujrim adalah 	 Bahasa asli Mujrim adalah Hindi.	 Bahasa asli Mujrim adalah 	Hindi	['Hindi']	{'Bahasa Hindi': 16, 'Hindi': 24}	0	-68.5625	0	{'Bahasa Hindi': 3, 'Hindi': 15}	0	-76.0	1
184	Q283490	Enthiran	Endhiran	Q5885	Tamil	Bahasa Tamil	The original language of Enthiran is Tamil .	Bahasa asli Endhiran adalah Bahasa Tamil.	Bahasa asli Endhiran adalah 	 Bahasa asli Enthiran adalah Tamil.	 Bahasa asli Enthiran adalah 	Tamil	['Tamil']	{'Bahasa Tamil': 1, 'Tamil': 3}	1	-65.0	1	{'Tamil': 1, 'Bahasa Tamil': 2}	1	-69.3125	1
185	Q7461598	Shahenshah	Shahenshah	Q1568	Hindi	Bahasa Hindi	The original language of Shahenshah is Hindi .	Bahasa asli Shahenshah adalah Bahasa Hindi.	Bahasa asli Shahenshah adalah 	 Bahasa asli Shahenshah adalah Hindi.	 Bahasa asli Shahenshah adalah 	Hindi	['Hindi']	{'Bahasa Hindi': 3, 'Hindi': 4}	0	-67.25	1	{'Bahasa Hindi': 1, 'Hindi': 3}	1	-73.6875	1
186	Q1165538	Nationalencyklopedin	Nationalencyklopedin	Q9027	Swedish	Swedia	The original language of Nationalencyklopedin is Swedish .	Bahasa asli Nationalencyklopedin adalah Swedia.	Bahasa asli Nationalencyklopedin adalah 	Bahasa asli Nationalencyklopedin adalah bahasa Swedia.	Bahasa asli Nationalencyklopedin adalah bahasa 	Swedia	['Swedish']	{'Swedia': 33}	0	-66.0625	0	{'Swedia': 19}	0	-71.8125	0
187	Q41483	The Good, the Bad and the Ugly	The Good, the Bad and the Ugly	Q652	Italian	Italia	The original language of The Good, the Bad and the Ugly is Italian .	Bahasa asli The Good, the Bad and the Ugly adalah Italia.	Bahasa asli The Good, the Bad and the Ugly adalah 	 Bahasa asli The Good, the Bad and the Ugly adalah bahasa Italia.	 Bahasa asli The Good, the Bad and the Ugly adalah bahasa 	Italia	['Italian']	{'Italia': 7}	0	-64.5625	0	{'Italia': 3}	0	-77.375	1
188	Q1217263	The Crime of Father Amaro	The Crime of Father Amaro	Q1321	Spanish	Spanyol	The original language of The Crime of Father Amaro is Spanish .	Bahasa asli The Crime of Father Amaro adalah Spanyol.	Bahasa asli The Crime of Father Amaro adalah 	 Bahasa asli The Crime of Father Amaro adalah bahasa Spanyol.	 Bahasa asli The Crime of Father Amaro adalah bahasa 	Spanyol	['Spanish']	{'Spanyol': 7}	0	-75.875	0	{'Spanyol': 1}	1	-90.5	1
