	sub_uri	en_sub_label	sub_label	obj_uri	en_obj_label	obj_label	en_template	template	template_prompt	gt_translation	gt_prompt	gt_infl_object	aliases	template_true_ranks	template_top1_correct	template_prompt_prob	template_top3_correct	gt_true_ranks	gt_top1_correct	gt_prompt_prob	gt_top3_correct
0	Q3137798	Playdead	Playdead	Q1748	Copenhagen	Kopenhagen	The headquarter of Playdead is in Copenhagen .	Markas besar Playdead ada di Kopenhagen.	Markas besar Playdead ada di 	 Kantor pusat Playdead berada di Kopenhagen.	 Kantor pusat Playdead berada di 	Kopenhagen	['Copenhagen']	{'Kopenhagen': 19}	0	-79.8125	0	{'Kopenhagen': 1}	1	-73.3125	1
1	Q861799	Orion Publishing Group	Orion Publishing Group	Q84	London	London	The headquarter of Orion Publishing Group is in London .	Markas besar Orion Publishing Group ada di London.	Markas besar Orion Publishing Group ada di 	 Kantor pusat Orion Publishing Group berada di London.	 Kantor pusat Orion Publishing Group berada di 	London	['London']	{'London': 1}	1	-80.125	1	{'London': 1}	1	-74.6875	1
2	Q1782700	Infogrames	Infogrames	Q456	Lyon	Lyon	The headquarter of Infogrames is in Lyon .	Markas besar Infogrames ada di Lyon.	Markas besar Infogrames ada di 	 Kantor pusat Infogrames berada di Lyon.	 Kantor pusat Infogrames berada di 	Lyon	['Lyon']	{'Lyon': 6}	0	-73.375	0	{'Lyon': 2}	0	-70.4375	1
3	Q7671555	TSAR Publications	TSAR Publications	Q172	Toronto	Toronto	The headquarter of TSAR Publications is in Toronto .	Markas besar TSAR Publications ada di Toronto.	Markas besar TSAR Publications ada di 	 Kantor pusat TSAR Publications berada di Toronto.	 Kantor pusat TSAR Publications berada di 	Toronto	['Toronto', 'The Six', 'The 416', 'Hogtown']	{'Toronto': 8}	0	-87.625	0	{'Toronto': 6}	0	-81.75	0
4	Q4672981	Ace Hardware	Ace Hardware	Q1297	Chicago	Chicago	The headquarter of Ace Hardware is in Chicago .	Markas besar Ace Hardware ada di Chicago.	Markas besar Ace Hardware ada di 	 Kantor pusat Ace Hardware berada di Chicago.	 Kantor pusat Ace Hardware berada di 	Chicago	['Chicago', 'The Queen of the West', 'The Second City', 'The Windy City', 'Chicago, Illinois', 'City of Broad Shoulders']	{'Chicago': 3}	0	-73.1875	1	{'Chicago': 3}	0	-69.1875	1
5	Q62288	Rolex	Rolex	Q71	Geneva	Jenewa	The headquarter of Rolex is in Geneva .	Markas besar Rolex ada di Jenewa.	Markas besar Rolex ada di 	 Kantor pusat Rolex berada di Jenewa.	 Kantor pusat Rolex berada di 	Jenewa	['Geneva']	{'Jenewa': 9}	0	-71.5	0	{'Jenewa': 4}	0	-67.5	0
6	Q155000	Bulgarian Communist Party	Partai Komunis Bulgaria	Q472	Sofia	Sofia	The headquarter of Bulgarian Communist Party is in Sofia .	Markas besar Partai Komunis Bulgaria ada di Sofia.	Markas besar Partai Komunis Bulgaria ada di 	 Markas besar Partai Komunis Bulgaria berada di Sofia.	 Markas besar Partai Komunis Bulgaria berada di 	Sofia	['Sofia']	{'Sofia': 1}	1	-82.4375	1	{'Sofia': 1}	1	-86.875	1
7	Q203179	Assyrian Church of the East	Gereja Timur Asiria	Q1297	Chicago	Chicago	The headquarter of Assyrian Church of the East is in Chicago .	Markas besar Gereja Timur Asiria ada di Chicago.	Markas besar Gereja Timur Asiria ada di 	 Markas besar Gereja Asiria Timur berada di Chicago.	 Markas besar Gereja Asiria Timur berada di 	Chicago	['Chicago', 'The Queen of the West', 'The Second City', 'The Windy City', 'Chicago, Illinois', 'City of Broad Shoulders']	{'Chicago': 12}	0	-95.875	0	{'Chicago': 5}	0	-101.0	0
8	Q483020	Paris Saint-Germain F.C.	Paris Saint-Germain	Q90	Paris	Paris	The headquarter of Paris Saint-Germain F.C. is in Paris .	Markas besar Paris Saint-Germain ada di Paris.	Markas besar Paris Saint-Germain ada di 	 Markas besar Paris Saint-Germain FC berada di Paris.	 Markas besar Paris Saint-Germain FC berada di 	Paris	['Paris']	{'Paris': 1}	1	-73.5	1	{'Paris': 1}	1	-84.8125	1
10	Q188567	Grameen Bank	Bank Grameen	Q902	Bangladesh	Bangladesh	The headquarter of Grameen Bank is in Bangladesh .	Markas besar Bank Grameen ada di Bangladesh.	Markas besar Bank Grameen ada di 	 Kantor pusat Grameen Bank berada di Bangladesh.	 Kantor pusat Grameen Bank berada di 	Bangladesh	['Bangladesh']	{'Bangladesh': 1}	1	-86.0625	1	{'Bangladesh': 1}	1	-70.3125	1
11	Q548278	Standard Chartered	Standard Chartered	Q84	London	London	The headquarter of Standard Chartered is in London .	Markas besar Standard Chartered ada di London.	Markas besar Standard Chartered ada di 	 Kantor pusat Standard Chartered berada di London.	 Kantor pusat Standard Chartered berada di 	London	['London']	{'London': 3}	0	-76.1875	1	{'London': 1}	1	-66.8125	1
12	Q530471	Chinese Academy of Sciences	Akademi Ilmu Pengetahuan Tiongkok	Q956	Beijing	Beijing	The headquarter of Chinese Academy of Sciences is in Beijing .	Markas besar Akademi Ilmu Pengetahuan Tiongkok ada di Beijing.	Markas besar Akademi Ilmu Pengetahuan Tiongkok ada di 	 Markas besar Akademi Ilmu Pengetahuan China berada di Beijing.	 Markas besar Akademi Ilmu Pengetahuan China berada di 	Beijing	['Beijing']	{'Beijing': 1}	1	-95.1875	1	{'Beijing': 1}	1	-92.875	1
13	Q3506845	Sydney Theatre Company	Sydney Theatre Company	Q3130	Sydney	Sydney	The headquarter of Sydney Theatre Company is in Sydney .	Markas besar Sydney Theatre Company ada di Sydney.	Markas besar Sydney Theatre Company ada di 	 Kantor pusat Sydney Theatre Company berada di Sydney.	 Kantor pusat Sydney Theatre Company berada di 	Sydney	['Sydney']	{'Sydney': 1}	1	-76.375	1	{'Sydney': 1}	1	-78.1875	1
14	Q577902	Magen David Adom	Magen David Adom	Q801	Israel	Israel	The headquarter of Magen David Adom is in Israel .	Markas besar Magen David Adom ada di Israel.	Markas besar Magen David Adom ada di 	 Kantor pusat Magen David Adom berada di Israel.	 Kantor pusat Magen David Adom berada di 	Israel	['Israel', 'Negara Israel']	{'Israel': 1}	1	-78.875	1	{'Israel': 1}	1	-75.875	1
15	Q2661305	SBS Transit	SBS Transit	Q334	Singapore	Singapura	The headquarter of SBS Transit is in Singapore .	Markas besar SBS Transit ada di Singapura.	Markas besar SBS Transit ada di 	 Kantor pusat SBS Transit berada di Singapura.	 Kantor pusat SBS Transit berada di 	Singapura	['Singapore']	{'Singapura': 1}	1	-81.0625	1	{'Singapura': 1}	1	-68.25	1
17	Q210431	Polish Socialist Party	Partai Sosialis Polandia	Q270	Warsaw	Warsawa	The headquarter of Polish Socialist Party is in Warsaw .	Markas besar Partai Sosialis Polandia ada di Warsawa.	Markas besar Partai Sosialis Polandia ada di 	Markas besar Partai Sosialis Polandia berada di Warsawa.	Markas besar Partai Sosialis Polandia berada di 	Warsawa	['Warsaw']	{'Warsawa': 1}	1	-90.5	1	{'Warsawa': 1}	1	-84.4375	1
18	Q209842	University of Paris	Universitas Paris	Q90	Paris	Paris	The headquarter of University of Paris is in Paris .	Markas besar Universitas Paris ada di Paris.	Markas besar Universitas Paris ada di 	 Kantor pusat Universitas Paris berada di Paris.	 Kantor pusat Universitas Paris berada di 	Paris	['Paris']	{'Paris': 1}	1	-85.0625	1	{'Paris': 1}	1	-72.625	1
19	Q19568	AFC Bournemouth	A.F.C. Bournemouth	Q170478	Bournemouth	Bournemouth	The headquarter of AFC Bournemouth is in Bournemouth .	Markas besar A.F.C. Bournemouth ada di Bournemouth.	Markas besar A.F.C. Bournemouth ada di 	 Markas besar AFC Bournemouth berada di Bournemouth.	 Markas besar AFC Bournemouth berada di 	Bournemouth	['Bournemouth']	{'Bournemouth': 1}	1	-77.875	1	{'Bournemouth': 1}	1	-84.5	1
20	Q2054310	Nintendo Software Planning & Development	Nintendo Software Planning & Development	Q34600	Kyoto	Kyoto	The headquarter of Nintendo Software Planning & Development is in Kyoto .	Markas besar Nintendo Software Planning & Development ada di Kyoto.	Markas besar Nintendo Software Planning & Development ada di 	 Kantor pusat Perencanaan & Pengembangan Perangkat Lunak Nintendo berada di Kyoto.	 Kantor pusat Perencanaan & Pengembangan Perangkat Lunak Nintendo berada di 	Kyoto	['Kyoto', 'Kyōto', '京都市', 'Kyōto-shi']	{'Kyoto': 1}	1	-90.125	1	{'Kyoto': 1}	1	-105.8125	1
21	Q699709	Volkswagen Commercial Vehicles	Volkswagen Commercial Vehicles	Q1715	Hanover	Hannover	The headquarter of Volkswagen Commercial Vehicles is in Hanover .	Markas besar Volkswagen Commercial Vehicles ada di Hannover.	Markas besar Volkswagen Commercial Vehicles ada di 	 Kantor pusat Volkswagen Commercial Vehicles berada di Hanover.	 Kantor pusat Volkswagen Commercial Vehicles berada di 	Hanover	['Hanover']	{'Hanover': 8, 'Hannover': 22}	0	-77.6875	0	{'Hanover': 5, 'Hannover': 32}	0	-81.5625	0
22	Q80788	DNB ASA	DNB	Q585	Oslo	Oslo	The headquarter of DNB ASA is in Oslo .	Markas besar DNB ada di Oslo.	Markas besar DNB ada di 	 Kantor pusat DNB ASA berada di Oslo.	 Kantor pusat DNB ASA berada di 	Oslo	['Oslo']	{'Oslo': 3}	0	-71.3125	1	{'Oslo': 1}	1	-81.25	1
23	Q3068744	Syrian Arab Army	Angkatan Darat Suriah	Q3766	Damascus	Damaskus	The headquarter of Syrian Arab Army is in Damascus .	Markas besar Angkatan Darat Suriah ada di Damaskus.	Markas besar Angkatan Darat Suriah ada di 	 Markas besar Tentara Arab Suriah berada di Damaskus.	 Markas besar Tentara Arab Suriah berada di 	Damaskus	['Damascus']	{'Damaskus': 2}	0	-87.1875	1	{'Damaskus': 1}	1	-97.375	1
24	Q1682405	Jan De Nul	Jan De Nul	Q32	Luxembourg	Luksemburg	The headquarter of Jan De Nul is in Luxembourg .	Markas besar Jan De Nul ada di Luksemburg.	Markas besar Jan De Nul ada di 	 Kantor pusat Jan De Nul berada di Luksemburg.	 Kantor pusat Jan De Nul berada di 	Luksemburg	['Luxembourg', 'Keadipatian Agung Luksemburg']	{'Luksemburg': 9}	0	-84.25	0	{'Luksemburg': 8}	0	-78.4375	0
25	Q692704	Berliner AK 07	Berliner AK 07	Q64	Berlin	Berlin	The headquarter of Berliner AK 07 is in Berlin .	Markas besar Berliner AK 07 ada di Berlin.	Markas besar Berliner AK 07 ada di 	 Markas besar Berliner AK 07 berada di Berlin.	 Markas besar Berliner AK 07 berada di 	Berlin	['Berlin', 'Berlin, Jerman', 'Berlin (Jerman)']	{'Berlin': 1}	1	-90.5	1	{'Berlin': 1}	1	-92.25	1
26	Q455991	Hapoel Haifa F.C.	Hapoel Haifa F.C.	Q41621	Haifa	Haifa	The headquarter of Hapoel Haifa F.C. is in Haifa .	Markas besar Hapoel Haifa F.C. ada di Haifa.	Markas besar Hapoel Haifa F.C. ada di 	 Markas besar Hapoel Haifa FC berada di Haifa.	 Markas besar Hapoel Haifa FC berada di 	Haifa	['Haifa']	{'Haifa': 1}	1	-81.375	1	{'Haifa': 1}	1	-85.375	1
27	Q539627	GIC Private Limited	Government of Singapore Investment Corporation	Q334	Singapore	Singapura	The headquarter of GIC Private Limited is in Singapore .	Markas besar Government of Singapore Investment Corporation ada di Singapura.	Markas besar Government of Singapore Investment Corporation ada di 	 Kantor pusat GIC Private Limited berada di Singapura.	 Kantor pusat GIC Private Limited berada di 	Singapura	['Singapore']	{'Singapura': 1}	1	-94.3125	1	{'Singapura': 1}	1	-73.1875	1
28	Q153417	Kroger	Kroger	Q43196	Cincinnati	Cincinnati	The headquarter of Kroger is in Cincinnati .	Markas besar Kroger ada di Cincinnati.	Markas besar Kroger ada di 	 Kantor pusat Kroger berada di Cincinnati.	 Kantor pusat Kroger berada di 	Cincinnati	['Cincinnati']	{'Cincinnati': 1}	1	-68.625	1	{'Cincinnati': 1}	1	-66.9375	1
29	Q223041	International Tennis Federation	Federasi Tenis Internasional	Q84	London	London	The headquarter of International Tennis Federation is in London .	Markas besar Federasi Tenis Internasional ada di London.	Markas besar Federasi Tenis Internasional ada di 	 Markas besar Federasi Tenis Internasional berada di London.	 Markas besar Federasi Tenis Internasional berada di 	London	['London']	{'London': 1}	1	-90.25	1	{'London': 1}	1	-91.0	1
30	Q7929249	Vijaya Vauhini Studios	Vijaya Vauhini Studios	Q1352	Chennai	Chennai	The headquarter of Vijaya Vauhini Studios is in Chennai .	Markas besar Vijaya Vauhini Studios ada di Chennai.	Markas besar Vijaya Vauhini Studios ada di 	 Kantor pusat Vijaya Vauhini Studios berada di Chennai.	 Kantor pusat Vijaya Vauhini Studios berada di 	Chennai	['Chennai']	{'Chennai': 1}	1	-99.5	1	{'Chennai': 1}	1	-99.5	1
31	Q840045	Renault Trucks	Renault Trucks	Q456	Lyon	Lyon	The headquarter of Renault Trucks is in Lyon .	Markas besar Renault Trucks ada di Lyon.	Markas besar Renault Trucks ada di 	 Kantor pusat Renault Trucks berada di Lyon.	 Kantor pusat Renault Trucks berada di 	Lyon	['Lyon']	{'Lyon': 3}	0	-75.375	1	{'Lyon': 1}	1	-77.3125	1
32	Q858665	Big C	Big C	Q1861	Bangkok	Bangkok	The headquarter of Big C is in Bangkok .	Markas besar Big C ada di Bangkok.	Markas besar Big C ada di 	 Kantor pusat Big C berada di Bangkok.	 Kantor pusat Big C berada di 	Bangkok	['Bangkok']	{'Bangkok': 1}	1	-76.625	1	{'Bangkok': 1}	1	-75.875	1
33	Q157645	Deutsche Post AG	Deutsche Post AG	Q586	Bonn	Bonn	The headquarter of Deutsche Post AG is in Bonn .	Markas besar Deutsche Post AG ada di Bonn.	Markas besar Deutsche Post AG ada di 	 Kantor pusat Deutsche Post AG berada di Bonn.	 Kantor pusat Deutsche Post AG berada di 	Bonn	['Bonn']	{'Bonn': 2}	0	-77.0	1	{'Bonn': 2}	0	-76.75	1
34	Q212703	Aigle Azur	Aigle Azur	Q90	Paris	Paris	The headquarter of Aigle Azur is in Paris .	Markas besar Aigle Azur ada di Paris.	Markas besar Aigle Azur ada di 	Kantor pusat Aigle Azur berada di Paris.	Kantor pusat Aigle Azur berada di 	Paris	['Paris']	{'Paris': 1}	1	-79.25	1	{'Paris': 1}	1	-61.34375	1
36	Q815314	Belavia	Belavia	Q2280	Minsk	Minsk	The headquarter of Belavia is in Minsk .	Markas besar Belavia ada di Minsk.	Markas besar Belavia ada di 	 Kantor pusat Belavia berada di Minsk.	 Kantor pusat Belavia berada di 	Minsk	['Minsk']	{'Minsk': 1}	1	-76.0625	1	{'Minsk': 1}	1	-81.125	1
37	Q1201513	University of Otago	Universitas Otago	Q133073	Dunedin	Dunedin	The headquarter of University of Otago is in Dunedin .	Markas besar Universitas Otago ada di Dunedin.	Markas besar Universitas Otago ada di 	 Kantor pusat Universitas Otago berada di Dunedin.	 Kantor pusat Universitas Otago berada di 	Dunedin	['Dunedin']	{'Dunedin': 1}	1	-79.875	1	{'Dunedin': 1}	1	-75.375	1
38	Q153770	Deutsche Welle	Deutsche Welle	Q586	Bonn	Bonn	The headquarter of Deutsche Welle is in Bonn .	Markas besar Deutsche Welle ada di Bonn.	Markas besar Deutsche Welle ada di 	 Kantor pusat Deutsche Welle berada di Bonn.	 Kantor pusat Deutsche Welle berada di 	Bonn	['Bonn']	{'Bonn': 1}	1	-75.875	1	{'Bonn': 1}	1	-74.1875	1
39	Q656165	Halliburton	Halliburton	Q16555	Houston	Houston	The headquarter of Halliburton is in Houston .	Markas besar Halliburton ada di Houston.	Markas besar Halliburton ada di 	 Kantor pusat Halliburton berada di Houston.	 Kantor pusat Halliburton berada di 	Houston	['Houston', 'Houston, Texas', 'Space City', 'H-Town', 'USHOU', 'Kota Houston']	{'Houston': 1}	1	-76.8125	1	{'Houston': 1}	1	-70.25	1
40	Q118922	United Nations Observer Mission in Georgia	United Nations Observer Mission in Georgia	Q994	Tbilisi	Tbilisi	The headquarter of United Nations Observer Mission in Georgia is in Tbilisi .	Markas besar United Nations Observer Mission in Georgia ada di Tbilisi.	Markas besar United Nations Observer Mission in Georgia ada di 	 Markas besar Misi Pengamat Perserikatan Bangsa-Bangsa di Georgia berada di Tbilisi.	 Markas besar Misi Pengamat Perserikatan Bangsa-Bangsa di Georgia berada di 	Tbilisi	['Tbilisi', 'Tbilisi, Georgia']	{'Tbilisi': 1}	1	-89.5	1	{'Tbilisi': 1}	1	-126.75	1
41	Q190526	BSC Young Boys	BSC Young Boys	Q70	Bern	Bern	The headquarter of BSC Young Boys is in Bern .	Markas besar BSC Young Boys ada di Bern.	Markas besar BSC Young Boys ada di 	 Kantor pusat BSC Young Boys berada di Bern.	 Kantor pusat BSC Young Boys berada di 	Bern	['Bern']	{'Bern': 1}	1	-85.25	1	{'Bern': 1}	1	-79.625	1
42	Q2080591	RoboCop	RoboCop	Q12439	Detroit	Detroit	The headquarter of RoboCop is in Detroit .	Markas besar RoboCop ada di Detroit.	Markas besar RoboCop ada di 	 Kantor pusat RoboCop berada di Detroit.	 Kantor pusat RoboCop berada di 	Detroit	['Detroit', 'Motor City', 'City of Detroit', 'The D', 'Detroit, Michigan']	{'Detroit': 1}	1	-77.5625	1	{'Detroit': 1}	1	-80.0	1
43	Q1673079	Iron Mountain Incorporated	Iron Mountain (perusahaan)	Q100	Boston	Boston	The headquarter of Iron Mountain Incorporated is in Boston .	Markas besar Iron Mountain (perusahaan) ada di Boston.	Markas besar Iron Mountain (perusahaan) ada di 	 Kantor pusat Iron Mountain Incorporated berada di Boston.	 Kantor pusat Iron Mountain Incorporated berada di 	Boston	['Boston']	{'Boston': 4}	0	-99.875	0	{'Boston': 6}	0	-84.4375	0
44	Q19498	Sheffield Wednesday F.C.	Sheffield Wednesday F.C.	Q42448	Sheffield	Sheffield	The headquarter of Sheffield Wednesday F.C. is in Sheffield .	Markas besar Sheffield Wednesday F.C. ada di Sheffield.	Markas besar Sheffield Wednesday F.C. ada di 	 Markas besar Sheffield Wednesday FC berada di Sheffield.	 Markas besar Sheffield Wednesday FC berada di 	Sheffield	['Sheffield']	{'Sheffield': 1}	1	-80.8125	1	{'Sheffield': 1}	1	-86.3125	1
45	Q7825	World Trade Organization	Organisasi Perdagangan Dunia	Q71	Geneva	Jenewa	The headquarter of World Trade Organization is in Geneva .	Markas besar Organisasi Perdagangan Dunia ada di Jenewa.	Markas besar Organisasi Perdagangan Dunia ada di 	 Markas besar Organisasi Perdagangan Dunia berada di Jenewa.	 Markas besar Organisasi Perdagangan Dunia berada di 	Jenewa	['Geneva']	{'Jenewa': 17}	0	-91.5625	0	{'Jenewa': 5}	0	-97.8125	0
46	Q835456	Sun Life Financial	Sun Life Financial	Q172	Toronto	Toronto	The headquarter of Sun Life Financial is in Toronto .	Markas besar Sun Life Financial ada di Toronto.	Markas besar Sun Life Financial ada di 	 Kantor pusat Sun Life Financial berada di Toronto.	 Kantor pusat Sun Life Financial berada di 	Toronto	['Toronto', 'The Six', 'The 416', 'Hogtown']	{'Toronto': 4}	0	-76.6875	0	{'Toronto': 1}	1	-70.75	1
47	Q9669	Green Party of England and Wales	Partai Hijau	Q84	London	London	The headquarter of Green Party of England and Wales is in London .	Markas besar Partai Hijau ada di London.	Markas besar Partai Hijau ada di 	 Markas besar Partai Hijau Inggris dan Wales berada di London.	 Markas besar Partai Hijau Inggris dan Wales berada di 	London	['London']	{'London': 2}	0	-78.9375	1	{'London': 1}	1	-94.8125	1
48	Q912887	Cambridge University Press	Cambridge University Press	Q350	Cambridge	Cambridge	The headquarter of Cambridge University Press is in Cambridge .	Markas besar Cambridge University Press ada di Cambridge.	Markas besar Cambridge University Press ada di 	 Kantor pusat Cambridge University Press berada di Cambridge.	 Kantor pusat Cambridge University Press berada di 	Cambridge	['Cambridge']	{'Cambridge': 1}	1	-70.5	1	{'Cambridge': 1}	1	-67.8125	1
49	Q186225	Mercure de France	Mercure de France	Q90	Paris	Paris	The headquarter of Mercure de France is in Paris .	Markas besar Mercure de France ada di Paris.	Markas besar Mercure de France ada di 	 Kantor pusat Mercure de France berada di Paris.	 Kantor pusat Mercure de France berada di 	Paris	['Paris']	{'Paris': 1}	1	-84.4375	1	{'Paris': 1}	1	-78.6875	1
50	Q223898	All India Muslim League	Liga Muslim India	Q47916	Lucknow	Lucknow	The headquarter of All India Muslim League is in Lucknow .	Markas besar Liga Muslim India ada di Lucknow.	Markas besar Liga Muslim India ada di 	 Markas besar Liga Muslim Seluruh India berada di Lucknow.	 Markas besar Liga Muslim Seluruh India berada di 	Lucknow	['Lucknow']	{'Lucknow': 1}	1	-95.375	1	{'Lucknow': 3}	0	-103.9375	1
52	Q702455	RB Leipzig	RB Leipzig	Q2079	Leipzig	Leipzig	The headquarter of RB Leipzig is in Leipzig .	Markas besar RB Leipzig ada di Leipzig.	Markas besar RB Leipzig ada di 	 Kantor pusat RB Leipzig berada di Leipzig.	 Kantor pusat RB Leipzig berada di 	Leipzig	['Leipzig']	{'Leipzig': 1}	1	-72.625	1	{'Leipzig': 1}	1	-72.5625	1
53	Q2633007	Chicago Stock Exchange	Bursa Saham Chicago	Q1297	Chicago	Chicago	The headquarter of Chicago Stock Exchange is in Chicago .	Markas besar Bursa Saham Chicago ada di Chicago.	Markas besar Bursa Saham Chicago ada di 	 Kantor pusat Bursa Efek Chicago berada di Chicago.	 Kantor pusat Bursa Efek Chicago berada di 	Chicago	['Chicago', 'The Queen of the West', 'The Second City', 'The Windy City', 'Chicago, Illinois', 'City of Broad Shoulders']	{'Chicago': 1}	1	-92.75	1	{'Chicago': 1}	1	-77.8125	1
55	Q222131	United States Soccer Federation	Federasi Sepak Bola Amerika Serikat	Q1297	Chicago	Chicago	The headquarter of United States Soccer Federation is in Chicago .	Markas besar Federasi Sepak Bola Amerika Serikat ada di Chicago.	Markas besar Federasi Sepak Bola Amerika Serikat ada di 	 Markas besar Federasi Sepak Bola Amerika Serikat berada di Chicago.	 Markas besar Federasi Sepak Bola Amerika Serikat berada di 	Chicago	['Chicago', 'The Queen of the West', 'The Second City', 'The Windy City', 'Chicago, Illinois', 'City of Broad Shoulders']	{'Chicago': 1}	1	-93.25	1	{'Chicago': 1}	1	-94.3125	1
56	Q1186190	National Development and Reform Commission	Komisi Reformasi dan Pembangunan Nasional	Q956	Beijing	Beijing	The headquarter of National Development and Reform Commission is in Beijing .	Markas besar Komisi Reformasi dan Pembangunan Nasional ada di Beijing.	Markas besar Komisi Reformasi dan Pembangunan Nasional ada di 	 Markas besar Komisi Pembangunan dan Reformasi Nasional berada di Beijing.	 Markas besar Komisi Pembangunan dan Reformasi Nasional berada di 	Beijing	['Beijing']	{'Beijing': 5}	0	-97.25	0	{'Beijing': 5}	0	-101.5625	0
58	Q478720	Euronext Amsterdam	Bursa Saham Amsterdam	Q727	Amsterdam	Amsterdam	The headquarter of Euronext Amsterdam is in Amsterdam .	Markas besar Bursa Saham Amsterdam ada di Amsterdam.	Markas besar Bursa Saham Amsterdam ada di 	 Kantor pusat Euronext Amsterdam berada di Amsterdam.	 Kantor pusat Euronext Amsterdam berada di 	Amsterdam	['Amsterdam']	{'Amsterdam': 1}	1	-91.625	1	{'Amsterdam': 1}	1	-76.3125	1
59	Q152057	BP	Bp	Q84	London	London	The headquarter of BP is in London .	Markas besar Bp ada di London.	Markas besar Bp ada di 	 Kantor pusat BP berada di London.	 Kantor pusat BP berada di 	London	['London']	{'London': 1}	1	-77.3125	1	{'London': 1}	1	-74.625	1
60	Q1051514	Raja Casablanca	Raja Casablanca	Q7903	Casablanca	Casablanca	The headquarter of Raja Casablanca is in Casablanca .	Markas besar Raja Casablanca ada di Casablanca.	Markas besar Raja Casablanca ada di 	 Kantor pusat Raja Casablanca berada di Casablanca.	 Kantor pusat Raja Casablanca berada di 	Casablanca	['Casablanca', 'al-Dār al-Bayḍāʾ']	{'Casablanca': 1}	1	-86.3125	1	{'Casablanca': 1}	1	-76.3125	1
61	Q14799	Lenovo	Lenovo	Q956	Beijing	Beijing	The headquarter of Lenovo is in Beijing .	Markas besar Lenovo ada di Beijing.	Markas besar Lenovo ada di 	 Kantor pusat Lenovo berada di Beijing.	 Kantor pusat Lenovo berada di 	Beijing	['Beijing']	{'Beijing': 1}	1	-72.375	1	{'Beijing': 1}	1	-69.9375	1
62	Q192177	Union for the Mediterranean	Uni untuk Mediterania	Q1492	Barcelona	Barcelona	The headquarter of Union for the Mediterranean is in Barcelona .	Markas besar Uni untuk Mediterania ada di Barcelona.	Markas besar Uni untuk Mediterania ada di 	 Markas besar Union for the Mediterranean berada di Barcelona.	 Markas besar Union for the Mediterranean berada di 	Barcelona	['Barcelona']	{'Barcelona': 3}	0	-97.875	1	{'Barcelona': 1}	1	-89.3125	1
63	Q136433	PFC CSKA Sofia	PFC CSKA Sofia	Q472	Sofia	Sofia	The headquarter of PFC CSKA Sofia is in Sofia .	Markas besar PFC CSKA Sofia ada di Sofia.	Markas besar PFC CSKA Sofia ada di 	 Markas besar PFC CSKA Sofia berada di Sofia.	 Markas besar PFC CSKA Sofia berada di 	Sofia	['Sofia']	{'Sofia': 1}	1	-84.9375	1	{'Sofia': 1}	1	-91.9375	1
64	Q2274634	Getlink	Groupe Eurotunnel SE	Q90	Paris	Paris	The headquarter of Getlink is in Paris .	Markas besar Groupe Eurotunnel SE ada di Paris.	Markas besar Groupe Eurotunnel SE ada di 	 Kantor pusat Getlink berada di Paris.	 Kantor pusat Getlink berada di 	Paris	['Paris']	{'Paris': 1}	1	-90.25	1	{'Paris': 3}	0	-72.375	1
65	Q651141	All India Anna Dravida Munnetra Kazhagam	All India Anna Dravida Munnetra Kazhagam	Q1352	Chennai	Chennai	The headquarter of All India Anna Dravida Munnetra Kazhagam is in Chennai .	Markas besar All India Anna Dravida Munnetra Kazhagam ada di Chennai.	Markas besar All India Anna Dravida Munnetra Kazhagam ada di 	 Kantor pusat Seluruh India Anna Dravida Munnetra Kazhagam berada di Chennai.	 Kantor pusat Seluruh India Anna Dravida Munnetra Kazhagam berada di 	Chennai	['Chennai']	{'Chennai': 1}	1	-87.25	1	{'Chennai': 1}	1	-100.1875	1
66	Q1535788	Rank Organisation	Rank Organisation	Q84	London	London	The headquarter of Rank Organisation is in London .	Markas besar Rank Organisation ada di London.	Markas besar Rank Organisation ada di 	 Markas besar Rank Organization berada di London.	 Markas besar Rank Organization berada di 	London	['London']	{'London': 1}	1	-79.0	1	{'London': 1}	1	-85.0	1
67	Q53268	Toyota	Toyota	Q201117	Toyota	Toyota	The headquarter of Toyota is in Toyota .	Markas besar Toyota ada di Toyota.	Markas besar Toyota ada di 	 Kantor pusat Toyota berada di Toyota.	 Kantor pusat Toyota berada di 	Toyota	['Toyota', 'Kota Toyota']	{'Toyota': 1}	1	-70.0625	1	{'Toyota': 1}	1	-70.5	1
68	Q691686	Graduate Institute of International and Development Studies	Graduate Institute of International Studies	Q71	Geneva	Jenewa	The headquarter of Graduate Institute of International and Development Studies is in Geneva .	Markas besar Graduate Institute of International Studies ada di Jenewa.	Markas besar Graduate Institute of International Studies ada di 	Kantor pusat Institut Pascasarjana Studi Internasional dan Pembangunan berada di Jenewa.	Kantor pusat Institut Pascasarjana Studi Internasional dan Pembangunan berada di 	Jenewa	['Geneva']	{'Jenewa': 4}	0	-89.8125	0	{'Jenewa': 1}	1	-91.75	1
69	Q1025921	Hooters	Hooters	Q23556	Atlanta	Atlanta	The headquarter of Hooters is in Atlanta .	Markas besar Hooters ada di Atlanta.	Markas besar Hooters ada di 	 Kantor pusat Hooters berada di Atlanta.	 Kantor pusat Hooters berada di 	Atlanta	['Atlanta']	{'Atlanta': 10}	0	-76.8125	0	{'Atlanta': 10}	0	-73.9375	0
70	Q767221	CTV Television Network	CTV Television Network	Q172	Toronto	Toronto	The headquarter of CTV Television Network is in Toronto .	Markas besar CTV Television Network ada di Toronto.	Markas besar CTV Television Network ada di 	 Kantor pusat Jaringan Televisi CTV berada di Toronto.	 Kantor pusat Jaringan Televisi CTV berada di 	Toronto	['Toronto', 'The Six', 'The 416', 'Hogtown']	{'Toronto': 1}	1	-82.1875	1	{'Toronto': 8}	0	-83.375	0
71	Q1517021	University of Western Australia	Universitas Western Australia	Q3183	Perth	Perth	The headquarter of University of Western Australia is in Perth .	Markas besar Universitas Western Australia ada di Perth.	Markas besar Universitas Western Australia ada di 	 Kantor pusat Universitas Australia Barat berada di Perth.	 Kantor pusat Universitas Australia Barat berada di 	Perth	['Perth']	{'Perth': 1}	1	-78.4375	1	{'Perth': 1}	1	-82.4375	1
72	Q209619	O.F.K. Beograd	OFK Beograd	Q3711	Belgrade	Beograd	The headquarter of O.F.K. Beograd is in Belgrade .	Markas besar OFK Beograd ada di Beograd.	Markas besar OFK Beograd ada di 	 Markas besar OFK Beograd berada di Beograd.	 Markas besar OFK Beograd berada di 	Beograd	['Belgrade']	{'Beograd': 1}	1	-82.8125	1	{'Beograd': 1}	1	-83.75	1
73	Q8475	Interpol	Interpol	Q456	Lyon	Lyon	The headquarter of Interpol is in Lyon .	Markas besar Interpol ada di Lyon.	Markas besar Interpol ada di 	 Markas besar Interpol berada di Lyon.	 Markas besar Interpol berada di 	Lyon	['Lyon']	{'Lyon': 6}	0	-74.375	0	{'Lyon': 1}	1	-80.1875	1
74	Q26823	Abarth	Abarth	Q495	Turin	Turin	The headquarter of Abarth is in Turin .	Markas besar Abarth ada di Turin.	Markas besar Abarth ada di 	 Kantor pusat Abarth berada di Turin.	 Kantor pusat Abarth berada di 	Turin	['Turin']	{'Turin': 1}	1	-79.875	1	{'Turin': 1}	1	-71.3125	1
75	Q2509254	Egyptian Exchange	Bursa Mesir	Q85	Cairo	Kairo	The headquarter of Egyptian Exchange is in Cairo .	Markas besar Bursa Mesir ada di Kairo.	Markas besar Bursa Mesir ada di 	 Kantor pusat Egyptian Exchange berada di Kairo.	 Kantor pusat Egyptian Exchange berada di 	Kairo	['Cairo']	{'Kairo': 2}	0	-87.625	1	{'Kairo': 1}	1	-79.0	1
76	Q917031	Brill Publishers	Brill Publishers	Q43631	Leiden	Leiden	The headquarter of Brill Publishers is in Leiden .	Markas besar Brill Publishers ada di Leiden.	Markas besar Brill Publishers ada di 	 Kantor pusat Brill Publishers berada di Leiden.	 Kantor pusat Brill Publishers berada di 	Leiden	['Leiden', 'Leyden']	{'Leiden': 3}	0	-81.625	1	{'Leiden': 2}	0	-77.8125	1
77	Q624798	Canadian National Railway	Canadian National Railway	Q340	Montreal	Montreal	The headquarter of Canadian National Railway is in Montreal .	Markas besar Canadian National Railway ada di Montreal.	Markas besar Canadian National Railway ada di 	 Kantor pusat Canadian National Railway berada di Montreal.	 Kantor pusat Canadian National Railway berada di 	Montreal	['Montreal']	{'Montreal': 2}	0	-75.375	1	{'Montreal': 2}	0	-73.4375	1
78	Q1389575	FontShop International	Font Font	Q64	Berlin	Berlin	The headquarter of FontShop International is in Berlin .	Markas besar Font Font ada di Berlin.	Markas besar Font Font ada di 	 Kantor pusat FontShop International berada di Berlin.	 Kantor pusat FontShop International berada di 	Berlin	['Berlin', 'Berlin, Jerman', 'Berlin (Jerman)']	{'Berlin': 1}	1	-80.0	1	{'Berlin': 1}	1	-83.4375	1
79	Q188771	French Academy of Sciences	Akademi Sains Perancis	Q90	Paris	Paris	The headquarter of French Academy of Sciences is in Paris .	Markas besar Akademi Sains Perancis ada di Paris.	Markas besar Akademi Sains Perancis ada di 	 Markas besar Akademi Ilmu Pengetahuan Prancis berada di Paris.	 Markas besar Akademi Ilmu Pengetahuan Prancis berada di 	Paris	['Paris']	{'Paris': 1}	1	-95.75	1	{'Paris': 1}	1	-95.1875	1
80	Q471891	De Beers	De Beers	Q34647	Johannesburg	Johannesburg	The headquarter of De Beers is in Johannesburg .	Markas besar De Beers ada di Johannesburg.	Markas besar De Beers ada di 	 Kantor pusat De Beers berada di Johannesburg.	 Kantor pusat De Beers berada di 	Johannesburg	['Johannesburg']	{'Johannesburg': 1}	1	-73.625	1	{'Johannesburg': 4}	0	-72.75	0
82	Q903822	Democratic Progressive Party	Partai Progresif Demokratik	Q1867	Taipei	Kota Taipei	The headquarter of Democratic Progressive Party is in Taipei .	Markas besar Partai Progresif Demokratik ada di Kota Taipei.	Markas besar Partai Progresif Demokratik ada di 	 Markas besar Partai Progresif Demokratik berada di Taipei.	 Markas besar 	Partai Progresif Demokratik berada di Taipei	['Taipei']	{'Kota Taipei': 32, 'Partai Progresif Demokratik berada di Taipei': 50}	0	-91.375	0	{'Kota Taipei': 46, 'Partai Progresif Demokratik berada di Taipei': 52}	0	-51.71875	0
83	Q845263	Liquor Control Board of Ontario	LCBO	Q172	Toronto	Toronto	The headquarter of Liquor Control Board of Ontario is in Toronto .	Markas besar LCBO ada di Toronto.	Markas besar LCBO ada di 	 Kantor pusat Badan Pengawasan Minuman Keras Ontario berada di Toronto.	 Kantor pusat Badan Pengawasan Minuman Keras Ontario berada di 	Toronto	['Toronto', 'The Six', 'The 416', 'Hogtown']	{'Toronto': 1}	1	-70.0625	1	{'Toronto': 1}	1	-99.5625	1
84	Q45568	UniCredit	UniCredit	Q490	Milan	Milan	The headquarter of UniCredit is in Milan .	Markas besar UniCredit ada di Milan.	Markas besar UniCredit ada di 	Kantor pusat UniCredit berada di Milan.	Kantor pusat UniCredit berada di 	Milan	['Milan']	{'Milan': 1}	1	-75.8125	1	{'Milan': 1}	1	-60.6875	1
85	Q157617	Commerzbank	Commerzbank	Q1794	Frankfurt am Main	Frankfurt am Main	The headquarter of Commerzbank is in Frankfurt am Main .	Markas besar Commerzbank ada di Frankfurt am Main.	Markas besar Commerzbank ada di 	 Kantor pusat Commerzbank berada di Frankfurt am Main.	 Kantor pusat Commerzbank berada di 	Frankfurt am Main	['Frankfurt']	{'Frankfurt am Main': 1}	1	-78.0625	1	{'Frankfurt am Main': 1}	1	-76.5625	1
86	Q842482	Weta Digital	Weta Digital	Q23661	Wellington	Wellington	The headquarter of Weta Digital is in Wellington .	Markas besar Weta Digital ada di Wellington.	Markas besar Weta Digital ada di 	 Kantor pusat Weta Digital berada di Wellington.	 Kantor pusat Weta Digital berada di 	Wellington	['Wellington']	{'Wellington': 1}	1	-79.1875	1	{'Wellington': 1}	1	-74.8125	1
87	Q296782	ARM Holdings	ARM Holdings	Q350	Cambridge	Cambridge	The headquarter of ARM Holdings is in Cambridge .	Markas besar ARM Holdings ada di Cambridge.	Markas besar ARM Holdings ada di 	 Kantor pusat ARM Holdings berada di Cambridge.	 Kantor pusat ARM Holdings berada di 	Cambridge	['Cambridge']	{'Cambridge': 2}	0	-76.875	1	{'Cambridge': 1}	1	-74.8125	1
88	Q696376	Versace	Versace	Q490	Milan	Milan	The headquarter of Versace is in Milan .	Markas besar Versace ada di Milan.	Markas besar Versace ada di 	 Kantor pusat Versace berada di Milan.	 Kantor pusat Versace berada di 	Milan	['Milan']	{'Milan': 1}	1	-73.1875	1	{'Milan': 1}	1	-75.0625	1
89	Q1056794	Lion Air	Lion Air	Q3630	Jakarta	Jakarta	The headquarter of Lion Air is in Jakarta .	Markas besar Lion Air ada di Jakarta.	Markas besar Lion Air ada di 	 Markas besar Lion Air berada di Jakarta.	 Markas besar Lion Air berada di 	Jakarta	['Jakarta', 'Daerah Khusus Ibukota Jakarta', 'DKI Jakarta', 'Djakarta', 'Prov. Jakarta', 'Provinsi Jakarta', 'Daerah Khusus Jakarta', 'DKJ']	{'Jakarta': 1}	1	-74.0625	1	{'Jakarta': 1}	1	-81.5	1
90	Q154191	German Football Association	Asosiasi Sepak Bola Jerman	Q1794	Frankfurt am Main	Frankfurt am Main	The headquarter of German Football Association is in Frankfurt am Main .	Markas besar Asosiasi Sepak Bola Jerman ada di Frankfurt am Main.	Markas besar Asosiasi Sepak Bola Jerman ada di 	 Markas besar Asosiasi Sepak Bola Jerman berada di Frankfurt am Main.	 Markas besar Asosiasi Sepak Bola Jerman berada di 	Frankfurt am Main	['Frankfurt']	{'Frankfurt am Main': 21}	0	-85.9375	0	{'Frankfurt am Main': 1}	1	-90.5	1
92	Q252004	Rabobank	Rabobank	Q803	Utrecht	Utrecht, Utrecht	The headquarter of Rabobank is in Utrecht .	Markas besar Rabobank ada di Utrecht, Utrecht.	Markas besar Rabobank ada di 	 Kantor pusat Rabobank berada di Utrecht.	 Kantor pusat Rabobank berada di 	Utrecht	['Utrecht']	{'Utrecht': 1, 'Utrecht, Utrecht': 38}	1	-74.5625	1	{'Utrecht': 2, 'Utrecht, Utrecht': 23}	0	-74.0	1
93	Q842108	Euronext	Euronext	Q727	Amsterdam	Amsterdam	The headquarter of Euronext is in Amsterdam .	Markas besar Euronext ada di Amsterdam.	Markas besar Euronext ada di 	 Kantor pusat Euronext berada di Amsterdam.	 Kantor pusat Euronext berada di 	Amsterdam	['Amsterdam']	{'Amsterdam': 1}	1	-77.8125	1	{'Amsterdam': 1}	1	-71.1875	1
94	Q47182	FK Daugava (2003)	FK Jūrmala-VV	Q1773	Riga	Riga	The headquarter of FK Daugava (2003) is in Riga .	Markas besar FK Jūrmala-VV ada di Riga.	Markas besar FK Jūrmala-VV ada di 	 Markas besar FK Daugava (2003) berada di Riga.	 Markas besar FK Daugava (2003) berada di 	Riga	['Riga']	{'Riga': 1}	1	-97.0	1	{'Riga': 1}	1	-95.75	1
95	Q269792	Ferrero SpA	Ferrero	Q18341	Alba	Alba	The headquarter of Ferrero SpA is in Alba .	Markas besar Ferrero ada di Alba.	Markas besar Ferrero ada di 	 Kantor pusat Ferrero SpA berada di Alba.	 Kantor pusat Ferrero SpA berada di 	Alba	['Alba']	{'Alba': 15}	0	-76.5625	0	{'Alba': 1}	1	-82.375	1
96	Q183412	EMI	EMI	Q84	London	London	The headquarter of EMI is in London .	Markas besar EMI ada di London.	Markas besar EMI ada di 	 Kantor pusat EMI berada di London.	 Kantor pusat EMI berada di 	London	['London']	{'London': 2}	0	-75.3125	1	{'London': 1}	1	-71.25	1
98	Q19634	Swindon Town F.C.	Swindon Town F.C.	Q200942	Swindon	Swindon	The headquarter of Swindon Town F.C. is in Swindon .	Markas besar Swindon Town F.C. ada di Swindon.	Markas besar Swindon Town F.C. ada di 	 Markas besar Swindon Town FC berada di Swindon.	 Markas besar Swindon Town FC berada di 	Swindon	['Swindon']	{'Swindon': 1}	1	-79.6875	1	{'Swindon': 1}	1	-85.875	1
99	Q451476	Scotiabank	Scotiabank	Q172	Toronto	Toronto	The headquarter of Scotiabank is in Toronto .	Markas besar Scotiabank ada di Toronto.	Markas besar Scotiabank ada di 	 Kantor pusat Scotiabank berada di Toronto.	 Kantor pusat Scotiabank berada di 	Toronto	['Toronto', 'The Six', 'The 416', 'Hogtown']	{'Toronto': 1}	1	-72.125	1	{'Toronto': 1}	1	-62.5625	1
100	Q8071921	Zillow	Zillow	Q5083	Seattle	Seattle	The headquarter of Zillow is in Seattle .	Markas besar Zillow ada di Seattle.	Markas besar Zillow ada di 	 Kantor pusat Zillow berada di Seattle.	 Kantor pusat Zillow berada di 	Seattle	['Seattle', 'New York Alki', 'Duwamps']	{'Seattle': 2}	0	-71.8125	1	{'Seattle': 1}	1	-72.75	1
102	Q19523	A.S. Nancy-Lorraine	AS Nancy	Q40898	Nancy	Nancy	The headquarter of A.S. Nancy-Lorraine is in Nancy .	Markas besar AS Nancy ada di Nancy.	Markas besar AS Nancy ada di 	Kantor pusat AS Nancy-Lorraine berada di Nancy.	Kantor pusat AS Nancy-Lorraine berada di 	Nancy	['Nancy']	{'Nancy': 1}	1	-77.125	1	{'Nancy': 1}	1	-61.46875	1
103	Q1322403	Real Academia de Bellas Artes de San Fernando	Real Academia de Bellas Artes de San Fernando	Q2807	Madrid	Madrid	The headquarter of Real Academia de Bellas Artes de San Fernando is in Madrid .	Markas besar Real Academia de Bellas Artes de San Fernando ada di Madrid.	Markas besar Real Academia de Bellas Artes de San Fernando ada di 	 Kantor pusat Real Academia de Bellas Artes de San Fernando berada di Madrid.	 Kantor pusat Real Academia de Bellas Artes de San Fernando berada di 	Madrid	['Madrid']	{'Madrid': 1}	1	-89.625	1	{'Madrid': 1}	1	-87.875	1
104	Q219564	Karolinska Institute	Institut Karolinska	Q1754	Stockholm	Stockholm	The headquarter of Karolinska Institute is in Stockholm .	Markas besar Institut Karolinska ada di Stockholm.	Markas besar Institut Karolinska ada di 	 Kantor pusat Karolinska Institute berada di Stockholm.	 Kantor pusat Karolinska Institute berada di 	Stockholm	['Stockholm']	{'Stockholm': 1}	1	-85.5625	1	{'Stockholm': 1}	1	-78.9375	1
105	Q999763	University of Paris 1 Pantheon-Sorbonne	Universitas Paris 1 Panthéon-Sorbonne	Q90	Paris	Paris	The headquarter of University of Paris 1 Pantheon-Sorbonne is in Paris .	Markas besar Universitas Paris 1 Panthéon-Sorbonne ada di Paris.	Markas besar Universitas Paris 1 Panthéon-Sorbonne ada di 	 Kantor pusat Universitas Paris 1 Pantheon-Sorbonne berada di Paris.	 Kantor pusat Universitas Paris 1 Pantheon-Sorbonne berada di 	Paris	['Paris']	{'Paris': 1}	1	-86.0625	1	{'Paris': 1}	1	-74.375	1
106	Q2415397	Andrew Handyside and Company	Andrew Handyside and Company	Q43475	Derby	Derby	The headquarter of Andrew Handyside and Company is in Derby .	Markas besar Andrew Handyside and Company ada di Derby.	Markas besar Andrew Handyside and Company ada di 	 Kantor pusat Andrew Handyside and Company berada di Derby.	 Kantor pusat Andrew Handyside and Company berada di 	Derby	['Derby']	{'Derby': 1}	1	-94.375	1	{'Derby': 8}	0	-85.625	0
107	Q568769	SoundCloud	SoundCloud	Q64	Berlin	Berlin	The headquarter of SoundCloud is in Berlin .	Markas besar SoundCloud ada di Berlin.	Markas besar SoundCloud ada di 	 Kantor pusat SoundCloud berada di Berlin.	 Kantor pusat SoundCloud berada di 	Berlin	['Berlin', 'Berlin, Jerman', 'Berlin (Jerman)']	{'Berlin': 1}	1	-67.75	1	{'Berlin': 1}	1	-73.125	1
108	Q2323022	Kita-Osaka Kyuko Railway	Kereta Api Kita-Osaka Kyuko	Q17	Japan	Jepang	The headquarter of Kita-Osaka Kyuko Railway is in Japan .	Markas besar Kereta Api Kita-Osaka Kyuko ada di Jepang.	Markas besar Kereta Api Kita-Osaka Kyuko ada di 	 Kantor pusat Kereta Api Kita-Osaka Kyuko berada di Jepang.	 Kantor pusat Kereta Api Kita-Osaka Kyuko berada di 	Jepang	['Japan', 'Negeri Matahari Terbit', 'Tanah Matahari Terbit', 'Negara Jepang']	{'Jepang': 1}	1	-111.875	1	{'Jepang': 1}	1	-108.0	1
109	Q769040	École des hautes études commerciales du Nord	EDHEC Business School	Q90	Paris	Paris	The headquarter of École des hautes études commerciales du Nord is in Paris .	Markas besar EDHEC Business School ada di Paris.	Markas besar EDHEC Business School ada di 	 Kantor pusat École des hautes études Commerciales du Nord berada di Paris.	 Kantor pusat École des hautes études Commerciales du Nord berada di 	Paris	['Paris']	{'Paris': 2}	0	-76.3125	1	{'Paris': 1}	1	-108.375	1
110	Q27436	Cadillac	Cadillac	Q12439	Detroit	Detroit	The headquarter of Cadillac is in Detroit .	Markas besar Cadillac ada di Detroit.	Markas besar Cadillac ada di 	 Kantor pusat Cadillac berada di Detroit.	 Kantor pusat Cadillac berada di 	Detroit	['Detroit', 'Motor City', 'City of Detroit', 'The D', 'Detroit, Michigan']	{'Detroit': 1}	1	-68.6875	1	{'Detroit': 4}	0	-73.125	0
111	Q862303	Telia Company	TeliaSonera	Q1754	Stockholm	Stockholm	The headquarter of Telia Company is in Stockholm .	Markas besar TeliaSonera ada di Stockholm.	Markas besar TeliaSonera ada di 	 Kantor pusat Telia Company berada di Stockholm.	 Kantor pusat Telia Company berada di 	Stockholm	['Stockholm']	{'Stockholm': 1}	1	-75.1875	1	{'Stockholm': 1}	1	-70.1875	1
112	Q271110	Army of the Guardians of the Islamic Revolution	Pengawal Revolusi Iran	Q3616	Tehran	Teheran	The headquarter of Army of the Guardians of the Islamic Revolution is in Tehran .	Markas besar Pengawal Revolusi Iran ada di Teheran.	Markas besar Pengawal Revolusi Iran ada di 	 Markas besar Tentara Pengawal Revolusi Islam berada di Teheran.	 Markas besar Tentara Pengawal Revolusi Islam berada di 	Teheran	['Tehran']	{'Teheran': 1}	1	-98.0	1	{'Teheran': 7}	0	-106.75	0
115	Q1050862	EasyJet Switzerland	EasyJet Switzerland	Q71	Geneva	Jenewa	The headquarter of EasyJet Switzerland is in Geneva .	Markas besar EasyJet Switzerland ada di Jenewa.	Markas besar EasyJet Switzerland ada di 	 Kantor pusat EasyJet Swiss berada di Jenewa.	 Kantor pusat EasyJet Swiss berada di 	Jenewa	['Geneva']	{'Jenewa': 13}	0	-84.4375	0	{'Jenewa': 2}	0	-89.8125	1
116	Q608338	University of Bucharest	Universitas Bukares	Q19660	Bucharest	Bukares	The headquarter of University of Bucharest is in Bucharest .	Markas besar Universitas Bukares ada di Bukares.	Markas besar Universitas Bukares ada di 	 Kantor pusat Universitas Bukares berada di Bukares.	 Kantor pusat Universitas Bukares berada di 	Bukares	['Bucharest']	{'Bukares': 1}	1	-88.625	1	{'Bukares': 1}	1	-86.3125	1
117	Q3278187	Tonkam	Tonkam	Q142	France	Prancis	The headquarter of Tonkam is in France .	Markas besar Tonkam ada di Prancis.	Markas besar Tonkam ada di 	Kantor pusat Tonkam berada di Prancis.	Kantor pusat Tonkam berada di 	Prancis	['France', 'République française', 'La France', 'fr', 'France']	{'Prancis': 8}	0	-77.5	0	{'Prancis': 30}	0	-68.625	0
118	Q221062	DuPont	DuPont	Q174224	Wilmington	Wilmington	The headquarter of DuPont is in Wilmington .	Markas besar DuPont ada di Wilmington.	Markas besar DuPont ada di 	 Kantor pusat DuPont berada di Wilmington.	 Kantor pusat DuPont berada di 	Wilmington	['Wilmington']	{'Wilmington': 1}	1	-72.0	1	{'Wilmington': 1}	1	-72.1875	1
119	Q12565	Universal Esperanto Association	Asosiasi Esperanto Sedunia	Q34370	Rotterdam	Rotterdam	The headquarter of Universal Esperanto Association is in Rotterdam .	Markas besar Asosiasi Esperanto Sedunia ada di Rotterdam.	Markas besar Asosiasi Esperanto Sedunia ada di 	 Markas besar Asosiasi Esperanto Universal berada di Rotterdam.	 Markas besar Asosiasi Esperanto Universal berada di 	Rotterdam	['Rotterdam', 'Gemeente Rotterdam']	{'Rotterdam': 14}	0	-98.6875	0	{'Rotterdam': 2}	0	-104.4375	1
120	Q463090	Smith & Wesson	Smith & Wesson	Q49158	Springfield	Springfield	The headquarter of Smith & Wesson is in Springfield .	Markas besar Smith & Wesson ada di Springfield.	Markas besar Smith & Wesson ada di 	 Kantor pusat Smith & Wesson berada di Springfield.	 Kantor pusat Smith & Wesson berada di 	Springfield	['Springfield', 'Springfield, Massachusetts', 'SPFLD, MA', 'Springfield, MA']	{'Springfield': 1}	1	-75.8125	1	{'Springfield': 1}	1	-74.6875	1
121	Q1417183	Racing Club de Montevideo	Racing Club de Montevideo	Q1335	Montevideo	Montevideo	The headquarter of Racing Club de Montevideo is in Montevideo .	Markas besar Racing Club de Montevideo ada di Montevideo.	Markas besar Racing Club de Montevideo ada di 	 Markas besar Racing Club de Montevideo berada di Montevideo.	 Markas besar Racing Club de Montevideo berada di 	Montevideo	['Montevideo']	{'Montevideo': 1}	1	-84.625	1	{'Montevideo': 1}	1	-96.875	1
122	Q683524	World Association of Girl Guides and Girl Scouts	Asosiasi Kepanduan Putri Sedunia	Q84	London	London	The headquarter of World Association of Girl Guides and Girl Scouts is in London .	Markas besar Asosiasi Kepanduan Putri Sedunia ada di London.	Markas besar Asosiasi Kepanduan Putri Sedunia ada di 	 Markas besar Asosiasi Pramuka dan Pramuka Putri Dunia berada di London.	 Markas besar Asosiasi Pramuka dan Pramuka Putri Dunia berada di 	London	['London']	{'London': 5}	0	-104.4375	0	{'London': 1}	1	-113.5625	1
125	Q859363	Sciences Po	Institut Ilmu Politik Paris	Q90	Paris	Paris	The headquarter of Sciences Po is in Paris .	Markas besar Institut Ilmu Politik Paris ada di Paris.	Markas besar Institut Ilmu Politik Paris ada di 	 Kantor pusat Sciences Po berada di Paris.	 Kantor pusat Sciences Po berada di 	Paris	['Paris']	{'Paris': 1}	1	-102.25	1	{'Paris': 1}	1	-69.25	1
127	Q1002465	Acid Jazz Records	Acid Jazz Records	Q84	London	London	The headquarter of Acid Jazz Records is in London .	Markas besar Acid Jazz Records ada di London.	Markas besar Acid Jazz Records ada di 	 Kantor pusat Acid Jazz Records berada di London.	 Kantor pusat Acid Jazz Records berada di 	London	['London']	{'London': 1}	1	-75.375	1	{'London': 1}	1	-72.375	1
129	Q155152	Polydor Records	Polydor Records	Q84	London	London	The headquarter of Polydor Records is in London .	Markas besar Polydor Records ada di London.	Markas besar Polydor Records ada di 	 Kantor pusat Polydor Records berada di London.	 Kantor pusat Polydor Records berada di 	London	['London']	{'London': 1}	1	-78.6875	1	{'London': 1}	1	-77.375	1
130	Q6858774	Millennium & Copthorne Hotels	Millennium & Copthorne Hotels	Q84	London	London	The headquarter of Millennium & Copthorne Hotels is in London .	Markas besar Millennium & Copthorne Hotels ada di London.	Markas besar Millennium & Copthorne Hotels ada di 	 Kantor pusat Millennium & Copthorne Hotels berada di London.	 Kantor pusat Millennium & Copthorne Hotels berada di 	London	['London']	{'London': 1}	1	-82.125	1	{'London': 1}	1	-77.9375	1
131	Q1130172	Mayo Clinic	Mayo Clinic	Q486479	Rochester	Rochester	The headquarter of Mayo Clinic is in Rochester .	Markas besar Mayo Clinic ada di Rochester.	Markas besar Mayo Clinic ada di 	 Kantor pusat Mayo Clinic berada di Rochester.	 Kantor pusat Mayo Clinic berada di 	Rochester	['Rochester']	{'Rochester': 1}	1	-75.0	1	{'Rochester': 1}	1	-68.625	1
132	Q2562491	Pennzoil	Pennzoil	Q16555	Houston	Houston	The headquarter of Pennzoil is in Houston .	Markas besar Pennzoil ada di Houston.	Markas besar Pennzoil ada di 	 Kantor pusat Pennzoil berada di Houston.	 Kantor pusat Pennzoil berada di 	Houston	['Houston', 'Houston, Texas', 'Space City', 'H-Town', 'USHOU', 'Kota Houston']	{'Houston': 8}	0	-82.0	0	{'Houston': 9}	0	-77.0625	0
133	Q525169	Shanghai Jiao Tong University	Universitas Jiao Tong Shanghai	Q8686	Shanghai	Shanghai	The headquarter of Shanghai Jiao Tong University is in Shanghai .	Markas besar Universitas Jiao Tong Shanghai ada di Shanghai.	Markas besar Universitas Jiao Tong Shanghai ada di 	Kantor pusat Universitas Shanghai Jiao Tong berada di Shanghai.	Kantor pusat Universitas Shanghai Jiao Tong berada di 	Shanghai	['Shanghai']	{'Shanghai': 1}	1	-90.25	1	{'Shanghai': 1}	1	-67.6875	1
134	Q59114	Jacobs University Bremen	universitas jacobs	Q24879	Bremen	Bremen	The headquarter of Jacobs University Bremen is in Bremen .	Markas besar universitas jacobs ada di Bremen.	Markas besar universitas jacobs ada di 	 Kantor pusat Universitas Jacobs Bremen berada di Bremen.	 Kantor pusat Universitas Jacobs Bremen berada di 	Bremen	['Bremen']	{'Bremen': 19}	0	-92.25	0	{'Bremen': 1}	1	-89.25	1
135	Q179075	FC Dynamo Kyiv	FC Dynamo Kiev	Q1899	Kiev	Kiev	The headquarter of FC Dynamo Kyiv is in Kiev .	Markas besar FC Dynamo Kiev ada di Kiev.	Markas besar FC Dynamo Kiev ada di 	 Markas besar FC Dynamo Kyiv berada di Kiev.	 Markas besar FC Dynamo Kyiv berada di 	Kiev	['Kyiv']	{'Kiev': 1}	1	-80.4375	1	{'Kiev': 1}	1	-82.75	1
137	Q4207988	Lippo Group	Grup Lippo	Q3630	Jakarta	Jakarta	The headquarter of Lippo Group is in Jakarta .	Markas besar Grup Lippo ada di Jakarta.	Markas besar Grup Lippo ada di 	 Kantor pusat Lippo Group berada di Jakarta.	 Kantor pusat Lippo Group berada di 	Jakarta	['Jakarta', 'Daerah Khusus Ibukota Jakarta', 'DKI Jakarta', 'Djakarta', 'Prov. Jakarta', 'Provinsi Jakarta', 'Daerah Khusus Jakarta', 'DKJ']	{'Jakarta': 1}	1	-89.0	1	{'Jakarta': 1}	1	-71.125	1
138	Q239663	F.K. Sarajevo	FK Sarajevo	Q11194	Sarajevo	Sarajevo	The headquarter of F.K. Sarajevo is in Sarajevo .	Markas besar FK Sarajevo ada di Sarajevo.	Markas besar FK Sarajevo ada di 	 Markas besar FK Sarajevo berada di Sarajevo.	 Markas besar FK Sarajevo berada di 	Sarajevo	['Sarajevo']	{'Sarajevo': 1}	1	-78.0625	1	{'Sarajevo': 1}	1	-81.375	1
139	Q8093	Nintendo	Nintendo	Q34600	Kyoto	Kyoto	The headquarter of Nintendo is in Kyoto .	Markas besar Nintendo ada di Kyoto.	Markas besar Nintendo ada di 	 Kantor pusat Nintendo berada di Kyoto.	 Kantor pusat Nintendo berada di 	Kyoto	['Kyoto', 'Kyōto', '京都市', 'Kyōto-shi']	{'Kyoto': 1}	1	-72.9375	1	{'Kyoto': 1}	1	-68.375	1
140	Q3157622	Jacobs Engineering Group sa	Jacobs Engineering Group	Q485176	Pasadena	Pasadena	The headquarter of Jacobs Engineering Group sa is in Pasadena .	Markas besar Jacobs Engineering Group ada di Pasadena.	Markas besar Jacobs Engineering Group ada di 	 Kantor pusat Jacobs Engineering Group sa berada di Pasadena.	 Kantor pusat Jacobs Engineering Group sa berada di 	Pasadena	['Pasadena']	{'Pasadena': 17}	0	-82.1875	0	{'Pasadena': 22}	0	-84.375	0
141	Q174769	United Airlines	United Airlines	Q1297	Chicago	Chicago	The headquarter of United Airlines is in Chicago .	Markas besar United Airlines ada di Chicago.	Markas besar United Airlines ada di 	 Kantor pusat United Airlines berada di Chicago.	 Kantor pusat United Airlines berada di 	Chicago	['Chicago', 'The Queen of the West', 'The Second City', 'The Windy City', 'Chicago, Illinois', 'City of Broad Shoulders']	{'Chicago': 1}	1	-67.875	1	{'Chicago': 1}	1	-68.875	1
142	Q876402	New Azerbaijan Party	Partai Azerbaijan Baru	Q9248	Baku	Baku	The headquarter of New Azerbaijan Party is in Baku .	Markas besar Partai Azerbaijan Baru ada di Baku.	Markas besar Partai Azerbaijan Baru ada di 	 Markas besar Partai Azerbaijan Baru berada di Baku.	 Markas besar Partai Azerbaijan Baru berada di 	Baku	['Baku']	{'Baku': 1}	1	-84.6875	1	{'Baku': 1}	1	-90.6875	1
144	Q35794	University of Cambridge	Universitas Cambridge	Q350	Cambridge	Cambridge	The headquarter of University of Cambridge is in Cambridge .	Markas besar Universitas Cambridge ada di Cambridge.	Markas besar Universitas Cambridge ada di 	 Kantor pusat Universitas Cambridge berada di Cambridge.	 Kantor pusat Universitas Cambridge berada di 	Cambridge	['Cambridge']	{'Cambridge': 1}	1	-77.0625	1	{'Cambridge': 1}	1	-70.8125	1
145	Q1365046	Roman Catholic Archdiocese of Minsk-Mohilev	Keuskupan Agung Minsk-Mohilev	Q2280	Minsk	Minsk	The headquarter of Roman Catholic Archdiocese of Minsk-Mohilev is in Minsk .	Markas besar Keuskupan Agung Minsk-Mohilev ada di Minsk.	Markas besar Keuskupan Agung Minsk-Mohilev ada di 	 Markas besar Keuskupan Agung Katolik Roma Minsk-Mohilev berada di Minsk.	 Markas besar Keuskupan Agung Katolik Roma Minsk-Mohilev berada di 	Minsk	['Minsk']	{'Minsk': 1}	1	-94.375	1	{'Minsk': 1}	1	-100.625	1
146	Q1353524	Sunrise Party	Partai Matahari Terbit	Q1490	Tokyo	Tokyo	The headquarter of Sunrise Party is in Tokyo .	Markas besar Partai Matahari Terbit ada di Tokyo.	Markas besar Partai Matahari Terbit ada di 	 Markas besar Sunrise Party berada di Tokyo.	 Markas besar Sunrise Party berada di 	Tokyo	['Tokyo', 'Prefektur Tokyo']	{'Tokyo': 5}	0	-89.1875	0	{'Tokyo': 4}	0	-87.25	0
147	Q283666	de Havilland	De Havilland	Q3410	Hertfordshire	Hertfordshire	The headquarter of de Havilland is in Hertfordshire .	Markas besar De Havilland ada di Hertfordshire.	Markas besar De Havilland ada di 	 Kantor pusat de Havilland berada di Hertfordshire.	 Kantor pusat de Havilland berada di 	Hertfordshire	['Hertfordshire']	{'Hertfordshire': 5}	0	-79.1875	0	{'Hertfordshire': 31}	0	-74.25	0
148	Q1817687	Combatant Clergy Association	Jame-e Ruhaniat-e Mubarez	Q3616	Tehran	Teheran	The headquarter of Combatant Clergy Association is in Tehran .	Markas besar Jame-e Ruhaniat-e Mubarez ada di Teheran.	Markas besar Jame-e Ruhaniat-e Mubarez ada di 	 Markas besar Asosiasi Pendeta Pejuang berada di Teheran.	 Markas besar Asosiasi Pendeta Pejuang berada di 	Teheran	['Tehran']	{'Teheran': 1}	1	-117.25	1	{'Teheran': 26}	0	-100.5	0
149	Q823635	Royal Australian Air Force	Angkatan Udara Australia	Q3114	Canberra	Canberra	The headquarter of Royal Australian Air Force is in Canberra .	Markas besar Angkatan Udara Australia ada di Canberra.	Markas besar Angkatan Udara Australia ada di 	Markas besar Angkatan Udara Kerajaan Australia berada di Canberra.	Markas besar Angkatan Udara Kerajaan Australia berada di 	Canberra	['Canberra']	{'Canberra': 1}	1	-82.0625	1	{'Canberra': 1}	1	-87.625	1
150	Q505922	Electrolux	Electrolux	Q1754	Stockholm	Stockholm	The headquarter of Electrolux is in Stockholm .	Markas besar Electrolux ada di Stockholm.	Markas besar Electrolux ada di 	 Kantor pusat Electrolux berada di Stockholm.	 Kantor pusat Electrolux berada di 	Stockholm	['Stockholm']	{'Stockholm': 6}	0	-69.3125	0	{'Stockholm': 1}	1	-69.4375	1
151	Q1076645	Club Med	Club Med	Q90	Paris	Paris	The headquarter of Club Med is in Paris .	Markas besar Club Med ada di Paris.	Markas besar Club Med ada di 	 Kantor pusat Club Med berada di Paris.	 Kantor pusat Club Med berada di 	Paris	['Paris']	{'Paris': 2}	0	-74.8125	1	{'Paris': 1}	1	-68.5625	1
152	Q1360303	University of Kentucky	Universitas Kentucky	Q49241	Lexington	Lexington, Kentucky	The headquarter of University of Kentucky is in Lexington .	Markas besar Universitas Kentucky ada di Lexington, Kentucky.	Markas besar Universitas Kentucky ada di 	 Kantor pusat Universitas Kentucky berada di Lexington.	 Kantor pusat Universitas Kentucky berada di 		['Lexington']	{'Lexington, Kentucky': 1}	1	-80.25	1	{'Lexington, Kentucky': 1}	1	-73.3125	1
153	Q863432	Biman Bangladesh Airlines	Biman Bangladesh Airlines	Q1354	Dhaka	Dhaka	The headquarter of Biman Bangladesh Airlines is in Dhaka .	Markas besar Biman Bangladesh Airlines ada di Dhaka.	Markas besar Biman Bangladesh Airlines ada di 	 Kantor pusat Biman Bangladesh Airlines berada di Dhaka.	 Kantor pusat Biman Bangladesh Airlines berada di 	Dhaka	['Dhaka']	{'Dhaka': 2}	0	-75.375	1	{'Dhaka': 2}	0	-74.25	1
154	Q229058	Indian Space Research Organisation	Indian Space Research Organisation	Q1355	Bengaluru	Bengaluru	The headquarter of Indian Space Research Organisation is in Bengaluru .	Markas besar Indian Space Research Organisation ada di Bengaluru.	Markas besar Indian Space Research Organisation ada di 	 Markas besar Organisasi Penelitian Luar Angkasa India berada di Bengaluru.	 Markas besar Organisasi Penelitian Luar Angkasa India berada di 	Bengaluru	['Bengaluru', 'Bangalore']	{'Bengaluru': 1}	1	-79.3125	1	{'Bengaluru': 1}	1	-117.0	1
155	Q2667719	Aviation Industry Corporation of China	Aviation Industry Corporation of China	Q956	Beijing	Beijing	The headquarter of Aviation Industry Corporation of China is in Beijing .	Markas besar Aviation Industry Corporation of China ada di Beijing.	Markas besar Aviation Industry Corporation of China ada di 	 Kantor pusat Perusahaan Industri Penerbangan Tiongkok berada di Beijing.	 Kantor pusat Perusahaan Industri Penerbangan Tiongkok berada di 	Beijing	['Beijing']	{'Beijing': 1}	1	-85.875	1	{'Beijing': 1}	1	-93.6875	1
156	Q1093383	Citilink	Citilink	Q3630	Jakarta	Jakarta	The headquarter of Citilink is in Jakarta .	Markas besar Citilink ada di Jakarta.	Markas besar Citilink ada di 	 Citilink berkantor pusat di Jakarta.	 Citilink berkantor pusat di 	Jakarta	['Jakarta', 'Daerah Khusus Ibukota Jakarta', 'DKI Jakarta', 'Djakarta', 'Prov. Jakarta', 'Provinsi Jakarta', 'Daerah Khusus Jakarta', 'DKJ']	{'Jakarta': 1}	1	-73.0	1	{'Jakarta': 1}	1	-57.46875	1
157	Q731938	AstraZeneca	AstraZeneca	Q84	London	London	The headquarter of AstraZeneca is in London .	Markas besar AstraZeneca ada di London.	Markas besar AstraZeneca ada di 	 Kantor pusat AstraZeneca berada di London.	 Kantor pusat AstraZeneca berada di 	London	['London']	{'London': 1}	1	-70.1875	1	{'London': 1}	1	-67.1875	1
158	Q495015	Fudan University	Universitas Fudan	Q8686	Shanghai	Shanghai	The headquarter of Fudan University is in Shanghai .	Markas besar Universitas Fudan ada di Shanghai.	Markas besar Universitas Fudan ada di 	 Kantor pusat Universitas Fudan berada di Shanghai.	 Kantor pusat Universitas Fudan berada di 	Shanghai	['Shanghai']	{'Shanghai': 1}	1	-80.75	1	{'Shanghai': 1}	1	-75.75	1
159	Q1191294	BBC Radio	BBC Radio	Q84	London	London	The headquarter of BBC Radio is in London .	Markas besar BBC Radio ada di London.	Markas besar BBC Radio ada di 	 Kantor pusat BBC Radio berada di London.	 Kantor pusat BBC Radio berada di 	London	['London']	{'London': 2}	0	-75.625	1	{'London': 1}	1	-69.9375	1
161	Q489097	Ernst & Young	Ernst & Young	Q84	London	London	The headquarter of Ernst & Young is in London .	Markas besar Ernst & Young ada di London.	Markas besar Ernst & Young ada di 	 Kantor pusat Ernst & Young berada di London.	 Kantor pusat Ernst & Young berada di 	London	['London']	{'London': 1}	1	-71.375	1	{'London': 1}	1	-68.9375	1
162	Q6191707	Jiangsu Broadcasting Corporation	Jiangsu Broadcasting Corporation	Q16666	Nanjing	Nanjing	The headquarter of Jiangsu Broadcasting Corporation is in Nanjing .	Markas besar Jiangsu Broadcasting Corporation ada di Nanjing.	Markas besar Jiangsu Broadcasting Corporation ada di 	 Kantor pusat Jiangsu Broadcasting Corporation berada di Nanjing.	 Kantor pusat Jiangsu Broadcasting Corporation berada di 	Nanjing	['Nanjing']	{'Nanjing': 1}	1	-82.0	1	{'Nanjing': 1}	1	-76.625	1
163	Q244317	FC Pyunik	FC Pyunik	Q1953	Yerevan	Yerevan	The headquarter of FC Pyunik is in Yerevan .	Markas besar FC Pyunik ada di Yerevan.	Markas besar FC Pyunik ada di 	 Markas besar FC Pyunik berada di Yerevan.	 Markas besar FC Pyunik berada di 	Yerevan	['Yerevan']	{'Yerevan': 1}	1	-82.0	1	{'Yerevan': 1}	1	-86.875	1
164	Q2034790	East China Normal University	Universitas Normal Tiongkok Timur	Q8686	Shanghai	Shanghai	The headquarter of East China Normal University is in Shanghai .	Markas besar Universitas Normal Tiongkok Timur ada di Shanghai.	Markas besar Universitas Normal Tiongkok Timur ada di 	 Markas besar Universitas Normal Cina Timur berada di Shanghai.	 Markas besar Universitas Normal Cina Timur berada di 	Shanghai	['Shanghai']	{'Shanghai': 1}	1	-102.0625	1	{'Shanghai': 1}	1	-111.0	1
165	Q2037125	State Street Corporation	State Street Corporation	Q100	Boston	Boston	The headquarter of State Street Corporation is in Boston .	Markas besar State Street Corporation ada di Boston.	Markas besar State Street Corporation ada di 	Kantor pusat State Street Corporation berada di Boston.	Kantor pusat State Street Corporation berada di 	Boston	['Boston']	{'Boston': 1}	1	-73.8125	1	{'Boston': 1}	1	-59.21875	1
166	Q162317	1. FC Lokomotive Leipzig	1. FC Lokomotive Leipzig	Q2079	Leipzig	Leipzig	The headquarter of 1. FC Lokomotive Leipzig is in Leipzig .	Markas besar 1. FC Lokomotive Leipzig ada di Leipzig.	Markas besar 1. FC Lokomotive Leipzig ada di 	 Markas besar 1. FC Lokomotive Leipzig berada di Leipzig.	 Markas besar 1. FC Lokomotive Leipzig berada di 	Leipzig	['Leipzig']	{'Leipzig': 1}	1	-89.3125	1	{'Leipzig': 1}	1	-94.125	1
167	Q18523	Newport County A.F.C.	Newport County A.F.C.	Q101254	Newport	Newport	The headquarter of Newport County A.F.C. is in Newport .	Markas besar Newport County A.F.C. ada di Newport.	Markas besar Newport County A.F.C. ada di 	 Markas besar Newport County AFC berada di Newport.	 Markas besar Newport County AFC berada di 	Newport	['Newport']	{'Newport': 1}	1	-83.0625	1	{'Newport': 1}	1	-89.375	1
168	Q392110	IONIS Education Group	IONIS Education Group	Q90	Paris	Paris	The headquarter of IONIS Education Group is in Paris .	Markas besar IONIS Education Group ada di Paris.	Markas besar IONIS Education Group ada di 	 Kantor pusat IONIS Education Group berada di Paris.	 Kantor pusat IONIS Education Group berada di 	Paris	['Paris']	{'Paris': 3}	0	-87.9375	1	{'Paris': 7}	0	-77.75	0
169	Q188814	Serbian Orthodox Church	Gereja Ortodoks Serbia	Q3711	Belgrade	Beograd	The headquarter of Serbian Orthodox Church is in Belgrade .	Markas besar Gereja Ortodoks Serbia ada di Beograd.	Markas besar Gereja Ortodoks Serbia ada di 	 Markas besar Gereja Ortodoks Serbia berada di Beograd.	 Markas besar Gereja Ortodoks Serbia berada di 	Beograd	['Belgrade']	{'Beograd': 1}	1	-82.6875	1	{'Beograd': 1}	1	-88.9375	1
170	Q1573100	The Manila Times	The Manila Times	Q1461	Manila	Manila	The headquarter of The Manila Times is in Manila .	Markas besar The Manila Times ada di Manila.	Markas besar The Manila Times ada di 	 Kantor pusat The Manila Times berada di Manila.	 Kantor pusat The Manila Times berada di 	Manila	['Manila', 'Mainilak']	{'Manila': 1}	1	-84.125	1	{'Manila': 1}	1	-73.5625	1
171	Q946040	National Party of Australia	Partai Nasional Australia	Q3114	Canberra	Canberra	The headquarter of National Party of Australia is in Canberra .	Markas besar Partai Nasional Australia ada di Canberra.	Markas besar Partai Nasional Australia ada di 	 Markas besar Partai Nasional Australia berada di Canberra.	 Markas besar Partai Nasional Australia berada di 	Canberra	['Canberra']	{'Canberra': 1}	1	-86.0	1	{'Canberra': 1}	1	-88.8125	1
172	Q6395001	Keshavarz F.C.	Keshavarz F.C.	Q3616	Tehran	Teheran	The headquarter of Keshavarz F.C. is in Tehran .	Markas besar Keshavarz F.C. ada di Teheran.	Markas besar Keshavarz F.C. ada di 	 Markas besar Keshavarz FC berada di Teheran.	 Markas besar Keshavarz FC berada di 	Teheran	['Tehran']	{'Teheran': 14}	0	-92.0	0	{'Teheran': 1}	1	-92.875	1
174	Q42262	European Space Agency	European Space Agency	Q90	Paris	Paris	The headquarter of European Space Agency is in Paris .	Markas besar European Space Agency ada di Paris.	Markas besar European Space Agency ada di 	 Markas besar Badan Antariksa Eropa berada di Paris.	 Markas besar Badan Antariksa Eropa berada di 	Paris	['Paris']	{'Paris': 1}	1	-77.5	1	{'Paris': 1}	1	-100.3125	1
175	Q2061821	Supermarine	Supermarine	Q79848	Southampton	Southampton	The headquarter of Supermarine is in Southampton .	Markas besar Supermarine ada di Southampton.	Markas besar Supermarine ada di 	 Kantor pusat Supermarine berada di Southampton.	 Kantor pusat Supermarine berada di 	Southampton	['Southampton']	{'Southampton': 1}	1	-81.0	1	{'Southampton': 1}	1	-77.5625	1
176	Q2129100	Maccabi Haifa F.C.	Maccabi Haifa F.C.	Q41621	Haifa	Haifa	The headquarter of Maccabi Haifa F.C. is in Haifa .	Markas besar Maccabi Haifa F.C. ada di Haifa.	Markas besar Maccabi Haifa F.C. ada di 	 Markas besar Maccabi Haifa FC berada di Haifa.	 Markas besar Maccabi Haifa FC berada di 	Haifa	['Haifa']	{'Haifa': 1}	1	-82.3125	1	{'Haifa': 1}	1	-87.25	1
177	Q193701	SpaceX	SpaceX	Q688596	Hawthorne	Hawthorne	The headquarter of SpaceX is in Hawthorne .	Markas besar SpaceX ada di Hawthorne.	Markas besar SpaceX ada di 	 Kantor pusat SpaceX berada di Hawthorne.	 Kantor pusat SpaceX berada di 	Hawthorne	['Hawthorne']	{'Hawthorne': 2}	0	-67.4375	1	{'Hawthorne': 1}	1	-70.5625	1
180	Q714335	BenQ	BenQ	Q1867	Taipei	Kota Taipei	The headquarter of BenQ is in Taipei .	Markas besar BenQ ada di Kota Taipei.	Markas besar BenQ ada di 	 Kantor pusat BenQ berada di Taipei.	 	Kantor pusat BenQ berada di Taipei	['Taipei']	{'Kota Taipei': 34, 'Kantor pusat BenQ berada di Taipei': 49}	0	-83.125	0	{'Kota Taipei': 49, 'Kantor pusat BenQ berada di Taipei': 52}	0	-11.25	0
181	Q1054124	Centralwings	Centralwings	Q270	Warsaw	Warsawa	The headquarter of Centralwings is in Warsaw .	Markas besar Centralwings ada di Warsawa.	Markas besar Centralwings ada di 	 Kantor pusat Centralwings berada di Warsawa.	 Kantor pusat Centralwings berada di 	Warsawa	['Warsaw']	{'Warsawa': 36}	0	-82.625	0	{'Warsawa': 28}	0	-82.6875	0
182	Q1069502	Chivas Regal	Chivas Regal	Q36405	Aberdeen	Aberdeen	The headquarter of Chivas Regal is in Aberdeen .	Markas besar Chivas Regal ada di Aberdeen.	Markas besar Chivas Regal ada di 	Kantor pusat Chivas Regal berada di Aberdeen.	Kantor pusat Chivas Regal berada di 	Aberdeen	['Aberdeen']	{'Aberdeen': 5}	0	-77.4375	0	{'Aberdeen': 7}	0	-57.75	0
184	Q208371	Lyndon B. Johnson Space Center	Lyndon B. Johnson Space Center	Q16555	Houston	Houston	The headquarter of Lyndon B. Johnson Space Center is in Houston .	Markas besar Lyndon B. Johnson Space Center ada di Houston.	Markas besar Lyndon B. Johnson Space Center ada di 	 Markas besar Pusat Luar Angkasa Lyndon B. Johnson berada di Houston.	 Markas besar Pusat Luar Angkasa Lyndon B. Johnson berada di 	Houston	['Houston', 'Houston, Texas', 'Space City', 'H-Town', 'USHOU', 'Kota Houston']	{'Houston': 1}	1	-83.25	1	{'Houston': 1}	1	-110.25	1
185	Q909076	Georgian Airways	Georgian Airways	Q994	Tbilisi	Tbilisi	The headquarter of Georgian Airways is in Tbilisi .	Markas besar Georgian Airways ada di Tbilisi.	Markas besar Georgian Airways ada di 	 Kantor pusat Georgian Airways berada di Tbilisi.	 Kantor pusat Georgian Airways berada di 	Tbilisi	['Tbilisi', 'Tbilisi, Georgia']	{'Tbilisi': 1}	1	-76.625	1	{'Tbilisi': 1}	1	-82.125	1
186	Q503473	University of Geneva	Universitas Jenewa	Q71	Geneva	Jenewa	The headquarter of University of Geneva is in Geneva .	Markas besar Universitas Jenewa ada di Jenewa.	Markas besar Universitas Jenewa ada di 	 Kantor pusat Universitas Jenewa berada di Jenewa.	 Kantor pusat Universitas Jenewa berada di 	Jenewa	['Geneva']	{'Jenewa': 1}	1	-81.375	1	{'Jenewa': 1}	1	-75.4375	1
188	Q1355823	FTSE Group	FTSE	Q84	London	London	The headquarter of FTSE Group is in London .	Markas besar FTSE ada di London.	Markas besar FTSE ada di 	 Kantor pusat FTSE Group berada di London.	 Kantor pusat FTSE Group berada di 	London	['London']	{'London': 1}	1	-75.9375	1	{'London': 1}	1	-76.0	1
189	Q686441	Nahdlatul Ulama	Nahdlatul Ulama	Q3630	Jakarta	Jakarta	The headquarter of Nahdlatul Ulama is in Jakarta .	Markas besar Nahdlatul Ulama ada di Jakarta.	Markas besar Nahdlatul Ulama ada di 	 Nahdlatul Ulama bermarkas di Jakarta.	 Nahdlatul Ulama bermarkas di 	Jakarta	['Jakarta', 'Daerah Khusus Ibukota Jakarta', 'DKI Jakarta', 'Djakarta', 'Prov. Jakarta', 'Provinsi Jakarta', 'Daerah Khusus Jakarta', 'DKJ']	{'Jakarta': 1}	1	-79.875	1	{'Jakarta': 1}	1	-56.5	1
190	Q83389	Turkish Radio and Television Corporation	Türkiye Radyo ve Televizyon Kurumu	Q3640	Ankara	Ankara	The headquarter of Turkish Radio and Television Corporation is in Ankara .	Markas besar Türkiye Radyo ve Televizyon Kurumu ada di Ankara.	Markas besar Türkiye Radyo ve Televizyon Kurumu ada di 	 Kantor pusat Perusahaan Radio dan Televisi Turki berada di Ankara.	 Kantor pusat Perusahaan Radio dan Televisi Turki berada di 	Ankara	['Ankara']	{'Ankara': 1}	1	-94.625	1	{'Ankara': 1}	1	-92.875	1
191	Q131479	Dominican Order	Dominikan	Q220	Rome	Roma	The headquarter of Dominican Order is in Rome .	Markas besar Dominikan ada di Roma.	Markas besar Dominikan ada di 	 Markas besar Ordo Dominikan berada di Roma.	 Markas besar Ordo Dominikan berada di 	Roma	['Rome']	{'Roma': 9}	0	-79.125	0	{'Roma': 1}	1	-92.25	1
192	Q641691	League of Communists of Yugoslavia	Liga Komunis Yugoslavia	Q3711	Belgrade	Beograd	The headquarter of League of Communists of Yugoslavia is in Belgrade .	Markas besar Liga Komunis Yugoslavia ada di Beograd.	Markas besar Liga Komunis Yugoslavia ada di 	 Markas besar Liga Komunis Yugoslavia berada di Beograd.	 Markas besar Liga Komunis Yugoslavia berada di 	Beograd	['Belgrade']	{'Beograd': 1}	1	-95.5625	1	{'Beograd': 1}	1	-93.625	1
193	Q650745	Mitsubishi Corporation	Mitsubishi Corporation	Q1490	Tokyo	Tokyo	The headquarter of Mitsubishi Corporation is in Tokyo .	Markas besar Mitsubishi Corporation ada di Tokyo.	Markas besar Mitsubishi Corporation ada di 	 Kantor pusat Mitsubishi Corporation berada di Tokyo.	 Kantor pusat Mitsubishi Corporation berada di 	Tokyo	['Tokyo', 'Prefektur Tokyo']	{'Tokyo': 1}	1	-76.0	1	{'Tokyo': 1}	1	-70.6875	1
194	Q35339	WWE	WWE	Q49169	Stamford	Stamford	The headquarter of WWE is in Stamford .	Markas besar WWE ada di Stamford.	Markas besar WWE ada di 	 Markas besar WWE berada di Stamford.	 Markas besar WWE berada di 	Stamford	['Stamford']	{'Stamford': 1}	1	-71.9375	1	{'Stamford': 1}	1	-83.625	1
195	Q583725	Centers for Disease Control and Prevention	Pusat Pengendalian dan Pencegahan Penyakit	Q23556	Atlanta	Atlanta	The headquarter of Centers for Disease Control and Prevention is in Atlanta .	Markas besar Pusat Pengendalian dan Pencegahan Penyakit ada di Atlanta.	Markas besar Pusat Pengendalian dan Pencegahan Penyakit ada di 	 Kantor pusat Pusat Pengendalian dan Pencegahan Penyakit berada di Atlanta.	 Kantor pusat Pusat Pengendalian dan Pencegahan Penyakit berada di 	Atlanta	['Atlanta']	{'Atlanta': 9}	0	-89.25	0	{'Atlanta': 6}	0	-93.375	0
196	Q504715	Cirque du Soleil	Cirque du Soleil	Q340	Montreal	Montreal	The headquarter of Cirque du Soleil is in Montreal .	Markas besar Cirque du Soleil ada di Montreal.	Markas besar Cirque du Soleil ada di 	 Markas besar Cirque du Soleil berada di Montreal.	 Markas besar Cirque du Soleil berada di 	Montreal	['Montreal']	{'Montreal': 2}	0	-71.8125	1	{'Montreal': 1}	1	-78.5625	1
197	Q2568777	Wien-Film	Wien-Film	Q1741	Vienna	Wina	The headquarter of Wien-Film is in Vienna .	Markas besar Wien-Film ada di Wina.	Markas besar Wien-Film ada di 	 Kantor pusat Wien-Film berada di Wina.	 Kantor pusat Wien-Film berada di 	Wina	['Vienna']	{'Wina': 1}	1	-88.6875	1	{'Wina': 2}	0	-85.0	1
198	Q201492	McGill University	Universitas McGill	Q340	Montreal	Montreal	The headquarter of McGill University is in Montreal .	Markas besar Universitas McGill ada di Montreal.	Markas besar Universitas McGill ada di 	Kantor pusat Universitas McGill berada di Montreal.	Kantor pusat Universitas McGill berada di 	Montreal	['Montreal']	{'Montreal': 1}	1	-78.3125	1	{'Montreal': 1}	1	-58.625	1
199	Q2280893	Radio and Television of Bosnia and Herzegovina	Radio dan Televisi Bosnia dan Herzegovina	Q11194	Sarajevo	Sarajevo	The headquarter of Radio and Television of Bosnia and Herzegovina is in Sarajevo .	Markas besar Radio dan Televisi Bosnia dan Herzegovina ada di Sarajevo.	Markas besar Radio dan Televisi Bosnia dan Herzegovina ada di 	 Markas besar Radio dan Televisi Bosnia dan Herzegovina berada di Sarajevo.	 Markas besar Radio dan Televisi Bosnia dan Herzegovina berada di 	Sarajevo	['Sarajevo']	{'Sarajevo': 1}	1	-93.25	1	{'Sarajevo': 1}	1	-93.125	1
200	Q5395348	Eros International	Eros International	Q1156	Mumbai	Mumbai	The headquarter of Eros International is in Mumbai .	Markas besar Eros International ada di Mumbai.	Markas besar Eros International ada di 	 Kantor pusat Eros International berada di Mumbai.	 Kantor pusat Eros International berada di 	Mumbai	['Mumbai']	{'Mumbai': 1}	1	-81.5	1	{'Mumbai': 1}	1	-73.5	1
201	Q1659456	ISG Business School	ISG Business School	Q90	Paris	Paris	The headquarter of ISG Business School is in Paris .	Markas besar ISG Business School ada di Paris.	Markas besar ISG Business School ada di 	 Kantor pusat Sekolah Bisnis ISG berada di Paris.	 Kantor pusat Sekolah Bisnis ISG berada di 	Paris	['Paris']	{'Paris': 3}	0	-87.3125	1	{'Paris': 13}	0	-84.875	0
202	Q219563	University of Washington	Universitas Washington	Q5083	Seattle	Seattle	The headquarter of University of Washington is in Seattle .	Markas besar Universitas Washington ada di Seattle.	Markas besar Universitas Washington ada di 	 Markas besar Universitas Washington berada di Seattle.	 Markas besar Universitas Washington berada di 	Seattle	['Seattle', 'New York Alki', 'Duwamps']	{'Seattle': 1}	1	-81.625	1	{'Seattle': 1}	1	-85.1875	1
203	Q52618	Ericsson	Ericsson	Q1754	Stockholm	Stockholm	The headquarter of Ericsson is in Stockholm .	Markas besar Ericsson ada di Stockholm.	Markas besar Ericsson ada di 	 Kantor pusat Ericsson berada di Stockholm.	 Kantor pusat Ericsson berada di 	Stockholm	['Stockholm']	{'Stockholm': 4}	0	-75.5625	0	{'Stockholm': 1}	1	-69.5	1
204	Q19571	Brentford F.C.	Brentford F.C.	Q84	London	London	The headquarter of Brentford F.C. is in London .	Markas besar Brentford F.C. ada di London.	Markas besar Brentford F.C. ada di 	 Markas besar Brentford FC berada di London.	 Markas besar Brentford FC berada di 	London	['London']	{'London': 1}	1	-81.875	1	{'London': 1}	1	-88.5	1
206	Q157828	Holstein Kiel	Holstein Kiel	Q1707	Kiel	Kiel	The headquarter of Holstein Kiel is in Kiel .	Markas besar Holstein Kiel ada di Kiel.	Markas besar Holstein Kiel ada di 	 Kantor pusat Holstein Kiel berada di Kiel.	 Kantor pusat Holstein Kiel berada di 	Kiel	['Kiel']	{'Kiel': 1}	1	-79.25	1	{'Kiel': 1}	1	-73.3125	1
207	Q718194	PDVSA	PDVSA	Q1533	Caracas	Caracas	The headquarter of PDVSA is in Caracas .	Markas besar PDVSA ada di Caracas.	Markas besar PDVSA ada di 	 Markas besar PDVSA berada di Caracas.	 Markas besar PDVSA berada di 	Caracas	['Caracas']	{'Caracas': 1}	1	-74.625	1	{'Caracas': 1}	1	-84.5	1
208	Q656812	Office of the High Commissioner for Human Rights	Kantor Komisaris Tinggi PBB untuk Hak Asasi Manusia	Q71	Geneva	Jenewa	The headquarter of Office of the High Commissioner for Human Rights is in Geneva .	Markas besar Kantor Komisaris Tinggi PBB untuk Hak Asasi Manusia ada di Jenewa.	Markas besar Kantor Komisaris Tinggi PBB untuk Hak Asasi Manusia ada di 	 Markas besar Kantor Komisaris Tinggi untuk Hak Asasi Manusia berada di Jenewa.	 Markas besar Kantor Komisaris Tinggi untuk Hak Asasi Manusia berada di 	Jenewa	['Geneva']	{'Jenewa': 1}	1	-119.5625	1	{'Jenewa': 2}	0	-118.3125	1
209	Q221602	AIK Fotboll	AIK Fotboll	Q1754	Stockholm	Stockholm	The headquarter of AIK Fotboll is in Stockholm .	Markas besar AIK Fotboll ada di Stockholm.	Markas besar AIK Fotboll ada di 	 Kantor pusat AIK Fotboll berada di Stockholm.	 Kantor pusat AIK Fotboll berada di 	Stockholm	['Stockholm']	{'Stockholm': 1}	1	-85.4375	1	{'Stockholm': 1}	1	-85.1875	1
210	Q1186355	People's Democratic Party of Afghanistan	Partai Demokrasi Rakyat Afganistan	Q5838	Kabul	Kabul, Afganistan	The headquarter of People's Democratic Party of Afghanistan is in Kabul .	Markas besar Partai Demokrasi Rakyat Afganistan ada di Kabul, Afganistan.	Markas besar Partai Demokrasi Rakyat Afganistan ada di 	 Markas besar Partai Demokratik Rakyat Afghanistan berada di Kabul.	 Markas besar Partai Demokratik Rakyat Afghanistan berada di 		['Kabul']	{'Kabul, Afganistan': 1}	1	-97.6875	1	{'Kabul, Afganistan': 1}	1	-98.75	1
211	Q1936057	Mimar Sinan Fine Arts University	Universitas Seni Rupa Murni Mimar Sinan	Q406	Istanbul	Istanbul	The headquarter of Mimar Sinan Fine Arts University is in Istanbul .	Markas besar Universitas Seni Rupa Murni Mimar Sinan ada di Istanbul.	Markas besar Universitas Seni Rupa Murni Mimar Sinan ada di 	 Kantor pusat Universitas Seni Rupa Mimar Sinan berada di Istanbul.	 Kantor pusat Universitas Seni Rupa Mimar Sinan berada di 	Istanbul	['Istanbul', 'Konstantinopel']	{'Istanbul': 1}	1	-120.5625	1	{'Istanbul': 1}	1	-104.75	1
212	Q205995	Caribbean Community Secretariat	Komunitas Karibia	Q10717	Georgetown	Georgetown	The headquarter of Caribbean Community Secretariat is in Georgetown .	Markas besar Komunitas Karibia ada di Georgetown.	Markas besar Komunitas Karibia ada di 	 Kantor pusat Sekretariat Komunitas Karibia berada di Georgetown.	 Kantor pusat Sekretariat Komunitas Karibia berada di 	Georgetown	['Georgetown']	{'Georgetown': 24}	0	-90.875	0	{'Georgetown': 12}	0	-88.9375	0
213	Q1516450	Liberty Mutual	Liberty Mutual	Q100	Boston	Boston	The headquarter of Liberty Mutual is in Boston .	Markas besar Liberty Mutual ada di Boston.	Markas besar Liberty Mutual ada di 	 Kantor pusat Liberty Mutual berada di Boston.	 Kantor pusat Liberty Mutual berada di 	Boston	['Boston']	{'Boston': 1}	1	-74.75	1	{'Boston': 1}	1	-68.75	1
214	Q20716	Samsung	Samsung	Q8684	Seoul	Seoul	The headquarter of Samsung is in Seoul .	Markas besar Samsung ada di Seoul.	Markas besar Samsung ada di 	Kantor pusat Samsung berada di Seoul.	Kantor pusat Samsung berada di 	Seoul	['Seoul']	{'Seoul': 2}	0	-71.75	1	{'Seoul': 1}	1	-51.40625	1
215	Q247132	Oratory of Saint Philip Neri	Serikat Oratorian Neri	Q220	Rome	Roma	The headquarter of Oratory of Saint Philip Neri is in Rome .	Markas besar Serikat Oratorian Neri ada di Roma.	Markas besar Serikat Oratorian Neri ada di 	 Markas besar Oratorium Santo Philip Neri berada di Roma.	 Markas besar Oratorium Santo Philip Neri berada di 	Roma	['Rome']	{'Roma': 1}	1	-118.3125	1	{'Roma': 1}	1	-116.3125	1
216	Q464996	Nortel	Nortel	Q172	Toronto	Toronto	The headquarter of Nortel is in Toronto .	Markas besar Nortel ada di Toronto.	Markas besar Nortel ada di 	 Kantor pusat Nortel berada di Toronto.	 Kantor pusat Nortel berada di 	Toronto	['Toronto', 'The Six', 'The 416', 'Hogtown']	{'Toronto': 2}	0	-77.125	1	{'Toronto': 1}	1	-76.4375	1
217	Q35919	Lexus	Lexus	Q11751	Nagoya	Nagoya	The headquarter of Lexus is in Nagoya .	Markas besar Lexus ada di Nagoya.	Markas besar Lexus ada di 	 Kantor pusat Lexus berada di Nagoya.	 Kantor pusat Lexus berada di 	Nagoya	['Nagoya']	{'Nagoya': 1}	1	-74.0625	1	{'Nagoya': 3}	0	-70.4375	1
218	Q407478	Air Macau	Air Macau	Q14773	Macau	Makau	The headquarter of Air Macau is in Macau .	Markas besar Air Macau ada di Makau.	Markas besar Air Macau ada di 	 Kantor pusat Air Macau berada di Makau.	 Kantor pusat Air Macau berada di 	Makau	['Macau', 'Macau', 'Makao', 'Macao']	{'Makau': 2}	0	-77.875	1	{'Makau': 1}	1	-75.3125	1
219	Q2043935	The Weather Channel	The Weather Channel	Q23556	Atlanta	Atlanta	The headquarter of The Weather Channel is in Atlanta .	Markas besar The Weather Channel ada di Atlanta.	Markas besar The Weather Channel ada di 	 Kantor pusat The Weather Channel berada di Atlanta.	 Kantor pusat The Weather Channel berada di 	Atlanta	['Atlanta']	{'Atlanta': 4}	0	-76.0625	0	{'Atlanta': 1}	1	-74.0	1
220	Q7300763	Reaktion Books	Reaktion Books	Q84	London	London	The headquarter of Reaktion Books is in London .	Markas besar Reaktion Books ada di London.	Markas besar Reaktion Books ada di 	 Kantor pusat Reaktion Books berada di London.	 Kantor pusat Reaktion Books berada di 	London	['London']	{'London': 1}	1	-81.1875	1	{'London': 1}	1	-83.5625	1
222	Q99633	Berliner Verkehrsbetriebe	Berliner Verkehrsbetriebe	Q64	Berlin	Berlin	The headquarter of Berliner Verkehrsbetriebe is in Berlin .	Markas besar Berliner Verkehrsbetriebe ada di Berlin.	Markas besar Berliner Verkehrsbetriebe ada di 	 Kantor pusat Berliner Verkehrsbetriebe berada di Berlin.	 Kantor pusat Berliner Verkehrsbetriebe berada di 	Berlin	['Berlin', 'Berlin, Jerman', 'Berlin (Jerman)']	{'Berlin': 1}	1	-79.6875	1	{'Berlin': 1}	1	-77.6875	1
223	Q19607	Sheffield United F.C.	Sheffield United F.C.	Q42448	Sheffield	Sheffield	The headquarter of Sheffield United F.C. is in Sheffield .	Markas besar Sheffield United F.C. ada di Sheffield.	Markas besar Sheffield United F.C. ada di 	 Markas besar Sheffield United FC berada di Sheffield.	 Markas besar Sheffield United FC berada di 	Sheffield	['Sheffield']	{'Sheffield': 1}	1	-81.5	1	{'Sheffield': 1}	1	-84.3125	1
224	Q1443487	Zamboni Company	Zamboni Company	Q927134	Paramount	Paramount	The headquarter of Zamboni Company is in Paramount .	Markas besar Zamboni Company ada di Paramount.	Markas besar Zamboni Company ada di 	 Kantor pusat Perusahaan Zamboni berada di Paramount.	 Kantor pusat Perusahaan Zamboni berada di 	Paramount	['Paramount']	{'Paramount': 14}	0	-85.5625	0	{'Paramount': 35}	0	-83.6875	0
225	Q894558	Boston Beer Company	samuel adams	Q100	Boston	Boston	The headquarter of Boston Beer Company is in Boston .	Markas besar samuel adams ada di Boston.	Markas besar samuel adams ada di 	 Kantor pusat Boston Beer Company berada di Boston.	 Kantor pusat Boston Beer Company berada di 	Boston	['Boston']	{'Boston': 1}	1	-76.6875	1	{'Boston': 1}	1	-72.625	1
226	Q689400	TU Wien	Universitas Teknologi Wina	Q1741	Vienna	Wina	The headquarter of TU Wien is in Vienna .	Markas besar Universitas Teknologi Wina ada di Wina.	Markas besar Universitas Teknologi Wina ada di 	 Kantor pusat TU Wien berada di Wina.	 Kantor pusat TU Wien berada di 	Wina	['Vienna']	{'Wina': 1}	1	-90.25	1	{'Wina': 1}	1	-77.25	1
227	Q871700	United Airlines Holdings	United Continental Holdings	Q1297	Chicago	Chicago	The headquarter of United Airlines Holdings is in Chicago .	Markas besar United Continental Holdings ada di Chicago.	Markas besar United Continental Holdings ada di 	 Kantor pusat United Airlines Holdings berada di Chicago.	 Kantor pusat United Airlines Holdings berada di 	Chicago	['Chicago', 'The Queen of the West', 'The Second City', 'The Windy City', 'Chicago, Illinois', 'City of Broad Shoulders']	{'Chicago': 1}	1	-81.125	1	{'Chicago': 1}	1	-75.4375	1
229	Q169327	Al Ansar FC	Al Ansar FC	Q3820	Beirut	Beirut	The headquarter of Al Ansar FC is in Beirut .	Markas besar Al Ansar FC ada di Beirut.	Markas besar Al Ansar FC ada di 	 Markas besar Al Ansar FC berada di Beirut.	 Markas besar Al Ansar FC berada di 	Beirut	['Beirut']	{'Beirut': 6}	0	-85.5625	0	{'Beirut': 2}	0	-91.5625	1
230	Q2376711	Sysco	Sysco Corporation	Q16555	Houston	Houston	The headquarter of Sysco is in Houston .	Markas besar Sysco Corporation ada di Houston.	Markas besar Sysco Corporation ada di 	 Kantor pusat Sysco berada di Houston.	 Kantor pusat Sysco berada di 	Houston	['Houston', 'Houston, Texas', 'Space City', 'H-Town', 'USHOU', 'Kota Houston']	{'Houston': 3}	0	-82.3125	1	{'Houston': 11}	0	-79.4375	0
231	Q814738	Beijing Guoan F.C.	Beijing Guoan F.C.	Q956	Beijing	Beijing	The headquarter of Beijing Guoan F.C. is in Beijing .	Markas besar Beijing Guoan F.C. ada di Beijing.	Markas besar Beijing Guoan F.C. ada di 	 Markas besar Beijing Guoan FC berada di Beijing.	 Markas besar Beijing Guoan FC berada di 	Beijing	['Beijing']	{'Beijing': 1}	1	-83.0	1	{'Beijing': 1}	1	-89.875	1
233	Q662824	Telespazio	Telespazio	Q220	Rome	Roma	The headquarter of Telespazio is in Rome .	Markas besar Telespazio ada di Roma.	Markas besar Telespazio ada di 	 Kantor pusat Telespazio berada di Roma.	 Kantor pusat Telespazio berada di 	Roma	['Rome']	{'Roma': 3}	0	-86.75	1	{'Roma': 1}	1	-83.5	1
234	Q157744	Communist Party of Indonesia	Partai Komunis Indonesia	Q3630	Jakarta	Jakarta	The headquarter of Communist Party of Indonesia is in Jakarta .	Markas besar Partai Komunis Indonesia ada di Jakarta.	Markas besar Partai Komunis Indonesia ada di 	 Markas besar Partai Komunis Indonesia berada di Jakarta.	 Markas besar Partai Komunis Indonesia berada di 	Jakarta	['Jakarta', 'Daerah Khusus Ibukota Jakarta', 'DKI Jakarta', 'Djakarta', 'Prov. Jakarta', 'Provinsi Jakarta', 'Daerah Khusus Jakarta', 'DKJ']	{'Jakarta': 1}	1	-79.1875	1	{'Jakarta': 1}	1	-84.1875	1
235	Q366550	RTV Studio B	RTV Studio B	Q3711	Belgrade	Beograd	The headquarter of RTV Studio B is in Belgrade .	Markas besar RTV Studio B ada di Beograd.	Markas besar RTV Studio B ada di 	 Kantor pusat RTV Studio B berada di Beograd.	 Kantor pusat RTV Studio B berada di 	Beograd	['Belgrade']	{'Beograd': 3}	0	-96.0	1	{'Beograd': 3}	0	-88.1875	1
236	Q249612	Club Sport Emelec	Club Sport Emelec	Q736	Ecuador	Ekuador	The headquarter of Club Sport Emelec is in Ecuador .	Markas besar Club Sport Emelec ada di Ekuador.	Markas besar Club Sport Emelec ada di 	 Markas besar Klub Sport Emelec berada di Ekuador.	 Markas besar Klub Sport Emelec berada di 	Ekuador	['Ecuador', 'Republik Ekuador', 'ECU', 'EC', 'ecu', 'ec']	{'Ekuador': 13}	0	-96.5625	0	{'Ekuador': 8}	0	-105.125	0
237	Q1054844	Taito Corporation	Taito	Q1490	Tokyo	Tokyo	The headquarter of Taito Corporation is in Tokyo .	Markas besar Taito ada di Tokyo.	Markas besar Taito ada di 	 Kantor pusat Taito Corporation berada di Tokyo.	 Kantor pusat Taito Corporation berada di 	Tokyo	['Tokyo', 'Prefektur Tokyo']	{'Tokyo': 1}	1	-77.375	1	{'Tokyo': 1}	1	-72.75	1
238	Q1129925	Pontifical Catholic University of Chile	Universitas Kepausan Katolik Chili	Q2887	Santiago	Santiago de Chile	The headquarter of Pontifical Catholic University of Chile is in Santiago .	Markas besar Universitas Kepausan Katolik Chili ada di Santiago de Chile.	Markas besar Universitas Kepausan Katolik Chili ada di 	 Kantor pusat Universitas Kepausan Katolik Cile berada di Santiago.	 Kantor pusat Universitas Kepausan Katolik Cile berada di 		['Santiago', 'Santiago, Chile']	{'Santiago de Chile': 1}	1	-99.4375	1	{'Santiago de Chile': 38}	0	-103.25	0
239	Q2208825	Uranium One	Uranium One	Q172	Toronto	Toronto	The headquarter of Uranium One is in Toronto .	Markas besar Uranium One ada di Toronto.	Markas besar Uranium One ada di 	 Kantor pusat Uranium One berada di Toronto.	 Kantor pusat Uranium One berada di 	Toronto	['Toronto', 'The Six', 'The 416', 'Hogtown']	{'Toronto': 2}	0	-83.625	1	{'Toronto': 1}	1	-74.4375	1
240	Q41675	Guinness World Records	Guinness World Records	Q84	London	London	The headquarter of Guinness World Records is in London .	Markas besar Guinness World Records ada di London.	Markas besar Guinness World Records ada di 	 Markas besar Guinness World Records berada di London.	 Markas besar Guinness World Records berada di 	London	['London']	{'London': 1}	1	-71.5625	1	{'London': 1}	1	-85.0625	1
241	Q13227919	Tata Consultancy Services	Tata Consultancy Services	Q1156	Mumbai	Mumbai	The headquarter of Tata Consultancy Services is in Mumbai .	Markas besar Tata Consultancy Services ada di Mumbai.	Markas besar Tata Consultancy Services ada di 	 Kantor pusat Tata Consultancy Services berada di Mumbai.	 Kantor pusat Tata Consultancy Services berada di 	Mumbai	['Mumbai']	{'Mumbai': 1}	1	-84.125	1	{'Mumbai': 2}	0	-72.9375	1
242	Q344334	Istanbul Technical University	Universitas Teknik Istanbul	Q406	Istanbul	Istanbul	The headquarter of Istanbul Technical University is in Istanbul .	Markas besar Universitas Teknik Istanbul ada di Istanbul.	Markas besar Universitas Teknik Istanbul ada di 	 Kantor pusat Universitas Teknik Istanbul berada di Istanbul.	 Kantor pusat Universitas Teknik Istanbul berada di 	Istanbul	['Istanbul', 'Konstantinopel']	{'Istanbul': 1}	1	-88.625	1	{'Istanbul': 1}	1	-84.6875	1
243	Q102178	FIDE	FIDE	Q1524	Athens	Athena	The headquarter of FIDE is in Athens .	Markas besar FIDE ada di Athena.	Markas besar FIDE ada di 	 Markas besar FIDE berada di Athena.	 Markas besar FIDE berada di 	Athena	['Athens']	{'Athena': 11}	0	-75.25	0	{'Athena': 6}	0	-79.0625	0
244	Q54801	Politics Can Be Different	Lehet Más a Politika	Q1781	Budapest	Budapest	The headquarter of Politics Can Be Different is in Budapest .	Markas besar Lehet Más a Politika ada di Budapest.	Markas besar Lehet Más a Politika ada di 	 Kantor pusat Politics Can Be Different berada di Budapest.	 Kantor pusat Politics Can Be Different berada di 	Budapest	['Budapest', 'Budapes']	{'Budapest': 2}	0	-109.375	1	{'Budapest': 15}	0	-90.125	0
246	Q1428793	Sud Aviation	Sud Aviation	Q7880	Toulouse	Toulouse	The headquarter of Sud Aviation is in Toulouse .	Markas besar Sud Aviation ada di Toulouse.	Markas besar Sud Aviation ada di 	 Kantor pusat Sud Aviation berada di Toulouse.	 Kantor pusat Sud Aviation berada di 	Toulouse	['Toulouse']	{'Toulouse': 2}	0	-86.0625	1	{'Toulouse': 2}	0	-92.0	1
247	Q1048192	New Zealand Labour Party	Partai Buruh	Q23661	Wellington	Wellington	The headquarter of New Zealand Labour Party is in Wellington .	Markas besar Partai Buruh ada di Wellington.	Markas besar Partai Buruh ada di 	 Markas besar Partai Buruh Selandia Baru berada di Wellington.	 Markas besar Partai Buruh Selandia Baru berada di 	Wellington	['Wellington']	{'Wellington': 10}	0	-78.0	0	{'Wellington': 1}	1	-96.3125	1
248	Q494158	SK Group	SK Group	Q8684	Seoul	Seoul	The headquarter of SK Group is in Seoul .	Markas besar SK Group ada di Seoul.	Markas besar SK Group ada di 	 Kantor pusat SK Group berada di Seoul.	 Kantor pusat SK Group berada di 	Seoul	['Seoul']	{'Seoul': 1}	1	-77.375	1	{'Seoul': 1}	1	-76.6875	1
249	Q5207215	Da Capo Press	Da Capo Press	Q100	Boston	Boston	The headquarter of Da Capo Press is in Boston .	Markas besar Da Capo Press ada di Boston.	Markas besar Da Capo Press ada di 	Kantor pusat Da Capo Press berada di Boston.	Kantor pusat Da Capo Press berada di 	Boston	['Boston']	{'Boston': 2}	0	-82.25	1	{'Boston': 1}	1	-70.375	1
