	sub_uri	en_sub_label	sub_label	obj_uri	en_obj_label	obj_label	en_template	template	template_prompt	gt_translation	gt_prompt	gt_infl_object	aliases	template_true_ranks	template_top1_correct	template_prompt_prob	template_top3_correct	gt_true_ranks	gt_top1_correct	gt_prompt_prob	gt_top3_correct
0	Q19837	Steve Jobs	Steve Jobs	Q312	Apple Inc.	Apple Inc.	Steve Jobs works for Apple Inc. .	Steve Jobs bekerja untuk Apple Inc..	Steve Jobs bekerja untuk 	 Steve Jobs bekerja untuk Apple Inc.	 Steve Jobs bekerja untuk 	Apple Inc.	['Apple', 'Apple Komputer', 'apple']	{'Apple Inc.': 2}	0	-49.59375	1	{'Apple Inc.': 2}	0	-58.4375	1
1	Q483382	Steve Wozniak	Steve Wozniak	Q312	Apple Inc.	Apple Inc.	Steve Wozniak works for Apple Inc. .	Steve Wozniak bekerja untuk Apple Inc..	Steve Wozniak bekerja untuk 	 Steve Wozniak bekerja untuk Apple Inc.	 Steve Wozniak bekerja untuk 	Apple Inc.	['Apple', 'Apple Komputer', 'apple']	{'Apple Inc.': 3}	0	-47.0625	1	{'Apple Inc.': 2}	0	-52.4375	1
2	Q162005	Paul G. Allen	Paul Allen	Q2283	Microsoft	Microsoft	Paul G. Allen works for Microsoft .	Paul Allen bekerja untuk Microsoft.	Paul Allen bekerja untuk 	 Paul G. Allen bekerja untuk Microsoft.	 Paul G. Allen bekerja untuk 	Microsoft	['Microsoft']	{'Microsoft': 1}	1	-54.1875	1	{'Microsoft': 1}	1	-67.125	1
3	Q7426870	Satya Nadella	Satya Nadella	Q2283	Microsoft	Microsoft	Satya Nadella works for Microsoft .	Satya Nadella bekerja untuk Microsoft.	Satya Nadella bekerja untuk 	 Satya Nadella bekerja untuk Microsoft.	 Satya Nadella bekerja untuk 	Microsoft	['Microsoft']	{'Microsoft': 1}	1	-54.6875	1	{'Microsoft': 1}	1	-58.46875	1
4	Q5284	Bill Gates	Bill Gates	Q2283	Microsoft	Microsoft	Bill Gates works for Microsoft .	Bill Gates bekerja untuk Microsoft.	Bill Gates bekerja untuk 	 Bill Gates bekerja untuk Microsoft.	 Bill Gates bekerja untuk 	Microsoft	['Microsoft']	{'Microsoft': 1}	1	-50.65625	1	{'Microsoft': 1}	1	-57.0	1
5	Q181162	Steve Ballmer	Steve Ballmer	Q2283	Microsoft	Microsoft	Steve Ballmer works for Microsoft .	Steve Ballmer bekerja untuk Microsoft.	Steve Ballmer bekerja untuk 	 Steve Ballmer bekerja untuk Microsoft.	 Steve Ballmer bekerja untuk 	Microsoft	['Microsoft']	{'Microsoft': 1}	1	-48.9375	1	{'Microsoft': 1}	1	-58.3125	1
7	Q14086	Marissa Mayer	Marissa Mayer	Q95	Google	Google	Marissa Mayer works for Google .	Marissa Mayer bekerja untuk Google.	Marissa Mayer bekerja untuk 	 Marissa Mayer bekerja untuk Google.	 Marissa Mayer bekerja untuk 	Google	['Google']	{'Google': 1}	1	-53.84375	1	{'Google': 1}	1	-59.125	1
8	Q337024	John Sculley	John Sculley	Q312	Apple Inc.	Apple Inc.	John Sculley works for Apple Inc. .	John Sculley bekerja untuk Apple Inc..	John Sculley bekerja untuk 	 John Sculley bekerja untuk Apple Inc.	 John Sculley bekerja untuk 	Apple Inc.	['Apple', 'Apple Komputer', 'apple']	{'Apple Inc.': 1}	1	-58.0	1	{'Apple Inc.': 1}	1	-60.5625	1
9	Q76766	Gerd Binnig	Gerd Binnig	Q37156	IBM	IBM	Gerd Binnig works for IBM .	Gerd Binnig bekerja untuk IBM.	Gerd Binnig bekerja untuk 	 Gerd Binnig bekerja untuk IBM.	 Gerd Binnig bekerja untuk 	IBM	['IBM', 'International Business Machine']	{'IBM': 1}	1	-60.5	1	{'IBM': 1}	1	-64.0625	1
10	Q123029	Heinrich Rohrer	Heinrich Rohrer	Q37156	IBM	IBM	Heinrich Rohrer works for IBM .	Heinrich Rohrer bekerja untuk IBM.	Heinrich Rohrer bekerja untuk 	 Heinrich Rohrer bekerja untuk IBM.	 Heinrich Rohrer bekerja untuk 	IBM	['IBM', 'International Business Machine']	{'IBM': 1}	1	-55.25	1	{'IBM': 1}	1	-68.4375	1
11	Q316013	Satoru Iwata	Satoru Iwata	Q8093	Nintendo	Nintendo	Satoru Iwata works for Nintendo .	Satoru Iwata bekerja untuk Nintendo.	Satoru Iwata bekerja untuk 	 Satoru Iwata bekerja untuk Nintendo.	 Satoru Iwata bekerja untuk 	Nintendo	['Nintendo', 'Nintendo Co.', 'Nintendo Co., Ltd.', 'Nintendō Kabushiki gaisha', 'Nintendo Koppai', 'Nintendo Playing Card Co.']	{'Nintendo': 1}	1	-59.84375	1	{'Nintendo': 1}	1	-63.03125	1
17	Q49819	Charles Simonyi	Charles Simonyi	Q2283	Microsoft	Microsoft	Charles Simonyi works for Microsoft .	Charles Simonyi bekerja untuk Microsoft.	Charles Simonyi bekerja untuk 	 Charles Simonyi bekerja untuk Microsoft.	 Charles Simonyi bekerja untuk 	Microsoft	['Microsoft']	{'Microsoft': 1}	1	-58.3125	1	{'Microsoft': 1}	1	-63.25	1
20	Q2514	Willy Brandt	Willy Brandt	Q64	Berlin	Berlin	Willy Brandt works for Berlin .	Willy Brandt bekerja untuk Berlin.	Willy Brandt bekerja untuk 	Willy Brandt bekerja untuk Berlin.	Willy Brandt bekerja untuk 	Berlin	['Berlin', 'Berlin, Jerman', 'Berlin (Jerman)']	{'Berlin': 2}	0	-52.71875	1	{'Berlin': 2}	0	-52.71875	1
22	Q110294	Jan Pieterszoon Sweelinck	Jan Pieterszoon Sweelinck	Q727	Amsterdam	Amsterdam	Jan Pieterszoon Sweelinck works for Amsterdam .	Jan Pieterszoon Sweelinck bekerja untuk Amsterdam.	Jan Pieterszoon Sweelinck bekerja untuk 	 Jan Pieterszoon Sweelinck bekerja untuk Amsterdam.	 Jan Pieterszoon Sweelinck bekerja untuk 	Amsterdam	['Amsterdam']	{'Amsterdam': 1}	1	-62.78125	1	{'Amsterdam': 1}	1	-74.75	1
25	Q62890	Gene Amdahl	Gene Amdahl	Q37156	IBM	IBM	Gene Amdahl works for IBM .	Gene Amdahl bekerja untuk IBM.	Gene Amdahl bekerja untuk 	 Gene Amdahl bekerja untuk IBM.	 Gene Amdahl bekerja untuk 	IBM	['IBM', 'International Business Machine']	{'IBM': 1}	1	-57.09375	1	{'IBM': 1}	1	-62.875	1
29	Q173380	Adrian Newey	Adrian Newey	Q172030	McLaren	McLaren	Adrian Newey works for McLaren .	Adrian Newey bekerja untuk McLaren.	Adrian Newey bekerja untuk 	 Adrian Newey bekerja untuk McLaren.	 Adrian Newey bekerja untuk 	McLaren	['McLaren', 'Tim F1 McLaren', 'Team McLaren']	{'McLaren': 1}	1	-49.6875	1	{'McLaren': 1}	1	-56.96875	1
30	Q861110	Shane McMahon	Shane McMahon	Q35339	WWE	WWE	Shane McMahon works for WWE .	Shane McMahon bekerja untuk WWE.	Shane McMahon bekerja untuk 	 Shane McMahon bekerja untuk WWE.	 Shane McMahon bekerja untuk 	WWE	['WWE']	{'WWE': 1}	1	-53.5625	1	{'WWE': 1}	1	-58.3125	1
32	Q12382	Shigeru Miyamoto	Shigeru Miyamoto	Q8093	Nintendo	Nintendo	Shigeru Miyamoto works for Nintendo .	Shigeru Miyamoto bekerja untuk Nintendo.	Shigeru Miyamoto bekerja untuk 	 Shigeru Miyamoto bekerja untuk Nintendo.	 Shigeru Miyamoto bekerja untuk 	Nintendo	['Nintendo', 'Nintendo Co.', 'Nintendo Co., Ltd.', 'Nintendō Kabushiki gaisha', 'Nintendo Koppai', 'Nintendo Playing Card Co.']	{'Nintendo': 1}	1	-55.75	1	{'Nintendo': 1}	1	-57.8125	1
33	Q44567	Triple H	Triple H	Q35339	WWE	WWE	Triple H works for WWE .	Triple H bekerja untuk WWE.	Triple H bekerja untuk 	 Triple H bekerja untuk WWE.	 Triple H bekerja untuk 	WWE	['WWE']	{'WWE': 1}	1	-52.625	1	{'WWE': 1}	1	-57.0625	1
34	Q365578	Nathan Myhrvold	Nathan Myhrvold	Q2283	Microsoft	Microsoft	Nathan Myhrvold works for Microsoft .	Nathan Myhrvold bekerja untuk Microsoft.	Nathan Myhrvold bekerja untuk 	 Nathan Myhrvold bekerja untuk Microsoft.	 Nathan Myhrvold bekerja untuk 	Microsoft	['Microsoft']	{'Microsoft': 1}	1	-52.0625	1	{'Microsoft': 1}	1	-60.5625	1
35	Q71074	Hasso Plattner	Hasso Plattner	Q37156	IBM	IBM	Hasso Plattner works for IBM .	Hasso Plattner bekerja untuk IBM.	Hasso Plattner bekerja untuk 	 Hasso Plattner bekerja untuk IBM.	 Hasso Plattner bekerja untuk 	IBM	['IBM', 'International Business Machine']	{'IBM': 1}	1	-55.8125	1	{'IBM': 1}	1	-62.4375	1
36	Q313697	Ross Perot	Ross Perot	Q37156	IBM	IBM	Ross Perot works for IBM .	Ross Perot bekerja untuk IBM.	Ross Perot bekerja untuk 	 Ross Perot bekerja untuk IBM.	 Ross Perot bekerja untuk 	IBM	['IBM', 'International Business Machine']	{'IBM': 1}	1	-48.875	1	{'IBM': 1}	1	-57.8125	1
37	Q265852	Tim Cook	Tim Cook	Q312	Apple Inc.	Apple Inc.	Tim Cook works for Apple Inc. .	Tim Cook bekerja untuk Apple Inc..	Tim Cook bekerja untuk 	 Tim Cook bekerja untuk Apple Inc.	 Tim Cook bekerja untuk 	Apple Inc.	['Apple', 'Apple Komputer', 'apple']	{'Apple Inc.': 1}	1	-51.15625	1	{'Apple Inc.': 1}	1	-57.15625	1
39	Q92600	Alexey Pajitnov	Alexey Pajitnov	Q2283	Microsoft	Microsoft	Alexey Pajitnov works for Microsoft .	Alexey Pajitnov bekerja untuk Microsoft.	Alexey Pajitnov bekerja untuk 	 Alexey Pajitnov bekerja untuk Microsoft.	 Alexey Pajitnov bekerja untuk 	Microsoft	['Microsoft']	{'Microsoft': 1}	1	-54.0625	1	{'Microsoft': 1}	1	-63.375	1
40	Q155914	Peter Simon Pallas	Peter Simon Pallas	Q159	Russia	Rusia	Peter Simon Pallas works for Russia .	Peter Simon Pallas bekerja untuk Rusia.	Peter Simon Pallas bekerja untuk 	 Peter Simon Pallas bekerja untuk Rusia.	 Peter Simon Pallas bekerja untuk 	Rusia	['Russia', 'Federasi Rusia']	{'Rusia': 7}	0	-62.3125	0	{'Rusia': 3}	0	-68.25	1
43	Q3040082	Jim Allchin	James Allchin	Q2283	Microsoft	Microsoft	Jim Allchin works for Microsoft .	James Allchin bekerja untuk Microsoft.	James Allchin bekerja untuk 	 Jim Allchin bekerja untuk Microsoft.	 Jim Allchin bekerja untuk 	Microsoft	['Microsoft']	{'Microsoft': 1}	1	-60.15625	1	{'Microsoft': 1}	1	-63.09375	1
47	Q435716	Thomas J. Watson	Thomas J. Watson	Q37156	IBM	IBM	Thomas J. Watson works for IBM .	Thomas J. Watson bekerja untuk IBM.	Thomas J. Watson bekerja untuk 	 Thomas J. Watson bekerja untuk IBM.	 Thomas J. Watson bekerja untuk 	IBM	['IBM', 'International Business Machine']	{'IBM': 1}	1	-55.5625	1	{'IBM': 1}	1	-65.5625	1
48	Q356719	Carlos Ghosn	Carlos Ghosn	Q6686	Renault	Renault	Carlos Ghosn works for Renault .	Carlos Ghosn bekerja untuk Renault.	Carlos Ghosn bekerja untuk 	 Carlos Ghosn bekerja untuk Renault.	 Carlos Ghosn bekerja untuk 	Renault	['Renault']	{'Renault': 1}	1	-48.84375	1	{'Renault': 1}	1	-59.4375	1
52	Q3503829	Sundar Pichai	Sundar Pichai	Q95	Google	Google	Sundar Pichai works for Google .	Sundar Pichai bekerja untuk Google.	Sundar Pichai bekerja untuk 	 Sundar Pichai bekerja untuk Google.	 Sundar Pichai bekerja untuk 	Google	['Google']	{'Google': 1}	1	-46.125	1	{'Google': 1}	1	-52.25	1
54	Q529233	Angela Ahrendts	Angela Ahrendts	Q312	Apple Inc.	Apple Inc.	Angela Ahrendts works for Apple Inc. .	Angela Ahrendts bekerja untuk Apple Inc..	Angela Ahrendts bekerja untuk 	 Angela Ahrendts bekerja untuk Apple Inc.	 Angela Ahrendts bekerja untuk 	Apple Inc.	['Apple', 'Apple Komputer', 'apple']	{'Apple Inc.': 2}	0	-56.28125	1	{'Apple Inc.': 1}	1	-63.53125	1
56	Q3047191	Ed Logg	Ed Logg	Q207922	Atari	Atari	Ed Logg works for Atari .	Ed Logg bekerja untuk Atari.	Ed Logg bekerja untuk 	 Ed Logg bekerja untuk Atari.	 Ed Logg bekerja untuk 	Atari	['Atari']	{'Atari': 11}	0	-51.34375	0	{'Atari': 6}	0	-57.9375	0
58	Q92637	Ray Ozzie	Ray Ozzie	Q2283	Microsoft	Microsoft	Ray Ozzie works for Microsoft .	Ray Ozzie bekerja untuk Microsoft.	Ray Ozzie bekerja untuk 	 Ray Ozzie bekerja untuk Microsoft.	 Ray Ozzie bekerja untuk 	Microsoft	['Microsoft']	{'Microsoft': 1}	1	-54.46875	1	{'Microsoft': 1}	1	-63.4375	1
59	Q658774	Mike Harrington	Mike Harrington	Q2283	Microsoft	Microsoft	Mike Harrington works for Microsoft .	Mike Harrington bekerja untuk Microsoft.	Mike Harrington bekerja untuk 	 Mike Harrington bekerja untuk Microsoft.	 Mike Harrington bekerja untuk 	Microsoft	['Microsoft']	{'Microsoft': 1}	1	-59.5625	1	{'Microsoft': 4}	0	-67.4375	0
60	Q394925	Paddy Lowe	Paddy Lowe	Q172721	Mercedes	Mercedes	Paddy Lowe works for Mercedes .	Paddy Lowe bekerja untuk Mercedes.	Paddy Lowe bekerja untuk 	 Paddy Lowe bekerja untuk Mercedes.	 Paddy Lowe bekerja untuk 	Mercedes	['Mercedes F1 Team', 'Mercedes GP', 'MGP']	{'Mercedes': 1}	1	-55.0625	1	{'Mercedes': 1}	1	-61.5625	1
64	Q30942	Guido van Rossum	Guido van Rossum	Q95	Google	Google	Guido van Rossum works for Google .	Guido van Rossum bekerja untuk Google.	Guido van Rossum bekerja untuk 	 Guido van Rossum bekerja untuk Google.	 Guido van Rossum bekerja untuk 	Google	['Google']	{'Google': 2}	0	-61.5	1	{'Google': 2}	0	-62.65625	1
67	Q230744	Anna Wintour	Anna Wintour	Q154008	Vogue	Vogue	Anna Wintour works for Vogue .	Anna Wintour bekerja untuk Vogue.	Anna Wintour bekerja untuk 	 Anna Wintour bekerja untuk Vogue.	 Anna Wintour bekerja untuk 	Vogue	['Vogue']	{'Vogue': 1}	1	-51.40625	1	{'Vogue': 1}	1	-61.78125	1
70	Q517764	Rob Pike	Rob Pike	Q95	Google	Google	Rob Pike works for Google .	Rob Pike bekerja untuk Google.	Rob Pike bekerja untuk 	 Rob Pike bekerja untuk Google.	 Rob Pike bekerja untuk 	Google	['Google']	{'Google': 1}	1	-55.0	1	{'Google': 1}	1	-63.34375	1
71	Q92740	Jef Raskin	Jef Raskin	Q312	Apple Inc.	Apple Inc.	Jef Raskin works for Apple Inc. .	Jef Raskin bekerja untuk Apple Inc..	Jef Raskin bekerja untuk 	 Jef Raskin bekerja untuk Apple Inc.	 Jef Raskin bekerja untuk 	Apple Inc.	['Apple', 'Apple Komputer', 'apple']	{'Apple Inc.': 4}	0	-56.5	0	{'Apple Inc.': 4}	0	-61.46875	0
74	Q92879	Tony Fadell	Tony Fadell	Q312	Apple Inc.	Apple Inc.	Tony Fadell works for Apple Inc. .	Tony Fadell bekerja untuk Apple Inc..	Tony Fadell bekerja untuk 	 Tony Fadell bekerja di Apple Inc.	 Tony Fadell bekerja di 	Apple Inc.	['Apple', 'Apple Komputer', 'apple']	{'Apple Inc.': 3}	0	-51.96875	1	{'Apple Inc.': 2}	0	-59.875	1
76	Q48971	Susan Kare	Susan Kare	Q312	Apple Inc.	Apple Inc.	Susan Kare works for Apple Inc. .	Susan Kare bekerja untuk Apple Inc..	Susan Kare bekerja untuk 	 Susan Kare bekerja untuk Apple Inc.	 Susan Kare bekerja untuk 	Apple Inc.	['Apple', 'Apple Komputer', 'apple']	{'Apple Inc.': 3}	0	-50.9375	1	{'Apple Inc.': 2}	0	-61.75	1
77	Q29024	Esko Aho	Esko Aho	Q1418	Nokia	Nokia	Esko Aho works for Nokia .	Esko Aho bekerja untuk Nokia.	Esko Aho bekerja untuk 	 Esko Aho bekerja untuk Nokia.	 Esko Aho bekerja untuk 	Nokia	['Nokia', 'Nokia Oyj']	{'Nokia': 1}	1	-61.75	1	{'Nokia': 1}	1	-64.875	1
79	Q2514	Willy Brandt	Willy Brandt	Q183	Germany	Jerman	Willy Brandt works for Germany .	Willy Brandt bekerja untuk Jerman.	Willy Brandt bekerja untuk 	 Willy Brandt bekerja untuk Jerman.	 Willy Brandt bekerja untuk 	Jerman	['Germany']	{'Jerman': 1}	1	-52.71875	1	{'Jerman': 1}	1	-59.96875	1
80	Q507469	Guy Kawasaki	Guy Kawasaki	Q312	Apple Inc.	Apple Inc.	Guy Kawasaki works for Apple Inc. .	Guy Kawasaki bekerja untuk Apple Inc..	Guy Kawasaki bekerja untuk 	Guy Kawasaki bekerja untuk Apple Inc.	Guy Kawasaki bekerja untuk 	Apple Inc.	['Apple', 'Apple Komputer', 'apple']	{'Apple Inc.': 1}	1	-51.125	1	{'Apple Inc.': 1}	1	-51.125	1
81	Q618558	Craig Federighi	Craig Federighi	Q312	Apple Inc.	Apple Inc.	Craig Federighi works for Apple Inc. .	Craig Federighi bekerja untuk Apple Inc..	Craig Federighi bekerja untuk 	 Craig Federighi bekerja untuk Apple Inc.	 Craig Federighi bekerja untuk 	Apple Inc.	['Apple', 'Apple Komputer', 'apple']	{'Apple Inc.': 1}	1	-49.15625	1	{'Apple Inc.': 1}	1	-63.71875	1
82	Q298341	Raymond Kurzweil	Ray Kurzweil	Q95	Google	Google	Raymond Kurzweil works for Google .	Ray Kurzweil bekerja untuk Google.	Ray Kurzweil bekerja untuk 	 Raymond Kurzweil bekerja untuk Google.	 Raymond Kurzweil bekerja untuk 	Google	['Google']	{'Google': 2}	0	-52.46875	1	{'Google': 2}	0	-67.1875	1
83	Q507469	Guy Kawasaki	Guy Kawasaki	Q956568	Forbes	Forbes	Guy Kawasaki works for Forbes .	Guy Kawasaki bekerja untuk Forbes.	Guy Kawasaki bekerja untuk 	 Guy Kawasaki bekerja untuk Forbes.	 Guy Kawasaki bekerja untuk 	Forbes	['Forbes']	{'Forbes': 12}	0	-51.125	0	{'Forbes': 11}	0	-64.1875	0
84	Q224628	Eddy Cue	Eddy Cue	Q312	Apple Inc.	Apple Inc.	Eddy Cue works for Apple Inc. .	Eddy Cue bekerja untuk Apple Inc..	Eddy Cue bekerja untuk 	 Eddy Cue bekerja untuk Apple Inc.	 Eddy Cue bekerja untuk 	Apple Inc.	['Apple', 'Apple Komputer', 'apple']	{'Apple Inc.': 1}	1	-53.875	1	{'Apple Inc.': 1}	1	-61.15625	1
85	Q394925	Paddy Lowe	Paddy Lowe	Q172030	McLaren	McLaren	Paddy Lowe works for McLaren .	Paddy Lowe bekerja untuk McLaren.	Paddy Lowe bekerja untuk 	 Paddy Lowe bekerja untuk McLaren.	 Paddy Lowe bekerja untuk 	McLaren	['McLaren', 'Tim F1 McLaren', 'Team McLaren']	{'McLaren': 2}	0	-55.0625	1	{'McLaren': 2}	0	-61.5625	1
86	Q92743	Vint Cerf	Vinton G. Cerf	Q95	Google	Google	Vint Cerf works for Google .	Vinton G. Cerf bekerja untuk Google.	Vinton G. Cerf bekerja untuk 	 Vint Cerf bekerja untuk Google.	 Vint Cerf bekerja untuk 	Google	['Google']	{'Google': 1}	1	-62.5	1	{'Google': 2}	0	-57.5625	1
87	Q7637	Ward Cunningham	Ward Cunningham	Q2283	Microsoft	Microsoft	Ward Cunningham works for Microsoft .	Ward Cunningham bekerja untuk Microsoft.	Ward Cunningham bekerja untuk 	 Ward Cunningham bekerja untuk Microsoft.	 Ward Cunningham bekerja untuk 	Microsoft	['Microsoft']	{'Microsoft': 2}	0	-58.625	1	{'Microsoft': 3}	0	-66.25	1
88	Q7688294	Tatsumi Kimishima	Tatsumi Kimishima	Q8093	Nintendo	Nintendo	Tatsumi Kimishima works for Nintendo .	Tatsumi Kimishima bekerja untuk Nintendo.	Tatsumi Kimishima bekerja untuk 	 Tatsumi Kimishima bekerja untuk Nintendo.	 Tatsumi Kimishima bekerja untuk 	Nintendo	['Nintendo', 'Nintendo Co.', 'Nintendo Co., Ltd.', 'Nintendō Kabushiki gaisha', 'Nintendo Koppai', 'Nintendo Playing Card Co.']	{'Nintendo': 1}	1	-57.6875	1	{'Nintendo': 1}	1	-62.53125	1
89	Q92609	Fred Brooks	Frederick P. Brooks	Q37156	IBM	IBM	Fred Brooks works for IBM .	Frederick P. Brooks bekerja untuk IBM.	Frederick P. Brooks bekerja untuk 	 Fred Brooks bekerja untuk IBM.	 Fred Brooks bekerja untuk 	IBM	['IBM', 'International Business Machine']	{'IBM': 1}	1	-60.75	1	{'IBM': 1}	1	-70.75	1
