	sub_uri	en_sub_label	sub_label	obj_uri	en_obj_label	obj_label	en_template	template	template_prompt	gt_translation	gt_prompt	gt_infl_object	aliases	template_true_ranks	template_top1_correct	template_prompt_prob	template_top3_correct	gt_true_ranks	gt_top1_correct	gt_prompt_prob	gt_top3_correct
0	Q272886	Claude Arrieu	Claude Arrieu	Q90	Paris	Paris	Claude Arrieu was born in Paris .	Claude Arrieu lahir di Paris.	Claude Arrieu lahir di 	 Claude Arrieu lahir di Paris.	 Claude Arrieu lahir di 	Paris	['Paris']	{'Paris': 1}	1	-51.53125	1	{'Paris': 1}	1	-61.875	1
1	Q1036275	Ryō Kase	Ryō Kase	Q38283	Yokohama	Yokohama	Ryō Kase was born in Yokohama .	Ryō Kase lahir di Yokohama.	Ryō Kase lahir di 	 Ryō Kase lahir di Yokohama.	 Ryō Kase lahir di 	Yokohama	['Yokohama']	{'Yokohama': 1}	1	-45.8125	1	{'Yokohama': 1}	1	-55.90625	1
2	Q242416	Marion Davies	Marion Davies	Q18419	Brooklyn	Brooklyn	Marion Davies was born in Brooklyn .	Marion Davies lahir di Brooklyn.	Marion Davies lahir di 	 Marion Davies lahir di Brooklyn.	 Marion Davies lahir di 	Brooklyn	['Brooklyn', 'Brooklyn, New York']	{'Brooklyn': 1}	1	-48.46875	1	{'Brooklyn': 1}	1	-52.375	1
3	Q1089110	Daniele Franceschini	Daniele Franceschini	Q220	Rome	Roma	Daniele Franceschini was born in Rome .	Daniele Franceschini lahir di Roma.	Daniele Franceschini lahir di 	 Daniele Franceschini lahir di Roma.	 Daniele Franceschini lahir di 	Roma	['Rome']	{'Roma': 3}	0	-51.6875	1	{'Roma': 3}	0	-60.90625	1
4	Q241098	Maurice de Vlaminck	Maurice De Vlaminck	Q90	Paris	Paris	Maurice de Vlaminck was born in Paris .	Maurice De Vlaminck lahir di Paris.	Maurice De Vlaminck lahir di 	 Maurice de Vlaminck lahir di Paris.	 Maurice de Vlaminck lahir di 	Paris	['Paris']	{'Paris': 1}	1	-49.15625	1	{'Paris': 1}	1	-54.5625	1
5	Q730029	John de Brito	Johannes de Britto	Q597	Lisbon	Lisboa	John de Brito was born in Lisbon .	Johannes de Britto lahir di Lisboa.	Johannes de Britto lahir di 	 John de Brito lahir di Lisbon.	 John de Brito lahir di 	Lisbon	['Lisbon']	{'Lisbon': 2, 'Lisboa': 8}	0	-49.5625	1	{'Lisbon': 1, 'Lisboa': 2}	1	-53.96875	1
6	Q319896	Ze'ev Jabotinsky	Ze'ev Jabotinsky	Q1874	Odessa	Odessa	Ze'ev Jabotinsky was born in Odessa .	Ze'ev Jabotinsky lahir di Odessa.	Ze'ev Jabotinsky lahir di 	 Ze'ev Jabotinsky lahir di Odessa.	 Ze'ev Jabotinsky lahir di 	Odessa	['Odesa', 'Odessa']	{'Odessa': 1}	1	-46.96875	1	{'Odessa': 1}	1	-55.84375	1
7	Q3276472	Masako Natsume	Masako Natsume	Q1490	Tokyo	Tokyo	Masako Natsume was born in Tokyo .	Masako Natsume lahir di Tokyo.	Masako Natsume lahir di 	 Masako Natsume lahir di Tokyo.	 Masako Natsume lahir di 	Tokyo	['Tokyo', 'Prefektur Tokyo']	{'Tokyo': 1}	1	-44.78125	1	{'Tokyo': 1}	1	-55.03125	1
8	Q452737	William Nicholas Selig	William Nicholas Selig	Q1297	Chicago	Chicago	William Nicholas Selig was born in Chicago .	William Nicholas Selig lahir di Chicago.	William Nicholas Selig lahir di 	 William Nicholas Selig lahir di Chicago.	 William Nicholas Selig lahir di 	Chicago	['Chicago', 'The Queen of the West', 'The Second City', 'The Windy City', 'Chicago, Illinois', 'City of Broad Shoulders']	{'Chicago': 1}	1	-48.625	1	{'Chicago': 4}	0	-60.53125	0
9	Q671419	Eucherius of Lyon	Eukerius dari Lyon	Q456	Lyon	Lyon	Eucherius of Lyon was born in Lyon .	Eukerius dari Lyon lahir di Lyon.	Eukerius dari Lyon lahir di 	 Eucherius dari Lyon lahir di Lyon.	 Eucherius dari Lyon lahir di 	Lyon	['Lyon']	{'Lyon': 1}	1	-67.25	1	{'Lyon': 1}	1	-68.0625	1
10	Q356715	Benny Carter	Benny Carter	Q189074	Harlem	Harlem	Benny Carter was born in Harlem .	Benny Carter lahir di Harlem.	Benny Carter lahir di 	 Benny Carter lahir di Harlem.	 Benny Carter lahir di 	Harlem	['Harlem']	{'Harlem': 1}	1	-45.1875	1	{'Harlem': 6}	0	-54.6875	0
11	Q158056	Nam June Paik	Nam June Paik	Q8684	Seoul	Seoul	Nam June Paik was born in Seoul .	Nam June Paik lahir di Seoul.	Nam June Paik lahir di 	 Nam June Paik lahir di Seoul.	 Nam June Paik lahir di 	Seoul	['Seoul']	{'Seoul': 1}	1	-41.3125	1	{'Seoul': 1}	1	-52.5625	1
12	Q244152	Willebrord Snellius	Willebrordus Snellius (Snel van Royen)	Q43631	Leiden	Leiden	Willebrord Snellius was born in Leiden .	Willebrordus Snellius (Snel van Royen) lahir di Leiden.	Willebrordus Snellius (Snel van Royen) lahir di 	 Willebrord Snellius lahir di Leiden.	 Willebrord Snellius lahir di 	Leiden	['Leiden', 'Leyden']	{'Leiden': 3}	0	-71.875	1	{'Leiden': 2}	0	-50.25	1
13	Q1884754	Sirindhorn	Sirindhorn	Q1861	Bangkok	Bangkok	Sirindhorn was born in Bangkok .	Sirindhorn lahir di Bangkok.	Sirindhorn lahir di 	 Sirindhorn lahir di Bangkok.	 Sirindhorn lahir di 	Bangkok	['Bangkok']	{'Bangkok': 1}	1	-45.875	1	{'Bangkok': 1}	1	-57.90625	1
14	Q320738	Achille Campanile	Achille Campanile	Q220	Rome	Roma	Achille Campanile was born in Rome .	Achille Campanile lahir di Roma.	Achille Campanile lahir di 	 Achille Campanile dilahirkan di Roma.	 Achille Campanile dilahirkan di 	Roma	['Rome']	{'Roma': 1}	1	-47.4375	1	{'Roma': 1}	1	-64.25	1
15	Q36174	Charles II of Spain	Carlos II dari Spanyol	Q2807	Madrid	Madrid	Charles II of Spain was born in Madrid .	Carlos II dari Spanyol lahir di Madrid.	Carlos II dari Spanyol lahir di 	 Charles II dari Spanyol lahir di Madrid.	 Charles II dari Spanyol lahir di 	Madrid	['Madrid']	{'Madrid': 1}	1	-48.28125	1	{'Madrid': 1}	1	-62.4375	1
16	Q538549	John Addington Symonds	John Addington Symonds	Q23154	Bristol	Bristol	John Addington Symonds was born in Bristol .	John Addington Symonds lahir di Bristol.	John Addington Symonds lahir di 	 John Addington Symonds lahir di Bristol.	 John Addington Symonds lahir di 	Bristol	['Bristol']	{'Bristol': 3}	0	-51.21875	1	{'Bristol': 1}	1	-55.9375	1
17	Q378739	Maximilian Sforza	Massimiliano Sforza	Q490	Milan	Milan	Maximilian Sforza was born in Milan .	Massimiliano Sforza lahir di Milan.	Massimiliano Sforza lahir di 	 Maximilian Sforza lahir di Milan.	 Maximilian Sforza lahir di 	Milan	['Milan']	{'Milan': 1}	1	-48.75	1	{'Milan': 1}	1	-70.8125	1
18	Q172832	David Coulthard	David Coulthard	Q22	Scotland	Skotlandia	David Coulthard was born in Scotland .	David Coulthard lahir di Skotlandia.	David Coulthard lahir di 	 David Coulthard lahir di Skotlandia.	 David Coulthard lahir di 	Skotlandia	['Scotland']	{'Skotlandia': 12}	0	-43.90625	0	{'Skotlandia': 10}	0	-51.5	0
19	Q981435	Parviz Davoodi	Parviz Dawoodi	Q3616	Tehran	Teheran	Parviz Davoodi was born in Tehran .	Parviz Dawoodi lahir di Teheran.	Parviz Dawoodi lahir di 	 Parviz Davoodi lahir di Teheran.	 Parviz Davoodi lahir di 	Teheran	['Tehran']	{'Teheran': 1}	1	-55.6875	1	{'Teheran': 1}	1	-58.875	1
20	Q5431069	Faisal Khan	Faisal Khan	Q1156	Mumbai	Mumbai	Faisal Khan was born in Mumbai .	Faisal Khan lahir di Mumbai.	Faisal Khan lahir di 	 Faisal Khan lahir di Mumbai.	 Faisal Khan lahir di 	Mumbai	['Mumbai']	{'Mumbai': 1}	1	-42.75	1	{'Mumbai': 1}	1	-48.9375	1
21	Q203219	Boris Karloff	Boris Karloff	Q84	London	London	Boris Karloff was born in London .	Boris Karloff lahir di London.	Boris Karloff lahir di 	 Boris Karloff lahir di London.	 Boris Karloff lahir di 	London	['London']	{'London': 1}	1	-42.625	1	{'London': 1}	1	-51.5625	1
22	Q510281	George Anson, 1st Baron Anson	George Anson (1731–1789)	Q23105	Staffordshire	Staffordshire	George Anson, 1st Baron Anson was born in Staffordshire .	George Anson (1731–1789) lahir di Staffordshire.	George Anson (1731–1789) lahir di 	George Anson, Baron Anson pertama lahir di Staffordshire.	George Anson, Baron Anson pertama lahir di 	Staffordshire	['Staffordshire']	{'Staffordshire': 1}	1	-67.5	1	{'Staffordshire': 1}	1	-inf	1
24	Q3082382	Franco Mannino	Franco Mannino	Q2656	Palermo	Palermo	Franco Mannino was born in Palermo .	Franco Mannino lahir di Palermo.	Franco Mannino lahir di 	 Franco Mannino lahir di Palermo.	 Franco Mannino lahir di 	Palermo	['Palermo']	{'Palermo': 1}	1	-45.65625	1	{'Palermo': 1}	1	-54.65625	1
25	Q1321598	Derek Tsang	Derek Tsang	Q15175	Guangdong	Guangdong	Derek Tsang was born in Guangdong .	Derek Tsang lahir di Guangdong.	Derek Tsang lahir di 	 Derek Tsang lahir di Guangdong.	 Derek Tsang lahir di 	Guangdong	['Guangdong']	{'Guangdong': 1}	1	-52.875	1	{'Guangdong': 1}	1	-56.09375	1
26	Q49552	Miyuki Sawashiro	Miyuki Sawashiro	Q1490	Tokyo	Tokyo	Miyuki Sawashiro was born in Tokyo .	Miyuki Sawashiro lahir di Tokyo.	Miyuki Sawashiro lahir di 	 Miyuki Sawashiro lahir di Tokyo.	 Miyuki Sawashiro lahir di 	Tokyo	['Tokyo', 'Prefektur Tokyo']	{'Tokyo': 1}	1	-45.40625	1	{'Tokyo': 1}	1	-53.78125	1
27	Q276116	Ethel Griffies	Ethel Griffies	Q42448	Sheffield	Sheffield	Ethel Griffies was born in Sheffield .	Ethel Griffies lahir di Sheffield.	Ethel Griffies lahir di 	 Ethel Griffies lahir di Sheffield.	 Ethel Griffies lahir di 	Sheffield	['Sheffield']	{'Sheffield': 10}	0	-50.125	0	{'Sheffield': 9}	0	-59.875	0
28	Q16010080	Damian O'Flynn	Damian O'Flynn	Q100	Boston	Boston	Damian O'Flynn was born in Boston .	Damian O'Flynn lahir di Boston.	Damian O'Flynn lahir di 	 Damian O'Flynn lahir di Boston.	 Damian O'Flynn lahir di 	Boston	['Boston']	{'Boston': 2}	0	-47.125	1	{'Boston': 2}	0	-57.15625	1
31	Q5349205	Eijaz Khan	Eijaz Khan	Q1361	Hyderabad	Hyderabad	Eijaz Khan was born in Hyderabad .	Eijaz Khan lahir di Hyderabad.	Eijaz Khan lahir di 	 Eijaz Khan lahir di Hyderabad.	 Eijaz Khan lahir di 	Hyderabad	['Hyderabad']	{'Hyderabad': 3}	0	-56.25	1	{'Hyderabad': 3}	0	-60.84375	1
32	Q2121062	The Weeknd	The Weeknd	Q172	Toronto	Toronto	The Weeknd was born in Toronto .	The Weeknd lahir di Toronto.	The Weeknd lahir di 	 The Weeknd lahir di Toronto.	 The Weeknd lahir di 	Toronto	['Toronto', 'The Six', 'The 416', 'Hogtown']	{'Toronto': 1}	1	-52.125	1	{'Toronto': 1}	1	-54.75	1
33	Q572934	Godert van der Capellen	Godert Alexander Gerard Philip baron van der Capellen	Q803	Utrecht	Utrecht, Utrecht	Godert van der Capellen was born in Utrecht .	Godert Alexander Gerard Philip baron van der Capellen lahir di Utrecht, Utrecht.	Godert Alexander Gerard Philip baron van der Capellen lahir di 	 Godert van der Capellen lahir di Utrecht.	 Godert van der Capellen lahir di 	Utrecht	['Utrecht']	{'Utrecht': 1, 'Utrecht, Utrecht': 37}	1	-96.4375	1	{'Utrecht': 2, 'Utrecht, Utrecht': 34}	0	-72.875	1
34	Q8204273	Ariel Behar	Ariel Behar	Q1335	Montevideo	Montevideo	Ariel Behar was born in Montevideo .	Ariel Behar lahir di Montevideo.	Ariel Behar lahir di 	 Ariel Behar lahir di Montevideo.	 Ariel Behar lahir di 	Montevideo	['Montevideo']	{'Montevideo': 3}	0	-58.5625	1	{'Montevideo': 1}	1	-61.71875	1
35	Q210669	Ken Follett	Ken Follett	Q10690	Cardiff	Cardiff	Ken Follett was born in Cardiff .	Ken Follett lahir di Cardiff.	Ken Follett lahir di 	 Ken Follett lahir di Cardiff.	 Ken Follett lahir di 	Cardiff	['Cardiff']	{'Cardiff': 4}	0	-38.4375	0	{'Cardiff': 3}	0	-46.3125	1
36	Q717539	Georges Picquart	Georges Picquart	Q6602	Strasbourg	Strasbourg	Georges Picquart was born in Strasbourg .	Georges Picquart lahir di Strasbourg.	Georges Picquart lahir di 	 Georges Picquart lahir di Strasbourg.	 Georges Picquart lahir di 	Strasbourg	['Strasbourg']	{'Strasbourg': 1}	1	-54.375	1	{'Strasbourg': 1}	1	-62.65625	1
37	Q105237	Giacomo Meyerbeer	Giacomo Meyerbeer	Q64	Berlin	Berlin	Giacomo Meyerbeer was born in Berlin .	Giacomo Meyerbeer lahir di Berlin.	Giacomo Meyerbeer lahir di 	 Giacomo Meyerbeer lahir di Berlin.	 Giacomo Meyerbeer lahir di 	Berlin	['Berlin', 'Berlin, Jerman', 'Berlin (Jerman)']	{'Berlin': 1}	1	-38.3125	1	{'Berlin': 1}	1	-49.9375	1
39	Q312788	Nicola Porpora	Nicola Antonio Porpora	Q2634	Naples	Napoli	Nicola Porpora was born in Naples .	Nicola Antonio Porpora lahir di Napoli.	Nicola Antonio Porpora lahir di 	 Nicola Porpora lahir di Napoli.	 Nicola Porpora lahir di 	Napoli	['Naples']	{'Napoli': 1}	1	-50.96875	1	{'Napoli': 2}	0	-60.09375	1
40	Q213430	Larry King	Larry King	Q18419	Brooklyn	Brooklyn	Larry King was born in Brooklyn .	Larry King lahir di Brooklyn.	Larry King lahir di 	 Larry King lahir di Brooklyn.	 Larry King lahir di 	Brooklyn	['Brooklyn', 'Brooklyn, New York']	{'Brooklyn': 1}	1	-44.3125	1	{'Brooklyn': 1}	1	-54.6875	1
41	Q236596	Christina Rossetti	Christina Rossetti	Q84	London	London	Christina Rossetti was born in London .	Christina Rossetti lahir di London.	Christina Rossetti lahir di 	 Christina Rossetti lahir di London.	 Christina Rossetti lahir di 	London	['London']	{'London': 1}	1	-47.46875	1	{'London': 1}	1	-55.75	1
42	Q62547	Michael Ballhaus	Michael Ballhaus	Q64	Berlin	Berlin	Michael Ballhaus was born in Berlin .	Michael Ballhaus lahir di Berlin.	Michael Ballhaus lahir di 	 Michael Ballhaus lahir di Berlin.	 Michael Ballhaus lahir di 	Berlin	['Berlin', 'Berlin, Jerman', 'Berlin (Jerman)']	{'Berlin': 1}	1	-45.78125	1	{'Berlin': 1}	1	-53.75	1
43	Q347013	Vratislaus II of Bohemia	Vratislav II dari Bohemia	Q39193	Bohemia	Bohemia	Vratislaus II of Bohemia was born in Bohemia .	Vratislav II dari Bohemia lahir di Bohemia.	Vratislav II dari Bohemia lahir di 	 Vratislaus II dari Bohemia lahir di Bohemia.	 Vratislaus II dari Bohemia lahir di 	Bohemia	['Bohemia', 'Čechy', 'Czechy', 'Böhmen']	{'Bohemia': 2}	0	-54.34375	1	{'Bohemia': 2}	0	-69.5	1
44	Q16233421	Shritama Mukherjee	Shritama Mukherjee	Q330531	Kota	Kota	Shritama Mukherjee was born in Kota .	Shritama Mukherjee lahir di Kota.	Shritama Mukherjee lahir di 	Shritama Mukherjee lahir di Kota.	Shritama Mukherjee lahir di 	Kota	['Kota']	{'Kota': 4}	0	-52.25	0	{'Kota': 4}	0	-52.25	0
45	Q2721505	Amol Palekar	Amol Palekar	Q1156	Mumbai	Mumbai	Amol Palekar was born in Mumbai .	Amol Palekar lahir di Mumbai.	Amol Palekar lahir di 	 Amol Palekar lahir di Mumbai.	 Amol Palekar lahir di 	Mumbai	['Mumbai']	{'Mumbai': 1}	1	-54.6875	1	{'Mumbai': 1}	1	-55.3125	1
46	Q628346	Dick Bruna	Dick Bruna	Q803	Utrecht	Utrecht, Utrecht	Dick Bruna was born in Utrecht .	Dick Bruna lahir di Utrecht, Utrecht.	Dick Bruna lahir di 	 Dick Bruna lahir di Utrecht.	 Dick Bruna lahir di 	Utrecht	['Utrecht']	{'Utrecht': 1, 'Utrecht, Utrecht': 25}	1	-41.75	1	{'Utrecht': 1, 'Utrecht, Utrecht': 13}	1	-53.59375	1
47	Q528415	Hasdai Crescas	Hesdai Crescas	Q1492	Barcelona	Barcelona	Hasdai Crescas was born in Barcelona .	Hesdai Crescas lahir di Barcelona.	Hesdai Crescas lahir di 	 Hasdai Crescas lahir di Barcelona.	 Hasdai Crescas lahir di 	Barcelona	['Barcelona']	{'Barcelona': 1}	1	-71.75	1	{'Barcelona': 1}	1	-55.53125	1
49	Q2820912	Abd el-Ouahed ben Messaoud	Abdul Wahid bin Mas'ud	Q1028	Morocco	Maroko	Abd el-Ouahed ben Messaoud was born in Morocco .	Abdul Wahid bin Mas'ud lahir di Maroko.	Abdul Wahid bin Mas'ud lahir di 	 Abd el-Ouahed ben Messaoud lahir di Maroko.	 Abd el-Ouahed ben Messaoud lahir di 	Maroko	['Morocco']	{'Maroko': 30}	0	-54.9375	0	{'Maroko': 1}	1	-72.1875	1
50	Q5591377	Grace Sherwood	Grace Sherwood	Q1370	Virginia	Virginia	Grace Sherwood was born in Virginia .	Grace Sherwood lahir di Virginia.	Grace Sherwood lahir di 	 Grace Sherwood lahir di Virginia.	 Grace Sherwood lahir di 	Virginia	['Virginia']	{'Virginia': 4}	0	-48.53125	0	{'Virginia': 1}	1	-58.40625	1
51	Q181483	Jackie Wilson	Jackie Wilson	Q12439	Detroit	Detroit	Jackie Wilson was born in Detroit .	Jackie Wilson lahir di Detroit.	Jackie Wilson lahir di 	 Jackie Wilson lahir di Detroit.	 Jackie Wilson lahir di 	Detroit	['Detroit', 'Motor City', 'City of Detroit', 'The D', 'Detroit, Michigan']	{'Detroit': 1}	1	-43.09375	1	{'Detroit': 1}	1	-53.65625	1
52	Q473539	Giuseppe Siri	Giuseppe Siri	Q1449	Genoa	Genova	Giuseppe Siri was born in Genoa .	Giuseppe Siri lahir di Genova.	Giuseppe Siri lahir di 	 Giuseppe Siri lahir di Genoa.	 Giuseppe Siri lahir di 	Genoa	['Genoa']	{'Genoa': 1, 'Genova': 2}	1	-48.0	1	{'Genoa': 1, 'Genova': 2}	1	-57.59375	1
53	Q586994	Lennie Tristano	Lennie Tristano	Q1297	Chicago	Chicago	Lennie Tristano was born in Chicago .	Lennie Tristano lahir di Chicago.	Lennie Tristano lahir di 	 Lennie Tristano lahir di Chicago.	 Lennie Tristano lahir di 	Chicago	['Chicago', 'The Queen of the West', 'The Second City', 'The Windy City', 'Chicago, Illinois', 'City of Broad Shoulders']	{'Chicago': 1}	1	-48.125	1	{'Chicago': 1}	1	-52.25	1
54	Q217160	Kenny Rogers	Kenny Rogers	Q16555	Houston	Houston	Kenny Rogers was born in Houston .	Kenny Rogers lahir di Houston.	Kenny Rogers lahir di 	 Kenny Rogers lahir di Houston.	 Kenny Rogers lahir di 	Houston	['Houston', 'Houston, Texas', 'Space City', 'H-Town', 'USHOU', 'Kota Houston']	{'Houston': 1}	1	-44.75	1	{'Houston': 1}	1	-53.03125	1
55	Q1174680	David Harrower	David Harrower	Q23436	Edinburgh	Edinburgh	David Harrower was born in Edinburgh .	David Harrower lahir di Edinburgh.	David Harrower lahir di 	 David Harrower lahir di Edinburgh.	 David Harrower lahir di 	Edinburgh	['Edinburgh']	{'Edinburgh': 1}	1	-45.6875	1	{'Edinburgh': 1}	1	-53.46875	1
56	Q5284713	Divyadarshini	Divyadarshini	Q1352	Chennai	Chennai	Divyadarshini was born in Chennai .	Divyadarshini lahir di Chennai.	Divyadarshini lahir di 	 Divyadarshini lahir di Chennai.	 Divyadarshini lahir di 	Chennai	['Chennai']	{'Chennai': 2}	0	-59.09375	1	{'Chennai': 2}	0	-70.625	1
58	Q112128	Husayn ibn Ali	Husain bin Ali	Q35484	Medina	Madinah	Husayn ibn Ali was born in Medina .	Husain bin Ali lahir di Madinah.	Husain bin Ali lahir di 	 Husain bin Ali lahir di Madinah.	 Husain bin Ali lahir di 	Madinah	['Medina', 'Medina', 'Dinar emas Islam', 'Yatsrib', 'Medinah', 'Madinah Al-Munawwarah']	{'Madinah': 1}	1	-50.8125	1	{'Madinah': 1}	1	-64.25	1
59	Q1248697	Carlo Porta	Carlo Porta	Q490	Milan	Milan	Carlo Porta was born in Milan .	Carlo Porta lahir di Milan.	Carlo Porta lahir di 	 Carlo Porta lahir di Milan.	 Carlo Porta lahir di 	Milan	['Milan']	{'Milan': 1}	1	-43.8125	1	{'Milan': 1}	1	-54.1875	1
60	Q387651	Derick Ogbu	Derick Ogbu	Q1033	Nigeria	Nigeria	Derick Ogbu was born in Nigeria .	Derick Ogbu lahir di Nigeria.	Derick Ogbu lahir di 	 Derick Ogbu lahir di Nigeria.	 Derick Ogbu lahir di 	Nigeria	['Nigeria']	{'Nigeria': 1}	1	-61.46875	1	{'Nigeria': 1}	1	-74.875	1
61	Q1306518	Ignazio Gardella	Ignazio Gardella	Q490	Milan	Milan	Ignazio Gardella was born in Milan .	Ignazio Gardella lahir di Milan.	Ignazio Gardella lahir di 	 Ignazio Gardella lahir di Milan.	 Ignazio Gardella lahir di 	Milan	['Milan']	{'Milan': 1}	1	-50.65625	1	{'Milan': 1}	1	-59.53125	1
62	Q41849	Alexios II Komnenos	Alexios II Komnenos	Q16869	Constantinople	Konstantinopel	Alexios II Komnenos was born in Constantinople .	Alexios II Komnenos lahir di Konstantinopel.	Alexios II Komnenos lahir di 	 Alexios II Komnenos lahir di Konstantinopel.	 Alexios II Komnenos lahir di 	Konstantinopel	['Constantinople']	{'Konstantinopel': 2}	0	-43.75	1	{'Konstantinopel': 2}	0	-50.6875	1
63	Q2737111	Andy Nicholson	Andy Nicholson	Q42448	Sheffield	Sheffield	Andy Nicholson was born in Sheffield .	Andy Nicholson lahir di Sheffield.	Andy Nicholson lahir di 	 Andy Nicholson lahir di Sheffield.	 Andy Nicholson lahir di 	Sheffield	['Sheffield']	{'Sheffield': 1}	1	-45.5	1	{'Sheffield': 1}	1	-53.625	1
64	Q346976	Pasquale Squitieri	Pasquale Squitieri	Q2634	Naples	Napoli	Pasquale Squitieri was born in Naples .	Pasquale Squitieri lahir di Napoli.	Pasquale Squitieri lahir di 	 Pasquale Squitieri lahir di Napoli.	 Pasquale Squitieri lahir di 	Napoli	['Naples']	{'Napoli': 2}	0	-46.5	1	{'Napoli': 1}	1	-56.03125	1
65	Q5116234	Park Seo-joon	Park Seo-joon	Q8684	Seoul	Seoul	Park Seo-joon was born in Seoul .	Park Seo-joon lahir di Seoul.	Park Seo-joon lahir di 	 Park Seo-joon lahir di Seoul.	 Park Seo-joon lahir di 	Seoul	['Seoul']	{'Seoul': 1}	1	-44.375	1	{'Seoul': 1}	1	-54.75	1
66	Q935635	Otto Orseolo	Ottone Orseolo	Q641	Venice	Venesia	Otto Orseolo was born in Venice .	Ottone Orseolo lahir di Venesia.	Ottone Orseolo lahir di 	 Otto Orseolo lahir di Venesia.	 Otto Orseolo lahir di 	Venesia	['Venice']	{'Venesia': 1}	1	-54.375	1	{'Venesia': 1}	1	-65.9375	1
67	Q1189081	Dennis DeYoung	Dennis DeYoung	Q1297	Chicago	Chicago	Dennis DeYoung was born in Chicago .	Dennis DeYoung lahir di Chicago.	Dennis DeYoung lahir di 	Dennis DeYoung lahir di Chicago.	Dennis DeYoung lahir di 	Chicago	['Chicago', 'The Queen of the West', 'The Second City', 'The Windy City', 'Chicago, Illinois', 'City of Broad Shoulders']	{'Chicago': 1}	1	-44.28125	1	{'Chicago': 1}	1	-44.28125	1
68	Q1201327	Mizuki Fukumura	Mizuki Fukumura	Q1490	Tokyo	Tokyo	Mizuki Fukumura was born in Tokyo .	Mizuki Fukumura lahir di Tokyo.	Mizuki Fukumura lahir di 	 Mizuki Fukumura lahir di Tokyo.	 Mizuki Fukumura lahir di 	Tokyo	['Tokyo', 'Prefektur Tokyo']	{'Tokyo': 1}	1	-59.5	1	{'Tokyo': 1}	1	-62.4375	1
69	Q189803	Arthur Harden	Arthur Harden	Q18125	Manchester	Manchester	Arthur Harden was born in Manchester .	Arthur Harden lahir di Manchester.	Arthur Harden lahir di 	 Arthur Harden lahir di Manchester.	 Arthur Harden lahir di 	Manchester	['Manchester']	{'Manchester': 1}	1	-43.3125	1	{'Manchester': 1}	1	-50.5	1
70	Q214586	Karl Ferdinand von Graefe	Karl Ferdinand von Gräfe	Q270	Warsaw	Warsawa	Karl Ferdinand von Graefe was born in Warsaw .	Karl Ferdinand von Gräfe lahir di Warsawa.	Karl Ferdinand von Gräfe lahir di 	 Karl Ferdinand von Graefe lahir di Warsawa.	 Karl Ferdinand von Graefe lahir di 	Warsawa	['Warsaw']	{'Warsawa': 2}	0	-51.4375	1	{'Warsawa': 1}	1	-61.4375	1
71	Q122701	William Thomson, 1st Baron Kelvin	William Thomson, 1st Baron Kelvin	Q10686	Belfast	Belfast	William Thomson, 1st Baron Kelvin was born in Belfast .	William Thomson, 1st Baron Kelvin lahir di Belfast.	William Thomson, 1st Baron Kelvin lahir di 	 William Thomson, Baron Kelvin pertama lahir di Belfast.	 William Thomson, Baron Kelvin pertama lahir di 	Belfast	['Belfast']	{'Belfast': 2}	0	-47.6875	1	{'Belfast': 1}	1	-69.5	1
72	Q65515	Heide Simonis	Heide Simonis	Q586	Bonn	Bonn	Heide Simonis was born in Bonn .	Heide Simonis lahir di Bonn.	Heide Simonis lahir di 	 Heide Simonis lahir di Bonn.	 Heide Simonis lahir di 	Bonn	['Bonn']	{'Bonn': 11}	0	-51.65625	0	{'Bonn': 8}	0	-58.75	0
74	Q5575520	Gobind Singh Deo	Gobind Singh Deo	Q188096	Penang	Pulau Pinang	Gobind Singh Deo was born in Penang .	Gobind Singh Deo lahir di Pulau Pinang.	Gobind Singh Deo lahir di 	 Gobind Singh Deo lahir di Penang.	 Gobind Singh Deo lahir di 	Penang	['Penang', 'Penang']	{'Penang': 8, 'Pulau Pinang': 19}	0	-47.71875	0	{'Penang': 5, 'Pulau Pinang': 12}	0	-54.03125	0
75	Q1453320	Mufi Hannemann	Mufi Hannemann	Q18094	Honolulu	Honolulu	Mufi Hannemann was born in Honolulu .	Mufi Hannemann lahir di Honolulu.	Mufi Hannemann lahir di 	 Mufi Hannemann lahir di Honolulu.	 Mufi Hannemann lahir di 	Honolulu	['Honolulu']	{'Honolulu': 1}	1	-52.6875	1	{'Honolulu': 1}	1	-57.875	1
76	Q551426	Eric Gill	Eric Gill	Q131491	Brighton	Brighton	Eric Gill was born in Brighton .	Eric Gill lahir di Brighton.	Eric Gill lahir di 	 Eric Gill lahir di Brighton.	 Eric Gill lahir di 	Brighton	['Brighton']	{'Brighton': 1}	1	-43.53125	1	{'Brighton': 1}	1	-51.8125	1
77	Q152393	Alfred Adler	Alfred Adler	Q1741	Vienna	Wina	Alfred Adler was born in Vienna .	Alfred Adler lahir di Wina.	Alfred Adler lahir di 	 Alfred Adler lahir di Wina.	 Alfred Adler lahir di 	Wina	['Vienna']	{'Wina': 4}	0	-45.8125	0	{'Wina': 6}	0	-55.6875	0
78	Q259096	Anchee Min	Anchee Min	Q8686	Shanghai	Shanghai	Anchee Min was born in Shanghai .	Anchee Min lahir di Shanghai.	Anchee Min lahir di 	 Anchee Min lahir di Shanghai.	 Anchee Min lahir di 	Shanghai	['Shanghai']	{'Shanghai': 1}	1	-43.9375	1	{'Shanghai': 1}	1	-50.21875	1
79	Q489748	Kang Ji-hwan	Kang Ji-hwan	Q8684	Seoul	Seoul	Kang Ji-hwan was born in Seoul .	Kang Ji-hwan lahir di Seoul.	Kang Ji-hwan lahir di 	 Kang Ji-hwan lahir di Seoul.	 Kang Ji-hwan lahir di 	Seoul	['Seoul']	{'Seoul': 1}	1	-47.84375	1	{'Seoul': 1}	1	-53.6875	1
80	Q123867	Marquis de Sade	Marquis de Sade	Q90	Paris	Paris	Marquis de Sade was born in Paris .	Marquis de Sade lahir di Paris.	Marquis de Sade lahir di 	 Marquis de Sade dilahirkan di Paris.	 Marquis de Sade dilahirkan di 	Paris	['Paris']	{'Paris': 1}	1	-43.21875	1	{'Paris': 1}	1	-61.03125	1
81	Q773450	Mastino II della Scala	Mastino II della Scala	Q2028	Verona	Verona	Mastino II della Scala was born in Verona .	Mastino II della Scala lahir di Verona.	Mastino II della Scala lahir di 	 Mastino II della Scala lahir di Verona.	 Mastino II della Scala lahir di 	Verona	['Verona']	{'Verona': 3}	0	-66.875	1	{'Verona': 3}	0	-69.25	1
82	Q940281	Salvatore Lo Piccolo	Salvatore Lo Piccolo	Q2656	Palermo	Palermo	Salvatore Lo Piccolo was born in Palermo .	Salvatore Lo Piccolo lahir di Palermo.	Salvatore Lo Piccolo lahir di 	 Salvatore Lo Piccolo lahir di Palermo.	 Salvatore Lo Piccolo lahir di 	Palermo	['Palermo']	{'Palermo': 1}	1	-52.25	1	{'Palermo': 1}	1	-68.125	1
83	Q189164	Feodor Chaliapin	Feodor Iwanowitch Chaliapine	Q900	Kazan	Kazan	Feodor Chaliapin was born in Kazan .	Feodor Iwanowitch Chaliapine lahir di Kazan.	Feodor Iwanowitch Chaliapine lahir di 	 Feodor Chaliapin lahir di Kazan.	 Feodor Chaliapin lahir di 	Kazan	['Kazan']	{'Kazan': 5}	0	-66.5	0	{'Kazan': 1}	1	-53.03125	1
85	Q964887	Madhur Bhandarkar	Madhur Bhandarkar	Q1156	Mumbai	Mumbai	Madhur Bhandarkar was born in Mumbai .	Madhur Bhandarkar lahir di Mumbai.	Madhur Bhandarkar lahir di 	 Madhur Bhandarkar lahir di Mumbai.	 Madhur Bhandarkar lahir di 	Mumbai	['Mumbai']	{'Mumbai': 1}	1	-50.46875	1	{'Mumbai': 1}	1	-59.53125	1
86	Q180852	Zhang Ziyi	Zhang Ziyi	Q956	Beijing	Beijing	Zhang Ziyi was born in Beijing .	Zhang Ziyi lahir di Beijing.	Zhang Ziyi lahir di 	 Zhang Ziyi lahir di Beijing.	 Zhang Ziyi lahir di 	Beijing	['Beijing']	{'Beijing': 1}	1	-43.125	1	{'Beijing': 1}	1	-52.78125	1
87	Q268726	Chus Lampreave	Chus Lampreave	Q2807	Madrid	Madrid	Chus Lampreave was born in Madrid .	Chus Lampreave lahir di Madrid.	Chus Lampreave lahir di 	 Chus Lampreave lahir di Madrid.	 Chus Lampreave lahir di 	Madrid	['Madrid']	{'Madrid': 1}	1	-45.875	1	{'Madrid': 1}	1	-52.0	1
88	Q5702116	Helen Dallimore	Helen Dallimore	Q3141	Melbourne	Melbourne	Helen Dallimore was born in Melbourne .	Helen Dallimore lahir di Melbourne.	Helen Dallimore lahir di 	 Helen Dallimore lahir di Melbourne.	 Helen Dallimore lahir di 	Melbourne	['Melbourne']	{'Melbourne': 1}	1	-46.8125	1	{'Melbourne': 1}	1	-59.125	1
89	Q73498	Lutz Heck	Lutz Heck	Q64	Berlin	Berlin	Lutz Heck was born in Berlin .	Lutz Heck lahir di Berlin.	Lutz Heck lahir di 	 Lutz Heck lahir di Berlin.	 Lutz Heck lahir di 	Berlin	['Berlin', 'Berlin, Jerman', 'Berlin (Jerman)']	{'Berlin': 1}	1	-57.34375	1	{'Berlin': 1}	1	-60.3125	1
90	Q1361397	Otto Jelinek	Otto Jelinek	Q1085	Prague	Praha	Otto Jelinek was born in Prague .	Otto Jelinek lahir di Praha.	Otto Jelinek lahir di 	Otto Jelinek lahir di Praha.	Otto Jelinek lahir di 	Praha	['Prague', 'Hlavní město Praha', 'Kota Praha']	{'Praha': 1}	1	-38.21875	1	{'Praha': 1}	1	-38.21875	1
91	Q6409822	Kimberley Cooper	Kimberley Cooper	Q3130	Sydney	Sydney	Kimberley Cooper was born in Sydney .	Kimberley Cooper lahir di Sydney.	Kimberley Cooper lahir di 	 Kimberley Cooper lahir di Sydney.	 Kimberley Cooper lahir di 	Sydney	['Sydney']	{'Sydney': 2}	0	-45.75	1	{'Sydney': 1}	1	-55.90625	1
92	Q472427	Thomas Palaiologos	Thomas Palaiologos	Q16869	Constantinople	Konstantinopel	Thomas Palaiologos was born in Constantinople .	Thomas Palaiologos lahir di Konstantinopel.	Thomas Palaiologos lahir di 	 Thomas Palaiologos dilahirkan di Konstantinopel.	 Thomas Palaiologos dilahirkan di 	Konstantinopel	['Constantinople']	{'Konstantinopel': 1}	1	-47.90625	1	{'Konstantinopel': 1}	1	-66.1875	1
93	Q467397	Bodin Issara	Bodin Issara	Q1861	Bangkok	Bangkok	Bodin Issara was born in Bangkok .	Bodin Issara lahir di Bangkok.	Bodin Issara lahir di 	 Bodin Issara lahir di Bangkok.	 Bodin Issara lahir di 	Bangkok	['Bangkok']	{'Bangkok': 1}	1	-48.9375	1	{'Bangkok': 1}	1	-63.625	1
96	Q1563129	Jacqueline Beer	Jacqueline Beer	Q90	Paris	Paris	Jacqueline Beer was born in Paris .	Jacqueline Beer lahir di Paris.	Jacqueline Beer lahir di 	 Jacqueline Beer lahir di Paris.	 Jacqueline Beer lahir di 	Paris	['Paris']	{'Paris': 8}	0	-49.96875	0	{'Paris': 1}	1	-63.5625	1
98	Q6234137	John Frederick Maurice	John Frederick Maurice	Q84	London	London	John Frederick Maurice was born in London .	John Frederick Maurice lahir di London.	John Frederick Maurice lahir di 	 John Frederick Maurice lahir di London.	 John Frederick Maurice lahir di 	London	['London']	{'London': 1}	1	-57.4375	1	{'London': 1}	1	-65.0	1
99	Q1331947	Junichi Suwabe	Junichi Suwabe	Q1490	Tokyo	Tokyo	Junichi Suwabe was born in Tokyo .	Junichi Suwabe lahir di Tokyo.	Junichi Suwabe lahir di 	 Junichi Suwabe lahir di Tokyo.	 Junichi Suwabe lahir di 	Tokyo	['Tokyo', 'Prefektur Tokyo']	{'Tokyo': 1}	1	-45.5	1	{'Tokyo': 1}	1	-57.09375	1
100	Q44271	Riona Hazuki	Riona Hazuki	Q1490	Tokyo	Tokyo	Riona Hazuki was born in Tokyo .	Riona Hazuki lahir di Tokyo.	Riona Hazuki lahir di 	 Riona Hazuki lahir di Tokyo.	 Riona Hazuki lahir di 	Tokyo	['Tokyo', 'Prefektur Tokyo']	{'Tokyo': 2}	0	-59.15625	1	{'Tokyo': 1}	1	-64.875	1
102	Q607123	Simon Louvish	Simon Louvish	Q4093	Glasgow	Glasgow	Simon Louvish was born in Glasgow .	Simon Louvish lahir di Glasgow.	Simon Louvish lahir di 	 Simon Louvish lahir di Glasgow.	 Simon Louvish lahir di 	Glasgow	['Glasgow']	{'Glasgow': 7}	0	-46.15625	0	{'Glasgow': 4}	0	-57.625	0
103	Q313062	Joseph Babinski	Josep Francois Felix	Q90	Paris	Paris	Joseph Babinski was born in Paris .	Josep Francois Felix lahir di Paris.	Josep Francois Felix lahir di 	 Joseph Babinski lahir di Paris.	 Joseph Babinski lahir di 	Paris	['Paris']	{'Paris': 2}	0	-71.0	1	{'Paris': 1}	1	-54.9375	1
104	Q1440980	Francesco Castellacci	Francesco Castellacci	Q220	Rome	Roma	Francesco Castellacci was born in Rome .	Francesco Castellacci lahir di Roma.	Francesco Castellacci lahir di 	 Francesco Castellacci lahir di Roma.	 Francesco Castellacci lahir di 	Roma	['Rome']	{'Roma': 4}	0	-46.875	0	{'Roma': 4}	0	-58.0625	0
105	Q215305	Giulio Romano	Giulio Romano	Q220	Rome	Roma	Giulio Romano was born in Rome .	Giulio Romano lahir di Roma.	Giulio Romano lahir di 	 Giulio Romano lahir di Roma.	 Giulio Romano lahir di 	Roma	['Rome']	{'Roma': 2}	0	-40.8125	1	{'Roma': 1}	1	-56.40625	1
106	Q6812384	Melik Brown	Melik Brown	Q138367	Camden	Camden	Melik Brown was born in Camden .	Melik Brown lahir di Camden.	Melik Brown lahir di 	 Melik Brown lahir di Camden.	 Melik Brown lahir di 	Camden	['Camden']	{'Camden': 14}	0	-51.40625	0	{'Camden': 13}	0	-62.96875	0
107	Q542920	Max Bunker	Max Bunker	Q490	Milan	Milan	Max Bunker was born in Milan .	Max Bunker lahir di Milan.	Max Bunker lahir di 	 Max Bunker lahir di Milan.	 Max Bunker lahir di 	Milan	['Milan']	{'Milan': 11}	0	-50.8125	0	{'Milan': 4}	0	-59.625	0
108	Q320294	Elisar von Kupffer	Elisar von Kupffer	Q1770	Tallinn	Tallinn	Elisar von Kupffer was born in Tallinn .	Elisar von Kupffer lahir di Tallinn.	Elisar von Kupffer lahir di 	 Elisar von Kupffer lahir di Tallinn.	 Elisar von Kupffer lahir di 	Tallinn	['Tallinn']	{'Tallinn': 6}	0	-50.03125	0	{'Tallinn': 7}	0	-61.40625	0
109	Q468043	Jon Elster	Jon Elster	Q585	Oslo	Oslo	Jon Elster was born in Oslo .	Jon Elster lahir di Oslo.	Jon Elster lahir di 	 Jon Elster lahir di Oslo.	 Jon Elster lahir di 	Oslo	['Oslo']	{'Oslo': 3}	0	-46.125	1	{'Oslo': 1}	1	-58.8125	1
110	Q2492	Konrad Adenauer	Konrad Adenauer	Q365	Cologne	Köln	Konrad Adenauer was born in Cologne .	Konrad Adenauer lahir di Köln.	Konrad Adenauer lahir di 	 Konrad Adenauer lahir di Köln.	 Konrad Adenauer lahir di 	Köln	['Cologne']	{'Köln': 1}	1	-40.5625	1	{'Köln': 1}	1	-50.0	1
111	Q13230	Ferdinand de Saussure	Ferdinand de Saussure	Q71	Geneva	Jenewa	Ferdinand de Saussure was born in Geneva .	Ferdinand de Saussure lahir di Jenewa.	Ferdinand de Saussure lahir di 	 Ferdinand de Saussure lahir di Jenewa.	 Ferdinand de Saussure lahir di 	Jenewa	['Geneva']	{'Jenewa': 8}	0	-40.59375	0	{'Jenewa': 9}	0	-52.75	0
112	Q234593	Ausonius	Ausonius	Q1479	Bordeaux	Bordeaux	Ausonius was born in Bordeaux .	Ausonius lahir di Bordeaux.	Ausonius lahir di 	 Ausonius lahir di Bordeaux.	 Ausonius lahir di 	Bordeaux	['Bordeaux']	{'Bordeaux': 1}	1	-49.0625	1	{'Bordeaux': 1}	1	-56.4375	1
113	Q6354857	Kalyan Kumar	Kalyan Kumar	Q1355	Bengaluru	Bengaluru	Kalyan Kumar was born in Bengaluru .	Kalyan Kumar lahir di Bengaluru.	Kalyan Kumar lahir di 	Kalyan Kumar lahir di Bengaluru.	Kalyan Kumar lahir di 	Bengaluru	['Bengaluru', 'Bangalore']	{'Bengaluru': 1}	1	-44.21875	1	{'Bengaluru': 1}	1	-44.21875	1
114	Q637260	Te Wei	Te Wei	Q8686	Shanghai	Shanghai	Te Wei was born in Shanghai .	Te Wei lahir di Shanghai.	Te Wei lahir di 	 Te Wei lahir di Shanghai.	 Te Wei lahir di 	Shanghai	['Shanghai']	{'Shanghai': 1}	1	-46.90625	1	{'Shanghai': 1}	1	-56.71875	1
115	Q5534668	Geoffrey Hinsliff	Geoffrey Hinsliff	Q39121	Leeds	Leeds	Geoffrey Hinsliff was born in Leeds .	Geoffrey Hinsliff lahir di Leeds.	Geoffrey Hinsliff lahir di 	 Geoffrey Hinsliff lahir di Leeds.	 Geoffrey Hinsliff lahir di 	Leeds	['Leeds']	{'Leeds': 5}	0	-54.25	0	{'Leeds': 3}	0	-68.25	1
116	Q7027443	Nick Laird-Clowes	Nick Laird-Clowes	Q84	London	London	Nick Laird-Clowes was born in London .	Nick Laird-Clowes lahir di London.	Nick Laird-Clowes lahir di 	 Nick Laird-Clowes lahir di London.	 Nick Laird-Clowes lahir di 	London	['London']	{'London': 1}	1	-60.21875	1	{'London': 1}	1	-68.125	1
117	Q4200501	Daniel Mananta	Daniel Mananta	Q3630	Jakarta	Jakarta	Daniel Mananta was born in Jakarta .	Daniel Mananta lahir di Jakarta.	Daniel Mananta lahir di 	 Daniel Mananta lahir di Jakarta.	 Daniel Mananta lahir di 	Jakarta	['Jakarta', 'Daerah Khusus Ibukota Jakarta', 'DKI Jakarta', 'Djakarta', 'Prov. Jakarta', 'Provinsi Jakarta', 'Daerah Khusus Jakarta', 'DKJ']	{'Jakarta': 1}	1	-46.03125	1	{'Jakarta': 1}	1	-55.125	1
119	Q311291	Yaropolk I of Kiev	Yaropolk I dari Kiev	Q1899	Kiev	Kiev	Yaropolk I of Kiev was born in Kiev .	Yaropolk I dari Kiev lahir di Kiev.	Yaropolk I dari Kiev lahir di 	 Yaropolk I dari Kiev lahir di Kiev.	 Yaropolk I dari Kiev lahir di 	Kiev	['Kyiv']	{'Kiev': 1}	1	-55.84375	1	{'Kiev': 1}	1	-62.40625	1
120	Q169794	Ranavalona I	Ranavalona I	Q1019	Madagascar	Madagaskar	Ranavalona I was born in Madagascar .	Ranavalona I lahir di Madagaskar.	Ranavalona I lahir di 	 Ranavalona Saya lahir di Madagaskar.	 Ranavalona Saya lahir di 	Madagaskar	['Madagascar']	{'Madagaskar': 4}	0	-45.25	0	{'Madagaskar': 1}	1	-77.1875	1
121	Q723666	Guido Crepax	Guido Crepax	Q490	Milan	Milan	Guido Crepax was born in Milan .	Guido Crepax lahir di Milan.	Guido Crepax lahir di 	 Guido Crepax lahir di Milan.	 Guido Crepax lahir di 	Milan	['Milan']	{'Milan': 1}	1	-49.375	1	{'Milan': 1}	1	-58.96875	1
123	Q1281750	Meredith Willson	Meredith Willson	Q1546	Iowa	Iowa	Meredith Willson was born in Iowa .	Meredith Willson lahir di Iowa.	Meredith Willson lahir di 	 Meredith Willson lahir di Iowa.	 Meredith Willson lahir di 	Iowa	['Iowa']	{'Iowa': 1}	1	-40.0625	1	{'Iowa': 1}	1	-49.0	1
124	Q2335313	Biurakn Hakhverdian	Biurakn Hakhverdian	Q43631	Leiden	Leiden	Biurakn Hakhverdian was born in Leiden .	Biurakn Hakhverdian lahir di Leiden.	Biurakn Hakhverdian lahir di 	 Biurakn Hakhverdian lahir di Leiden.	 Biurakn Hakhverdian lahir di 	Leiden	['Leiden', 'Leyden']	{'Leiden': 35}	0	-68.625	0	{'Leiden': 35}	0	-77.5	0
125	Q158813	Mike Huckabee	Mike Huckabee	Q80008	Hope	Hope	Mike Huckabee was born in Hope .	Mike Huckabee lahir di Hope.	Mike Huckabee lahir di 	 Mike Huckabee lahir di Hope.	 Mike Huckabee lahir di 	Hope	['Hope']	{'Hope': 1}	1	-46.3125	1	{'Hope': 1}	1	-57.0	1
127	Q418762	Akira Kamiya	Akira Kamiya	Q38283	Yokohama	Yokohama	Akira Kamiya was born in Yokohama .	Akira Kamiya lahir di Yokohama.	Akira Kamiya lahir di 	 Akira Kamiya lahir di Yokohama.	 Akira Kamiya lahir di 	Yokohama	['Yokohama']	{'Yokohama': 1}	1	-48.09375	1	{'Yokohama': 1}	1	-52.40625	1
128	Q5186150	Cristian Alexanda	Cristian Alexanda	Q3183	Perth	Perth	Cristian Alexanda was born in Perth .	Cristian Alexanda lahir di Perth.	Cristian Alexanda lahir di 	 Cristian Alexanda lahir di Perth.	 Cristian Alexanda lahir di 	Perth	['Perth']	{'Perth': 13}	0	-62.0	0	{'Perth': 9}	0	-75.125	0
129	Q277665	Prabhu Ganesan	Prabhu Ganesan	Q1352	Chennai	Chennai	Prabhu Ganesan was born in Chennai .	Prabhu Ganesan lahir di Chennai.	Prabhu Ganesan lahir di 	 Prabhu Ganesan lahir di Chennai.	 Prabhu Ganesan lahir di 	Chennai	['Chennai']	{'Chennai': 1}	1	-49.75	1	{'Chennai': 1}	1	-54.40625	1
130	Q189080	Lou Reed	Lou Reed	Q18419	Brooklyn	Brooklyn	Lou Reed was born in Brooklyn .	Lou Reed lahir di Brooklyn.	Lou Reed lahir di 	 Lou Reed lahir di Brooklyn.	 Lou Reed lahir di 	Brooklyn	['Brooklyn', 'Brooklyn, New York']	{'Brooklyn': 1}	1	-42.59375	1	{'Brooklyn': 1}	1	-59.375	1
132	Q322582	Paul Delaroche	Paul Delaroche	Q90	Paris	Paris	Paul Delaroche was born in Paris .	Paul Delaroche lahir di Paris.	Paul Delaroche lahir di 	 Paul Delaroche lahir di Paris.	 Paul Delaroche lahir di 	Paris	['Paris']	{'Paris': 1}	1	-52.9375	1	{'Paris': 1}	1	-57.59375	1
134	Q149727	Saint Giles	Santo Gilles	Q1524	Athens	Athena	Saint Giles was born in Athens .	Santo Gilles lahir di Athena.	Santo Gilles lahir di 	 Santo Giles dilahirkan di Athena.	 Santo Giles dilahirkan di 	Athena	['Athens']	{'Athena': 29}	0	-58.6875	0	{'Athena': 39}	0	-74.25	0
135	Q1329748	Tomomi Kasai	Tomomi Kasai	Q1490	Tokyo	Tokyo	Tomomi Kasai was born in Tokyo .	Tomomi Kasai lahir di Tokyo.	Tomomi Kasai lahir di 	 Tomomi Kasai lahir di Tokyo.	 Tomomi Kasai lahir di 	Tokyo	['Tokyo', 'Prefektur Tokyo']	{'Tokyo': 1}	1	-45.21875	1	{'Tokyo': 1}	1	-53.5	1
136	Q1673410	Isaac Isaacs	Isaac Isaacs	Q3141	Melbourne	Melbourne	Isaac Isaacs was born in Melbourne .	Isaac Isaacs lahir di Melbourne.	Isaac Isaacs lahir di 	 Isaac Isaacs lahir di Melbourne.	 Isaac Isaacs lahir di 	Melbourne	['Melbourne']	{'Melbourne': 1}	1	-42.75	1	{'Melbourne': 1}	1	-56.5625	1
137	Q712572	Philistus	Philistos	Q13670	Syracuse	Sirakusa	Philistus was born in Syracuse .	Philistos lahir di Sirakusa.	Philistos lahir di 	Philistus dilahirkan di Sirakusa.	Philistus dilahirkan di 	Sirakusa	['Syracuse']	{'Sirakusa': 44}	0	-48.875	0	{'Sirakusa': 41}	0	-50.90625	0
138	Q2002354	Saeb Salam	Saeb Salam	Q3820	Beirut	Beirut	Saeb Salam was born in Beirut .	Saeb Salam lahir di Beirut.	Saeb Salam lahir di 	 Saeb Salam lahir di Beirut.	 Saeb Salam lahir di 	Beirut	['Beirut']	{'Beirut': 1}	1	-45.4375	1	{'Beirut': 1}	1	-56.25	1
139	Q723371	Guglielmo Gabetto	Guglielmo Gabetto	Q495	Turin	Turin	Guglielmo Gabetto was born in Turin .	Guglielmo Gabetto lahir di Turin.	Guglielmo Gabetto lahir di 	 Guglielmo Gabetto lahir di Turin.	 Guglielmo Gabetto lahir di 	Turin	['Turin']	{'Turin': 2}	0	-59.03125	1	{'Turin': 1}	1	-64.6875	1
140	Q310791	Jules Michelet	Jules Michelet	Q90	Paris	Paris	Jules Michelet was born in Paris .	Jules Michelet lahir di Paris.	Jules Michelet lahir di 	 Jules Michelet lahir di Paris.	 Jules Michelet lahir di 	Paris	['Paris']	{'Paris': 1}	1	-42.625	1	{'Paris': 1}	1	-54.46875	1
141	Q194064	Hezekiah	Yehezkiel	Q1218	Jerusalem	Yerusalem	Hezekiah was born in Jerusalem .	Yehezkiel lahir di Yerusalem.	Yehezkiel lahir di 	 Hizkia lahir di Yerusalem.	 Hizkia lahir di 	Yerusalem	['Jerusalem', 'Al-Quds', 'Aelia Capitolina']	{'Yerusalem': 2}	0	-54.9375	1	{'Yerusalem': 1}	1	-52.75	1
142	Q7377425	Rudolph Isley	Rudolph Isley	Q43196	Cincinnati	Cincinnati	Rudolph Isley was born in Cincinnati .	Rudolph Isley lahir di Cincinnati.	Rudolph Isley lahir di 	 Rudolph Isley lahir di Cincinnati.	 Rudolph Isley lahir di 	Cincinnati	['Cincinnati']	{'Cincinnati': 1}	1	-44.90625	1	{'Cincinnati': 1}	1	-58.625	1
143	Q2884698	Barney Balaban	Barney Balaban	Q1297	Chicago	Chicago	Barney Balaban was born in Chicago .	Barney Balaban lahir di Chicago.	Barney Balaban lahir di 	 Barney Balaban lahir di Chicago.	 Barney Balaban lahir di 	Chicago	['Chicago', 'The Queen of the West', 'The Second City', 'The Windy City', 'Chicago, Illinois', 'City of Broad Shoulders']	{'Chicago': 4}	0	-49.96875	0	{'Chicago': 4}	0	-58.53125	0
144	Q330825	Mario Caiano	Mario Caiano	Q220	Rome	Roma	Mario Caiano was born in Rome .	Mario Caiano lahir di Roma.	Mario Caiano lahir di 	 Mario Caiano lahir di Roma.	 Mario Caiano lahir di 	Roma	['Rome']	{'Roma': 2}	0	-46.4375	1	{'Roma': 1}	1	-55.59375	1
145	Q241897	Jacki Weaver	Jacki Weaver	Q3130	Sydney	Sydney	Jacki Weaver was born in Sydney .	Jacki Weaver lahir di Sydney.	Jacki Weaver lahir di 	 Jacki Weaver lahir di Sydney.	 Jacki Weaver lahir di 	Sydney	['Sydney']	{'Sydney': 1}	1	-43.625	1	{'Sydney': 1}	1	-55.25	1
146	Q2738917	Vikram Bhatt	Vikram Bhatt	Q1156	Mumbai	Mumbai	Vikram Bhatt was born in Mumbai .	Vikram Bhatt lahir di Mumbai.	Vikram Bhatt lahir di 	 Vikram Bhatt lahir di Mumbai.	 Vikram Bhatt lahir di 	Mumbai	['Mumbai']	{'Mumbai': 1}	1	-44.96875	1	{'Mumbai': 1}	1	-55.34375	1
147	Q297562	Leopold Stokowski	Leopold Anthony Stokowski	Q84	London	London	Leopold Stokowski was born in London .	Leopold Anthony Stokowski lahir di London.	Leopold Anthony Stokowski lahir di 	 Leopold Stokowski lahir di London.	 Leopold Stokowski lahir di 	London	['London']	{'London': 3}	0	-48.78125	1	{'London': 1}	1	-55.0625	1
148	Q443036	Yui Ichikawa	Yui Ichikawa	Q1490	Tokyo	Tokyo	Yui Ichikawa was born in Tokyo .	Yui Ichikawa lahir di Tokyo.	Yui Ichikawa lahir di 	 Yui Ichikawa lahir di Tokyo.	 Yui Ichikawa lahir di 	Tokyo	['Tokyo', 'Prefektur Tokyo']	{'Tokyo': 1}	1	-50.4375	1	{'Tokyo': 1}	1	-55.46875	1
149	Q1320703	Bai Guang	Bai Guang	Q956	Beijing	Beijing	Bai Guang was born in Beijing .	Bai Guang lahir di Beijing.	Bai Guang lahir di 	 Bai Guang lahir di Beijing.	 Bai Guang lahir di 	Beijing	['Beijing']	{'Beijing': 2}	0	-50.375	1	{'Beijing': 2}	0	-60.25	1
150	Q7420859	Saom Vansodany	Saom Vansodany	Q424	Cambodia	Kamboja	Saom Vansodany was born in Cambodia .	Saom Vansodany lahir di Kamboja.	Saom Vansodany lahir di 	 Saom Vansodany lahir di Kamboja.	 Saom Vansodany lahir di 	Kamboja	['Cambodia', 'Kerajaan Kamboja']	{'Kamboja': 10}	0	-78.5625	0	{'Kamboja': 1}	1	-88.5	1
151	Q4107978	Trey Teague	Trey Teague	Q985409	Jackson	Jackson	Trey Teague was born in Jackson .	Trey Teague lahir di Jackson.	Trey Teague lahir di 	 Trey Teague lahir di Jackson.	 Trey Teague lahir di 	Jackson	['Jackson']	{'Jackson': 3}	0	-57.71875	1	{'Jackson': 3}	0	-67.875	1
152	Q309635	Pietro Lorenzetti	Pietro Lorenzetti	Q2751	Siena	Siena	Pietro Lorenzetti was born in Siena .	Pietro Lorenzetti lahir di Siena.	Pietro Lorenzetti lahir di 	 Pietro Lorenzetti lahir di Siena.	 Pietro Lorenzetti lahir di 	Siena	['Siena']	{'Siena': 1}	1	-45.03125	1	{'Siena': 1}	1	-58.0	1
153	Q320118	Domenichino	Domenichino	Q1891	Bologna	Bologna	Domenichino was born in Bologna .	Domenichino lahir di Bologna.	Domenichino lahir di 	 Domenichino lahir di Bologna.	 Domenichino lahir di 	Bologna	['Bologna']	{'Bologna': 1}	1	-46.9375	1	{'Bologna': 1}	1	-53.5	1
154	Q201538	Edward Said	Edward Said	Q1218	Jerusalem	Yerusalem	Edward Said was born in Jerusalem .	Edward Said lahir di Yerusalem.	Edward Said lahir di 	 Edward Said lahir di Yerusalem.	 Edward Said lahir di 	Yerusalem	['Jerusalem', 'Al-Quds', 'Aelia Capitolina']	{'Yerusalem': 18}	0	-42.65625	0	{'Yerusalem': 17}	0	-54.53125	0
155	Q425792	Antonella Costa	Antonella Costa	Q220	Rome	Roma	Antonella Costa was born in Rome .	Antonella Costa lahir di Roma.	Antonella Costa lahir di 	 Antonella Costa lahir di Roma.	 Antonella Costa lahir di 	Roma	['Rome']	{'Roma': 4}	0	-45.15625	0	{'Roma': 4}	0	-56.125	0
156	Q727572	Umberto Guidoni	Umberto Guidoni	Q220	Rome	Roma	Umberto Guidoni was born in Rome .	Umberto Guidoni lahir di Roma.	Umberto Guidoni lahir di 	 Umberto Guidoni lahir di Roma.	 Umberto Guidoni lahir di 	Roma	['Rome']	{'Roma': 2}	0	-49.6875	1	{'Roma': 2}	0	-55.8125	1
157	Q7320290	Rhea Chakraborty	Rhea Chakraborty	Q1355	Bengaluru	Bengaluru	Rhea Chakraborty was born in Bengaluru .	Rhea Chakraborty lahir di Bengaluru.	Rhea Chakraborty lahir di 	 Rhea Chakraborty lahir di Bengaluru.	 Rhea Chakraborty lahir di 	Bengaluru	['Bengaluru', 'Bangalore']	{'Bengaluru': 3}	0	-50.4375	1	{'Bengaluru': 2}	0	-60.28125	1
158	Q41641	Leo V the Armenian	Leo V orang Armenia	Q399	Armenia	Armenia	Leo V the Armenian was born in Armenia .	Leo V orang Armenia lahir di Armenia.	Leo V orang Armenia lahir di 	 Leo V dari Armenia lahir di Armenia.	 Leo V dari Armenia lahir di 	Armenia	['Armenia']	{'Armenia': 1}	1	-66.8125	1	{'Armenia': 1}	1	-63.625	1
159	Q250093	Marco Delvecchio	Marco Delvecchio	Q490	Milan	Milan	Marco Delvecchio was born in Milan .	Marco Delvecchio lahir di Milan.	Marco Delvecchio lahir di 	 Marco Delvecchio lahir di Milan.	 Marco Delvecchio lahir di 	Milan	['Milan']	{'Milan': 1}	1	-45.0	1	{'Milan': 2}	0	-56.3125	1
160	Q1246500	Gianrico Carofiglio	Gianrico Carofiglio	Q3519	Bari	Bari	Gianrico Carofiglio was born in Bari .	Gianrico Carofiglio lahir di Bari.	Gianrico Carofiglio lahir di 	 Gianrico Carofiglio lahir di Bari.	 Gianrico Carofiglio lahir di 	Bari	['Bari']	{'Bari': 1}	1	-50.25	1	{'Bari': 1}	1	-57.9375	1
161	Q5591276	Grace Lynn Kung	Grace Lynn Kung	Q1930	Ottawa	Ottawa	Grace Lynn Kung was born in Ottawa .	Grace Lynn Kung lahir di Ottawa.	Grace Lynn Kung lahir di 	Grace Lynn Kung lahir di Ottawa.	Grace Lynn Kung lahir di 	Ottawa	['Ottawa', 'Bytown']	{'Ottawa': 8}	0	-45.25	0	{'Ottawa': 8}	0	-45.25	0
163	Q2613056	Michael Ben-Ari	Michael Ben-Ari	Q801	Israel	Israel	Michael Ben-Ari was born in Israel .	Michael Ben-Ari lahir di Israel.	Michael Ben-Ari lahir di 	 Michael Ben-Ari lahir di Israel.	 Michael Ben-Ari lahir di 	Israel	['Israel', 'Negara Israel']	{'Israel': 1}	1	-47.21875	1	{'Israel': 1}	1	-55.15625	1
164	Q82778	Pliny the Elder	Plinius yang Tua	Q1308	Como	Como	Pliny the Elder was born in Como .	Plinius yang Tua lahir di Como.	Plinius yang Tua lahir di 	 Plinius Tua dilahirkan di Como.	 Plinius Tua dilahirkan di 	Como	['Como']	{'Como': 6}	0	-51.21875	0	{'Como': 6}	0	-72.375	0
165	Q1065638	Yuriko Ishida	Yuriko Ishida	Q11751	Nagoya	Nagoya	Yuriko Ishida was born in Nagoya .	Yuriko Ishida lahir di Nagoya.	Yuriko Ishida lahir di 	 Yuriko Ishida lahir di Nagoya.	 Yuriko Ishida lahir di 	Nagoya	['Nagoya']	{'Nagoya': 2}	0	-46.09375	1	{'Nagoya': 2}	0	-53.78125	1
166	Q152229	Frederick William II of Prussia	Friedrich Wilhelm II dari Prusia	Q64	Berlin	Berlin	Frederick William II of Prussia was born in Berlin .	Friedrich Wilhelm II dari Prusia lahir di Berlin.	Friedrich Wilhelm II dari Prusia lahir di 	 Frederick William II dari Prusia lahir di Berlin.	 Frederick William II dari Prusia lahir di 	Berlin	['Berlin', 'Berlin, Jerman', 'Berlin (Jerman)']	{'Berlin': 1}	1	-52.34375	1	{'Berlin': 1}	1	-64.75	1
167	Q20733	Georges Duhamel	Georges Duhamel	Q90	Paris	Paris	Georges Duhamel was born in Paris .	Georges Duhamel lahir di Paris.	Georges Duhamel lahir di 	 Georges Duhamel lahir di Paris.	 Georges Duhamel lahir di 	Paris	['Paris']	{'Paris': 1}	1	-48.0625	1	{'Paris': 1}	1	-53.09375	1
168	Q313042	Stephen Rea	Stephen Rea	Q10686	Belfast	Belfast	Stephen Rea was born in Belfast .	Stephen Rea lahir di Belfast.	Stephen Rea lahir di 	 Stephen Rea lahir di Belfast.	 Stephen Rea lahir di 	Belfast	['Belfast']	{'Belfast': 1}	1	-41.40625	1	{'Belfast': 1}	1	-53.90625	1
170	Q2096624	Ryo Ryusei	Ryo Ryusei	Q1490	Tokyo	Tokyo	Ryo Ryusei was born in Tokyo .	Ryo Ryusei lahir di Tokyo.	Ryo Ryusei lahir di 	 Ryo Ryusei lahir di Tokyo.	 Ryo Ryusei lahir di 	Tokyo	['Tokyo', 'Prefektur Tokyo']	{'Tokyo': 1}	1	-48.0625	1	{'Tokyo': 1}	1	-54.8125	1
171	Q456194	Sid Luckman	Sid Luckman	Q18419	Brooklyn	Brooklyn	Sid Luckman was born in Brooklyn .	Sid Luckman lahir di Brooklyn.	Sid Luckman lahir di 	 Sid Luckman lahir di Brooklyn.	 Sid Luckman lahir di 	Brooklyn	['Brooklyn', 'Brooklyn, New York']	{'Brooklyn': 3}	0	-43.84375	1	{'Brooklyn': 4}	0	-54.4375	0
173	Q6124907	Jake Pavelka	Jake Pavelka	Q16557	Dallas	Dallas	Jake Pavelka was born in Dallas .	Jake Pavelka lahir di Dallas.	Jake Pavelka lahir di 	 Jake Pavelka lahir di Dallas.	 Jake Pavelka lahir di 	Dallas	['Dallas', 'Dallas, Texas']	{'Dallas': 1}	1	-52.5	1	{'Dallas': 1}	1	-56.875	1
174	Q970521	Eiko Koike	Eiko Koike	Q1490	Tokyo	Tokyo	Eiko Koike was born in Tokyo .	Eiko Koike lahir di Tokyo.	Eiko Koike lahir di 	 Eiko Koike lahir di Tokyo.	 Eiko Koike lahir di 	Tokyo	['Tokyo', 'Prefektur Tokyo']	{'Tokyo': 1}	1	-50.03125	1	{'Tokyo': 1}	1	-56.0	1
175	Q211827	Peter I of Serbia	Petar I dari Serbia	Q3711	Belgrade	Beograd	Peter I of Serbia was born in Belgrade .	Petar I dari Serbia lahir di Beograd.	Petar I dari Serbia lahir di 	 Peter I dari Serbia lahir di Beograd.	 Peter I dari Serbia lahir di 	Beograd	['Belgrade']	{'Beograd': 3}	0	-58.8125	1	{'Beograd': 1}	1	-65.75	1
176	Q191231	Manuel I of Portugal	Manuel I dari Portugal	Q597	Lisbon	Lisboa	Manuel I of Portugal was born in Lisbon .	Manuel I dari Portugal lahir di Lisboa.	Manuel I dari Portugal lahir di 	 Manuel I dari Portugal lahir di Lisbon.	 Manuel I dari Portugal lahir di 	Lisbon	['Lisbon']	{'Lisboa': 1, 'Lisbon': 2}	1	-49.15625	1	{'Lisboa': 1, 'Lisbon': 2}	1	-56.34375	1
178	Q357450	Soichi Noguchi	Soichi Noguchi	Q38283	Yokohama	Yokohama	Soichi Noguchi was born in Yokohama .	Soichi Noguchi lahir di Yokohama.	Soichi Noguchi lahir di 	 Soichi Noguchi lahir di Yokohama.	 Soichi Noguchi lahir di 	Yokohama	['Yokohama']	{'Yokohama': 1}	1	-44.65625	1	{'Yokohama': 1}	1	-51.8125	1
179	Q1797240	Oscar Sala	Oscar Sala	Q490	Milan	Milan	Oscar Sala was born in Milan .	Oscar Sala lahir di Milan.	Oscar Sala lahir di 	 Oscar Sala lahir di Milan.	 Oscar Sala lahir di 	Milan	['Milan']	{'Milan': 2}	0	-42.3125	1	{'Milan': 1}	1	-52.59375	1
180	Q170297	Boniface III	Paus Bonifasius III	Q220	Rome	Roma	Boniface III was born in Rome .	Paus Bonifasius III lahir di Roma.	Paus Bonifasius III lahir di 	 Bonifasius III lahir di Roma.	 Bonifasius III lahir di 	Roma	['Rome']	{'Roma': 1}	1	-66.4375	1	{'Roma': 1}	1	-65.875	1
181	Q730841	William Hodges	William Hodges	Q84	London	London	William Hodges was born in London .	William Hodges lahir di London.	William Hodges lahir di 	 William Hodges lahir di London.	 William Hodges lahir di 	London	['London']	{'London': 1}	1	-44.71875	1	{'London': 1}	1	-55.59375	1
182	Q151608	Claudio Abbado	Claudio Abbado	Q490	Milan	Milan	Claudio Abbado was born in Milan .	Claudio Abbado lahir di Milan.	Claudio Abbado lahir di 	 Claudio Abbado lahir di Milan.	 Claudio Abbado lahir di 	Milan	['Milan']	{'Milan': 1}	1	-47.625	1	{'Milan': 1}	1	-51.75	1
183	Q3368743	Nikolai Nissen Paus	Nikolai Paus	Q585	Oslo	Oslo	Nikolai Nissen Paus was born in Oslo .	Nikolai Paus lahir di Oslo.	Nikolai Paus lahir di 	 Nikolai Nissen Paus lahir di Oslo.	 Nikolai Nissen Paus lahir di 	Oslo	['Oslo']	{'Oslo': 1}	1	-51.875	1	{'Oslo': 1}	1	-77.5	1
184	Q69962	John Ernest II, Duke of Saxe-Weimar	Johann Ernst II	Q3955	Weimar	Weimar	John Ernest II, Duke of Saxe-Weimar was born in Weimar .	Johann Ernst II lahir di Weimar.	Johann Ernst II lahir di 	 John Ernest II, Adipati Saxe-Weimar lahir di Weimar.	 John Ernest II, Adipati Saxe-Weimar lahir di 	Weimar	['Weimar']	{'Weimar': 1}	1	-53.21875	1	{'Weimar': 1}	1	-83.8125	1
185	Q281959	Glennis Grace	Glennis Grace	Q727	Amsterdam	Amsterdam	Glennis Grace was born in Amsterdam .	Glennis Grace lahir di Amsterdam.	Glennis Grace lahir di 	Glennis Grace lahir di Amsterdam.	Glennis Grace lahir di 	Amsterdam	['Amsterdam']	{'Amsterdam': 1}	1	-47.8125	1	{'Amsterdam': 1}	1	-47.8125	1
186	Q372313	Enrique Vila-Matas	Enrique Vila-Matas	Q1492	Barcelona	Barcelona	Enrique Vila-Matas was born in Barcelona .	Enrique Vila-Matas lahir di Barcelona.	Enrique Vila-Matas lahir di 	 Enrique Vila-Matas lahir di Barcelona.	 Enrique Vila-Matas lahir di 	Barcelona	['Barcelona']	{'Barcelona': 1}	1	-53.75	1	{'Barcelona': 1}	1	-59.09375	1
187	Q1316535	Tristan Rogers	Tristan Rogers	Q3141	Melbourne	Melbourne	Tristan Rogers was born in Melbourne .	Tristan Rogers lahir di Melbourne.	Tristan Rogers lahir di 	 Tristan Rogers lahir di Melbourne.	 Tristan Rogers lahir di 	Melbourne	['Melbourne']	{'Melbourne': 3}	0	-48.6875	1	{'Melbourne': 2}	0	-56.03125	1
188	Q4751248	Anand Gandhi	Anand Gandhi	Q1156	Mumbai	Mumbai	Anand Gandhi was born in Mumbai .	Anand Gandhi lahir di Mumbai.	Anand Gandhi lahir di 	 Anand Gandhi lahir di Mumbai.	 Anand Gandhi lahir di 	Mumbai	['Mumbai']	{'Mumbai': 1}	1	-53.78125	1	{'Mumbai': 1}	1	-60.0625	1
189	Q72984	Bing Crosby	Bing Crosby	Q199797	Tacoma	Tacoma	Bing Crosby was born in Tacoma .	Bing Crosby lahir di Tacoma.	Bing Crosby lahir di 	 Bing Crosby lahir di Tacoma.	 Bing Crosby lahir di 	Tacoma	['Tacoma']	{'Tacoma': 17}	0	-44.6875	0	{'Tacoma': 9}	0	-52.875	0
190	Q524480	Shane Battier	Shane Battier	Q593324	Birmingham	Birmingham	Shane Battier was born in Birmingham .	Shane Battier lahir di Birmingham.	Shane Battier lahir di 	 Shane Battier lahir di Birmingham.	 Shane Battier lahir di 	Birmingham	['Birmingham']	{'Birmingham': 6}	0	-50.84375	0	{'Birmingham': 6}	0	-53.6875	0
191	Q2623922	Hiroshi Tsuchida	Hiroshi Tsuchida	Q1490	Tokyo	Tokyo	Hiroshi Tsuchida was born in Tokyo .	Hiroshi Tsuchida lahir di Tokyo.	Hiroshi Tsuchida lahir di 	 Hiroshi Tsuchida lahir di Tokyo.	 Hiroshi Tsuchida lahir di 	Tokyo	['Tokyo', 'Prefektur Tokyo']	{'Tokyo': 1}	1	-53.6875	1	{'Tokyo': 1}	1	-58.71875	1
192	Q241771	Mayumi Tanaka	Mayumi Tanaka	Q1490	Tokyo	Tokyo	Mayumi Tanaka was born in Tokyo .	Mayumi Tanaka lahir di Tokyo.	Mayumi Tanaka lahir di 	 Mayumi Tanaka lahir di Tokyo.	 Mayumi Tanaka lahir di 	Tokyo	['Tokyo', 'Prefektur Tokyo']	{'Tokyo': 1}	1	-44.9375	1	{'Tokyo': 1}	1	-52.09375	1
193	Q3461215	Saeed Akhtar Mirza	Saeed Akhtar Mirza	Q1156	Mumbai	Mumbai	Saeed Akhtar Mirza was born in Mumbai .	Saeed Akhtar Mirza lahir di Mumbai.	Saeed Akhtar Mirza lahir di 	 Saeed Akhtar Mirza lahir di Mumbai.	 Saeed Akhtar Mirza lahir di 	Mumbai	['Mumbai']	{'Mumbai': 1}	1	-56.84375	1	{'Mumbai': 1}	1	-57.125	1
194	Q16749819	Ruth Lee	Ruth Lee	Q36091	Minneapolis	Minneapolis	Ruth Lee was born in Minneapolis .	Ruth Lee lahir di Minneapolis.	Ruth Lee lahir di 	 Ruth Lee lahir di Minneapolis.	 Ruth Lee lahir di 	Minneapolis	['Minneapolis']	{'Minneapolis': 6}	0	-48.0625	0	{'Minneapolis': 9}	0	-61.5625	0
195	Q2249236	Tom Jennings	Tom Jennings	Q100	Boston	Boston	Tom Jennings was born in Boston .	Tom Jennings lahir di Boston.	Tom Jennings lahir di 	 Tom Jennings lahir di Boston.	 Tom Jennings lahir di 	Boston	['Boston']	{'Boston': 6}	0	-44.96875	0	{'Boston': 4}	0	-54.84375	0
196	Q7358742	Roger Oakley	Roger Oakley	Q37100	Auckland	Auckland	Roger Oakley was born in Auckland .	Roger Oakley lahir di Auckland.	Roger Oakley lahir di 	 Roger Oakley lahir di Auckland.	 Roger Oakley lahir di 	Auckland	['Auckland', 'Auckland, Selandia Baru']	{'Auckland': 1}	1	-50.875	1	{'Auckland': 1}	1	-59.65625	1
197	Q123389	Robert Pinget	Robert Pinget	Q71	Geneva	Jenewa	Robert Pinget was born in Geneva .	Robert Pinget lahir di Jenewa.	Robert Pinget lahir di 	 Robert Pinget lahir di Jenewa.	 Robert Pinget lahir di 	Jenewa	['Geneva']	{'Jenewa': 18}	0	-44.375	0	{'Jenewa': 5}	0	-51.8125	0
199	Q957527	John Colet	John Colet	Q84	London	London	John Colet was born in London .	John Colet lahir di London.	John Colet lahir di 	 John Colet lahir di London.	 John Colet lahir di 	London	['London']	{'London': 1}	1	-44.9375	1	{'London': 1}	1	-51.15625	1
200	Q156128	Georges Rouault	George Rouault	Q90	Paris	Paris	Georges Rouault was born in Paris .	George Rouault lahir di Paris.	George Rouault lahir di 	 Georges Rouault lahir di Paris.	 Georges Rouault lahir di 	Paris	['Paris']	{'Paris': 1}	1	-63.75	1	{'Paris': 1}	1	-68.6875	1
201	Q361405	Theodore the Studite	Theodorus Studita	Q16869	Constantinople	Konstantinopel	Theodore the Studite was born in Constantinople .	Theodorus Studita lahir di Konstantinopel.	Theodorus Studita lahir di 	 Theodore sang Studite dilahirkan di Konstantinopel.	 Theodore sang Studite dilahirkan di 	Konstantinopel	['Constantinople']	{'Konstantinopel': 1}	1	-59.125	1	{'Konstantinopel': 1}	1	-90.3125	1
202	Q162543	Mehmed VI	Mehmed VI	Q406	Istanbul	Istanbul	Mehmed VI was born in Istanbul .	Mehmed VI lahir di Istanbul.	Mehmed VI lahir di 	 Mehmed VI lahir di Istanbul.	 Mehmed VI lahir di 	Istanbul	['Istanbul', 'Konstantinopel']	{'Istanbul': 1}	1	-47.9375	1	{'Istanbul': 1}	1	-54.4375	1
203	Q326510	Martin Lundgaard Hansen	Martin Lundgaard Hansen	Q35	Denmark	Denmark	Martin Lundgaard Hansen was born in Denmark .	Martin Lundgaard Hansen lahir di Denmark.	Martin Lundgaard Hansen lahir di 	 Martin Lundgaard Hansen lahir di Denmark.	 Martin Lundgaard Hansen lahir di 	Denmark	['Denmark', 'Denmark metropolitan']	{'Denmark': 1}	1	-56.375	1	{'Denmark': 1}	1	-62.78125	1
204	Q110916	Hideki Shirakawa	Hideki Shirakawa	Q1490	Tokyo	Tokyo	Hideki Shirakawa was born in Tokyo .	Hideki Shirakawa lahir di Tokyo.	Hideki Shirakawa lahir di 	 Hideki Shirakawa lahir di Tokyo.	 Hideki Shirakawa lahir di 	Tokyo	['Tokyo', 'Prefektur Tokyo']	{'Tokyo': 4}	0	-49.71875	0	{'Tokyo': 2}	0	-53.375	1
205	Q160451	Luigi Nono	Luigi Nono	Q641	Venice	Venesia	Luigi Nono was born in Venice .	Luigi Nono lahir di Venesia.	Luigi Nono lahir di 	 Luigi Nono lahir di Venesia.	 Luigi Nono lahir di 	Venesia	['Venice']	{'Venesia': 7}	0	-42.0625	0	{'Venesia': 2}	0	-51.375	1
206	Q4430657	Suren Spandaryan	Suren Spandaryan	Q994	Tbilisi	Tbilisi	Suren Spandaryan was born in Tbilisi .	Suren Spandaryan lahir di Tbilisi.	Suren Spandaryan lahir di 	 Suren Spandaryan lahir di Tbilisi.	 Suren Spandaryan lahir di 	Tbilisi	['Tbilisi', 'Tbilisi, Georgia']	{'Tbilisi': 2}	0	-51.125	1	{'Tbilisi': 2}	0	-57.28125	1
207	Q6273665	Jonathan Legard	Jonathan Legard	Q10690	Cardiff	Cardiff	Jonathan Legard was born in Cardiff .	Jonathan Legard lahir di Cardiff.	Jonathan Legard lahir di 	 Jonathan Legard lahir di Cardiff.	 Jonathan Legard lahir di 	Cardiff	['Cardiff']	{'Cardiff': 13}	0	-47.5625	0	{'Cardiff': 10}	0	-56.3125	0
209	Q291686	Lindy Hemming	Lindy Hemming	Q25	Wales	Wales	Lindy Hemming was born in Wales .	Lindy Hemming lahir di Wales.	Lindy Hemming lahir di 	 Lindy Hemming lahir di Wales.	 Lindy Hemming lahir di 	Wales	['Wales']	{'Wales': 3}	0	-43.25	1	{'Wales': 1}	1	-54.65625	1
210	Q945696	Cyril Lemoine	Cyril Lemoine	Q288	Tours	Tours	Cyril Lemoine was born in Tours .	Cyril Lemoine lahir di Tours.	Cyril Lemoine lahir di 	 Cyril Lemoine lahir di Tours.	 Cyril Lemoine lahir di 	Tours	['Tours']	{'Tours': 1}	1	-48.96875	1	{'Tours': 1}	1	-52.0625	1
211	Q312712	Mark Strong	Mark Strong	Q84	London	London	Mark Strong was born in London .	Mark Strong lahir di London.	Mark Strong lahir di 	 Mark Strong lahir di London.	 Mark Strong lahir di 	London	['London']	{'London': 3}	0	-43.1875	1	{'London': 5}	0	-55.53125	0
212	Q3190000	June Carroll	June Carroll	Q12439	Detroit	Detroit	June Carroll was born in Detroit .	June Carroll lahir di Detroit.	June Carroll lahir di 	 June Carroll lahir di Detroit.	 June Carroll lahir di 	Detroit	['Detroit', 'Motor City', 'City of Detroit', 'The D', 'Detroit, Michigan']	{'Detroit': 6}	0	-50.6875	0	{'Detroit': 3}	0	-60.0625	1
213	Q229366	Marija Naumova	Marija Naumova	Q1773	Riga	Riga	Marija Naumova was born in Riga .	Marija Naumova lahir di Riga.	Marija Naumova lahir di 	 Marija Naumova lahir di Riga.	 Marija Naumova lahir di 	Riga	['Riga']	{'Riga': 1}	1	-50.59375	1	{'Riga': 1}	1	-55.84375	1
214	Q7490571	Shashi Kumar	Shashikumar	Q1185	Karnataka	Karnataka	Shashi Kumar was born in Karnataka .	Shashikumar lahir di Karnataka.	Shashikumar lahir di 	 Shashi Kumar lahir di Karnataka.	 Shashi Kumar lahir di 	Karnataka	['Karnataka']	{'Karnataka': 3}	0	-66.25	1	{'Karnataka': 3}	0	-62.3125	1
215	Q1154640	Gregorio Leti	Gregorio Leti	Q490	Milan	Milan	Gregorio Leti was born in Milan .	Gregorio Leti lahir di Milan.	Gregorio Leti lahir di 	 Gregorio Leti lahir di Milan.	 Gregorio Leti lahir di 	Milan	['Milan']	{'Milan': 1}	1	-51.9375	1	{'Milan': 1}	1	-62.5	1
216	Q201617	Margherita Buy	Margherita Buy	Q220	Rome	Roma	Margherita Buy was born in Rome .	Margherita Buy lahir di Roma.	Margherita Buy lahir di 	 Margherita Buy lahir di Roma.	 Margherita Buy lahir di 	Roma	['Rome']	{'Roma': 1}	1	-43.3125	1	{'Roma': 1}	1	-57.28125	1
