	sub_uri	en_sub_label	sub_label	obj_uri	en_obj_label	obj_label	en_template	template	template_prompt	gt_translation	gt_prompt	gt_infl_object	aliases	template_true_ranks	template_top1_correct	template_prompt_prob	template_top3_correct	gt_true_ranks	gt_top1_correct	gt_prompt_prob	gt_top3_correct
0	Q272886	Claude Arrieu	Claude Arrieu	Q90	Paris	Paris	Claude Arrieu was born in Paris .	Claude Arrieu được sinh ra trong Paris.	Claude Arrieu được sinh ra trong 	 Claude Arrieu sinh ra ở Paris.	 Claude Arrieu sinh ra ở 	Paris	['Paris', 'Ba Lê', 'Kinh đô ánh sáng']	{'Paris': 1}	1	-61.6875	1	{'Paris': 1}	1	-68.0625	1
1	Q242416	Marion Davies	Marion Davies	Q18419	Brooklyn	Brooklyn	Marion Davies was born in Brooklyn .	Marion Davies được sinh ra trong Brooklyn.	Marion Davies được sinh ra trong 	 Marion Davies sinh ra ở Brooklyn.	 Marion Davies sinh ra ở 	Brooklyn	['Brooklyn', 'Brooklyn, New York']	{'Brooklyn': 5}	0	-48.8125	0	{'Brooklyn': 1}	1	-68.8125	1
2	Q453931	Yto Barrada	Yto Barrada	Q90	Paris	Paris	Yto Barrada was born in Paris .	Yto Barrada được sinh ra trong Paris.	Yto Barrada được sinh ra trong 	 Yto Barrada sinh ra ở Paris.	 Yto Barrada sinh ra ở 	Paris	['Paris', 'Ba Lê', 'Kinh đô ánh sáng']	{'Paris': 9}	0	-56.8125	0	{'Paris': 1}	1	-61.0625	1
3	Q244152	Willebrord Snellius	Willebrord Snellius	Q43631	Leiden	Leiden	Willebrord Snellius was born in Leiden .	Willebrord Snellius được sinh ra trong Leiden.	Willebrord Snellius được sinh ra trong 	 Willebrord Snellius sinh ra ở Leiden.	 Willebrord Snellius sinh ra ở 	Leiden	['Leiden']	{'Leiden': 6}	0	-49.78125	0	{'Leiden': 2}	0	-65.375	1
4	Q1884754	Sirindhorn	Maha Chakri Sirindhorn	Q1861	Bangkok	Bangkok	Sirindhorn was born in Bangkok .	Maha Chakri Sirindhorn được sinh ra trong Bangkok.	Maha Chakri Sirindhorn được sinh ra trong 	 Sirindhorn sinh ra ở Bangkok.	 Sirindhorn sinh ra ở 	Bangkok	['Bangkok', 'Bangkok']	{'Bangkok': 1}	1	-54.1875	1	{'Bangkok': 2}	0	-65.1875	1
5	Q36174	Charles II of Spain	Carlos II của Tây Ban Nha	Q2807	Madrid	Madrid	Charles II of Spain was born in Madrid .	Carlos II của Tây Ban Nha được sinh ra trong Madrid.	Carlos II của Tây Ban Nha được sinh ra trong 	 Charles II của Tây Ban Nha sinh ra ở Madrid.	 Charles II của Tây Ban Nha sinh ra ở 	Madrid	['Madrid']	{'Madrid': 3}	0	-46.375	1	{'Madrid': 1}	1	-58.5625	1
6	Q138232	Sverrir Gudnason	Sverrir Gudnason	Q2167	Lund	Lund	Sverrir Gudnason was born in Lund .	Sverrir Gudnason được sinh ra trong Lund.	Sverrir Gudnason được sinh ra trong 	 Sverrir Gudnason sinh ra ở Lund.	 Sverrir Gudnason sinh ra ở 	Lund	['Lund']	{'Lund': 7}	0	-48.96875	0	{'Lund': 5}	0	-60.96875	0
7	Q3298760	Christina Dieckmann	Christina Dieckmann	Q1533	Caracas	Caracas	Christina Dieckmann was born in Caracas .	Christina Dieckmann được sinh ra trong Caracas.	Christina Dieckmann được sinh ra trong 	 Christina Dieckmann sinh ra ở Caracas.	 Christina Dieckmann sinh ra ở 	Caracas	['Caracas']	{'Caracas': 19}	0	-61.40625	0	{'Caracas': 13}	0	-65.125	0
8	Q172832	David Coulthard	David Coulthard	Q22	Scotland	Scotland	David Coulthard was born in Scotland .	David Coulthard được sinh ra trong Scotland.	David Coulthard được sinh ra trong 	 David Coulthard sinh ra ở Scotland.	 David Coulthard sinh ra ở 	Scotland	['Scotland', 'Tô Cách Lan', 'Ê-cốt']	{'Scotland': 1}	1	-49.625	1	{'Scotland': 1}	1	-67.0	1
9	Q6214293	Joey Boy	Joey Boy	Q869	Thailand	Thái Lan	Joey Boy was born in Thailand .	Joey Boy được sinh ra trong Thái Lan.	Joey Boy được sinh ra trong 	 Joey Boy sinh ra ở Thái Lan.	 Joey Boy sinh ra ở 	Thái Lan	['Thailand', 'Vương quốc Thái Lan', 'th']	{'Thái Lan': 23}	0	-54.8125	0	{'Thái Lan': 21}	0	-67.1875	0
10	Q4354299	Cory Bernardi	Cory Bernardi	Q5112	Adelaide	Adelaide	Cory Bernardi was born in Adelaide .	Cory Bernardi được sinh ra trong Adelaide.	Cory Bernardi được sinh ra trong 	 Cory Bernardi sinh ra ở Adelaide.	 Cory Bernardi sinh ra ở 	Adelaide	['Adelaide']	{'Adelaide': 6}	0	-54.9375	0	{'Adelaide': 1}	1	-62.3125	1
12	Q276116	Ethel Griffies	Ethel Griffies	Q42448	Sheffield	Sheffield	Ethel Griffies was born in Sheffield .	Ethel Griffies được sinh ra trong Sheffield.	Ethel Griffies được sinh ra trong 	 Ethel Griffies sinh ra ở Sheffield.	 Ethel Griffies sinh ra ở 	Sheffield	['Sheffield']	{'Sheffield': 9}	0	-60.09375	0	{'Sheffield': 4}	0	-73.5625	0
13	Q234106	Emilia Rydberg	Emilia Rydberg	Q1754	Stockholm	Stockholm	Emilia Rydberg was born in Stockholm .	Emilia Rydberg được sinh ra trong Stockholm.	Emilia Rydberg được sinh ra trong 	 Emilia Rydberg sinh ra tại Stockholm.	 Emilia Rydberg sinh ra tại 	Stockholm	['Stockholm']	{'Stockholm': 13}	0	-59.59375	0	{'Stockholm': 1}	1	-67.1875	1
14	Q16010080	Damian O'Flynn	Damian O'Flynn	Q100	Boston	Boston	Damian O'Flynn was born in Boston .	Damian O'Flynn được sinh ra trong Boston.	Damian O'Flynn được sinh ra trong 	 Damian O'Flynn sinh ra ở Boston.	 Damian O'Flynn sinh ra ở 	Boston	['Boston', 'Beantown', 'The Hub', 'Boston, Massachusetts']	{'Boston': 10}	0	-57.6875	0	{'Boston': 13}	0	-62.5	0
15	Q2121062	The Weeknd	The Weeknd	Q172	Toronto	Toronto	The Weeknd was born in Toronto .	The Weeknd được sinh ra trong Toronto.	The Weeknd được sinh ra trong 	 The Weeknd sinh ra ở Toronto.	 The Weeknd sinh ra ở 	Toronto	['Toronto']	{'Toronto': 3}	0	-51.09375	1	{'Toronto': 1}	1	-73.0625	1
16	Q8204273	Ariel Behar	Ariel Behar	Q1335	Montevideo	Montevideo	Ariel Behar was born in Montevideo .	Ariel Behar được sinh ra trong Montevideo.	Ariel Behar được sinh ra trong 	 Ariel Behar sinh ra tại Montevideo.	 Ariel Behar sinh ra tại 	Montevideo	['Montevideo']	{'Montevideo': 24}	0	-66.3125	0	{'Montevideo': 1}	1	-78.625	1
17	Q210669	Ken Follett	Ken Follett	Q10690	Cardiff	Cardiff	Ken Follett was born in Cardiff .	Ken Follett được sinh ra trong Cardiff.	Ken Follett được sinh ra trong 	 Ken Follett sinh ra ở Cardiff.	 Ken Follett sinh ra ở 	Cardiff	['Cardiff']	{'Cardiff': 10}	0	-48.09375	0	{'Cardiff': 1}	1	-55.5625	1
18	Q105237	Giacomo Meyerbeer	Giacomo Meyerbeer	Q64	Berlin	Berlin	Giacomo Meyerbeer was born in Berlin .	Giacomo Meyerbeer được sinh ra trong Berlin.	Giacomo Meyerbeer được sinh ra trong 	 Giacomo Meyerbeer sinh ra ở Berlin.	 Giacomo Meyerbeer sinh ra ở 	Berlin	['Berlin', 'Béc-lin']	{'Berlin': 1}	1	-48.625	1	{'Berlin': 1}	1	-57.9375	1
19	Q537224	Charles Helou	Charles Helou	Q3820	Beirut	Beirut	Charles Helou was born in Beirut .	Charles Helou được sinh ra trong Beirut.	Charles Helou được sinh ra trong 	 Charles Helou sinh ra ở Beirut.	 Charles Helou sinh ra ở 	Beirut	['Beirut']	{'Beirut': 3}	0	-55.40625	1	{'Beirut': 1}	1	-66.5625	1
20	Q213430	Larry King	Larry King	Q18419	Brooklyn	Brooklyn	Larry King was born in Brooklyn .	Larry King được sinh ra trong Brooklyn.	Larry King được sinh ra trong 	 Larry King sinh ra ở Brooklyn.	 Larry King sinh ra ở 	Brooklyn	['Brooklyn', 'Brooklyn, New York']	{'Brooklyn': 1}	1	-45.71875	1	{'Brooklyn': 1}	1	-71.1875	1
22	Q62547	Michael Ballhaus	Michael Ballhaus	Q64	Berlin	Berlin	Michael Ballhaus was born in Berlin .	Michael Ballhaus được sinh ra trong Berlin.	Michael Ballhaus được sinh ra trong 	 Michael Ballhaus sinh ra ở Berlin.	 Michael Ballhaus sinh ra ở 	Berlin	['Berlin', 'Béc-lin']	{'Berlin': 1}	1	-54.1875	1	{'Berlin': 1}	1	-68.5	1
23	Q628346	Dick Bruna	Dick Bruna	Q803	Utrecht	Utrecht	Dick Bruna was born in Utrecht .	Dick Bruna được sinh ra trong Utrecht.	Dick Bruna được sinh ra trong 	Dick Bruna sinh ra ở Utrecht.	Dick Bruna sinh ra ở 	Utrecht	['Utrecht']	{'Utrecht': 5}	0	-47.59375	0	{'Utrecht': 1}	1	-47.5	1
24	Q5591377	Grace Sherwood	Grace Sherwood	Q1370	Virginia	Virginia	Grace Sherwood was born in Virginia .	Grace Sherwood được sinh ra trong Virginia.	Grace Sherwood được sinh ra trong 	 Grace Sherwood sinh ra ở Virginia.	 Grace Sherwood sinh ra ở 	Virginia	['Virginia']	{'Virginia': 1}	1	-54.71875	1	{'Virginia': 1}	1	-71.375	1
25	Q586994	Lennie Tristano	Lennie Tristano	Q1297	Chicago	Chicago	Lennie Tristano was born in Chicago .	Lennie Tristano được sinh ra trong Chicago.	Lennie Tristano được sinh ra trong 	 Lennie Tristano sinh ra ở Chicago.	 Lennie Tristano sinh ra ở 	Chicago	['Chicago']	{'Chicago': 2}	0	-55.375	1	{'Chicago': 1}	1	-63.59375	1
27	Q217160	Kenny Rogers	Kenny Rogers	Q16555	Houston	Houston	Kenny Rogers was born in Houston .	Kenny Rogers được sinh ra trong Houston.	Kenny Rogers được sinh ra trong 	 Kenny Rogers sinh ra ở Houston.	 Kenny Rogers sinh ra ở 	Houston	['Houston', 'Houston, Texas']	{'Houston': 2}	0	-48.46875	1	{'Houston': 1}	1	-64.4375	1
28	Q1174680	David Harrower	David Harrower	Q23436	Edinburgh	Edinburgh	David Harrower was born in Edinburgh .	David Harrower được sinh ra trong Edinburgh.	David Harrower được sinh ra trong 	 David Harrower sinh ra ở Edinburgh.	 David Harrower sinh ra ở 	Edinburgh	['Edinburgh']	{'Edinburgh': 5}	0	-53.9375	0	{'Edinburgh': 1}	1	-63.90625	1
29	Q112128	Husayn ibn Ali	Hussein ibn Ali	Q35484	Medina	Medina	Husayn ibn Ali was born in Medina .	Hussein ibn Ali được sinh ra trong Medina.	Hussein ibn Ali được sinh ra trong 	 Husayn ibn Ali sinh ra ở Medina.	 Husayn ibn Ali sinh ra ở 	Medina	['Medina']	{'Medina': 7}	0	-50.75	0	{'Medina': 1}	1	-70.125	1
30	Q387651	Derick Ogbu	Derick Ogbu	Q1033	Nigeria	Nigeria	Derick Ogbu was born in Nigeria .	Derick Ogbu được sinh ra trong Nigeria.	Derick Ogbu được sinh ra trong 	 Derick Ogbu sinh ra ở Nigeria.	 Derick Ogbu sinh ra ở 	Nigeria	['Nigeria']	{'Nigeria': 1}	1	-60.5	1	{'Nigeria': 1}	1	-inf	1
33	Q5116234	Park Seo-joon	Park Seo-joon	Q8684	Seoul	Seoul	Park Seo-joon was born in Seoul .	Park Seo-joon được sinh ra trong Seoul.	Park Seo-joon được sinh ra trong 	 Park Seo-joon sinh ra ở Seoul.	 Park Seo-joon sinh ra ở 	Seoul	['Seoul', 'Thành phố đặc biệt Seoul', 'Wiryeseong', 'Namgyeong', 'Hanseong', 'Hanyang', 'Keijō', 'Keijou', 'Gyeongseong', 'Seoul Teukbyeolsi']	{'Seoul': 3}	0	-44.59375	1	{'Seoul': 1}	1	-68.0	1
34	Q1189081	Dennis DeYoung	Dennis DeYoung	Q1297	Chicago	Chicago	Dennis DeYoung was born in Chicago .	Dennis DeYoung được sinh ra trong Chicago.	Dennis DeYoung được sinh ra trong 	 Dennis DeYoung sinh ra ở Chicago.	 Dennis DeYoung sinh ra ở 	Chicago	['Chicago']	{'Chicago': 2}	0	-46.65625	1	{'Chicago': 1}	1	-64.25	1
35	Q189803	Arthur Harden	Arthur Harden	Q18125	Manchester	Manchester	Arthur Harden was born in Manchester .	Arthur Harden được sinh ra trong Manchester.	Arthur Harden được sinh ra trong 	 Arthur Harden sinh ra ở Manchester.	 Arthur Harden sinh ra ở 	Manchester	['Manchester']	{'Manchester': 1}	1	-48.375	1	{'Manchester': 1}	1	-64.375	1
36	Q122701	William Thomson, 1st Baron Kelvin	William Thomson	Q10686	Belfast	Belfast	William Thomson, 1st Baron Kelvin was born in Belfast .	William Thomson được sinh ra trong Belfast.	William Thomson được sinh ra trong 	 William Thomson, Nam tước Kelvin thứ nhất sinh ra tại Belfast.	 William Thomson, Nam tước Kelvin thứ nhất sinh ra tại 	Belfast	['Belfast']	{'Belfast': 2}	0	-49.0625	1	{'Belfast': 1}	1	-77.625	1
38	Q489748	Kang Ji-hwan	Kang Ji Hwan	Q8684	Seoul	Seoul	Kang Ji-hwan was born in Seoul .	Kang Ji Hwan được sinh ra trong Seoul.	Kang Ji Hwan được sinh ra trong 	 Kang Ji-hwan sinh ra ở Seoul.	 Kang Ji-hwan sinh ra ở 	Seoul	['Seoul', 'Thành phố đặc biệt Seoul', 'Wiryeseong', 'Namgyeong', 'Hanseong', 'Hanyang', 'Keijō', 'Keijou', 'Gyeongseong', 'Seoul Teukbyeolsi']	{'Seoul': 3}	0	-55.0625	1	{'Seoul': 1}	1	-62.46875	1
39	Q123867	Marquis de Sade	Hầu tước de Sade	Q90	Paris	Paris	Marquis de Sade was born in Paris .	Hầu tước de Sade được sinh ra trong Paris.	Hầu tước de Sade được sinh ra trong 	 Hầu tước de Sade sinh ra ở Paris.	 Hầu tước de Sade sinh ra ở 	Paris	['Paris', 'Ba Lê', 'Kinh đô ánh sáng']	{'Paris': 1}	1	-64.875	1	{'Paris': 1}	1	-66.1875	1
40	Q180852	Zhang Ziyi	Chương Tử Di	Q956	Beijing	Bắc Kinh	Zhang Ziyi was born in Beijing .	Chương Tử Di được sinh ra trong Bắc Kinh.	Chương Tử Di được sinh ra trong 	 Chương Tử Di sinh ra ở Bắc Kinh.	 Chương Tử Di sinh ra ở 	Bắc Kinh	['Beijing', 'Bắc Bình', 'Yên Kinh', 'Kinh Triệu']	{'Bắc Kinh': 19}	0	-55.21875	0	{'Bắc Kinh': 7}	0	-58.0	0
41	Q268726	Chus Lampreave	Chus Lampreave	Q2807	Madrid	Madrid	Chus Lampreave was born in Madrid .	Chus Lampreave được sinh ra trong Madrid.	Chus Lampreave được sinh ra trong 	 Chus Lampreave sinh ra ở Madrid.	 Chus Lampreave sinh ra ở 	Madrid	['Madrid']	{'Madrid': 1}	1	-56.6875	1	{'Madrid': 1}	1	-69.3125	1
42	Q188426	Roy Orbison	Roy Orbison	Q979546	Vernon	Vernon	Roy Orbison was born in Vernon .	Roy Orbison được sinh ra trong Vernon.	Roy Orbison được sinh ra trong 	 Roy Orbison sinh ra ở Vernon.	 Roy Orbison sinh ra ở 	Vernon	['Vernon']	{'Vernon': 14}	0	-46.71875	0	{'Vernon': 1}	1	-63.625	1
43	Q1361397	Otto Jelinek	Otto Jelinek	Q1085	Prague	Praha	Otto Jelinek was born in Prague .	Otto Jelinek được sinh ra trong Praha.	Otto Jelinek được sinh ra trong 	 Otto Jelinek sinh ra tại Praha.	 Otto Jelinek sinh ra tại 	Praha	['Prague', 'Prague']	{'Praha': 4}	0	-46.09375	0	{'Praha': 1}	1	-57.90625	1
44	Q467397	Bodin Issara	Bodin Issara	Q1861	Bangkok	Bangkok	Bodin Issara was born in Bangkok .	Bodin Issara được sinh ra trong Bangkok.	Bodin Issara được sinh ra trong 	 Bodin Issara sinh ra tại Bangkok.	 Bodin Issara sinh ra tại 	Bangkok	['Bangkok', 'Bangkok']	{'Bangkok': 1}	1	-59.5625	1	{'Bangkok': 1}	1	-73.1875	1
46	Q1563129	Jacqueline Beer	Jacqueline Beer	Q90	Paris	Paris	Jacqueline Beer was born in Paris .	Jacqueline Beer được sinh ra trong Paris.	Jacqueline Beer được sinh ra trong 	Jacqueline Beer sinh ra ở Paris.	Jacqueline Beer sinh ra ở 	Paris	['Paris', 'Ba Lê', 'Kinh đô ánh sáng']	{'Paris': 20}	0	-57.875	0	{'Paris': 14}	0	-58.15625	0
48	Q2289535	Rocky Balboa	Rocky Balboa	Q1345	Philadelphia	Philadelphia	Rocky Balboa was born in Philadelphia .	Rocky Balboa được sinh ra trong Philadelphia.	Rocky Balboa được sinh ra trong 	 Rocky Balboa sinh ra ở Philadelphia.	 Rocky Balboa sinh ra ở 	Philadelphia	['Philadelphia']	{'Philadelphia': 1}	1	-51.21875	1	{'Philadelphia': 1}	1	-62.96875	1
49	Q313062	Joseph Babinski	Joseph Babiński	Q90	Paris	Paris	Joseph Babinski was born in Paris .	Joseph Babiński được sinh ra trong Paris.	Joseph Babiński được sinh ra trong 	 Joseph Babinski sinh ra ở Paris.	 Joseph Babinski sinh ra ở 	Paris	['Paris', 'Ba Lê', 'Kinh đô ánh sáng']	{'Paris': 21}	0	-62.84375	0	{'Paris': 2}	0	-66.375	1
51	Q2492	Konrad Adenauer	Konrad Adenauer	Q365	Cologne	Köln	Konrad Adenauer was born in Cologne .	Konrad Adenauer được sinh ra trong Köln.	Konrad Adenauer được sinh ra trong 	 Konrad Adenauer sinh ra ở Köln.	 Konrad Adenauer sinh ra ở 	Köln	['Cologne', 'Cologne']	{'Köln': 5}	0	-46.6875	0	{'Köln': 1}	1	-61.875	1
53	Q5534668	Geoffrey Hinsliff	Geoffrey Hinsliff	Q39121	Leeds	Leeds	Geoffrey Hinsliff was born in Leeds .	Geoffrey Hinsliff được sinh ra trong Leeds.	Geoffrey Hinsliff được sinh ra trong 	 Geoffrey Hinsliff sinh ra ở Leeds.	 Geoffrey Hinsliff sinh ra ở 	Leeds	['Leeds']	{'Leeds': 10}	0	-65.5	0	{'Leeds': 5}	0	-77.75	0
54	Q169794	Ranavalona I	Ranavalona I	Q1019	Madagascar	Madagascar	Ranavalona I was born in Madagascar .	Ranavalona I được sinh ra trong Madagascar.	Ranavalona I được sinh ra trong 	 Ranavalona Tôi sinh ra ở Madagascar.	 Ranavalona Tôi sinh ra ở 	Madagascar	['Madagascar']	{'Madagascar': 1}	1	-46.21875	1	{'Madagascar': 1}	1	-78.875	1
55	Q322667	Lloyd Berkner	Lloyd Berkner	Q37836	Milwaukee	Milwaukee	Lloyd Berkner was born in Milwaukee .	Lloyd Berkner được sinh ra trong Milwaukee.	Lloyd Berkner được sinh ra trong 	 Lloyd Berkner sinh ra ở Milwaukee.	 Lloyd Berkner sinh ra ở 	Milwaukee	['Milwaukee']	{'Milwaukee': 12}	0	-57.3125	0	{'Milwaukee': 4}	0	-65.3125	0
56	Q1281750	Meredith Willson	Meredith Willson	Q1546	Iowa	Iowa	Meredith Willson was born in Iowa .	Meredith Willson được sinh ra trong Iowa.	Meredith Willson được sinh ra trong 	 Meredith Willson sinh ra ở Iowa.	 Meredith Willson sinh ra ở 	Iowa	['Iowa', 'Ai-ô-òa']	{'Iowa': 1}	1	-49.34375	1	{'Iowa': 1}	1	-72.0625	1
57	Q2335313	Biurakn Hakhverdian	Biurakn Hakhverdian	Q43631	Leiden	Leiden	Biurakn Hakhverdian was born in Leiden .	Biurakn Hakhverdian được sinh ra trong Leiden.	Biurakn Hakhverdian được sinh ra trong 	 Biurakn Hakhverdian sinh ra ở Leiden.	 Biurakn Hakhverdian sinh ra ở 	Leiden	['Leiden']	{'Leiden': 32}	0	-75.8125	0	{'Leiden': 28}	0	-97.4375	0
58	Q158813	Mike Huckabee	Mike Huckabee	Q80008	Hope	Hope	Mike Huckabee was born in Hope .	Mike Huckabee được sinh ra trong Hope.	Mike Huckabee được sinh ra trong 	 Mike Huckabee sinh ra ở Hope.	 Mike Huckabee sinh ra ở 	Hope	['Hope']	{'Hope': 2}	0	-47.75	1	{'Hope': 1}	1	-70.6875	1
59	Q189080	Lou Reed	Lou Reed	Q18419	Brooklyn	Brooklyn	Lou Reed was born in Brooklyn .	Lou Reed được sinh ra trong Brooklyn.	Lou Reed được sinh ra trong 	 Lou Reed sinh ra ở Brooklyn.	 Lou Reed sinh ra ở 	Brooklyn	['Brooklyn', 'Brooklyn, New York']	{'Brooklyn': 1}	1	-47.0625	1	{'Brooklyn': 1}	1	-68.0	1
61	Q2742392	Mazo de la Roche	Mazo de la Roche	Q52999	Newmarket	Newmarket	Mazo de la Roche was born in Newmarket .	Mazo de la Roche được sinh ra trong Newmarket.	Mazo de la Roche được sinh ra trong 	 Mazo de la Roche sinh ra ở Newmarket.	 Mazo de la Roche sinh ra ở 	Newmarket	['Newmarket']	{'Newmarket': 4}	0	-47.9375	0	{'Newmarket': 3}	0	-59.09375	1
62	Q919871	Marjorie de Sousa	Marjorie de Sousa	Q1533	Caracas	Caracas	Marjorie de Sousa was born in Caracas .	Marjorie de Sousa được sinh ra trong Caracas.	Marjorie de Sousa được sinh ra trong 	 Marjorie de Sousa sinh ra ở Caracas.	 Marjorie de Sousa sinh ra ở 	Caracas	['Caracas']	{'Caracas': 15}	0	-60.0	0	{'Caracas': 1}	1	-74.5625	1
63	Q2233503	Silvia Abascal	Silvia Abascal	Q2807	Madrid	Madrid	Silvia Abascal was born in Madrid .	Silvia Abascal được sinh ra trong Madrid.	Silvia Abascal được sinh ra trong 	 Silvia Abascal sinh ra ở Madrid.	 Silvia Abascal sinh ra ở 	Madrid	['Madrid']	{'Madrid': 3}	0	-60.6875	1	{'Madrid': 1}	1	-75.75	1
65	Q7420859	Saom Vansodany	Saom Vansodany	Q424	Cambodia	Campuchia	Saom Vansodany was born in Cambodia .	Saom Vansodany được sinh ra trong Campuchia.	Saom Vansodany được sinh ra trong 	 Saom Vansodany sinh ra ở Campuchia.	 Saom Vansodany sinh ra ở 	Campuchia	['Cambodia', 'Vương quốc Campuchia', 'kh', 'Cao Miên', 'Cam Bốt', 'Cam-pu-chia']	{'Campuchia': 18}	0	-88.0	0	{'Campuchia': 3}	0	-96.1875	1
66	Q201538	Edward Said	Edward Said	Q1218	Jerusalem	Jerusalem	Edward Said was born in Jerusalem .	Edward Said được sinh ra trong Jerusalem.	Edward Said được sinh ra trong 	 Edward Said sinh ra ở Jerusalem.	 Edward Said sinh ra ở 	Jerusalem	['Jerusalem', 'Giêrusalem', 'Giê-ru-sa-lem']	{'Jerusalem': 16}	0	-49.4375	0	{'Jerusalem': 1}	1	-64.375	1
68	Q41641	Leo V the Armenian	Leon V	Q399	Armenia	Armenia	Leo V the Armenian was born in Armenia .	Leon V được sinh ra trong Armenia.	Leon V được sinh ra trong 	 Leo V người Armenia sinh ra tại Armenia.	 Leo V người Armenia sinh ra tại 	Armenia	['Armenia', 'Cộng hòa Armenia', 'Hayastan', '🇦🇲']	{'Armenia': 13}	0	-52.8125	0	{'Armenia': 1}	1	-69.0	1
69	Q250093	Marco Delvecchio	Marco Delvecchio	Q490	Milan	Milano	Marco Delvecchio was born in Milan .	Marco Delvecchio được sinh ra trong Milano.	Marco Delvecchio được sinh ra trong 	Marco Delvecchio sinh ra ở Milano.	Marco Delvecchio sinh ra ở 	Milano	['Milan']	{'Milano': 9}	0	-56.09375	0	{'Milano': 3}	0	-52.84375	1
70	Q5591276	Grace Lynn Kung	Grace Lynn Kung	Q1930	Ottawa	Ottawa	Grace Lynn Kung was born in Ottawa .	Grace Lynn Kung được sinh ra trong Ottawa.	Grace Lynn Kung được sinh ra trong 	 Grace Lynn Kung sinh ra tại Ottawa.	 Grace Lynn Kung sinh ra tại 	Ottawa	['Ottawa']	{'Ottawa': 9}	0	-57.3125	0	{'Ottawa': 10}	0	-61.46875	0
72	Q82778	Pliny the Elder	Gaius Plinius Secundus	Q1308	Como	Como	Pliny the Elder was born in Como .	Gaius Plinius Secundus được sinh ra trong Como.	Gaius Plinius Secundus được sinh ra trong 	 Pliny Già sinh ra ở Como.	 Pliny Già sinh ra ở 	Como	['Como']	{'Como': 10}	0	-60.96875	0	{'Como': 1}	1	-74.125	1
73	Q1065638	Yuriko Ishida	Thạch Điền bách Hợp Tử	Q11751	Nagoya	Nagoya	Yuriko Ishida was born in Nagoya .	Thạch Điền bách Hợp Tử được sinh ra trong Nagoya.	Thạch Điền bách Hợp Tử được sinh ra trong 	 Yuriko Ishida sinh ra ở Nagoya.	 Yuriko Ishida sinh ra ở 	Nagoya	['Nagoya']	{'Nagoya': 31}	0	-89.4375	0	{'Nagoya': 1}	1	-61.96875	1
74	Q152229	Frederick William II of Prussia	Friedrich Wilhelm II của Phổ	Q64	Berlin	Berlin	Frederick William II of Prussia was born in Berlin .	Friedrich Wilhelm II của Phổ được sinh ra trong Berlin.	Friedrich Wilhelm II của Phổ được sinh ra trong 	 Frederick William II của Phổ sinh ra ở Berlin.	 Frederick William II của Phổ sinh ra ở 	Berlin	['Berlin', 'Béc-lin']	{'Berlin': 3}	0	-47.6875	1	{'Berlin': 1}	1	-61.71875	1
75	Q20733	Georges Duhamel	Georges Duhamel	Q90	Paris	Paris	Georges Duhamel was born in Paris .	Georges Duhamel được sinh ra trong Paris.	Georges Duhamel được sinh ra trong 	 Georges Duhamel sinh ra ở Paris.	 Georges Duhamel sinh ra ở 	Paris	['Paris', 'Ba Lê', 'Kinh đô ánh sáng']	{'Paris': 1}	1	-46.71875	1	{'Paris': 1}	1	-56.8125	1
76	Q313042	Stephen Rea	Stephen Rea	Q10686	Belfast	Belfast	Stephen Rea was born in Belfast .	Stephen Rea được sinh ra trong Belfast.	Stephen Rea được sinh ra trong 	 Stephen Rea sinh ra ở Belfast.	 Stephen Rea sinh ra ở 	Belfast	['Belfast']	{'Belfast': 1}	1	-50.65625	1	{'Belfast': 1}	1	-64.8125	1
78	Q2096624	Ryo Ryusei	Ryusei Ryo	Q1490	Tokyo	Tokyo	Ryo Ryusei was born in Tokyo .	Ryusei Ryo được sinh ra trong Tokyo.	Ryusei Ryo được sinh ra trong 	 Ryo Ryusei sinh ra ở Tokyo.	 Ryo Ryusei sinh ra ở 	Tokyo	['Tokyo', 'Tōkyō', 'Tôkyô', 'Tokyo-to', 'Thủ đô Tokyo', 'Tokyo Metropolitan', 'Tokyo Metropolis', 'Đông Kinh', 'Đông Kinh Đô']	{'Tokyo': 1}	1	-48.96875	1	{'Tokyo': 1}	1	-61.34375	1
79	Q4730963	Aisha	Aisha	Q5806	Mecca	Mecca	Aisha was born in Mecca .	Aisha được sinh ra trong Mecca.	Aisha được sinh ra trong 	 Aisha sinh ra ở Mecca.	 Aisha sinh ra ở 	Mecca	['Mecca']	{'Mecca': 12}	0	-55.625	0	{'Mecca': 35}	0	-68.6875	0
83	Q357450	Soichi Noguchi	Noguchi Soichi	Q38283	Yokohama	Yokohama	Soichi Noguchi was born in Yokohama .	Noguchi Soichi được sinh ra trong Yokohama.	Noguchi Soichi được sinh ra trong 	 Soichi Noguchi sinh ra ở Yokohama.	 Soichi Noguchi sinh ra ở 	Yokohama	['Yokohama', 'Hoành Tân thị']	{'Yokohama': 2}	0	-63.0625	1	{'Yokohama': 2}	0	-60.71875	1
85	Q151608	Claudio Abbado	Claudio Abbado	Q490	Milan	Milano	Claudio Abbado was born in Milan .	Claudio Abbado được sinh ra trong Milano.	Claudio Abbado được sinh ra trong 	 Claudio Abbado sinh ra ở Milano.	 Claudio Abbado sinh ra ở 	Milano	['Milan']	{'Milano': 8}	0	-50.0	0	{'Milano': 2}	0	-66.25	1
86	Q3368743	Nikolai Nissen Paus	Nikolai Paus	Q585	Oslo	Oslo	Nikolai Nissen Paus was born in Oslo .	Nikolai Paus được sinh ra trong Oslo.	Nikolai Paus được sinh ra trong 	 Nikolai Nissen Paus sinh ra ở Oslo.	 Nikolai Nissen Paus sinh ra ở 	Oslo	['Oslo']	{'Oslo': 20}	0	-57.65625	0	{'Oslo': 1}	1	-92.1875	1
87	Q1154079	DJ Drama	DJ Drama	Q1345	Philadelphia	Philadelphia	DJ Drama was born in Philadelphia .	DJ Drama được sinh ra trong Philadelphia.	DJ Drama được sinh ra trong 	 DJ Drama sinh ra tại Philadelphia.	 DJ Drama sinh ra tại 	Philadelphia	['Philadelphia']	{'Philadelphia': 1}	1	-46.8125	1	{'Philadelphia': 1}	1	-60.75	1
88	Q372313	Enrique Vila-Matas	Enrique Vila-Matas	Q1492	Barcelona	Barcelona	Enrique Vila-Matas was born in Barcelona .	Enrique Vila-Matas được sinh ra trong Barcelona.	Enrique Vila-Matas được sinh ra trong 	 Enrique Vila-Matas sinh ra ở Barcelona.	 Enrique Vila-Matas sinh ra ở 	Barcelona	['Barcelona']	{'Barcelona': 1}	1	-60.25	1	{'Barcelona': 1}	1	-66.0625	1
89	Q72984	Bing Crosby	Bing Crosby	Q199797	Tacoma	Tacoma	Bing Crosby was born in Tacoma .	Bing Crosby được sinh ra trong Tacoma.	Bing Crosby được sinh ra trong 	 Bing Crosby sinh ra ở Tacoma.	 Bing Crosby sinh ra ở 	Tacoma	['Tacoma']	{'Tacoma': 13}	0	-49.625	0	{'Tacoma': 1}	1	-64.875	1
90	Q241771	Mayumi Tanaka	Tanaka Mayumi	Q1490	Tokyo	Tokyo	Mayumi Tanaka was born in Tokyo .	Tanaka Mayumi được sinh ra trong Tokyo.	Tanaka Mayumi được sinh ra trong 	 Mayumi Tanaka sinh ra ở Tokyo.	 Mayumi Tanaka sinh ra ở 	Tokyo	['Tokyo', 'Tōkyō', 'Tôkyô', 'Tokyo-to', 'Thủ đô Tokyo', 'Tokyo Metropolitan', 'Tokyo Metropolis', 'Đông Kinh', 'Đông Kinh Đô']	{'Tokyo': 1}	1	-55.96875	1	{'Tokyo': 1}	1	-60.25	1
91	Q5271481	Diane Hendricks	Diane Hendricks	Q1537	Wisconsin	Wisconsin	Diane Hendricks was born in Wisconsin .	Diane Hendricks được sinh ra trong Wisconsin.	Diane Hendricks được sinh ra trong 	 Diane Hendricks sinh ra ở Wisconsin.	 Diane Hendricks sinh ra ở 	Wisconsin	['Wisconsin', 'WI', 'Wisconsin, Hoa Kỳ', 'Tiểu bang Wisconsin']	{'Wisconsin': 1}	1	-58.34375	1	{'Wisconsin': 1}	1	-67.0	1
92	Q16749819	Ruth Lee	Ruth Lee	Q36091	Minneapolis	Minneapolis	Ruth Lee was born in Minneapolis .	Ruth Lee được sinh ra trong Minneapolis.	Ruth Lee được sinh ra trong 	 Ruth Lee sinh ra ở Minneapolis.	 Ruth Lee sinh ra ở 	Minneapolis	['Minneapolis']	{'Minneapolis': 2}	0	-52.65625	1	{'Minneapolis': 9}	0	-64.1875	0
93	Q2249236	Tom Jennings	Tom Jennings	Q100	Boston	Boston	Tom Jennings was born in Boston .	Tom Jennings được sinh ra trong Boston.	Tom Jennings được sinh ra trong 	Tom Jennings sinh ra ở Boston.	Tom Jennings sinh ra ở 	Boston	['Boston', 'Beantown', 'The Hub', 'Boston, Massachusetts']	{'Boston': 8}	0	-54.9375	0	{'Boston': 9}	0	-54.875	0
96	Q162543	Mehmed VI	Mehmed VI	Q406	Istanbul	Istanbul	Mehmed VI was born in Istanbul .	Mehmed VI được sinh ra trong Istanbul.	Mehmed VI được sinh ra trong 	 Mehmed VI sinh ra ở Istanbul.	 Mehmed VI sinh ra ở 	Istanbul	['Istanbul']	{'Istanbul': 1}	1	-46.375	1	{'Istanbul': 1}	1	-62.9375	1
97	Q326510	Martin Lundgaard Hansen	Martin Lundgaard Hansen	Q35	Denmark	Đan Mạch	Martin Lundgaard Hansen was born in Denmark .	Martin Lundgaard Hansen được sinh ra trong Đan Mạch.	Martin Lundgaard Hansen được sinh ra trong 	 Martin Lundgaard Hansen sinh ra ở Đan Mạch.	 Martin Lundgaard Hansen sinh ra ở 	Đan Mạch	['Denmark']	{'Đan Mạch': 28}	0	-66.125	0	{'Đan Mạch': 19}	0	-66.875	0
98	Q352935	Dennis Farina	Dennis Farina	Q1297	Chicago	Chicago	Dennis Farina was born in Chicago .	Dennis Farina được sinh ra trong Chicago.	Dennis Farina được sinh ra trong 	 Dennis Farina sinh ra ở Chicago.	 Dennis Farina sinh ra ở 	Chicago	['Chicago']	{'Chicago': 2}	0	-48.375	1	{'Chicago': 1}	1	-72.875	1
99	Q110916	Hideki Shirakawa	Shirakawa Hideki	Q1490	Tokyo	Tokyo	Hideki Shirakawa was born in Tokyo .	Shirakawa Hideki được sinh ra trong Tokyo.	Shirakawa Hideki được sinh ra trong 	 Hideki Shirakawa sinh ra ở Tokyo.	 Hideki Shirakawa sinh ra ở 	Tokyo	['Tokyo', 'Tōkyō', 'Tôkyô', 'Tokyo-to', 'Thủ đô Tokyo', 'Tokyo Metropolitan', 'Tokyo Metropolis', 'Đông Kinh', 'Đông Kinh Đô']	{'Tokyo': 1}	1	-57.1875	1	{'Tokyo': 1}	1	-58.1875	1
101	Q6273665	Jonathan Legard	Jonathan Legard	Q10690	Cardiff	Cardiff	Jonathan Legard was born in Cardiff .	Jonathan Legard được sinh ra trong Cardiff.	Jonathan Legard được sinh ra trong 	 Jonathan Legard sinh ra tại Cardiff.	 Jonathan Legard sinh ra tại 	Cardiff	['Cardiff']	{'Cardiff': 10}	0	-59.625	0	{'Cardiff': 14}	0	-64.625	0
102	Q311820	Wat Tyler	Wat Tyler	Q23298	Kent	Kent	Wat Tyler was born in Kent .	Wat Tyler được sinh ra trong Kent.	Wat Tyler được sinh ra trong 	 Wat Tyler sinh ra ở Kent.	 Wat Tyler sinh ra ở 	Kent	['Kent']	{'Kent': 13}	0	-47.0	0	{'Kent': 2}	0	-58.75	1
103	Q291686	Lindy Hemming	Lindy Hemming	Q25	Wales	Wales	Lindy Hemming was born in Wales .	Lindy Hemming được sinh ra trong Wales.	Lindy Hemming được sinh ra trong 	 Lindy Hemming sinh ra ở xứ Wales.	 Lindy Hemming sinh ra ở xứ 	Wales	['Wales', 'xứ Wales']	{'Wales': 7}	0	-53.15625	0	{'Wales': 1}	1	-75.75	1
104	Q945696	Cyril Lemoine	Cyril Lemoine	Q288	Tours	Tours	Cyril Lemoine was born in Tours .	Cyril Lemoine được sinh ra trong Tours.	Cyril Lemoine được sinh ra trong 	 Cyril Lemoine sinh ra ở Tours.	 Cyril Lemoine sinh ra ở 	Tours	['Tours']	{'Tours': 2}	0	-61.53125	1	{'Tours': 4}	0	-65.5	0
106	Q57798	Edward I of England	Edward I của Anh	Q189960	Westminster	Westminster	Edward I of England was born in Westminster .	Edward I của Anh được sinh ra trong Westminster.	Edward I của Anh được sinh ra trong 	 Edward I của Anh sinh ra ở Westminster.	 Edward I của Anh sinh ra ở 	Westminster	['Westminster']	{'Westminster': 4}	0	-46.375	0	{'Westminster': 1}	1	-54.84375	1
107	Q3190000	June Carroll	June Carroll	Q12439	Detroit	Detroit	June Carroll was born in Detroit .	June Carroll được sinh ra trong Detroit.	June Carroll được sinh ra trong 	 June Carroll sinh ra ở Detroit.	 June Carroll sinh ra ở 	Detroit	['Detroit']	{'Detroit': 14}	0	-58.4375	0	{'Detroit': 8}	0	-71.8125	0
108	Q140696	James Hargreaves	James Hargreaves	Q188313	Blackburn	Blackburn	James Hargreaves was born in Blackburn .	James Hargreaves được sinh ra trong Blackburn.	James Hargreaves được sinh ra trong 	 James Hargreaves sinh ra ở Blackburn.	 James Hargreaves sinh ra ở 	Blackburn	['Blackburn']	{'Blackburn': 5}	0	-55.5625	0	{'Blackburn': 2}	0	-69.6875	1
