	sub_uri	en_sub_label	sub_label	obj_uri	en_obj_label	obj_label	en_template	template	template_prompt	gt_translation	gt_prompt	gt_infl_object	aliases	template_true_ranks	template_top1_correct	template_prompt_prob	template_top3_correct	gt_true_ranks	gt_top1_correct	gt_prompt_prob	gt_top3_correct
0	Q14799	Lenovo	Lenovo	Q956	Beijing	Bắc Kinh	Lenovo was founded in Beijing .	Lenovo được thành lập vào Bắc Kinh.	Lenovo được thành lập vào 	 Lenovo được thành lập tại Bắc Kinh.	 Lenovo được thành lập tại 	Bắc Kinh	['Beijing', 'Bắc Bình', 'Yên Kinh', 'Kinh Triệu']	{'Bắc Kinh': 14}	0	-43.71875	0	{'Bắc Kinh': 7}	0	-51.78125	0
1	Q218255	Electric Light Orchestra	Electric Light Orchestra	Q2256	Birmingham	Birmingham	Electric Light Orchestra was founded in Birmingham .	Electric Light Orchestra được thành lập vào Birmingham.	Electric Light Orchestra được thành lập vào 	 Dàn nhạc Electric Light Orchestra được thành lập tại Birmingham.	 Dàn nhạc Electric Light Orchestra được thành lập tại 	Birmingham	['Birmingham']	{'Birmingham': 10}	0	-45.0	0	{'Birmingham': 4}	0	-64.375	0
2	Q5118436	Chvrches	Chvrches	Q4093	Glasgow	Glasgow	Chvrches was founded in Glasgow .	Chvrches được thành lập vào Glasgow.	Chvrches được thành lập vào 	 Chvrches được thành lập tại Glasgow.	 Chvrches được thành lập tại 	Glasgow	['Glasgow']	{'Glasgow': 5}	0	-45.75	0	{'Glasgow': 1}	1	-58.6875	1
5	Q625975	Kakao M	LOEN Entertainment	Q8684	Seoul	Seoul	Kakao M was founded in Seoul .	LOEN Entertainment được thành lập vào Seoul.	LOEN Entertainment được thành lập vào 	 Kakao M được thành lập tại Seoul.	 Kakao M được thành lập tại 	Seoul	['Seoul', 'Thành phố đặc biệt Seoul', 'Wiryeseong', 'Namgyeong', 'Hanseong', 'Hanyang', 'Keijō', 'Keijou', 'Gyeongseong', 'Seoul Teukbyeolsi']	{'Seoul': 1}	1	-46.6875	1	{'Seoul': 1}	1	-63.71875	1
6	Q10852174	Popu Lady	Popu Lady	Q865	Taiwan	Đài Loan	Popu Lady was founded in Taiwan .	Popu Lady được thành lập vào Đài Loan.	Popu Lady được thành lập vào 	 Popu Lady được thành lập tại Đài Loan.	 Popu Lady được thành lập tại 	Đài Loan	['Taiwan', 'Trung Hoa Đài Bắc', 'Cộng hòa Trung Quốc', 'Cộng hòa Trung Hoa', 'THDQ', 'Đài Bắc Trung Hoa', 'Trung Hoa Dân Quốc']	{'Đài Loan': 37}	0	-58.15625	0	{'Đài Loan': 34}	0	-68.1875	0
7	Q1502037	Slowdive	Slowdive	Q161491	Reading	Reading	Slowdive was founded in Reading .	Slowdive được thành lập vào Reading.	Slowdive được thành lập vào 	 Slowdive được thành lập tại Reading.	 Slowdive được thành lập tại 	Reading	['Reading']	{'Reading': 37}	0	-45.65625	0	{'Reading': 1}	1	-52.1875	1
8	Q3295867	The Coca-Cola Company	Công ty Coca-Cola	Q23556	Atlanta	Atlanta	The Coca-Cola Company was founded in Atlanta .	Công ty Coca-Cola được thành lập vào Atlanta.	Công ty Coca-Cola được thành lập vào 	 Công ty Coca-Cola được thành lập tại Atlanta.	 Công ty Coca-Cola được thành lập tại 	Atlanta	['Atlanta', 'Terminus', 'The A']	{'Atlanta': 3}	0	-45.28125	1	{'Atlanta': 1}	1	-49.5625	1
9	Q231985	Hayley Westenra	Hayley Westenra	Q79990	Christchurch	Christchurch	Hayley Westenra was founded in Christchurch .	Hayley Westenra được thành lập vào Christchurch.	Hayley Westenra được thành lập vào 	 Hayley Westenra được thành lập tại Christchurch.	 Hayley Westenra được thành lập tại 	Christchurch	['Christchurch']	{'Christchurch': 1}	1	-52.3125	1	{'Christchurch': 1}	1	-62.375	1
10	Q52618	Ericsson	Ericsson	Q1754	Stockholm	Stockholm	Ericsson was founded in Stockholm .	Ericsson được thành lập vào Stockholm.	Ericsson được thành lập vào 	 Ericsson được thành lập tại Stockholm.	 Ericsson được thành lập tại 	Stockholm	['Stockholm']	{'Stockholm': 2}	0	-42.125	1	{'Stockholm': 1}	1	-51.90625	1
11	Q705715	RuPaul	RuPaul	Q23556	Atlanta	Atlanta	RuPaul was founded in Atlanta .	RuPaul được thành lập vào Atlanta.	RuPaul được thành lập vào 	 RuPaul được thành lập tại Atlanta.	 RuPaul được thành lập tại 	Atlanta	['Atlanta', 'Terminus', 'The A']	{'Atlanta': 10}	0	-43.3125	0	{'Atlanta': 2}	0	-53.6875	1
12	Q714	Stevie Wonder	Stevie Wonder	Q12439	Detroit	Detroit	Stevie Wonder was founded in Detroit .	Stevie Wonder được thành lập vào Detroit.	Stevie Wonder được thành lập vào 	 Stevie Wonder được thành lập tại Detroit.	 Stevie Wonder được thành lập tại 	Detroit	['Detroit']	{'Detroit': 9}	0	-50.375	0	{'Detroit': 1}	1	-56.71875	1
13	Q269836	SHINee	Shinee	Q8684	Seoul	Seoul	SHINee was founded in Seoul .	Shinee được thành lập vào Seoul.	Shinee được thành lập vào 	 SHINee được thành lập tại Seoul.	 SHINee được thành lập tại 	Seoul	['Seoul', 'Thành phố đặc biệt Seoul', 'Wiryeseong', 'Namgyeong', 'Hanseong', 'Hanyang', 'Keijō', 'Keijou', 'Gyeongseong', 'Seoul Teukbyeolsi']	{'Seoul': 1}	1	-46.8125	1	{'Seoul': 1}	1	-53.09375	1
15	Q759210	Givenchy	Givenchy	Q90	Paris	Paris	Givenchy was founded in Paris .	Givenchy được thành lập vào Paris.	Givenchy được thành lập vào 	 Givenchy được thành lập tại Paris.	 Givenchy được thành lập tại 	Paris	['Paris', 'Ba Lê', 'Kinh đô ánh sáng']	{'Paris': 1}	1	-43.28125	1	{'Paris': 1}	1	-56.28125	1
16	Q3990545	This Town Needs Guns	This Town Needs Guns	Q34217	Oxford	Oxford	This Town Needs Guns was founded in Oxford .	This Town Needs Guns được thành lập vào Oxford.	This Town Needs Guns được thành lập vào 	 This Town Needs Guns được thành lập tại Oxford.	 This Town Needs Guns được thành lập tại 	Oxford	['Oxford', 'Oxford, Anh Quốc', 'Ốcxfớt']	{'Oxford': 10}	0	-55.1875	0	{'Oxford': 7}	0	-59.71875	0
17	Q150750	KAT-TUN	KAT-TUN	Q1490	Tokyo	Tokyo	KAT-TUN was founded in Tokyo .	KAT-TUN được thành lập vào Tokyo.	KAT-TUN được thành lập vào 	 KAT-TUN được thành lập tại Tokyo.	 KAT-TUN được thành lập tại 	Tokyo	['Tokyo', 'Tōkyō', 'Tôkyô', 'Tokyo-to', 'Thủ đô Tokyo', 'Tokyo Metropolitan', 'Tokyo Metropolis', 'Đông Kinh', 'Đông Kinh Đô']	{'Tokyo': 2}	0	-47.625	1	{'Tokyo': 3}	0	-57.125	1
18	Q1006517	Off Course	Off Course	Q17	Japan	Nhật Bản	Off Course was founded in Japan .	Off Course được thành lập vào Nhật Bản.	Off Course được thành lập vào 	 Off Course được thành lập tại Nhật Bản.	 Off Course được thành lập tại 	Nhật Bản	['Japan', 'Nhật', 'Nhật Bổn', 'Nihon', 'Nippon']	{'Nhật Bản': 13}	0	-55.6875	0	{'Nhật Bản': 5}	0	-67.5625	0
19	Q53257	Mitsubishi Electric	Mitsubishi Electric	Q1490	Tokyo	Tokyo	Mitsubishi Electric was founded in Tokyo .	Mitsubishi Electric được thành lập vào Tokyo.	Mitsubishi Electric được thành lập vào 	 Mitsubishi Electric được thành lập tại Tokyo.	 Mitsubishi Electric được thành lập tại 	Tokyo	['Tokyo', 'Tōkyō', 'Tôkyô', 'Tokyo-to', 'Thủ đô Tokyo', 'Tokyo Metropolitan', 'Tokyo Metropolis', 'Đông Kinh', 'Đông Kinh Đô']	{'Tokyo': 3}	0	-46.09375	1	{'Tokyo': 3}	0	-50.4375	1
21	Q578979	Slint	Slint	Q1603	Kentucky	Kentucky	Slint was founded in Kentucky .	Slint được thành lập vào Kentucky.	Slint được thành lập vào 	 Slint được thành lập tại Kentucky.	 Slint được thành lập tại 	Kentucky	['Kentucky', 'KY', 'Thịnh vượng chung Kentucky']	{'Kentucky': 45}	0	-47.75	0	{'Kentucky': 1}	1	-58.375	1
22	Q483718	Foo Fighters	Foo Fighters	Q5083	Seattle	Seattle	Foo Fighters was founded in Seattle .	Foo Fighters được thành lập vào Seattle.	Foo Fighters được thành lập vào 	 Foo Fighters được thành lập tại Seattle.	 Foo Fighters được thành lập tại 	Seattle	['Seattle']	{'Seattle': 1}	1	-41.5625	1	{'Seattle': 1}	1	-54.5	1
24	Q20718	Samsung Electronics	Samsung Electronics	Q8684	Seoul	Seoul	Samsung Electronics was founded in Seoul .	Samsung Electronics được thành lập vào Seoul.	Samsung Electronics được thành lập vào 	Samsung Electronics được thành lập tại Seoul.	Samsung Electronics được thành lập tại 	Seoul	['Seoul', 'Thành phố đặc biệt Seoul', 'Wiryeseong', 'Namgyeong', 'Hanseong', 'Hanyang', 'Keijō', 'Keijou', 'Gyeongseong', 'Seoul Teukbyeolsi']	{'Seoul': 1}	1	-50.1875	1	{'Seoul': 1}	1	-47.875	1
25	Q134241	Feyenoord	Feyenoord Rotterdam	Q34370	Rotterdam	Rotterdam	Feyenoord was founded in Rotterdam .	Feyenoord Rotterdam được thành lập vào Rotterdam.	Feyenoord Rotterdam được thành lập vào 	 Feyenoord được thành lập tại Rotterdam.	 Feyenoord được thành lập tại 	Rotterdam	['Rotterdam']	{'Rotterdam': 1}	1	-53.25	1	{'Rotterdam': 1}	1	-59.3125	1
26	Q15935	Kanye West	Kanye West	Q1297	Chicago	Chicago	Kanye West was founded in Chicago .	Kanye West được thành lập vào Chicago.	Kanye West được thành lập vào 	 Kanye West được thành lập tại Chicago.	 Kanye West được thành lập tại 	Chicago	['Chicago']	{'Chicago': 3}	0	-50.03125	1	{'Chicago': 1}	1	-56.625	1
27	Q203223	Ciara	Ciara	Q23556	Atlanta	Atlanta	Ciara was founded in Atlanta .	Ciara được thành lập vào Atlanta.	Ciara được thành lập vào 	 Ciara được thành lập tại Atlanta.	 Ciara được thành lập tại 	Atlanta	['Atlanta', 'Terminus', 'The A']	{'Atlanta': 45}	0	-46.78125	0	{'Atlanta': 6}	0	-56.3125	0
29	Q268160	The White Stripes	The White Stripes	Q12439	Detroit	Detroit	The White Stripes was founded in Detroit .	The White Stripes được thành lập vào Detroit.	The White Stripes được thành lập vào 	 White Stripes được thành lập tại Detroit.	 White Stripes được thành lập tại 	Detroit	['Detroit']	{'Detroit': 41}	0	-46.875	0	{'Detroit': 1}	1	-55.9375	1
30	Q2294659	Clickteam	Clickteam	Q90	Paris	Paris	Clickteam was founded in Paris .	Clickteam được thành lập vào Paris.	Clickteam được thành lập vào 	 Clickteam được thành lập tại Paris.	 Clickteam được thành lập tại 	Paris	['Paris', 'Ba Lê', 'Kinh đô ánh sáng']	{'Paris': 6}	0	-47.125	0	{'Paris': 1}	1	-57.375	1
31	Q483810	The Cranberries	The Cranberries	Q133315	Limerick	Limerick	The Cranberries was founded in Limerick .	The Cranberries được thành lập vào Limerick.	The Cranberries được thành lập vào 	 Cranberries được thành lập tại Limerick.	 Cranberries được thành lập tại 	Limerick	['Limerick']	{'Limerick': 7}	0	-47.1875	0	{'Limerick': 4}	0	-54.1875	0
32	Q81888	AFC Ajax	Ajax Amsterdam	Q727	Amsterdam	Amsterdam	AFC Ajax was founded in Amsterdam .	Ajax Amsterdam được thành lập vào Amsterdam.	Ajax Amsterdam được thành lập vào 	 AFC Ajax được thành lập tại Amsterdam.	 AFC Ajax được thành lập tại 	Amsterdam	['Amsterdam', 'Am-xtec-đam']	{'Amsterdam': 1}	1	-41.34375	1	{'Amsterdam': 1}	1	-54.4375	1
33	Q9322	Deutsche Bahn	Deutsche Bahn	Q64	Berlin	Berlin	Deutsche Bahn was founded in Berlin .	Deutsche Bahn được thành lập vào Berlin.	Deutsche Bahn được thành lập vào 	 Deutsche Bahn được thành lập tại Berlin.	 Deutsche Bahn được thành lập tại 	Berlin	['Berlin', 'Béc-lin']	{'Berlin': 3}	0	-46.65625	1	{'Berlin': 1}	1	-53.4375	1
34	Q122741	Sega	Sega	Q1490	Tokyo	Tokyo	Sega was founded in Tokyo .	Sega được thành lập vào Tokyo.	Sega được thành lập vào 	 Sega được thành lập tại Tokyo.	 Sega được thành lập tại 	Tokyo	['Tokyo', 'Tōkyō', 'Tôkyô', 'Tokyo-to', 'Thủ đô Tokyo', 'Tokyo Metropolitan', 'Tokyo Metropolis', 'Đông Kinh', 'Đông Kinh Đô']	{'Tokyo': 3}	0	-46.21875	1	{'Tokyo': 2}	0	-49.5625	1
35	Q736107	OK Go	OK Go	Q1297	Chicago	Chicago	OK Go was founded in Chicago .	OK Go được thành lập vào Chicago.	OK Go được thành lập vào 	 OK Go được thành lập tại Chicago.	 OK Go được thành lập tại 	Chicago	['Chicago']	{'Chicago': 4}	0	-41.09375	0	{'Chicago': 1}	1	-54.125	1
36	Q912351	Caspian Airlines	Caspian Airlines	Q3616	Tehran	Tehran	Caspian Airlines was founded in Tehran .	Caspian Airlines được thành lập vào Tehran.	Caspian Airlines được thành lập vào 	 Hãng hàng không Caspian được thành lập tại Tehran.	 Hãng hàng không Caspian được thành lập tại 	Tehran	['Tehran']	{'Tehran': 44}	0	-49.125	0	{'Tehran': 1}	1	-65.5	1
40	Q848553	Boucheron	Boucheron	Q90	Paris	Paris	Boucheron was founded in Paris .	Boucheron được thành lập vào Paris.	Boucheron được thành lập vào 	 Boucheron được thành lập tại Paris.	 Boucheron được thành lập tại 	Paris	['Paris', 'Ba Lê', 'Kinh đô ánh sáng']	{'Paris': 1}	1	-46.71875	1	{'Paris': 1}	1	-56.59375	1
42	Q170599	Arctic Monkeys	Arctic Monkeys	Q42448	Sheffield	Sheffield	Arctic Monkeys was founded in Sheffield .	Arctic Monkeys được thành lập vào Sheffield.	Arctic Monkeys được thành lập vào 	 Arctic Monkeys được thành lập tại Sheffield.	 Arctic Monkeys được thành lập tại 	Sheffield	['Sheffield']	{'Sheffield': 5}	0	-43.28125	0	{'Sheffield': 1}	1	-53.90625	1
43	Q184697	Gloria Estefan	Gloria Estefan	Q8652	Miami	Miami	Gloria Estefan was founded in Miami .	Gloria Estefan được thành lập vào Miami.	Gloria Estefan được thành lập vào 	 Gloria Estefan được thành lập tại Miami.	 Gloria Estefan được thành lập tại 	Miami	['Miami']	{'Miami': 1}	1	-48.03125	1	{'Miami': 1}	1	-55.875	1
44	Q81230	Siemens	Siemens AG	Q64	Berlin	Berlin	Siemens was founded in Berlin .	Siemens AG được thành lập vào Berlin.	Siemens AG được thành lập vào 	 Siemens được thành lập tại Berlin.	 Siemens được thành lập tại 	Berlin	['Berlin', 'Béc-lin']	{'Berlin': 3}	0	-50.375	1	{'Berlin': 1}	1	-48.25	1
47	Q295919	Sam Cooke	Sam Cooke	Q1297	Chicago	Chicago	Sam Cooke was founded in Chicago .	Sam Cooke được thành lập vào Chicago.	Sam Cooke được thành lập vào 	 Sam Cooke được thành lập tại Chicago.	 Sam Cooke được thành lập tại 	Chicago	['Chicago']	{'Chicago': 2}	0	-50.21875	1	{'Chicago': 1}	1	-57.40625	1
48	Q81307	Greenpeace	Hòa bình xanh	Q24639	Vancouver	Vancouver	Greenpeace was founded in Vancouver .	Hòa bình xanh được thành lập vào Vancouver.	Hòa bình xanh được thành lập vào 	Greenpeace được thành lập tại Vancouver.	Greenpeace được thành lập tại 	Vancouver	['Vancouver', 'Van-cu-vơ']	{'Vancouver': 21}	0	-58.125	0	{'Vancouver': 4}	0	-43.25	0
49	Q1636958	Xiaomi	Xiaomi	Q956	Beijing	Bắc Kinh	Xiaomi was founded in Beijing .	Xiaomi được thành lập vào Bắc Kinh.	Xiaomi được thành lập vào 	 Xiaomi được thành lập tại Bắc Kinh.	 Xiaomi được thành lập tại 	Bắc Kinh	['Beijing', 'Bắc Bình', 'Yên Kinh', 'Kinh Triệu']	{'Bắc Kinh': 12}	0	-43.34375	0	{'Bắc Kinh': 17}	0	-49.0625	0
50	Q34918	The Wanted	The Wanted	Q21	England	Anh	The Wanted was founded in England .	The Wanted được thành lập vào Anh.	The Wanted được thành lập vào 	 Wanted được thành lập tại Anh.	 Wanted được thành lập tại 	Anh	['England', 'England']	{'Anh': 9}	0	-47.34375	0	{'Anh': 3}	0	-62.28125	1
51	Q676585	Fnac	Fnac	Q90	Paris	Paris	Fnac was founded in Paris .	Fnac được thành lập vào Paris.	Fnac được thành lập vào 	 Fnac được thành lập tại Paris.	 Fnac được thành lập tại 	Paris	['Paris', 'Ba Lê', 'Kinh đô ánh sáng']	{'Paris': 4}	0	-53.4375	0	{'Paris': 1}	1	-60.125	1
52	Q321762	Napalm Death	Napalm Death	Q2256	Birmingham	Birmingham	Napalm Death was founded in Birmingham .	Napalm Death được thành lập vào Birmingham.	Napalm Death được thành lập vào 	 Napalm Death được thành lập tại Birmingham.	 Napalm Death được thành lập tại 	Birmingham	['Birmingham']	{'Birmingham': 1}	1	-42.375	1	{'Birmingham': 1}	1	-52.3125	1
54	Q253414	FIFA	FIFA	Q90	Paris	Paris	FIFA was founded in Paris .	FIFA được thành lập vào Paris.	FIFA được thành lập vào 	 FIFA được thành lập tại Paris.	 FIFA được thành lập tại 	Paris	['Paris', 'Ba Lê', 'Kinh đô ánh sáng']	{'Paris': 5}	0	-42.84375	0	{'Paris': 1}	1	-47.96875	1
56	Q1933051	Alabama Shakes	Alabama Shakes	Q79439	Athens	Athens	Alabama Shakes was founded in Athens .	Alabama Shakes được thành lập vào Athens.	Alabama Shakes được thành lập vào 	 Alabama Shakes được thành lập tại Athens.	 Alabama Shakes được thành lập tại 	Athens	['Athens']	{'Athens': 4}	0	-40.9375	0	{'Athens': 1}	1	-58.28125	1
57	Q1066018	Toei Company	Công ty Toei	Q1490	Tokyo	Tokyo	Toei Company was founded in Tokyo .	Công ty Toei được thành lập vào Tokyo.	Công ty Toei được thành lập vào 	 Công ty Toei được thành lập tại Tokyo.	 Công ty Toei được thành lập tại 	Tokyo	['Tokyo', 'Tōkyō', 'Tôkyô', 'Tokyo-to', 'Thủ đô Tokyo', 'Tokyo Metropolitan', 'Tokyo Metropolis', 'Đông Kinh', 'Đông Kinh Đô']	{'Tokyo': 3}	0	-51.125	1	{'Tokyo': 1}	1	-60.5	1
58	Q963303	Union of Lublin	Liên minh Lublin	Q37333	Lublin	Lublin	Union of Lublin was founded in Lublin .	Liên minh Lublin được thành lập vào Lublin.	Liên minh Lublin được thành lập vào 	 Liên minh Lublin được thành lập tại Lublin.	 Liên minh Lublin được thành lập tại 	Lublin	['Lublin', 'Lyublin']	{'Lublin': 1}	1	-56.46875	1	{'Lublin': 1}	1	-64.5625	1
59	Q864407	The Home Depot	The Home Depot	Q23556	Atlanta	Atlanta	The Home Depot was founded in Atlanta .	The Home Depot được thành lập vào Atlanta.	The Home Depot được thành lập vào 	 Home Depot được thành lập tại Atlanta.	 Home Depot được thành lập tại 	Atlanta	['Atlanta', 'Terminus', 'The A']	{'Atlanta': 36}	0	-51.1875	0	{'Atlanta': 1}	1	-59.21875	1
60	Q4356488	Ultrabeat	Ultrabeat	Q24826	Liverpool	Liverpool	Ultrabeat was founded in Liverpool .	Ultrabeat được thành lập vào Liverpool.	Ultrabeat được thành lập vào 	 Ultrabeat được thành lập tại Liverpool.	 Ultrabeat được thành lập tại 	Liverpool	['Liverpool']	{'Liverpool': 4}	0	-47.25	0	{'Liverpool': 1}	1	-57.875	1
61	Q58381	Duran Duran	Duran Duran	Q2256	Birmingham	Birmingham	Duran Duran was founded in Birmingham .	Duran Duran được thành lập vào Birmingham.	Duran Duran được thành lập vào 	 Duran Duran được thành lập tại Birmingham.	 Duran Duran được thành lập tại 	Birmingham	['Birmingham']	{'Birmingham': 3}	0	-39.75	1	{'Birmingham': 1}	1	-51.75	1
63	Q499071	East Japan Railway Company	Công ty Đường sắt Đông Nhật Bản	Q1490	Tokyo	Tokyo	East Japan Railway Company was founded in Tokyo .	Công ty Đường sắt Đông Nhật Bản được thành lập vào Tokyo.	Công ty Đường sắt Đông Nhật Bản được thành lập vào 	 Công ty Đường sắt Đông Nhật Bản được thành lập tại Tokyo.	 Công ty Đường sắt Đông Nhật Bản được thành lập tại 	Tokyo	['Tokyo', 'Tōkyō', 'Tôkyô', 'Tokyo-to', 'Thủ đô Tokyo', 'Tokyo Metropolitan', 'Tokyo Metropolis', 'Đông Kinh', 'Đông Kinh Đô']	{'Tokyo': 3}	0	-62.84375	1	{'Tokyo': 1}	1	-71.25	1
65	Q505922	Electrolux	Electrolux	Q1754	Stockholm	Stockholm	Electrolux was founded in Stockholm .	Electrolux được thành lập vào Stockholm.	Electrolux được thành lập vào 	 Electrolux được thành lập tại Stockholm.	 Electrolux được thành lập tại 	Stockholm	['Stockholm']	{'Stockholm': 4}	0	-43.15625	0	{'Stockholm': 1}	1	-54.0	1
66	Q15964414	Odesza	Odesza	Q5083	Seattle	Seattle	Odesza was founded in Seattle .	Odesza được thành lập vào Seattle.	Odesza được thành lập vào 	 Odesza được thành lập tại Seattle.	 Odesza được thành lập tại 	Seattle	['Seattle']	{'Seattle': 1}	1	-44.71875	1	{'Seattle': 1}	1	-52.59375	1
67	Q381779	Aerosvit Airlines	Aerosvit Airlines	Q1899	Kiev	Kiev	Aerosvit Airlines was founded in Kiev .	Aerosvit Airlines được thành lập vào Kiev.	Aerosvit Airlines được thành lập vào 	 Hãng hàng không Aerosvit được thành lập tại Kiev.	 Hãng hàng không Aerosvit được thành lập tại 	Kiev	['Kyiv', 'Київ', 'Ki-ép', 'Kyyiv', 'Kiev']	{'Kiev': 4}	0	-52.71875	0	{'Kiev': 1}	1	-71.125	1
68	Q504998	LVMH	LVMH	Q90	Paris	Paris	LVMH was founded in Paris .	LVMH được thành lập vào Paris.	LVMH được thành lập vào 	 LVMH được thành lập tại Paris.	 LVMH được thành lập tại 	Paris	['Paris', 'Ba Lê', 'Kinh đô ánh sáng']	{'Paris': 1}	1	-47.125	1	{'Paris': 1}	1	-51.0	1
69	Q513712	Pony Canyon	Pony Canyon	Q1490	Tokyo	Tokyo	Pony Canyon was founded in Tokyo .	Pony Canyon được thành lập vào Tokyo.	Pony Canyon được thành lập vào 	 Pony Canyon được thành lập tại Tokyo.	 Pony Canyon được thành lập tại 	Tokyo	['Tokyo', 'Tōkyō', 'Tôkyô', 'Tokyo-to', 'Thủ đô Tokyo', 'Tokyo Metropolitan', 'Tokyo Metropolis', 'Đông Kinh', 'Đông Kinh Đô']	{'Tokyo': 3}	0	-46.75	1	{'Tokyo': 3}	0	-53.34375	1
71	Q12009	Ell & Nikki	Ell & Nikki	Q9248	Baku	Baku	Ell & Nikki was founded in Baku .	Ell & Nikki được thành lập vào Baku.	Ell & Nikki được thành lập vào 	 Ell & Nikki được thành lập tại Baku.	 Ell & Nikki được thành lập tại 	Baku	['Baku', 'Thành phố của những ngọn gió', 'Mồm', 'Bakou']	{'Baku': 22}	0	-53.28125	0	{'Baku': 22}	0	-64.0625	0
72	Q158895	Helloween	Helloween	Q1055	Hamburg	Hamburg	Helloween was founded in Hamburg .	Helloween được thành lập vào Hamburg.	Helloween được thành lập vào 	Helloween được thành lập tại Hamburg.	Helloween được thành lập tại 	Hamburg	['Hamburg']	{'Hamburg': 2}	0	-43.875	1	{'Hamburg': 1}	1	-43.0	1
74	Q29606	The Stone Roses	The Stone Roses	Q18125	Manchester	Manchester	The Stone Roses was founded in Manchester .	The Stone Roses được thành lập vào Manchester.	The Stone Roses được thành lập vào 	 Stone Roses được thành lập tại Manchester.	 Stone Roses được thành lập tại 	Manchester	['Manchester']	{'Manchester': 2}	0	-48.09375	1	{'Manchester': 1}	1	-52.5625	1
75	Q271812	Ducati Motor Holding S.p.A.	Ducati Motor Holding S.p.A.	Q1891	Bologna	Bologna	Ducati Motor Holding S.p.A. was founded in Bologna .	Ducati Motor Holding S.p.A. được thành lập vào Bologna.	Ducati Motor Holding S.p.A. được thành lập vào 	 Ducati Motor Holding SpA được thành lập tại Bologna.	 Ducati Motor Holding SpA được thành lập tại 	Bologna	['Bologna']	{'Bologna': 1}	1	-42.875	1	{'Bologna': 1}	1	-60.96875	1
76	Q151843	Frankfurt School	Trường phái Frankfurt	Q1794	Frankfurt am Main	Frankfurt am Main	Frankfurt School was founded in Frankfurt am Main .	Trường phái Frankfurt được thành lập vào Frankfurt am Main.	Trường phái Frankfurt được thành lập vào 	 Trường Frankfurt được thành lập tại Frankfurt am Main.	 Trường Frankfurt được thành lập tại 	Frankfurt am Main	['Frankfurt', 'Kreisfreie Stadt Frankfurt am Main', 'Frankfurt']	{'Frankfurt am Main': 2}	0	-50.03125	1	{'Frankfurt am Main': 1}	1	-57.84375	1
77	Q218115	Chanel	Chanel	Q90	Paris	Paris	Chanel was founded in Paris .	Chanel được thành lập vào Paris.	Chanel được thành lập vào 	 Chanel được thành lập tại Paris.	 Chanel được thành lập tại 	Paris	['Paris', 'Ba Lê', 'Kinh đô ánh sáng']	{'Paris': 1}	1	-46.3125	1	{'Paris': 1}	1	-54.78125	1
78	Q485679	The Rasmus	The Rasmus	Q1757	Helsinki	Helsinki	The Rasmus was founded in Helsinki .	The Rasmus được thành lập vào Helsinki.	The Rasmus được thành lập vào 	 Rasmus được thành lập tại Helsinki.	 Rasmus được thành lập tại 	Helsinki	['Helsinki']	{'Helsinki': 5}	0	-50.75	0	{'Helsinki': 4}	0	-56.03125	0
79	Q872181	scouting	Hướng đạo	Q21	England	Anh	scouting was founded in England .	Hướng đạo được thành lập vào Anh.	Hướng đạo được thành lập vào 	 phong trào hướng đạo được thành lập ở Anh.	 phong trào hướng đạo được thành lập ở 	Anh	['England', 'England']	{'Anh': 12}	0	-49.25	0	{'Anh': 4}	0	-66.6875	0
80	Q218178	Ensiferum	Ensiferum	Q1757	Helsinki	Helsinki	Ensiferum was founded in Helsinki .	Ensiferum được thành lập vào Helsinki.	Ensiferum được thành lập vào 	 Ensiferum được thành lập tại Helsinki.	 Ensiferum được thành lập tại 	Helsinki	['Helsinki']	{'Helsinki': 2}	0	-46.90625	1	{'Helsinki': 1}	1	-55.84375	1
81	Q875920	Tōhō	Toho	Q1490	Tokyo	Tokyo	Tōhō was founded in Tokyo .	Toho được thành lập vào Tokyo.	Toho được thành lập vào 	 Tōhō được thành lập tại Tokyo.	 Tōhō được thành lập tại 	Tokyo	['Tokyo', 'Tōkyō', 'Tôkyô', 'Tokyo-to', 'Thủ đô Tokyo', 'Tokyo Metropolitan', 'Tokyo Metropolis', 'Đông Kinh', 'Đông Kinh Đô']	{'Tokyo': 3}	0	-52.75	1	{'Tokyo': 1}	1	-57.625	1
83	Q593733	National Iranian Oil Company	Công ty Dầu khí Quốc gia Iran	Q3616	Tehran	Tehran	National Iranian Oil Company was founded in Tehran .	Công ty Dầu khí Quốc gia Iran được thành lập vào Tehran.	Công ty Dầu khí Quốc gia Iran được thành lập vào 	 Công ty Dầu khí Quốc gia Iran được thành lập tại Tehran.	 Công ty Dầu khí Quốc gia Iran được thành lập tại 	Tehran	['Tehran']	{'Tehran': 34}	0	-58.96875	0	{'Tehran': 1}	1	-71.3125	1
84	Q1180767	Deacon Blue	Deacon Blue	Q4093	Glasgow	Glasgow	Deacon Blue was founded in Glasgow .	Deacon Blue được thành lập vào Glasgow.	Deacon Blue được thành lập vào 	 Deacon Blue được thành lập tại Glasgow.	 Deacon Blue được thành lập tại 	Glasgow	['Glasgow']	{'Glasgow': 2}	0	-49.46875	1	{'Glasgow': 1}	1	-62.21875	1
85	Q182890	Def Leppard	Def Leppard	Q42448	Sheffield	Sheffield	Def Leppard was founded in Sheffield .	Def Leppard được thành lập vào Sheffield.	Def Leppard được thành lập vào 	 Def Leppard được thành lập tại Sheffield.	 Def Leppard được thành lập tại 	Sheffield	['Sheffield']	{'Sheffield': 3}	0	-42.1875	1	{'Sheffield': 1}	1	-46.71875	1
86	Q20153	Girls' Generation	Girls' Generation	Q8684	Seoul	Seoul	Girls' Generation was founded in Seoul .	Girls' Generation được thành lập vào Seoul.	Girls' Generation được thành lập vào 	 Girls' Generation được thành lập tại Seoul.	 Girls' Generation được thành lập tại 	Seoul	['Seoul', 'Thành phố đặc biệt Seoul', 'Wiryeseong', 'Namgyeong', 'Hanseong', 'Hanyang', 'Keijō', 'Keijou', 'Gyeongseong', 'Seoul Teukbyeolsi']	{'Seoul': 1}	1	-40.625	1	{'Seoul': 1}	1	-52.90625	1
87	Q133405	Bee Gees	Bee Gees	Q18125	Manchester	Manchester	Bee Gees was founded in Manchester .	Bee Gees được thành lập vào Manchester.	Bee Gees được thành lập vào 	 Bee Gees được thành lập tại Manchester.	 Bee Gees được thành lập tại 	Manchester	['Manchester']	{'Manchester': 1}	1	-43.1875	1	{'Manchester': 1}	1	-48.5625	1
88	Q1218180	Nikon	Nikon	Q1490	Tokyo	Tokyo	Nikon was founded in Tokyo .	Nikon được thành lập vào Tokyo.	Nikon được thành lập vào 	 Nikon được thành lập tại Tokyo.	 Nikon được thành lập tại 	Tokyo	['Tokyo', 'Tōkyō', 'Tôkyô', 'Tokyo-to', 'Thủ đô Tokyo', 'Tokyo Metropolitan', 'Tokyo Metropolis', 'Đông Kinh', 'Đông Kinh Đô']	{'Tokyo': 3}	0	-inf	1	{'Tokyo': 2}	0	-54.8125	1
89	Q6677525	Cadbury	Cadbury	Q2256	Birmingham	Birmingham	Cadbury was founded in Birmingham .	Cadbury được thành lập vào Birmingham.	Cadbury được thành lập vào 	 Cadbury được thành lập tại Birmingham.	 Cadbury được thành lập tại 	Birmingham	['Birmingham']	{'Birmingham': 3}	0	-43.8125	1	{'Birmingham': 1}	1	-51.375	1
91	Q66	Boeing	Boeing	Q5083	Seattle	Seattle	Boeing was founded in Seattle .	Boeing được thành lập vào Seattle.	Boeing được thành lập vào 	 Boeing được thành lập tại Seattle.	 Boeing được thành lập tại 	Seattle	['Seattle']	{'Seattle': 2}	0	-inf	1	{'Seattle': 1}	1	-55.5	1
93	Q23471	Lordi	Lordi	Q1757	Helsinki	Helsinki	Lordi was founded in Helsinki .	Lordi được thành lập vào Helsinki.	Lordi được thành lập vào 	 Lordi được thành lập tại Helsinki.	 Lordi được thành lập tại 	Helsinki	['Helsinki']	{'Helsinki': 3}	0	-47.0	1	{'Helsinki': 1}	1	-54.65625	1
94	Q507269	Bandai Co., Ltd.	Bandai	Q1490	Tokyo	Tokyo	Bandai Co., Ltd. was founded in Tokyo .	Bandai được thành lập vào Tokyo.	Bandai được thành lập vào 	Công ty TNHH Bandai được thành lập tại Tokyo.	Công ty TNHH Bandai được thành lập tại 	Tokyo	['Tokyo', 'Tōkyō', 'Tôkyô', 'Tokyo-to', 'Thủ đô Tokyo', 'Tokyo Metropolitan', 'Tokyo Metropolis', 'Đông Kinh', 'Đông Kinh Đô']	{'Tokyo': 3}	0	-46.84375	1	{'Tokyo': 2}	0	-62.53125	1
96	Q389870	Lady A	Lady A	Q23197	Nashville	Nashville	Lady A was founded in Nashville .	Lady A được thành lập vào Nashville.	Lady A được thành lập vào 	 Lady A được thành lập tại Nashville.	 Lady A được thành lập tại 	Nashville	['Nashville', 'Nashville, Tennessee']	{'Nashville': 2}	0	-48.25	1	{'Nashville': 1}	1	-57.25	1
97	Q177054	Burger King	Burger King	Q8652	Miami	Miami	Burger King was founded in Miami .	Burger King được thành lập vào Miami.	Burger King được thành lập vào 	 Burger King được thành lập tại Miami.	 Burger King được thành lập tại 	Miami	['Miami']	{'Miami': 3}	0	-41.4375	1	{'Miami': 1}	1	-52.125	1
98	Q594855	Sunn O)))	Sunn O)))	Q5083	Seattle	Seattle	Sunn O))) was founded in Seattle .	Sunn O))) được thành lập vào Seattle.	Sunn O))) được thành lập vào 	 Sunn O))) được thành lập tại Seattle.	 Sunn O))) được thành lập tại 	Seattle	['Seattle']	{'Seattle': 1}	1	-44.65625	1	{'Seattle': 1}	1	-56.375	1
99	Q25177	Rammstein	Rammstein	Q64	Berlin	Berlin	Rammstein was founded in Berlin .	Rammstein được thành lập vào Berlin.	Rammstein được thành lập vào 	 Rammstein được thành lập ở Berlin.	 Rammstein được thành lập ở 	Berlin	['Berlin', 'Béc-lin']	{'Berlin': 7}	0	-48.125	0	{'Berlin': 1}	1	-58.75	1
