	sub_uri	en_sub_label	sub_label	obj_uri	en_obj_label	obj_label	en_template	template	template_prompt	gt_translation	gt_prompt	gt_infl_object	aliases	template_true_ranks	template_top1_correct	template_prompt_prob	template_top3_correct	gt_true_ranks	gt_top1_correct	gt_prompt_prob	gt_top3_correct
0	Q155476	The Fast and the Furious	Nhanh và nguy hiểm	Q1860	English	tiếng Anh	The original language of The Fast and the Furious is English .	Ngôn ngữ gốc của Nhanh và nguy hiểm là tiếng Anh.	Ngôn ngữ gốc của Nhanh và nguy hiểm là 	 Ngôn ngữ gốc của The Fast and the Furious là tiếng Anh.	 Ngôn ngữ gốc của The Fast and the Furious là 	tiếng Anh	['English', 'tiếng Mỹ', 'tiếng Mĩ', 'Anh ngữ']	{'tiếng Anh': 2}	0	-72.6875	1	{'tiếng Anh': 1}	1	-70.9375	1
1	Q191380	The Hunchback of Notre Dame	Nhà thờ Đức Bà Paris	Q150	French	tiếng Pháp	The original language of The Hunchback of Notre Dame is French .	Ngôn ngữ gốc của Nhà thờ Đức Bà Paris là tiếng Pháp.	Ngôn ngữ gốc của Nhà thờ Đức Bà Paris là 	 Ngôn ngữ gốc của tác phẩm Thằng gù nhà thờ Đức Bà Paris là tiếng Pháp.	 Ngôn ngữ gốc của tác phẩm Thằng gù nhà thờ Đức Bà Paris là 	tiếng Pháp	['French', 'Pháp ngữ']	{'tiếng Pháp': 1}	1	-74.1875	1	{'tiếng Pháp': 1}	1	-139.25	1
2	Q467394	La favorite	La favorite	Q150	French	tiếng Pháp	The original language of La favorite is French .	Ngôn ngữ gốc của La favorite là tiếng Pháp.	Ngôn ngữ gốc của La favorite là 	 Ngôn ngữ gốc của La Favourite là tiếng Pháp.	 Ngôn ngữ gốc của La Favourite là 	tiếng Pháp	['French', 'Pháp ngữ']	{'tiếng Pháp': 1}	1	-61.59375	1	{'tiếng Pháp': 1}	1	-82.25	1
3	Q5064	The Magic Flute	Die Zauberflöte	Q188	German	tiếng Đức	The original language of The Magic Flute is German .	Ngôn ngữ gốc của Die Zauberflöte là tiếng Đức.	Ngôn ngữ gốc của Die Zauberflöte là 	 Ngôn ngữ gốc của The Magic Flute là tiếng Đức.	 Ngôn ngữ gốc của The Magic Flute là 	tiếng Đức	['German', 'de']	{'tiếng Đức': 1}	1	-57.09375	1	{'tiếng Đức': 1}	1	-69.0	1
4	Q3013	iCarly	ICarly	Q1860	English	tiếng Anh	The original language of iCarly is English .	Ngôn ngữ gốc của ICarly là tiếng Anh.	Ngôn ngữ gốc của ICarly là 	 Ngôn ngữ gốc của iCarly là tiếng Anh.	 Ngôn ngữ gốc của iCarly là 	tiếng Anh	['English', 'tiếng Mỹ', 'tiếng Mĩ', 'Anh ngữ']	{'tiếng Anh': 1}	1	-54.25	1	{'tiếng Anh': 1}	1	-70.1875	1
5	Q2219414	Martin Morning	Martin Morning	Q150	French	tiếng Pháp	The original language of Martin Morning is French .	Ngôn ngữ gốc của Martin Morning là tiếng Pháp.	Ngôn ngữ gốc của Martin Morning là 	 Ngôn ngữ gốc của Martin Morning là tiếng Pháp.	 Ngôn ngữ gốc của Martin Morning là 	tiếng Pháp	['French', 'Pháp ngữ']	{'tiếng Pháp': 4}	0	-63.3125	0	{'tiếng Pháp': 6}	0	-78.3125	0
6	Q36479	The Lion King	Vua sư tử	Q1860	English	tiếng Anh	The original language of The Lion King is English .	Ngôn ngữ gốc của Vua sư tử là tiếng Anh.	Ngôn ngữ gốc của Vua sư tử là 	 Ngôn ngữ gốc của Vua Sư Tử là tiếng Anh.	 Ngôn ngữ gốc của Vua Sư Tử là 	tiếng Anh	['English', 'tiếng Mỹ', 'tiếng Mĩ', 'Anh ngữ']	{'tiếng Anh': 2}	0	-58.53125	1	{'tiếng Anh': 6}	0	-80.75	0
7	Q2418926	Planet of the Apes	Hành tinh khỉ	Q150	French	tiếng Pháp	The original language of Planet of the Apes is French .	Ngôn ngữ gốc của Hành tinh khỉ là tiếng Pháp.	Ngôn ngữ gốc của Hành tinh khỉ là 	 Ngôn ngữ gốc của Planet of the Apes là tiếng Pháp.	 Ngôn ngữ gốc của Planet of the Apes là 	tiếng Pháp	['French', 'Pháp ngữ']	{'tiếng Pháp': 7}	0	-62.84375	0	{'tiếng Pháp': 2}	0	-69.375	1
8	Q324878	Naturwissenschaften	Naturwissenschaften	Q1860	English	tiếng Anh	The original language of Naturwissenschaften is English .	Ngôn ngữ gốc của Naturwissenschaften là tiếng Anh.	Ngôn ngữ gốc của Naturwissenschaften là 	 Ngôn ngữ gốc của Naturwissenschaften là tiếng Anh.	 Ngôn ngữ gốc của Naturwissenschaften là 	tiếng Anh	['English', 'tiếng Mỹ', 'tiếng Mĩ', 'Anh ngữ']	{'tiếng Anh': 8}	0	-59.21875	0	{'tiếng Anh': 23}	0	-71.5625	0
9	Q825946	Good Morning America	Good Morning America	Q1860	English	tiếng Anh	The original language of Good Morning America is English .	Ngôn ngữ gốc của Good Morning America là tiếng Anh.	Ngôn ngữ gốc của Good Morning America là 	 Ngôn ngữ gốc của Good Morning America là tiếng Anh.	 Ngôn ngữ gốc của Good Morning America là 	tiếng Anh	['English', 'tiếng Mỹ', 'tiếng Mĩ', 'Anh ngữ']	{'tiếng Anh': 1}	1	-59.09375	1	{'tiếng Anh': 1}	1	-73.0625	1
10	Q3054309	English Vinglish	English Vinglish	Q5885	Tamil	tiếng Tamil	The original language of English Vinglish is Tamil .	Ngôn ngữ gốc của English Vinglish là tiếng Tamil.	Ngôn ngữ gốc của English Vinglish là 	 Ngôn ngữ gốc của tiếng Anh Vinglish là tiếng Tamil.	 Ngôn ngữ gốc của tiếng Anh Vinglish là 	tiếng Tamil	['Tamil']	{'tiếng Tamil': 12}	0	-57.96875	0	{'tiếng Tamil': 8}	0	-81.0	0
11	Q1858285	Moscow Strikes Back	Thảm bại của quân Đức ở ngoại vi Moskva	Q7737	Russian	tiếng Nga	The original language of Moscow Strikes Back is Russian .	Ngôn ngữ gốc của Thảm bại của quân Đức ở ngoại vi Moskva là tiếng Nga.	Ngôn ngữ gốc của Thảm bại của quân Đức ở ngoại vi Moskva là 	 Ngôn ngữ gốc của Moscow Strikes Back là tiếng Nga.	 Ngôn ngữ gốc của Moscow Strikes Back là 	tiếng Nga	['Russian', 'Tiếng Nga', 'Ru', 'ru']	{'tiếng Nga': 2}	0	-106.6875	1	{'tiếng Nga': 1}	1	-82.5	1
12	Q1165714	The Charterhouse of Parma	Tu viện thành Pacmơ	Q150	French	tiếng Pháp	The original language of The Charterhouse of Parma is French .	Ngôn ngữ gốc của Tu viện thành Pacmơ là tiếng Pháp.	Ngôn ngữ gốc của Tu viện thành Pacmơ là 	 Ngôn ngữ gốc của Tu viện Parma là tiếng Pháp.	 Ngôn ngữ gốc của Tu viện Parma là 	tiếng Pháp	['French', 'Pháp ngữ']	{'tiếng Pháp': 1}	1	-95.875	1	{'tiếng Pháp': 3}	0	-84.4375	1
13	Q595	The Intouchables	The Intouchables	Q150	French	tiếng Pháp	The original language of The Intouchables is French .	Ngôn ngữ gốc của The Intouchables là tiếng Pháp.	Ngôn ngữ gốc của The Intouchables là 	 Ngôn ngữ gốc của The Intouchables là tiếng Pháp.	 Ngôn ngữ gốc của The Intouchables là 	tiếng Pháp	['French', 'Pháp ngữ']	{'tiếng Pháp': 1}	1	-59.4375	1	{'tiếng Pháp': 1}	1	-74.8125	1
16	Q2369847	Hussar Ballad	Bài ca khinh kị binh	Q7737	Russian	tiếng Nga	The original language of Hussar Ballad is Russian .	Ngôn ngữ gốc của Bài ca khinh kị binh là tiếng Nga.	Ngôn ngữ gốc của Bài ca khinh kị binh là 	Ngôn ngữ gốc của Hussar Ballad là tiếng Nga.	Ngôn ngữ gốc của Hussar Ballad là 	tiếng Nga	['Russian', 'Tiếng Nga', 'Ru', 'ru']	{'tiếng Nga': 9}	0	-85.25	0	{'tiếng Nga': 5}	0	-71.9375	0
18	Q503343	Westworld	Thế giới miền Tây	Q1860	English	tiếng Anh	The original language of Westworld is English .	Ngôn ngữ gốc của Thế giới miền Tây là tiếng Anh.	Ngôn ngữ gốc của Thế giới miền Tây là 	 Ngôn ngữ gốc của Westworld là tiếng Anh.	 Ngôn ngữ gốc của Westworld là 	tiếng Anh	['English', 'tiếng Mỹ', 'tiếng Mĩ', 'Anh ngữ']	{'tiếng Anh': 2}	0	-60.90625	1	{'tiếng Anh': 1}	1	-68.75	1
19	Q190588	Love Actually	Love Actually	Q1860	English	tiếng Anh	The original language of Love Actually is English .	Ngôn ngữ gốc của Love Actually là tiếng Anh.	Ngôn ngữ gốc của Love Actually là 	 Ngôn ngữ gốc của Love Actually là tiếng Anh.	 Ngôn ngữ gốc của Love Actually là 	tiếng Anh	['English', 'tiếng Mỹ', 'tiếng Mĩ', 'Anh ngữ']	{'tiếng Anh': 1}	1	-55.84375	1	{'tiếng Anh': 1}	1	-69.125	1
20	Q234535	Great Soviet Encyclopedia	Đại bách khoa toàn thư Xô Viết	Q7737	Russian	tiếng Nga	The original language of Great Soviet Encyclopedia is Russian .	Ngôn ngữ gốc của Đại bách khoa toàn thư Xô Viết là tiếng Nga.	Ngôn ngữ gốc của Đại bách khoa toàn thư Xô Viết là 	 Ngôn ngữ gốc của Bách khoa toàn thư Liên Xô là tiếng Nga.	 Ngôn ngữ gốc của Bách khoa toàn thư Liên Xô là 	tiếng Nga	['Russian', 'Tiếng Nga', 'Ru', 'ru']	{'tiếng Nga': 1}	1	-87.8125	1	{'tiếng Nga': 1}	1	-80.1875	1
21	Q53093	Adventure Time	Adventure Time	Q1860	English	tiếng Anh	The original language of Adventure Time is English .	Ngôn ngữ gốc của Adventure Time là tiếng Anh.	Ngôn ngữ gốc của Adventure Time là 	 Ngôn ngữ gốc của Adventure Time là tiếng Anh.	 Ngôn ngữ gốc của Adventure Time là 	tiếng Anh	['English', 'tiếng Mỹ', 'tiếng Mĩ', 'Anh ngữ']	{'tiếng Anh': 2}	0	-51.21875	1	{'tiếng Anh': 1}	1	-65.5625	1
22	Q11834	Puss in Boots	Mèo đi hia	Q652	Italian	tiếng Ý	The original language of Puss in Boots is Italian .	Ngôn ngữ gốc của Mèo đi hia là tiếng Ý.	Ngôn ngữ gốc của Mèo đi hia là 	 Ngôn ngữ gốc của Puss in Boots là tiếng Ý.	 Ngôn ngữ gốc của Puss in Boots là 	tiếng Ý	['Italian', 'tiếng Italia', 'it']	{'tiếng Ý': 27}	0	-75.0	0	{'tiếng Ý': 32}	0	-70.0	0
23	Q11336	Heart	Những tấm lòng cao cả	Q652	Italian	tiếng Ý	The original language of Heart is Italian .	Ngôn ngữ gốc của Những tấm lòng cao cả là tiếng Ý.	Ngôn ngữ gốc của Những tấm lòng cao cả là 	 Ngôn ngữ gốc của Heart là tiếng Ý.	 Ngôn ngữ gốc của Heart là 	tiếng Ý	['Italian', 'tiếng Italia', 'it']	{'tiếng Ý': 30}	0	-72.1875	0	{'tiếng Ý': 14}	0	-69.6875	0
24	Q1127167	Burnt by the Sun	Cháy bỏng dưới ánh mặt trời	Q7737	Russian	tiếng Nga	The original language of Burnt by the Sun is Russian .	Ngôn ngữ gốc của Cháy bỏng dưới ánh mặt trời là tiếng Nga.	Ngôn ngữ gốc của Cháy bỏng dưới ánh mặt trời là 	 Ngôn ngữ gốc của Burnt by the Sun là tiếng Nga.	 Ngôn ngữ gốc của Burnt by the Sun là 	tiếng Nga	['Russian', 'Tiếng Nga', 'Ru', 'ru']	{'tiếng Nga': 12}	0	-85.8125	0	{'tiếng Nga': 1}	1	-77.1875	1
25	Q175482	Finnish Wikipedia	Wikipedia tiếng Phần Lan	Q1412	Finnish	tiếng Phần Lan	The original language of Finnish Wikipedia is Finnish .	Ngôn ngữ gốc của Wikipedia tiếng Phần Lan là tiếng Phần Lan.	Ngôn ngữ gốc của Wikipedia tiếng Phần Lan là 	 Ngôn ngữ gốc của Wikipedia tiếng Phần Lan là tiếng Phần Lan.	 Ngôn ngữ gốc của Wikipedia tiếng Phần Lan là 	tiếng Phần Lan	['Finnish', 'fi']	{'tiếng Phần Lan': 1}	1	-60.90625	1	{'tiếng Phần Lan': 1}	1	-75.75	1
26	Q1452666	The Star Diaries	Nhật ký vũ trụ của Ion Lặng Lẽ	Q1860	English	tiếng Anh	The original language of The Star Diaries is English .	Ngôn ngữ gốc của Nhật ký vũ trụ của Ion Lặng Lẽ là tiếng Anh.	Ngôn ngữ gốc của Nhật ký vũ trụ của Ion Lặng Lẽ là 	 Ngôn ngữ gốc của The Star Diaries là tiếng Anh.	 Ngôn ngữ gốc của The Star Diaries là 	tiếng Anh	['English', 'tiếng Mỹ', 'tiếng Mĩ', 'Anh ngữ']	{'tiếng Anh': 1}	1	-124.0625	1	{'tiếng Anh': 1}	1	-79.1875	1
28	Q150804	The Pianist	Nghệ sĩ dương cầm	Q1860	English	tiếng Anh	The original language of The Pianist is English .	Ngôn ngữ gốc của Nghệ sĩ dương cầm là tiếng Anh.	Ngôn ngữ gốc của Nghệ sĩ dương cầm là 	 Ngôn ngữ gốc của The Pianist là tiếng Anh.	 Ngôn ngữ gốc của The Pianist là 	tiếng Anh	['English', 'tiếng Mỹ', 'tiếng Mĩ', 'Anh ngữ']	{'tiếng Anh': 2}	0	-66.875	1	{'tiếng Anh': 3}	0	-74.125	1
29	Q865580	Children of Paradise	Les Enfants du paradis	Q150	French	tiếng Pháp	The original language of Children of Paradise is French .	Ngôn ngữ gốc của Les Enfants du paradis là tiếng Pháp.	Ngôn ngữ gốc của Les Enfants du paradis là 	 Ngôn ngữ gốc của Children of Paradise là tiếng Pháp.	 Ngôn ngữ gốc của Children of Paradise là 	tiếng Pháp	['French', 'Pháp ngữ']	{'tiếng Pháp': 1}	1	-67.875	1	{'tiếng Pháp': 1}	1	-72.5	1
30	Q1626592	Shirli-Myrli	Shirli-Myrli	Q7737	Russian	tiếng Nga	The original language of Shirli-Myrli is Russian .	Ngôn ngữ gốc của Shirli-Myrli là tiếng Nga.	Ngôn ngữ gốc của Shirli-Myrli là 	 Ngôn ngữ gốc của Shirli-Myrli là tiếng Nga.	 Ngôn ngữ gốc của Shirli-Myrli là 	tiếng Nga	['Russian', 'Tiếng Nga', 'Ru', 'ru']	{'tiếng Nga': 4}	0	-80.1875	0	{'tiếng Nga': 3}	0	-96.8125	1
31	Q311249	GQ	GQ (tạp chí)	Q1860	English	tiếng Anh	The original language of GQ is English .	Ngôn ngữ gốc của GQ (tạp chí) là tiếng Anh.	Ngôn ngữ gốc của GQ (tạp chí) là 	 Ngôn ngữ gốc của GQ là tiếng Anh.	 Ngôn ngữ gốc của GQ là 	tiếng Anh	['English', 'tiếng Mỹ', 'tiếng Mĩ', 'Anh ngữ']	{'tiếng Anh': 1}	1	-68.375	1	{'tiếng Anh': 1}	1	-67.4375	1
32	Q973780	La dame blanche	La dame blanche	Q150	French	tiếng Pháp	The original language of La dame blanche is French .	Ngôn ngữ gốc của La dame blanche là tiếng Pháp.	Ngôn ngữ gốc của La dame blanche là 	 Ngôn ngữ gốc của La dame blanche là tiếng Pháp.	 Ngôn ngữ gốc của La dame blanche là 	tiếng Pháp	['French', 'Pháp ngữ']	{'tiếng Pháp': 1}	1	-69.1875	1	{'tiếng Pháp': 1}	1	-82.8125	1
33	Q840297	El Mariachi	El Mariachi (1992)	Q1321	Spanish	tiếng Tây Ban Nha	The original language of El Mariachi is Spanish .	Ngôn ngữ gốc của El Mariachi (1992) là tiếng Tây Ban Nha.	Ngôn ngữ gốc của El Mariachi (1992) là 	Ngôn ngữ gốc của El Mariachi là tiếng Tây Ban Nha.	Ngôn ngữ gốc của El Mariachi là 	tiếng Tây Ban Nha	['Spanish', 'tiếng Y Pha Nho', 'es']	{'tiếng Tây Ban Nha': 1}	1	-63.5625	1	{'tiếng Tây Ban Nha': 1}	1	-56.1875	1
34	Q627333	The Time Machine	Cỗ máy thời gian	Q1860	English	tiếng Anh	The original language of The Time Machine is English .	Ngôn ngữ gốc của Cỗ máy thời gian là tiếng Anh.	Ngôn ngữ gốc của Cỗ máy thời gian là 	 Ngôn ngữ gốc của The Time Machine là tiếng Anh.	 Ngôn ngữ gốc của The Time Machine là 	tiếng Anh	['English', 'tiếng Mỹ', 'tiếng Mĩ', 'Anh ngữ']	{'tiếng Anh': 1}	1	-69.25	1	{'tiếng Anh': 1}	1	-73.1875	1
35	Q131144	Tom and Jerry	Tom và Jerry	Q1860	English	tiếng Anh	The original language of Tom and Jerry is English .	Ngôn ngữ gốc của Tom và Jerry là tiếng Anh.	Ngôn ngữ gốc của Tom và Jerry là 	 Ngôn ngữ gốc của Tom và Jerry là tiếng Anh.	 Ngôn ngữ gốc của Tom và Jerry là 	tiếng Anh	['English', 'tiếng Mỹ', 'tiếng Mĩ', 'Anh ngữ']	{'tiếng Anh': 1}	1	-51.125	1	{'tiếng Anh': 1}	1	-66.0	1
36	Q609711	The Cube	The Cube (game show)	Q1860	English	tiếng Anh	The original language of The Cube is English .	Ngôn ngữ gốc của The Cube (game show) là tiếng Anh.	Ngôn ngữ gốc của The Cube (game show) là 	 Ngôn ngữ gốc của The Cube là tiếng Anh.	 Ngôn ngữ gốc của The Cube là 	tiếng Anh	['English', 'tiếng Mỹ', 'tiếng Mĩ', 'Anh ngữ']	{'tiếng Anh': 1}	1	-64.9375	1	{'tiếng Anh': 1}	1	-71.4375	1
38	Q1976473	The Elusive Avengers	Những kẻ báo thù không bao giờ bị bắt	Q7737	Russian	tiếng Nga	The original language of The Elusive Avengers is Russian .	Ngôn ngữ gốc của Những kẻ báo thù không bao giờ bị bắt là tiếng Nga.	Ngôn ngữ gốc của Những kẻ báo thù không bao giờ bị bắt là 	 Ngôn ngữ gốc của The Elusive Avengers là tiếng Nga.	 Ngôn ngữ gốc của The Elusive Avengers là 	tiếng Nga	['Russian', 'Tiếng Nga', 'Ru', 'ru']	{'tiếng Nga': 22}	0	-85.3125	0	{'tiếng Nga': 21}	0	-82.8125	0
40	Q501415	El Cuerpo del Deseo	Hành trình trở về	Q1321	Spanish	tiếng Tây Ban Nha	The original language of El Cuerpo del Deseo is Spanish .	Ngôn ngữ gốc của Hành trình trở về là tiếng Tây Ban Nha.	Ngôn ngữ gốc của Hành trình trở về là 	 Ngôn ngữ gốc của El Cuerpo del Deseo là tiếng Tây Ban Nha.	 Ngôn ngữ gốc của El Cuerpo del Deseo là 	tiếng Tây Ban Nha	['Spanish', 'tiếng Y Pha Nho', 'es']	{'tiếng Tây Ban Nha': 18}	0	-60.75	0	{'tiếng Tây Ban Nha': 1}	1	-91.0	1
41	Q328993	Definitely Maybe	Definitely Maybe	Q1860	English	tiếng Anh	The original language of Definitely Maybe is English .	Ngôn ngữ gốc của Definitely Maybe là tiếng Anh.	Ngôn ngữ gốc của Definitely Maybe là 	 Ngôn ngữ gốc của Definitely Maybe là tiếng Anh.	 Ngôn ngữ gốc của Definitely Maybe là 	tiếng Anh	['English', 'tiếng Mỹ', 'tiếng Mĩ', 'Anh ngữ']	{'tiếng Anh': 1}	1	-52.90625	1	{'tiếng Anh': 1}	1	-66.9375	1
42	Q700483	Atomised	Hạt cơ bản (tiểu thuyết)	Q150	French	tiếng Pháp	The original language of Atomised is French .	Ngôn ngữ gốc của Hạt cơ bản (tiểu thuyết) là tiếng Pháp.	Ngôn ngữ gốc của Hạt cơ bản (tiểu thuyết) là 	 Ngôn ngữ gốc của Atomised là tiếng Pháp.	 Ngôn ngữ gốc của Atomised là 	tiếng Pháp	['French', 'Pháp ngữ']	{'tiếng Pháp': 4}	0	-79.75	0	{'tiếng Pháp': 1}	1	-73.5625	1
44	Q17068098	Kumkum Bhagya	Giấc Mơ Thiên Đường	Q1568	Hindi	tiếng Hindi	The original language of Kumkum Bhagya is Hindi .	Ngôn ngữ gốc của Giấc Mơ Thiên Đường là tiếng Hindi.	Ngôn ngữ gốc của Giấc Mơ Thiên Đường là 	 Ngôn ngữ gốc của Kumkum Bhagya là tiếng Hindi.	 Ngôn ngữ gốc của Kumkum Bhagya là 	tiếng Hindi	['Hindi']	{'tiếng Hindi': 20}	0	-69.6875	0	{'tiếng Hindi': 1}	1	-70.1875	1
45	Q18049522	HuffPost	HuffPost	Q1860	English	tiếng Anh	The original language of HuffPost is English .	Ngôn ngữ gốc của HuffPost là tiếng Anh.	Ngôn ngữ gốc của HuffPost là 	 Ngôn ngữ gốc của HuffPost là tiếng Anh.	 Ngôn ngữ gốc của HuffPost là 	tiếng Anh	['English', 'tiếng Mỹ', 'tiếng Mĩ', 'Anh ngữ']	{'tiếng Anh': 1}	1	-57.40625	1	{'tiếng Anh': 1}	1	-74.6875	1
46	Q58419	Alright, Still	Alright, Still	Q1860	English	tiếng Anh	The original language of Alright, Still is English .	Ngôn ngữ gốc của Alright, Still là tiếng Anh.	Ngôn ngữ gốc của Alright, Still là 	 Ngôn ngữ gốc của Alright, Still là tiếng Anh.	 Ngôn ngữ gốc của Alright, Still là 	tiếng Anh	['English', 'tiếng Mỹ', 'tiếng Mĩ', 'Anh ngữ']	{'tiếng Anh': 1}	1	-71.0	1	{'tiếng Anh': 1}	1	-84.3125	1
48	Q1981869	The Girlie Show World Tour	The Girlie Show World Tour	Q1860	English	tiếng Anh	The original language of The Girlie Show World Tour is English .	Ngôn ngữ gốc của The Girlie Show World Tour là tiếng Anh.	Ngôn ngữ gốc của The Girlie Show World Tour là 	 Ngôn ngữ gốc của The Girlie Show World Tour là tiếng Anh.	 Ngôn ngữ gốc của The Girlie Show World Tour là 	tiếng Anh	['English', 'tiếng Mỹ', 'tiếng Mĩ', 'Anh ngữ']	{'tiếng Anh': 1}	1	-63.28125	1	{'tiếng Anh': 1}	1	-76.8125	1
49	Q729659	William Tell	Guillaume Tell	Q150	French	tiếng Pháp	The original language of William Tell is French .	Ngôn ngữ gốc của Guillaume Tell là tiếng Pháp.	Ngôn ngữ gốc của Guillaume Tell là 	Ngôn ngữ gốc của William Tell là tiếng Pháp.	Ngôn ngữ gốc của William Tell là 	tiếng Pháp	['French', 'Pháp ngữ']	{'tiếng Pháp': 1}	1	-59.0625	1	{'tiếng Pháp': 4}	0	-56.5	0
50	Q635960	Get Behind Me Satan	Get Behind Me Satan	Q1860	English	tiếng Anh	The original language of Get Behind Me Satan is English .	Ngôn ngữ gốc của Get Behind Me Satan là tiếng Anh.	Ngôn ngữ gốc của Get Behind Me Satan là 	 Ngôn ngữ gốc của Get Behind Me Satan là tiếng Anh.	 Ngôn ngữ gốc của Get Behind Me Satan là 	tiếng Anh	['English', 'tiếng Mỹ', 'tiếng Mĩ', 'Anh ngữ']	{'tiếng Anh': 1}	1	-59.59375	1	{'tiếng Anh': 1}	1	-73.9375	1
51	Q18720579	Je suis Charlie	Je suis Charlie	Q150	French	tiếng Pháp	The original language of Je suis Charlie is French .	Ngôn ngữ gốc của Je suis Charlie là tiếng Pháp.	Ngôn ngữ gốc của Je suis Charlie là 	 Ngôn ngữ gốc của Je suis Charlie là tiếng Pháp.	 Ngôn ngữ gốc của Je suis Charlie là 	tiếng Pháp	['French', 'Pháp ngữ']	{'tiếng Pháp': 1}	1	-55.9375	1	{'tiếng Pháp': 1}	1	-69.3125	1
52	Q492485	The Thieves	Trộm	Q1860	English	tiếng Anh	The original language of The Thieves is English .	Ngôn ngữ gốc của Trộm là tiếng Anh.	Ngôn ngữ gốc của Trộm là 	 Ngôn ngữ gốc của The Thieves là tiếng Anh.	 Ngôn ngữ gốc của The Thieves là 	tiếng Anh	['English', 'tiếng Mỹ', 'tiếng Mĩ', 'Anh ngữ']	{'tiếng Anh': 1}	1	-60.1875	1	{'tiếng Anh': 2}	0	-76.6875	1
53	Q189509	The Jungle Book	Sách Rừng xanh	Q1860	English	tiếng Anh	The original language of The Jungle Book is English .	Ngôn ngữ gốc của Sách Rừng xanh là tiếng Anh.	Ngôn ngữ gốc của Sách Rừng xanh là 	 Ngôn ngữ gốc của The Jungle Book là tiếng Anh.	 Ngôn ngữ gốc của The Jungle Book là 	tiếng Anh	['English', 'tiếng Mỹ', 'tiếng Mĩ', 'Anh ngữ']	{'tiếng Anh': 1}	1	-70.1875	1	{'tiếng Anh': 1}	1	-73.0	1
54	Q459720	The Price Is Right	The Price Is Right	Q5146	Portuguese	tiếng Bồ Đào Nha	The original language of The Price Is Right is Portuguese .	Ngôn ngữ gốc của The Price Is Right là tiếng Bồ Đào Nha.	Ngôn ngữ gốc của The Price Is Right là 	 Ngôn ngữ gốc của The Price Is Right là tiếng Bồ Đào Nha.	 Ngôn ngữ gốc của The Price Is Right là 	tiếng Bồ Đào Nha	['Portuguese', 'tiếng Bồ-đào-nha', 'tiếng Bồ']	{'tiếng Bồ Đào Nha': 23}	0	-56.5	0	{'tiếng Bồ Đào Nha': 22}	0	-71.9375	0
55	Q191838	The Count of Monte Cristo	Bá tước Monte Cristo	Q150	French	tiếng Pháp	The original language of The Count of Monte Cristo is French .	Ngôn ngữ gốc của Bá tước Monte Cristo là tiếng Pháp.	Ngôn ngữ gốc của Bá tước Monte Cristo là 	 Ngôn ngữ gốc của Bá tước Monte Cristo là tiếng Pháp.	 Ngôn ngữ gốc của Bá tước Monte Cristo là 	tiếng Pháp	['French', 'Pháp ngữ']	{'tiếng Pháp': 2}	0	-64.125	1	{'tiếng Pháp': 2}	0	-79.5625	1
56	Q333637	Well, Just You Wait!	Hãy đợi đấy!	Q7737	Russian	tiếng Nga	The original language of Well, Just You Wait! is Russian .	Ngôn ngữ gốc của Hãy đợi đấy! là tiếng Nga.	Ngôn ngữ gốc của Hãy đợi đấy! là 	 Ngôn ngữ gốc của Well, Just You Wait! là tiếng Nga.	 Ngôn ngữ gốc của Well, Just You Wait! là 	tiếng Nga	['Russian', 'Tiếng Nga', 'Ru', 'ru']	{'tiếng Nga': 13}	0	-76.0	0	{'tiếng Nga': 20}	0	-89.375	0
57	Q664840	Inspector Gadget	Thanh tra Gadget (phim truyền hình 1983)	Q150	French	tiếng Pháp	The original language of Inspector Gadget is French .	Ngôn ngữ gốc của Thanh tra Gadget (phim truyền hình 1983) là tiếng Pháp.	Ngôn ngữ gốc của Thanh tra Gadget (phim truyền hình 1983) là 	 Ngôn ngữ gốc của Thanh tra Gadget là tiếng Pháp.	 Ngôn ngữ gốc của Thanh tra Gadget là 	tiếng Pháp	['French', 'Pháp ngữ']	{'tiếng Pháp': 6}	0	-90.5	0	{'tiếng Pháp': 7}	0	-82.4375	0
58	Q1475036	Times Higher Education	Times Higher Education	Q1860	English	tiếng Anh	The original language of Times Higher Education is English .	Ngôn ngữ gốc của Times Higher Education là tiếng Anh.	Ngôn ngữ gốc của Times Higher Education là 	 Ngôn ngữ gốc của Times Higher Education là tiếng Anh.	 Ngôn ngữ gốc của Times Higher Education là 	tiếng Anh	['English', 'tiếng Mỹ', 'tiếng Mĩ', 'Anh ngữ']	{'tiếng Anh': 1}	1	-57.78125	1	{'tiếng Anh': 1}	1	-72.1875	1
59	Q11918	Greek Wikipedia	Wikipedia tiếng Hy Lạp	Q9129	Greek	tiếng Hy Lạp	The original language of Greek Wikipedia is Greek .	Ngôn ngữ gốc của Wikipedia tiếng Hy Lạp là tiếng Hy Lạp.	Ngôn ngữ gốc của Wikipedia tiếng Hy Lạp là 	 Ngôn ngữ gốc của Wikipedia tiếng Hy Lạp là tiếng Hy Lạp.	 Ngôn ngữ gốc của Wikipedia tiếng Hy Lạp là 	tiếng Hy Lạp	['Greek', 'tiếng Hi Lạp', 'gr', 'el']	{'tiếng Hy Lạp': 1}	1	-58.875	1	{'tiếng Hy Lạp': 1}	1	-74.125	1
60	Q125076	Slumdog Millionaire	Triệu phú ổ chuột	Q1860	English	tiếng Anh	The original language of Slumdog Millionaire is English .	Ngôn ngữ gốc của Triệu phú ổ chuột là tiếng Anh.	Ngôn ngữ gốc của Triệu phú ổ chuột là 	 Ngôn ngữ gốc của Slumdog Millionaire là tiếng Anh.	 Ngôn ngữ gốc của Slumdog Millionaire là 	tiếng Anh	['English', 'tiếng Mỹ', 'tiếng Mĩ', 'Anh ngữ']	{'tiếng Anh': 2}	0	-72.0625	1	{'tiếng Anh': 2}	0	-68.5625	1
62	Q429557	Gia	Gia	Q1860	English	tiếng Anh	The original language of Gia is English .	Ngôn ngữ gốc của Gia là tiếng Anh.	Ngôn ngữ gốc của Gia là 	 Ngôn ngữ gốc của Gia là tiếng Anh.	 Ngôn ngữ gốc của Gia là 	tiếng Anh	['English', 'tiếng Mỹ', 'tiếng Mĩ', 'Anh ngữ']	{'tiếng Anh': 2}	0	-55.9375	1	{'tiếng Anh': 3}	0	-69.5625	1
63	Q939416	The Lancet	The Lancet	Q1860	English	tiếng Anh	The original language of The Lancet is English .	Ngôn ngữ gốc của The Lancet là tiếng Anh.	Ngôn ngữ gốc của The Lancet là 	 Ngôn ngữ gốc của tạp chí The Lancet là tiếng Anh.	 Ngôn ngữ gốc của tạp chí The Lancet là 	tiếng Anh	['English', 'tiếng Mỹ', 'tiếng Mĩ', 'Anh ngữ']	{'tiếng Anh': 1}	1	-58.90625	1	{'tiếng Anh': 1}	1	-74.0625	1
64	Q2296499	Seventeen	Seventeen	Q1860	English	tiếng Anh	The original language of Seventeen is English .	Ngôn ngữ gốc của Seventeen là tiếng Anh.	Ngôn ngữ gốc của Seventeen là 	 Ngôn ngữ gốc của Seventeen là tiếng Anh.	 Ngôn ngữ gốc của Seventeen là 	tiếng Anh	['English', 'tiếng Mỹ', 'tiếng Mĩ', 'Anh ngữ']	{'tiếng Anh': 4}	0	-56.40625	0	{'tiếng Anh': 5}	0	-70.375	0
65	Q32816	The Sarah Jane Adventures	Những cuộc phiêu lưu của Sarah Jane	Q1860	English	tiếng Anh	The original language of The Sarah Jane Adventures is English .	Ngôn ngữ gốc của Những cuộc phiêu lưu của Sarah Jane là tiếng Anh.	Ngôn ngữ gốc của Những cuộc phiêu lưu của Sarah Jane là 	 Ngôn ngữ gốc của The Sarah Jane Adventures là tiếng Anh.	 Ngôn ngữ gốc của The Sarah Jane Adventures là 	tiếng Anh	['English', 'tiếng Mỹ', 'tiếng Mĩ', 'Anh ngữ']	{'tiếng Anh': 1}	1	-74.375	1	{'tiếng Anh': 1}	1	-76.1875	1
66	Q180445	Nature	Nature	Q1860	English	tiếng Anh	The original language of Nature is English .	Ngôn ngữ gốc của Nature là tiếng Anh.	Ngôn ngữ gốc của Nature là 	Ngôn ngữ gốc của Nature là tiếng Anh.	Ngôn ngữ gốc của Nature là 	tiếng Anh	['English', 'tiếng Mỹ', 'tiếng Mĩ', 'Anh ngữ']	{'tiếng Anh': 1}	1	-53.71875	1	{'tiếng Anh': 1}	1	-53.71875	1
68	Q2270093	Le Petit Nicolas	Le Petit Nicolas	Q150	French	tiếng Pháp	The original language of Le Petit Nicolas is French .	Ngôn ngữ gốc của Le Petit Nicolas là tiếng Pháp.	Ngôn ngữ gốc của Le Petit Nicolas là 	 Ngôn ngữ gốc của Le Petit Nicolas là tiếng Pháp.	 Ngôn ngữ gốc của Le Petit Nicolas là 	tiếng Pháp	['French', 'Pháp ngữ']	{'tiếng Pháp': 1}	1	-62.125	1	{'tiếng Pháp': 1}	1	-72.5625	1
69	Q276415	A Cinderella Story	A Cinderella Story	Q1860	English	tiếng Anh	The original language of A Cinderella Story is English .	Ngôn ngữ gốc của A Cinderella Story là tiếng Anh.	Ngôn ngữ gốc của A Cinderella Story là 	 Ngôn ngữ gốc của Câu chuyện Lọ Lem là tiếng Anh.	 Ngôn ngữ gốc của Câu chuyện Lọ Lem là 	tiếng Anh	['English', 'tiếng Mỹ', 'tiếng Mĩ', 'Anh ngữ']	{'tiếng Anh': 1}	1	-63.40625	1	{'tiếng Anh': 2}	0	-85.0625	1
70	Q47703	The Godfather	Bố già	Q1860	English	tiếng Anh	The original language of The Godfather is English .	Ngôn ngữ gốc của Bố già là tiếng Anh.	Ngôn ngữ gốc của Bố già là 	 Ngôn ngữ gốc của Bố già là tiếng Anh.	 Ngôn ngữ gốc của Bố già là 	tiếng Anh	['English', 'tiếng Mỹ', 'tiếng Mĩ', 'Anh ngữ']	{'tiếng Anh': 2}	0	-56.8125	1	{'tiếng Anh': 1}	1	-72.125	1
71	Q114640	The Flying Dutchman	Người Hà Lan bay	Q188	German	tiếng Đức	The original language of The Flying Dutchman is German .	Ngôn ngữ gốc của Người Hà Lan bay là tiếng Đức.	Ngôn ngữ gốc của Người Hà Lan bay là 	 Ngôn ngữ gốc của The Flying Dutchman là tiếng Đức.	 Ngôn ngữ gốc của The Flying Dutchman là 	tiếng Đức	['German', 'de']	{'tiếng Đức': 7}	0	-66.5	0	{'tiếng Đức': 7}	0	-70.3125	0
72	Q108745	Ghostbusters	Ghostbusters	Q1860	English	tiếng Anh	The original language of Ghostbusters is English .	Ngôn ngữ gốc của Ghostbusters là tiếng Anh.	Ngôn ngữ gốc của Ghostbusters là 	 Ngôn ngữ gốc của Ghostbusters là tiếng Anh.	 Ngôn ngữ gốc của Ghostbusters là 	tiếng Anh	['English', 'tiếng Mỹ', 'tiếng Mĩ', 'Anh ngữ']	{'tiếng Anh': 1}	1	-52.46875	1	{'tiếng Anh': 1}	1	-67.3125	1
73	Q3295515	The Beatles	The Beatles	Q1860	English	tiếng Anh	The original language of The Beatles is English .	Ngôn ngữ gốc của The Beatles là tiếng Anh.	Ngôn ngữ gốc của The Beatles là 	 Ngôn ngữ gốc của The Beatles là tiếng Anh.	 Ngôn ngữ gốc của The Beatles là 	tiếng Anh	['English', 'tiếng Mỹ', 'tiếng Mĩ', 'Anh ngữ']	{'tiếng Anh': 1}	1	-51.0	1	{'tiếng Anh': 1}	1	-66.625	1
74	Q140527	The Three Musketeers	Ba chàng lính ngự lâm	Q150	French	tiếng Pháp	The original language of The Three Musketeers is French .	Ngôn ngữ gốc của Ba chàng lính ngự lâm là tiếng Pháp.	Ngôn ngữ gốc của Ba chàng lính ngự lâm là 	 Ngôn ngữ gốc của Ba chàng lính ngự lâm là tiếng Pháp.	 Ngôn ngữ gốc của Ba chàng lính ngự lâm là 	tiếng Pháp	['French', 'Pháp ngữ']	{'tiếng Pháp': 4}	0	-70.25	0	{'tiếng Pháp': 6}	0	-87.125	0
75	Q10000	Dutch Wikipedia	Wikipedia tiếng Hà Lan	Q7411	Dutch	tiếng Hà Lan	The original language of Dutch Wikipedia is Dutch .	Ngôn ngữ gốc của Wikipedia tiếng Hà Lan là tiếng Hà Lan.	Ngôn ngữ gốc của Wikipedia tiếng Hà Lan là 	 Ngôn ngữ gốc của Wikipedia tiếng Hà Lan là tiếng Hà Lan.	 Ngôn ngữ gốc của Wikipedia tiếng Hà Lan là 	tiếng Hà Lan	['Dutch', 'nl']	{'tiếng Hà Lan': 1}	1	-59.1875	1	{'tiếng Hà Lan': 1}	1	-73.6875	1
76	Q5861276	MasterChef	Vua đầu bếp	Q1860	English	tiếng Anh	The original language of MasterChef is English .	Ngôn ngữ gốc của Vua đầu bếp là tiếng Anh.	Ngôn ngữ gốc của Vua đầu bếp là 	 Ngôn ngữ gốc của MasterChef là tiếng Anh.	 Ngôn ngữ gốc của MasterChef là 	tiếng Anh	['English', 'tiếng Mỹ', 'tiếng Mĩ', 'Anh ngữ']	{'tiếng Anh': 4}	0	-61.28125	0	{'tiếng Anh': 1}	1	-69.875	1
77	Q1043104	Charlie Hebdo	Charlie Hebdo	Q150	French	tiếng Pháp	The original language of Charlie Hebdo is French .	Ngôn ngữ gốc của Charlie Hebdo là tiếng Pháp.	Ngôn ngữ gốc của Charlie Hebdo là 	 Ngôn ngữ gốc của Charlie Hebdo là tiếng Pháp.	 Ngôn ngữ gốc của Charlie Hebdo là 	tiếng Pháp	['French', 'Pháp ngữ']	{'tiếng Pháp': 1}	1	-54.0	1	{'tiếng Pháp': 1}	1	-68.125	1
78	Q104123	Pulp Fiction	Pulp Fiction	Q1860	English	tiếng Anh	The original language of Pulp Fiction is English .	Ngôn ngữ gốc của Pulp Fiction là tiếng Anh.	Ngôn ngữ gốc của Pulp Fiction là 	 Ngôn ngữ gốc của Pulp Fiction là tiếng Anh.	 Ngôn ngữ gốc của Pulp Fiction là 	tiếng Anh	['English', 'tiếng Mỹ', 'tiếng Mĩ', 'Anh ngữ']	{'tiếng Anh': 1}	1	-57.1875	1	{'tiếng Anh': 1}	1	-71.5625	1
79	Q721140	Pitchfork	Pitchfork	Q1860	English	tiếng Anh	The original language of Pitchfork is English .	Ngôn ngữ gốc của Pitchfork là tiếng Anh.	Ngôn ngữ gốc của Pitchfork là 	 Ngôn ngữ gốc của Pitchfork là tiếng Anh.	 Ngôn ngữ gốc của Pitchfork là 	tiếng Anh	['English', 'tiếng Mỹ', 'tiếng Mĩ', 'Anh ngữ']	{'tiếng Anh': 1}	1	-56.0625	1	{'tiếng Anh': 1}	1	-71.875	1
80	Q41483	The Good, the Bad and the Ugly	Il buono, il brutto, il cattivo	Q652	Italian	tiếng Ý	The original language of The Good, the Bad and the Ugly is Italian .	Ngôn ngữ gốc của Il buono, il brutto, il cattivo là tiếng Ý.	Ngôn ngữ gốc của Il buono, il brutto, il cattivo là 	 Ngôn ngữ gốc của tác phẩm The Good, the Bad and the Ugly là tiếng Ý.	 Ngôn ngữ gốc của tác phẩm The Good, the Bad and the Ugly là 	tiếng Ý	['Italian', 'tiếng Italia', 'it']	{'tiếng Ý': 1}	1	-66.375	1	{'tiếng Ý': 1}	1	-82.5625	1
