	sub_uri	en_sub_label	sub_label	obj_uri	en_obj_label	obj_label	en_template	template	template_prompt	gt_translation	gt_prompt	gt_infl_object	aliases	template_true_ranks	template_top1_correct	template_prompt_prob	template_top3_correct	gt_true_ranks	gt_top1_correct	gt_prompt_prob	gt_top3_correct
0	Q1782700	Infogrames	Infogrames	Q456	Lyon	Lyon	The headquarter of Infogrames is in Lyon .	Trụ sở của Infogrames là ở Lyon.	Trụ sở của Infogrames là ở 	 Trụ sở chính của Infogrames đặt tại Lyon.	 Trụ sở chính của Infogrames đặt tại 	Lyon	['Lyon']	{'Lyon': 1}	1	-52.875	1	{'Lyon': 1}	1	-59.59375	1
1	Q1065809	Florida International University	Đại học Quốc tế Florida	Q8652	Miami	Miami	The headquarter of Florida International University is in Miami .	Trụ sở của Đại học Quốc tế Florida là ở Miami.	Trụ sở của Đại học Quốc tế Florida là ở 	 Trụ sở chính của Đại học Quốc tế Florida nằm ở Miami.	 Trụ sở chính của Đại học Quốc tế Florida nằm ở 	Miami	['Miami']	{'Miami': 1}	1	-63.71875	1	{'Miami': 1}	1	-72.5625	1
3	Q203179	Assyrian Church of the East	Giáo hội Phương Đông Assyria	Q1297	Chicago	Chicago	The headquarter of Assyrian Church of the East is in Chicago .	Trụ sở của Giáo hội Phương Đông Assyria là ở Chicago.	Trụ sở của Giáo hội Phương Đông Assyria là ở 	 Trụ sở chính của Giáo hội Assyria phương Đông nằm ở Chicago.	 Trụ sở chính của Giáo hội Assyria phương Đông nằm ở 	Chicago	['Chicago']	{'Chicago': 3}	0	-77.75	1	{'Chicago': 4}	0	-76.6875	0
4	Q483020	Paris Saint-Germain F.C.	Paris Saint-Germain	Q90	Paris	Paris	The headquarter of Paris Saint-Germain F.C. is in Paris .	Trụ sở của Paris Saint-Germain là ở Paris.	Trụ sở của Paris Saint-Germain là ở 	 Trụ sở chính của Paris Saint-Germain FC nằm ở Paris.	 Trụ sở chính của Paris Saint-Germain FC nằm ở 	Paris	['Paris', 'Ba Lê', 'Kinh đô ánh sáng']	{'Paris': 1}	1	-57.09375	1	{'Paris': 1}	1	-62.8125	1
5	Q188567	Grameen Bank	Ngân hàng Grameen	Q902	Bangladesh	Bangladesh	The headquarter of Grameen Bank is in Bangladesh .	Trụ sở của Ngân hàng Grameen là ở Bangladesh.	Trụ sở của Ngân hàng Grameen là ở 	 Trụ sở chính của Ngân hàng Grameen đặt tại Bangladesh.	 Trụ sở chính của Ngân hàng Grameen đặt tại 	Bangladesh	['Bangladesh']	{'Bangladesh': 1}	1	-59.34375	1	{'Bangladesh': 1}	1	-66.0	1
7	Q530471	Chinese Academy of Sciences	Viện hàn lâm Khoa học Trung Quốc	Q956	Beijing	Bắc Kinh	The headquarter of Chinese Academy of Sciences is in Beijing .	Trụ sở của Viện hàn lâm Khoa học Trung Quốc là ở Bắc Kinh.	Trụ sở của Viện hàn lâm Khoa học Trung Quốc là ở 	 Trụ sở chính của Viện Hàn lâm Khoa học Trung Quốc nằm ở Bắc Kinh.	 Trụ sở chính của Viện Hàn lâm Khoa học Trung Quốc nằm ở 	Bắc Kinh	['Beijing', 'Bắc Bình', 'Yên Kinh', 'Kinh Triệu']	{'Bắc Kinh': 1}	1	-59.96875	1	{'Bắc Kinh': 1}	1	-62.4375	1
9	Q209842	University of Paris	Đại học Paris	Q90	Paris	Paris	The headquarter of University of Paris is in Paris .	Trụ sở của Đại học Paris là ở Paris.	Trụ sở của Đại học Paris là ở 	 Trụ sở chính của Đại học Paris nằm ở Paris.	 Trụ sở chính của Đại học Paris nằm ở 	Paris	['Paris', 'Ba Lê', 'Kinh đô ánh sáng']	{'Paris': 1}	1	-62.5	1	{'Paris': 1}	1	-67.0625	1
11	Q153417	Kroger	Kroger	Q43196	Cincinnati	Cincinnati	The headquarter of Kroger is in Cincinnati .	Trụ sở của Kroger là ở Cincinnati.	Trụ sở của Kroger là ở 	 Trụ sở chính của Kroger nằm ở Cincinnati.	 Trụ sở chính của Kroger nằm ở 	Cincinnati	['Cincinnati', 'Cincy', 'Cincinnati, Ohio, Hoa Kỳ', 'The Queen of the West', 'Cinti', 'Thành phố Cincinnati', 'Cincinnati, OH', 'Cincinnati Ohio', 'Xinxinati', 'Porkopolis', 'Queen of the West', 'Xin-xi-na-ti', 'Cincinnati, Ohio']	{'Cincinnati': 1}	1	-51.5625	1	{'Cincinnati': 1}	1	-59.0625	1
13	Q858665	Big C	Big C	Q1861	Bangkok	Bangkok	The headquarter of Big C is in Bangkok .	Trụ sở của Big C là ở Bangkok.	Trụ sở của Big C là ở 	 Trụ sở chính của Big C đặt tại Bangkok.	 Trụ sở chính của Big C đặt tại 	Bangkok	['Bangkok', 'Bangkok']	{'Bangkok': 1}	1	-52.34375	1	{'Bangkok': 1}	1	-62.90625	1
15	Q815314	Belavia	Belavia	Q2280	Minsk	Minsk	The headquarter of Belavia is in Minsk .	Trụ sở của Belavia là ở Minsk.	Trụ sở của Belavia là ở 	 Trụ sở chính của Belavia đặt tại Minsk.	 Trụ sở chính của Belavia đặt tại 	Minsk	['Minsk']	{'Minsk': 1}	1	-63.5625	1	{'Minsk': 1}	1	-62.6875	1
16	Q1201513	University of Otago	Đại học Otago	Q133073	Dunedin	Dunedin	The headquarter of University of Otago is in Dunedin .	Trụ sở của Đại học Otago là ở Dunedin.	Trụ sở của Đại học Otago là ở 	 Trụ sở chính của Đại học Otago nằm ở Dunedin.	 Trụ sở chính của Đại học Otago nằm ở 	Dunedin	['Dunedin']	{'Dunedin': 1}	1	-67.25	1	{'Dunedin': 1}	1	-72.625	1
17	Q7840491	Tribune Publishing Company	Tribune Publishing	Q1297	Chicago	Chicago	The headquarter of Tribune Publishing Company is in Chicago .	Trụ sở của Tribune Publishing là ở Chicago.	Trụ sở của Tribune Publishing là ở 	Trụ sở chính của Tribune Publishing Company đặt tại Chicago.	Trụ sở chính của Tribune Publishing Company đặt tại 	Chicago	['Chicago']	{'Chicago': 1}	1	-56.15625	1	{'Chicago': 1}	1	-48.09375	1
18	Q153770	Deutsche Welle	Deutsche Welle	Q586	Bonn	Bonn	The headquarter of Deutsche Welle is in Bonn .	Trụ sở của Deutsche Welle là ở Bonn.	Trụ sở của Deutsche Welle là ở 	 Trụ sở chính của Deutsche Welle nằm ở Bonn.	 Trụ sở chính của Deutsche Welle nằm ở 	Bonn	['Bonn']	{'Bonn': 1}	1	-58.84375	1	{'Bonn': 1}	1	-66.25	1
19	Q656165	Halliburton	Halliburton	Q16555	Houston	Houston	The headquarter of Halliburton is in Houston .	Trụ sở của Halliburton là ở Houston.	Trụ sở của Halliburton là ở 	 Trụ sở chính của Halliburton nằm ở Houston.	 Trụ sở chính của Halliburton nằm ở 	Houston	['Houston', 'Houston, Texas']	{'Houston': 1}	1	-53.1875	1	{'Houston': 1}	1	-59.6875	1
20	Q19498	Sheffield Wednesday F.C.	Sheffield Wednesday F.C.	Q42448	Sheffield	Sheffield	The headquarter of Sheffield Wednesday F.C. is in Sheffield .	Trụ sở của Sheffield Wednesday F.C. là ở Sheffield.	Trụ sở của Sheffield Wednesday F.C. là ở 	 Trụ sở chính của Sheffield Wednesday FC nằm ở Sheffield.	 Trụ sở chính của Sheffield Wednesday FC nằm ở 	Sheffield	['Sheffield']	{'Sheffield': 1}	1	-67.25	1	{'Sheffield': 1}	1	-65.8125	1
22	Q326720	Lotte Hotels & Resorts	Lotte Hotels & Resorts	Q8684	Seoul	Seoul	The headquarter of Lotte Hotels & Resorts is in Seoul .	Trụ sở của Lotte Hotels & Resorts là ở Seoul.	Trụ sở của Lotte Hotels & Resorts là ở 	 Trụ sở chính của Lotte Hotels & Resorts đặt tại Seoul.	 Trụ sở chính của Lotte Hotels & Resorts đặt tại 	Seoul	['Seoul', 'Thành phố đặc biệt Seoul', 'Wiryeseong', 'Namgyeong', 'Hanseong', 'Hanyang', 'Keijō', 'Keijou', 'Gyeongseong', 'Seoul Teukbyeolsi']	{'Seoul': 1}	1	-56.5625	1	{'Seoul': 1}	1	-63.0	1
23	Q912887	Cambridge University Press	Cambridge University Press	Q350	Cambridge	Cambridge	The headquarter of Cambridge University Press is in Cambridge .	Trụ sở của Cambridge University Press là ở Cambridge.	Trụ sở của Cambridge University Press là ở 	 Trụ sở chính của Nhà xuất bản Đại học Cambridge nằm ở Cambridge.	 Trụ sở chính của Nhà xuất bản Đại học Cambridge nằm ở 	Cambridge	['Cambridge']	{'Cambridge': 1}	1	-55.8125	1	{'Cambridge': 1}	1	-79.375	1
24	Q223898	All India Muslim League	Liên đoàn Hồi giáo toàn Ấn	Q47916	Lucknow	Lucknow	The headquarter of All India Muslim League is in Lucknow .	Trụ sở của Liên đoàn Hồi giáo toàn Ấn là ở Lucknow.	Trụ sở của Liên đoàn Hồi giáo toàn Ấn là ở 	 Trụ sở của Liên đoàn Hồi giáo toàn Ấn Độ đặt tại Lucknow.	 Trụ sở của Liên đoàn Hồi giáo toàn Ấn Độ đặt tại 	Lucknow	['Lucknow']	{'Lucknow': 22}	0	-83.5625	0	{'Lucknow': 12}	0	-88.125	0
25	Q702455	RB Leipzig	RB Leipzig	Q2079	Leipzig	Leipzig	The headquarter of RB Leipzig is in Leipzig .	Trụ sở của RB Leipzig là ở Leipzig.	Trụ sở của RB Leipzig là ở 	 Trụ sở chính của RB Leipzig nằm ở Leipzig.	 Trụ sở chính của RB Leipzig nằm ở 	Leipzig	['Leipzig']	{'Leipzig': 1}	1	-60.9375	1	{'Leipzig': 1}	1	-66.0	1
26	Q222131	United States Soccer Federation	Liên đoàn bóng đá Hoa Kỳ	Q1297	Chicago	Chicago	The headquarter of United States Soccer Federation is in Chicago .	Trụ sở của Liên đoàn bóng đá Hoa Kỳ là ở Chicago.	Trụ sở của Liên đoàn bóng đá Hoa Kỳ là ở 	 Trụ sở chính của Liên đoàn bóng đá Hoa Kỳ đặt tại Chicago.	 Trụ sở chính của Liên đoàn bóng đá Hoa Kỳ đặt tại 	Chicago	['Chicago']	{'Chicago': 2}	0	-59.6875	1	{'Chicago': 2}	0	-62.375	1
28	Q1186190	National Development and Reform Commission	Ủy ban Cải cách và Phát triển Quốc gia Cộng hòa Nhân dân Trung Hoa	Q956	Beijing	Bắc Kinh	The headquarter of National Development and Reform Commission is in Beijing .	Trụ sở của Ủy ban Cải cách và Phát triển Quốc gia Cộng hòa Nhân dân Trung Hoa là ở Bắc Kinh.	Trụ sở của Ủy ban Cải cách và Phát triển Quốc gia Cộng hòa Nhân dân Trung Hoa là ở 	 Trụ sở của Ủy ban Cải cách và Phát triển Quốc gia đặt tại Bắc Kinh.	 Trụ sở của Ủy ban Cải cách và Phát triển Quốc gia đặt tại 	Bắc Kinh	['Beijing', 'Bắc Bình', 'Yên Kinh', 'Kinh Triệu']	{'Bắc Kinh': 1}	1	-85.5625	1	{'Bắc Kinh': 23}	0	-74.9375	0
30	Q192177	Union for the Mediterranean	Liên minh Địa Trung Hải	Q1492	Barcelona	Barcelona	The headquarter of Union for the Mediterranean is in Barcelona .	Trụ sở của Liên minh Địa Trung Hải là ở Barcelona.	Trụ sở của Liên minh Địa Trung Hải là ở 	 Trụ sở của Liên minh Địa Trung Hải đặt tại Barcelona.	 Trụ sở của Liên minh Địa Trung Hải đặt tại 	Barcelona	['Barcelona']	{'Barcelona': 1}	1	-62.03125	1	{'Barcelona': 1}	1	-70.125	1
31	Q14799	Lenovo	Lenovo	Q956	Beijing	Bắc Kinh	The headquarter of Lenovo is in Beijing .	Trụ sở của Lenovo là ở Bắc Kinh.	Trụ sở của Lenovo là ở 	 Trụ sở chính của Lenovo nằm ở Bắc Kinh.	 Trụ sở chính của Lenovo nằm ở 	Bắc Kinh	['Beijing', 'Bắc Bình', 'Yên Kinh', 'Kinh Triệu']	{'Bắc Kinh': 18}	0	-48.28125	0	{'Bắc Kinh': 14}	0	-58.3125	0
32	Q848881	Transwede Airways	Transwede Airways	Q1754	Stockholm	Stockholm	The headquarter of Transwede Airways is in Stockholm .	Trụ sở của Transwede Airways là ở Stockholm.	Trụ sở của Transwede Airways là ở 	 Trụ sở chính của Transwede Airways đặt tại Stockholm.	 Trụ sở chính của Transwede Airways đặt tại 	Stockholm	['Stockholm']	{'Stockholm': 1}	1	-63.5625	1	{'Stockholm': 1}	1	-74.625	1
33	Q53268	Toyota	Toyota	Q201117	Toyota	Toyota	The headquarter of Toyota is in Toyota .	Trụ sở của Toyota là ở Toyota.	Trụ sở của Toyota là ở 	Trụ sở chính của Toyota đặt tại Toyota.	Trụ sở chính của Toyota đặt tại 	Toyota	['Toyota']	{'Toyota': 1}	1	-50.0625	1	{'Toyota': 1}	1	-44.5	1
34	Q1517021	University of Western Australia	Đại học Tây Úc	Q3183	Perth	Perth	The headquarter of University of Western Australia is in Perth .	Trụ sở của Đại học Tây Úc là ở Perth.	Trụ sở của Đại học Tây Úc là ở 	 Trụ sở chính của Đại học Tây Úc nằm ở Perth.	 Trụ sở chính của Đại học Tây Úc nằm ở 	Perth	['Perth', 'Perth, Tây Úc']	{'Perth': 1}	1	-63.03125	1	{'Perth': 1}	1	-70.9375	1
35	Q767221	CTV Television Network	CTV Television Network	Q172	Toronto	Toronto	The headquarter of CTV Television Network is in Toronto .	Trụ sở của CTV Television Network là ở Toronto.	Trụ sở của CTV Television Network là ở 	 Trụ sở chính của Đài truyền hình CTV đặt tại Toronto.	 Trụ sở chính của Đài truyền hình CTV đặt tại 	Toronto	['Toronto']	{'Toronto': 1}	1	-60.5	1	{'Toronto': 1}	1	-67.25	1
36	Q8475	Interpol	Interpol	Q456	Lyon	Lyon	The headquarter of Interpol is in Lyon .	Trụ sở của Interpol là ở Lyon.	Trụ sở của Interpol là ở 	 Trụ sở chính của Interpol đặt tại Lyon.	 Trụ sở chính của Interpol đặt tại 	Lyon	['Lyon']	{'Lyon': 1}	1	-62.3125	1	{'Lyon': 1}	1	-59.09375	1
39	Q188771	French Academy of Sciences	Viện Hàn lâm Khoa học Pháp	Q90	Paris	Paris	The headquarter of French Academy of Sciences is in Paris .	Trụ sở của Viện Hàn lâm Khoa học Pháp là ở Paris.	Trụ sở của Viện Hàn lâm Khoa học Pháp là ở 	 Trụ sở chính của Viện Hàn lâm Khoa học Pháp đặt tại Paris.	 Trụ sở chính của Viện Hàn lâm Khoa học Pháp đặt tại 	Paris	['Paris', 'Ba Lê', 'Kinh đô ánh sáng']	{'Paris': 1}	1	-57.3125	1	{'Paris': 1}	1	-62.71875	1
41	Q903822	Democratic Progressive Party	Đảng Dân chủ Tiến bộ	Q1867	Taipei	Đài Bắc	The headquarter of Democratic Progressive Party is in Taipei .	Trụ sở của Đảng Dân chủ Tiến bộ là ở Đài Bắc.	Trụ sở của Đảng Dân chủ Tiến bộ là ở 	 Trụ sở của Đảng Dân chủ Tiến bộ đặt tại Đài Bắc.	 Trụ sở của Đảng Dân chủ Tiến bộ đặt tại 	Đài Bắc	['Taipei']	{'Đài Bắc': 51}	0	-66.875	0	{'Đài Bắc': 48}	0	-71.6875	0
42	Q845263	Liquor Control Board of Ontario	LCBO	Q172	Toronto	Toronto	The headquarter of Liquor Control Board of Ontario is in Toronto .	Trụ sở của LCBO là ở Toronto.	Trụ sở của LCBO là ở 	 Trụ sở chính của Hội đồng Kiểm soát Rượu Ontario đặt tại Toronto.	 Trụ sở chính của Hội đồng Kiểm soát Rượu Ontario đặt tại 	Toronto	['Toronto']	{'Toronto': 1}	1	-54.84375	1	{'Toronto': 1}	1	-90.5	1
44	Q157617	Commerzbank	Commerzbank	Q1794	Frankfurt am Main	Frankfurt am Main	The headquarter of Commerzbank is in Frankfurt am Main .	Trụ sở của Commerzbank là ở Frankfurt am Main.	Trụ sở của Commerzbank là ở 	 Trụ sở chính của Commerzbank đặt tại Frankfurt am Main.	 Trụ sở chính của Commerzbank đặt tại 	Frankfurt am Main	['Frankfurt', 'Kreisfreie Stadt Frankfurt am Main', 'Frankfurt']	{'Frankfurt am Main': 1}	1	-54.875	1	{'Frankfurt am Main': 1}	1	-58.6875	1
45	Q842482	Weta Digital	Weta Digital	Q23661	Wellington	Wellington	The headquarter of Weta Digital is in Wellington .	Trụ sở của Weta Digital là ở Wellington.	Trụ sở của Weta Digital là ở 	 Trụ sở chính của Weta Digital đặt tại Wellington.	 Trụ sở chính của Weta Digital đặt tại 	Wellington	['Wellington']	{'Wellington': 1}	1	-53.9375	1	{'Wellington': 1}	1	-61.03125	1
46	Q296782	ARM Holdings	Hãng ARM	Q350	Cambridge	Cambridge	The headquarter of ARM Holdings is in Cambridge .	Trụ sở của Hãng ARM là ở Cambridge.	Trụ sở của Hãng ARM là ở 	 Trụ sở chính của ARM Holdings đặt tại Cambridge.	 Trụ sở chính của ARM Holdings đặt tại 	Cambridge	['Cambridge']	{'Cambridge': 1}	1	-59.96875	1	{'Cambridge': 1}	1	-58.0	1
48	Q1056794	Lion Air	Lion Air	Q3630	Jakarta	Jakarta	The headquarter of Lion Air is in Jakarta .	Trụ sở của Lion Air là ở Jakarta.	Trụ sở của Lion Air là ở 	 Trụ sở chính của Lion Air đặt tại Jakarta.	 Trụ sở chính của Lion Air đặt tại 	Jakarta	['Jakarta', 'gia-các-ta']	{'Jakarta': 1}	1	-56.53125	1	{'Jakarta': 1}	1	-60.5	1
50	Q154191	German Football Association	Hiệp hội bóng đá Đức	Q1794	Frankfurt am Main	Frankfurt am Main	The headquarter of German Football Association is in Frankfurt am Main .	Trụ sở của Hiệp hội bóng đá Đức là ở Frankfurt am Main.	Trụ sở của Hiệp hội bóng đá Đức là ở 	Trụ sở chính của Hiệp hội bóng đá Đức đặt tại Frankfurt am Main.	Trụ sở chính của Hiệp hội bóng đá Đức đặt tại 	Frankfurt am Main	['Frankfurt', 'Kreisfreie Stadt Frankfurt am Main', 'Frankfurt']	{'Frankfurt am Main': 1}	1	-58.28125	1	{'Frankfurt am Main': 1}	1	-49.28125	1
51	Q252004	Rabobank	Rabobank	Q803	Utrecht	Utrecht	The headquarter of Rabobank is in Utrecht .	Trụ sở của Rabobank là ở Utrecht.	Trụ sở của Rabobank là ở 	 Trụ sở chính của Rabobank nằm ở Utrecht.	 Trụ sở chính của Rabobank nằm ở 	Utrecht	['Utrecht']	{'Utrecht': 1}	1	-58.0	1	{'Utrecht': 1}	1	-64.3125	1
52	Q746413	Elsevier	Elsevier	Q1345	Philadelphia	Philadelphia	The headquarter of Elsevier is in Philadelphia .	Trụ sở của Elsevier là ở Philadelphia.	Trụ sở của Elsevier là ở 	 Trụ sở chính của Elsevier nằm ở Philadelphia.	 Trụ sở chính của Elsevier nằm ở 	Philadelphia	['Philadelphia']	{'Philadelphia': 3}	0	-48.78125	1	{'Philadelphia': 3}	0	-60.75	1
56	Q19523	A.S. Nancy-Lorraine	AS Nancy	Q40898	Nancy	Nancy	The headquarter of A.S. Nancy-Lorraine is in Nancy .	Trụ sở của AS Nancy là ở Nancy.	Trụ sở của AS Nancy là ở 	 Trụ sở chính của AS Nancy-Lorraine nằm ở Nancy.	 Trụ sở chính của AS Nancy-Lorraine nằm ở 	Nancy	['Nancy']	{'Nancy': 1}	1	-67.9375	1	{'Nancy': 1}	1	-78.5	1
57	Q219564	Karolinska Institute	Học viện Karolinska	Q1754	Stockholm	Stockholm	The headquarter of Karolinska Institute is in Stockholm .	Trụ sở của Học viện Karolinska là ở Stockholm.	Trụ sở của Học viện Karolinska là ở 	 Trụ sở chính của Viện Karolinska nằm ở Stockholm.	 Trụ sở chính của Viện Karolinska nằm ở 	Stockholm	['Stockholm']	{'Stockholm': 1}	1	-66.5	1	{'Stockholm': 1}	1	-72.1875	1
58	Q999763	University of Paris 1 Pantheon-Sorbonne	Trường Đại học Paris I	Q90	Paris	Paris	The headquarter of University of Paris 1 Pantheon-Sorbonne is in Paris .	Trụ sở của Trường Đại học Paris I là ở Paris.	Trụ sở của Trường Đại học Paris I là ở 	 Trụ sở chính của Đại học Paris 1 Pantheon-Sorbonne nằm ở Paris.	 Trụ sở chính của Đại học Paris 1 Pantheon-Sorbonne nằm ở 	Paris	['Paris', 'Ba Lê', 'Kinh đô ánh sáng']	{'Paris': 1}	1	-73.625	1	{'Paris': 1}	1	-72.625	1
59	Q1210045	Dickinson College	Đại học Dickinson	Q1010228	Carlisle	Carlisle	The headquarter of Dickinson College is in Carlisle .	Trụ sở của Đại học Dickinson là ở Carlisle.	Trụ sở của Đại học Dickinson là ở 	 Trụ sở chính của trường Cao đẳng Dickinson nằm ở Carlisle.	 Trụ sở chính của trường Cao đẳng Dickinson nằm ở 	Carlisle	['Carlisle']	{'Carlisle': 1}	1	-73.625	1	{'Carlisle': 1}	1	-80.875	1
60	Q568769	SoundCloud	SoundCloud	Q64	Berlin	Berlin	The headquarter of SoundCloud is in Berlin .	Trụ sở của SoundCloud là ở Berlin.	Trụ sở của SoundCloud là ở 	 Trụ sở chính của SoundCloud nằm ở Berlin.	 Trụ sở chính của SoundCloud nằm ở 	Berlin	['Berlin', 'Béc-lin']	{'Berlin': 1}	1	-52.4375	1	{'Berlin': 1}	1	-66.875	1
61	Q27436	Cadillac	Cadillac	Q12439	Detroit	Detroit	The headquarter of Cadillac is in Detroit .	Trụ sở của Cadillac là ở Detroit.	Trụ sở của Cadillac là ở 	 Trụ sở chính của Cadillac nằm ở Detroit.	 Trụ sở chính của Cadillac nằm ở 	Detroit	['Detroit']	{'Detroit': 1}	1	-50.46875	1	{'Detroit': 1}	1	-61.5625	1
62	Q271110	Army of the Guardians of the Islamic Revolution	Vệ binh Cách mạng Hồi giáo Iran	Q3616	Tehran	Tehran	The headquarter of Army of the Guardians of the Islamic Revolution is in Tehran .	Trụ sở của Vệ binh Cách mạng Hồi giáo Iran là ở Tehran.	Trụ sở của Vệ binh Cách mạng Hồi giáo Iran là ở 	 Trụ sở của Quân đội Vệ binh Cách mạng Hồi giáo đặt tại Tehran.	 Trụ sở của Quân đội Vệ binh Cách mạng Hồi giáo đặt tại 	Tehran	['Tehran']	{'Tehran': 1}	1	-80.125	1	{'Tehran': 1}	1	-88.75	1
65	Q221062	DuPont	DuPont	Q174224	Wilmington	Wilmington	The headquarter of DuPont is in Wilmington .	Trụ sở của DuPont là ở Wilmington.	Trụ sở của DuPont là ở 	 Trụ sở chính của DuPont nằm ở Wilmington.	 Trụ sở chính của DuPont nằm ở 	Wilmington	['Wilmington']	{'Wilmington': 1}	1	-60.625	1	{'Wilmington': 1}	1	-69.6875	1
68	Q859363	Sciences Po	Sciences Po	Q90	Paris	Paris	The headquarter of Sciences Po is in Paris .	Trụ sở của Sciences Po là ở Paris.	Trụ sở của Sciences Po là ở 	 Trụ sở chính của Sciences Po đặt tại Paris.	 Trụ sở chính của Sciences Po đặt tại 	Paris	['Paris', 'Ba Lê', 'Kinh đô ánh sáng']	{'Paris': 1}	1	-58.28125	1	{'Paris': 1}	1	-61.34375	1
71	Q525169	Shanghai Jiao Tong University	Đại học Giao thông Thượng Hải	Q8686	Shanghai	Thượng Hải	The headquarter of Shanghai Jiao Tong University is in Shanghai .	Trụ sở của Đại học Giao thông Thượng Hải là ở Thượng Hải.	Trụ sở của Đại học Giao thông Thượng Hải là ở 	 Trụ sở chính của Đại học Giao thông Thượng Hải nằm ở Thượng Hải.	 Trụ sở chính của Đại học Giao thông Thượng Hải nằm ở 	Thượng Hải	['Shanghai']	{'Thượng Hải': 1}	1	-68.9375	1	{'Thượng Hải': 1}	1	-76.875	1
72	Q179075	FC Dynamo Kyiv	FC Dynamo Kyiv	Q1899	Kiev	Kiev	The headquarter of FC Dynamo Kyiv is in Kiev .	Trụ sở của FC Dynamo Kyiv là ở Kiev.	Trụ sở của FC Dynamo Kyiv là ở 	 Trụ sở chính của FC Dynamo Kyiv nằm ở Kiev.	 Trụ sở chính của FC Dynamo Kyiv nằm ở 	Kiev	['Kyiv', 'Київ', 'Ki-ép', 'Kyyiv', 'Kiev']	{'Kiev': 1}	1	-66.125	1	{'Kiev': 1}	1	-66.0625	1
74	Q239663	F.K. Sarajevo	FK Sarajevo	Q11194	Sarajevo	Sarajevo	The headquarter of F.K. Sarajevo is in Sarajevo .	Trụ sở của FK Sarajevo là ở Sarajevo.	Trụ sở của FK Sarajevo là ở 	 Trụ sở chính của FK Sarajevo nằm ở Sarajevo.	 Trụ sở chính của FK Sarajevo nằm ở 	Sarajevo	['Sarajevo']	{'Sarajevo': 1}	1	-66.3125	1	{'Sarajevo': 1}	1	-67.25	1
76	Q174769	United Airlines	United Airlines	Q1297	Chicago	Chicago	The headquarter of United Airlines is in Chicago .	Trụ sở của United Airlines là ở Chicago.	Trụ sở của United Airlines là ở 	 Trụ sở chính của United Airlines nằm ở Chicago.	 Trụ sở chính của United Airlines nằm ở 	Chicago	['Chicago']	{'Chicago': 1}	1	-44.5625	1	{'Chicago': 1}	1	-56.3125	1
78	Q35794	University of Cambridge	Đại học Cambridge	Q350	Cambridge	Cambridge	The headquarter of University of Cambridge is in Cambridge .	Trụ sở của Đại học Cambridge là ở Cambridge.	Trụ sở của Đại học Cambridge là ở 	 Trụ sở chính của Đại học Cambridge nằm ở Cambridge.	 Trụ sở chính của Đại học Cambridge nằm ở 	Cambridge	['Cambridge']	{'Cambridge': 1}	1	-60.53125	1	{'Cambridge': 1}	1	-64.1875	1
79	Q505922	Electrolux	Electrolux	Q1754	Stockholm	Stockholm	The headquarter of Electrolux is in Stockholm .	Trụ sở của Electrolux là ở Stockholm.	Trụ sở của Electrolux là ở 	 Trụ sở chính của Electrolux nằm ở Stockholm.	 Trụ sở chính của Electrolux nằm ở 	Stockholm	['Stockholm']	{'Stockholm': 1}	1	-47.21875	1	{'Stockholm': 1}	1	-58.09375	1
82	Q863432	Biman Bangladesh Airlines	Biman Bangladesh Airlines	Q1354	Dhaka	Dhaka	The headquarter of Biman Bangladesh Airlines is in Dhaka .	Trụ sở của Biman Bangladesh Airlines là ở Dhaka.	Trụ sở của Biman Bangladesh Airlines là ở 	 Trụ sở chính của Biman Bangladesh Airlines ở Dhaka.	 Trụ sở chính của Biman Bangladesh Airlines ở 	Dhaka	['Dhaka', 'Dacca', 'Đắc-Ca']	{'Dhaka': 2}	0	-58.375	1	{'Dhaka': 1}	1	-67.875	1
83	Q721140	Pitchfork	Pitchfork	Q1297	Chicago	Chicago	The headquarter of Pitchfork is in Chicago .	Trụ sở của Pitchfork là ở Chicago.	Trụ sở của Pitchfork là ở 	Trụ sở chính của Pitchfork nằm ở Chicago.	Trụ sở chính của Pitchfork nằm ở 	Chicago	['Chicago']	{'Chicago': 1}	1	-57.75	1	{'Chicago': 1}	1	-56.375	1
84	Q229058	Indian Space Research Organisation	Tổ chức Nghiên cứu Vũ trụ Ấn Độ	Q1355	Bengaluru	Bengaluru	The headquarter of Indian Space Research Organisation is in Bengaluru .	Trụ sở của Tổ chức Nghiên cứu Vũ trụ Ấn Độ là ở Bengaluru.	Trụ sở của Tổ chức Nghiên cứu Vũ trụ Ấn Độ là ở 	 Trụ sở chính của Tổ chức Nghiên cứu Không gian Ấn Độ đặt tại Bengaluru.	 Trụ sở chính của Tổ chức Nghiên cứu Không gian Ấn Độ đặt tại 	Bengaluru	['Bengaluru', 'Bangalore']	{'Bengaluru': 1}	1	-72.4375	1	{'Bengaluru': 1}	1	-82.125	1
85	Q2667719	Aviation Industry Corporation of China	AVIC	Q956	Beijing	Bắc Kinh	The headquarter of Aviation Industry Corporation of China is in Beijing .	Trụ sở của AVIC là ở Bắc Kinh.	Trụ sở của AVIC là ở 	 Trụ sở chính của Tổng công ty Công nghiệp Hàng không Trung Quốc đặt tại Bắc Kinh.	 Trụ sở chính của Tổng công ty Công nghiệp Hàng không Trung Quốc đặt tại 	Bắc Kinh	['Beijing', 'Bắc Bình', 'Yên Kinh', 'Kinh Triệu']	{'Bắc Kinh': 2}	0	-54.0	1	{'Bắc Kinh': 1}	1	-76.25	1
86	Q1093383	Citilink	Citilink	Q3630	Jakarta	Jakarta	The headquarter of Citilink is in Jakarta .	Trụ sở của Citilink là ở Jakarta.	Trụ sở của Citilink là ở 	 Trụ sở chính của Citilink ở Jakarta.	 Trụ sở chính của Citilink ở 	Jakarta	['Jakarta', 'gia-các-ta']	{'Jakarta': 1}	1	-57.90625	1	{'Jakarta': 1}	1	-71.8125	1
88	Q495015	Fudan University	Đại học Phục Đán	Q8686	Shanghai	Thượng Hải	The headquarter of Fudan University is in Shanghai .	Trụ sở của Đại học Phục Đán là ở Thượng Hải.	Trụ sở của Đại học Phục Đán là ở 	 Trụ sở chính của Đại học Phục Đán nằm ở Thượng Hải.	 Trụ sở chính của Đại học Phục Đán nằm ở 	Thượng Hải	['Shanghai']	{'Thượng Hải': 1}	1	-69.75	1	{'Thượng Hải': 1}	1	-79.125	1
91	Q2034790	East China Normal University	Đại học Sư phạm Hoa Đông	Q8686	Shanghai	Thượng Hải	The headquarter of East China Normal University is in Shanghai .	Trụ sở của Đại học Sư phạm Hoa Đông là ở Thượng Hải.	Trụ sở của Đại học Sư phạm Hoa Đông là ở 	 Trụ sở chính của Đại học Sư phạm Hoa Đông nằm ở Thượng Hải.	 Trụ sở chính của Đại học Sư phạm Hoa Đông nằm ở 	Thượng Hải	['Shanghai']	{'Thượng Hải': 8}	0	-74.875	0	{'Thượng Hải': 3}	0	-83.0	1
92	Q392110	IONIS Education Group	IONIS Education Group	Q90	Paris	Paris	The headquarter of IONIS Education Group is in Paris .	Trụ sở của IONIS Education Group là ở Paris.	Trụ sở của IONIS Education Group là ở 	 Trụ sở chính của Tập đoàn Giáo dục IONIS đặt tại Paris.	 Trụ sở chính của Tập đoàn Giáo dục IONIS đặt tại 	Paris	['Paris', 'Ba Lê', 'Kinh đô ánh sáng']	{'Paris': 2}	0	-63.40625	1	{'Paris': 2}	0	-74.625	1
93	Q946040	National Party of Australia	Đảng Quốc gia Úc	Q3114	Canberra	Canberra	The headquarter of National Party of Australia is in Canberra .	Trụ sở của Đảng Quốc gia Úc là ở Canberra.	Trụ sở của Đảng Quốc gia Úc là ở 	 Trụ sở của Đảng Quốc gia Úc nằm ở Canberra.	 Trụ sở của Đảng Quốc gia Úc nằm ở 	Canberra	['Canberra']	{'Canberra': 1}	1	-68.6875	1	{'Canberra': 1}	1	-79.8125	1
94	Q42262	European Space Agency	Cơ quan vũ trụ Châu Âu	Q90	Paris	Paris	The headquarter of European Space Agency is in Paris .	Trụ sở của Cơ quan vũ trụ Châu Âu là ở Paris.	Trụ sở của Cơ quan vũ trụ Châu Âu là ở 	 Trụ sở chính của Cơ quan Vũ trụ Châu Âu đặt tại Paris.	 Trụ sở chính của Cơ quan Vũ trụ Châu Âu đặt tại 	Paris	['Paris', 'Ba Lê', 'Kinh đô ánh sáng']	{'Paris': 1}	1	-65.9375	1	{'Paris': 1}	1	-68.875	1
95	Q193701	SpaceX	SpaceX	Q688596	Hawthorne	Hawthorne	The headquarter of SpaceX is in Hawthorne .	Trụ sở của SpaceX là ở Hawthorne.	Trụ sở của SpaceX là ở 	 Trụ sở chính của SpaceX nằm ở Hawthorne.	 Trụ sở chính của SpaceX nằm ở 	Hawthorne	['Hawthorne']	{'Hawthorne': 1}	1	-52.5625	1	{'Hawthorne': 1}	1	-59.0	1
99	Q433529	Atletico Roma F.C.	Atletico Roma F.C.	Q220	Rome	Roma	The headquarter of Atletico Roma F.C. is in Rome .	Trụ sở của Atletico Roma F.C. là ở Roma.	Trụ sở của Atletico Roma F.C. là ở 	Trụ sở chính của Atletico Roma FC nằm ở Rome.	Trụ sở chính của Atletico 	Roma	['Rome', 'La Mã', 'Thành phố vĩnh hằng', 'Kinh đô thế giới', 'Thành phố bảy ngọn đồi', 'Thành phố đài phun nước']	{'Roma': 1}	1	-74.625	1	{'Roma': 8}	0	-46.8125	0
101	Q909076	Georgian Airways	Georgian Airways	Q994	Tbilisi	Tbilisi	The headquarter of Georgian Airways is in Tbilisi .	Trụ sở của Georgian Airways là ở Tbilisi.	Trụ sở của Georgian Airways là ở 	 Trụ sở chính của Georgian Airways đặt tại Tbilisi.	 Trụ sở chính của Georgian Airways đặt tại 	Tbilisi	['Tbilisi']	{'Tbilisi': 1}	1	-63.625	1	{'Tbilisi': 1}	1	-66.0625	1
103	Q640652	University of Oklahoma	Đại học Oklahoma	Q40347	Norman	Norman	The headquarter of University of Oklahoma is in Norman .	Trụ sở của Đại học Oklahoma là ở Norman.	Trụ sở của Đại học Oklahoma là ở 	 Trụ sở chính của Đại học Oklahoma nằm ở Norman.	 Trụ sở chính của Đại học Oklahoma nằm ở 	Norman	['Norman']	{'Norman': 1}	1	-67.4375	1	{'Norman': 1}	1	-69.75	1
104	Q13338	University of Bordeaux 1	Đại học Bordeaux 1	Q1479	Bordeaux	Bordeaux	The headquarter of University of Bordeaux 1 is in Bordeaux .	Trụ sở của Đại học Bordeaux 1 là ở Bordeaux.	Trụ sở của Đại học Bordeaux 1 là ở 	 Trụ sở chính của Đại học Bordeaux 1 nằm ở Bordeaux.	 Trụ sở chính của Đại học Bordeaux 1 nằm ở 	Bordeaux	['Bordeaux']	{'Bordeaux': 1}	1	-74.1875	1	{'Bordeaux': 1}	1	-81.25	1
107	Q583725	Centers for Disease Control and Prevention	Trung tâm Kiểm soát và Phòng ngừa Dịch bệnh	Q23556	Atlanta	Atlanta	The headquarter of Centers for Disease Control and Prevention is in Atlanta .	Trụ sở của Trung tâm Kiểm soát và Phòng ngừa Dịch bệnh là ở Atlanta.	Trụ sở của Trung tâm Kiểm soát và Phòng ngừa Dịch bệnh là ở 	 Trụ sở chính của Trung tâm Kiểm soát và Phòng ngừa Dịch bệnh nằm ở Atlanta.	 Trụ sở chính của Trung tâm Kiểm soát và Phòng ngừa Dịch bệnh nằm ở 	Atlanta	['Atlanta', 'Terminus', 'The A']	{'Atlanta': 10}	0	-55.96875	0	{'Atlanta': 2}	0	-68.5625	1
109	Q1659456	ISG Business School	ISG Paris	Q90	Paris	Paris	The headquarter of ISG Business School is in Paris .	Trụ sở của ISG Paris là ở Paris.	Trụ sở của ISG Paris là ở 	 Trụ sở chính của Trường Kinh doanh ISG đặt tại Paris.	 Trụ sở chính của Trường Kinh doanh ISG đặt tại 	Paris	['Paris', 'Ba Lê', 'Kinh đô ánh sáng']	{'Paris': 1}	1	-62.125	1	{'Paris': 3}	0	-81.6875	1
110	Q219563	University of Washington	Đại học Washington	Q5083	Seattle	Seattle	The headquarter of University of Washington is in Seattle .	Trụ sở của Đại học Washington là ở Seattle.	Trụ sở của Đại học Washington là ở 	 Trụ sở chính của Đại học Washington nằm ở Seattle.	 Trụ sở chính của Đại học Washington nằm ở 	Seattle	['Seattle']	{'Seattle': 1}	1	-60.59375	1	{'Seattle': 1}	1	-67.1875	1
111	Q52618	Ericsson	Ericsson	Q1754	Stockholm	Stockholm	The headquarter of Ericsson is in Stockholm .	Trụ sở của Ericsson là ở Stockholm.	Trụ sở của Ericsson là ở 	 Trụ sở chính của Ericsson nằm ở Stockholm.	 Trụ sở chính của Ericsson nằm ở 	Stockholm	['Stockholm']	{'Stockholm': 1}	1	-50.3125	1	{'Stockholm': 1}	1	-59.875	1
113	Q340166	Czechoslovak Television	Đài truyền hình Tiệp Khắc	Q1085	Prague	Praha	The headquarter of Czechoslovak Television is in Prague .	Trụ sở của Đài truyền hình Tiệp Khắc là ở Praha.	Trụ sở của Đài truyền hình Tiệp Khắc là ở 	 Trụ sở chính của Đài truyền hình Tiệp Khắc đặt tại Praha.	 Trụ sở chính của Đài truyền hình Tiệp Khắc đặt tại 	Praha	['Prague', 'Prague']	{'Praha': 1}	1	-73.4375	1	{'Praha': 1}	1	-72.875	1
115	Q718194	PDVSA	PDVSA	Q1533	Caracas	Caracas	The headquarter of PDVSA is in Caracas .	Trụ sở của PDVSA là ở Caracas.	Trụ sở của PDVSA là ở 	 Trụ sở chính của PDVSA nằm ở Caracas.	 Trụ sở chính của PDVSA nằm ở 	Caracas	['Caracas']	{'Caracas': 1}	1	-60.34375	1	{'Caracas': 1}	1	-65.1875	1
117	Q1186355	People's Democratic Party of Afghanistan	Đảng Dân chủ Nhân dân Afghanistan	Q5838	Kabul	Kabul	The headquarter of People's Democratic Party of Afghanistan is in Kabul .	Trụ sở của Đảng Dân chủ Nhân dân Afghanistan là ở Kabul.	Trụ sở của Đảng Dân chủ Nhân dân Afghanistan là ở 	 Trụ sở của Đảng Dân chủ Nhân dân Afghanistan đặt tại Kabul.	 Trụ sở của Đảng Dân chủ Nhân dân Afghanistan đặt tại 	Kabul	['Kabul', 'Caubul', 'Cabool', 'Cabul', 'Ka-Bu']	{'Kabul': 1}	1	-83.125	1	{'Kabul': 1}	1	-85.125	1
120	Q1516450	Liberty Mutual	Liberty Mutual	Q100	Boston	Boston	The headquarter of Liberty Mutual is in Boston .	Trụ sở của Liberty Mutual là ở Boston.	Trụ sở của Liberty Mutual là ở 	 Trụ sở chính của Liberty Mutual nằm ở Boston.	 Trụ sở chính của Liberty Mutual nằm ở 	Boston	['Boston', 'Beantown', 'The Hub', 'Boston, Massachusetts']	{'Boston': 1}	1	-53.75	1	{'Boston': 1}	1	-64.375	1
121	Q20716	Samsung	Tập đoàn Samsung	Q8684	Seoul	Seoul	The headquarter of Samsung is in Seoul .	Trụ sở của Tập đoàn Samsung là ở Seoul.	Trụ sở của Tập đoàn Samsung là ở 	 Trụ sở chính của Samsung nằm ở Seoul.	 Trụ sở chính của Samsung nằm ở 	Seoul	['Seoul', 'Thành phố đặc biệt Seoul', 'Wiryeseong', 'Namgyeong', 'Hanseong', 'Hanyang', 'Keijō', 'Keijou', 'Gyeongseong', 'Seoul Teukbyeolsi']	{'Seoul': 1}	1	-49.625	1	{'Seoul': 1}	1	-59.875	1
122	Q3551770	Southeast University	Đại học Đông Nam	Q16666	Nanjing	Nam Kinh	The headquarter of Southeast University is in Nanjing .	Trụ sở của Đại học Đông Nam là ở Nam Kinh.	Trụ sở của Đại học Đông Nam là ở 	 Trụ sở chính của Đại học Đông Nam nằm ở Nam Kinh.	 Trụ sở chính của Đại học Đông Nam nằm ở 	Nam Kinh	['Nanjing']	{'Nam Kinh': 4}	0	-57.03125	0	{'Nam Kinh': 4}	0	-67.9375	0
123	Q464996	Nortel	Nortel	Q172	Toronto	Toronto	The headquarter of Nortel is in Toronto .	Trụ sở của Nortel là ở Toronto.	Trụ sở của Nortel là ở 	 Trụ sở chính của Nortel nằm ở Toronto.	 Trụ sở chính của Nortel nằm ở 	Toronto	['Toronto']	{'Toronto': 1}	1	-59.40625	1	{'Toronto': 1}	1	-69.75	1
124	Q35919	Lexus	Lexus	Q11751	Nagoya	Nagoya	The headquarter of Lexus is in Nagoya .	Trụ sở của Lexus là ở Nagoya.	Trụ sở của Lexus là ở 	 Trụ sở chính của Lexus nằm ở Nagoya.	 Trụ sở chính của Lexus nằm ở 	Nagoya	['Nagoya']	{'Nagoya': 1}	1	-50.46875	1	{'Nagoya': 1}	1	-64.4375	1
125	Q407478	Air Macau	Air Macau	Q14773	Macau	Ma Cao	The headquarter of Air Macau is in Macau .	Trụ sở của Air Macau là ở Ma Cao.	Trụ sở của Air Macau là ở 	 Trụ sở chính của Air Macau đặt tại Ma Cao.	 Trụ sở chính của Air Macau đặt tại 	Ma Cao	['Macau', 'Ma cao', 'Áo Môn']	{'Ma Cao': 1}	1	-55.96875	1	{'Ma Cao': 1}	1	-59.1875	1
126	Q2043935	The Weather Channel	The Weather Channel	Q23556	Atlanta	Atlanta	The headquarter of The Weather Channel is in Atlanta .	Trụ sở của The Weather Channel là ở Atlanta.	Trụ sở của The Weather Channel là ở 	 Trụ sở chính của The Weather Channel nằm ở Atlanta.	 Trụ sở chính của The Weather Channel nằm ở 	Atlanta	['Atlanta', 'Terminus', 'The A']	{'Atlanta': 1}	1	-58.5	1	{'Atlanta': 1}	1	-65.3125	1
127	Q19607	Sheffield United F.C.	Sheffield United F.C.	Q42448	Sheffield	Sheffield	The headquarter of Sheffield United F.C. is in Sheffield .	Trụ sở của Sheffield United F.C. là ở Sheffield.	Trụ sở của Sheffield United F.C. là ở 	 Trụ sở chính của Sheffield United FC nằm ở Sheffield.	 Trụ sở chính của Sheffield United FC nằm ở 	Sheffield	['Sheffield']	{'Sheffield': 1}	1	-62.34375	1	{'Sheffield': 1}	1	-62.03125	1
128	Q169327	Al Ansar FC	Câu lạc bộ bóng đá Al-Ansar	Q3820	Beirut	Beirut	The headquarter of Al Ansar FC is in Beirut .	Trụ sở của Câu lạc bộ bóng đá Al-Ansar là ở Beirut.	Trụ sở của Câu lạc bộ bóng đá Al-Ansar là ở 	 Trụ sở chính của Al Ansar FC nằm ở Beirut.	 Trụ sở chính của Al Ansar FC nằm ở 	Beirut	['Beirut']	{'Beirut': 19}	0	-66.5	0	{'Beirut': 26}	0	-72.5	0
129	Q931207	Kering	Kering	Q90	Paris	Paris	The headquarter of Kering is in Paris .	Trụ sở của Kering là ở Paris.	Trụ sở của Kering là ở 	 Trụ sở chính của Kering nằm ở Paris.	 Trụ sở chính của Kering nằm ở 	Paris	['Paris', 'Ba Lê', 'Kinh đô ánh sáng']	{'Paris': 1}	1	-49.625	1	{'Paris': 1}	1	-59.375	1
130	Q814738	Beijing Guoan F.C.	Bắc Kinh Quốc An	Q956	Beijing	Bắc Kinh	The headquarter of Beijing Guoan F.C. is in Beijing .	Trụ sở của Bắc Kinh Quốc An là ở Bắc Kinh.	Trụ sở của Bắc Kinh Quốc An là ở 	 Trụ sở chính của Câu lạc bộ bóng đá Quốc An Bắc Kinh nằm ở Bắc Kinh.	 Trụ sở chính của Câu lạc bộ bóng đá Quốc An Bắc Kinh nằm ở 	Bắc Kinh	['Beijing', 'Bắc Bình', 'Yên Kinh', 'Kinh Triệu']	{'Bắc Kinh': 2}	0	-66.6875	1	{'Bắc Kinh': 1}	1	-85.5625	1
132	Q2911708	Netafim	Netafim	Q801	Israel	Israel	The headquarter of Netafim is in Israel .	Trụ sở của Netafim là ở Israel.	Trụ sở của Netafim là ở 	 Trụ sở chính của Netafim nằm ở Israel.	 Trụ sở chính của Netafim nằm ở 	Israel	['Israel']	{'Israel': 1}	1	-59.96875	1	{'Israel': 1}	1	-67.3125	1
133	Q687508	Trafigura	Trafigura	Q727	Amsterdam	Amsterdam	The headquarter of Trafigura is in Amsterdam .	Trụ sở của Trafigura là ở Amsterdam.	Trụ sở của Trafigura là ở 	Trụ sở chính của Trafigura ở Amsterdam.	Trụ sở chính của Trafigura ở 	Amsterdam	['Amsterdam', 'Am-xtec-đam']	{'Amsterdam': 2}	0	-57.1875	1	{'Amsterdam': 4}	0	-51.3125	0
134	Q157744	Communist Party of Indonesia	Đảng Cộng sản Indonesia	Q3630	Jakarta	Jakarta	The headquarter of Communist Party of Indonesia is in Jakarta .	Trụ sở của Đảng Cộng sản Indonesia là ở Jakarta.	Trụ sở của Đảng Cộng sản Indonesia là ở 	 Trụ sở của Đảng Cộng sản Indonesia đặt tại Jakarta.	 Trụ sở của Đảng Cộng sản Indonesia đặt tại 	Jakarta	['Jakarta', 'gia-các-ta']	{'Jakarta': 1}	1	-62.03125	1	{'Jakarta': 1}	1	-67.0	1
135	Q16839398	Goa ISL team	FC Goa	Q1171	Goa	Goa	The headquarter of Goa ISL team is in Goa .	Trụ sở của FC Goa là ở Goa.	Trụ sở của FC Goa là ở 	 Trụ sở chính của đội Goa ISL nằm ở Goa.	 Trụ sở chính của đội Goa ISL nằm ở 	Goa	['Goa']	{'Goa': 1}	1	-55.6875	1	{'Goa': 1}	1	-86.4375	1
139	Q381078	Aer Arann	Aer Arann	Q1761	Dublin	Dublin	The headquarter of Aer Arann is in Dublin .	Trụ sở của Aer Arann là ở Dublin.	Trụ sở của Aer Arann là ở 	 Trụ sở chính của Aer Arann nằm ở Dublin.	 Trụ sở chính của Aer Arann nằm ở 	Dublin	['Dublin']	{'Dublin': 1}	1	-61.5625	1	{'Dublin': 1}	1	-68.5	1
140	Q1428793	Sud Aviation	Sud Aviation	Q7880	Toulouse	Toulouse	The headquarter of Sud Aviation is in Toulouse .	Trụ sở của Sud Aviation là ở Toulouse.	Trụ sở của Sud Aviation là ở 	 Trụ sở chính của Sud Aviation đặt tại Toulouse.	 Trụ sở chính của Sud Aviation đặt tại 	Toulouse	['Toulouse']	{'Toulouse': 1}	1	-57.09375	1	{'Toulouse': 1}	1	-61.78125	1
141	Q494158	SK Group	SK Group	Q8684	Seoul	Seoul	The headquarter of SK Group is in Seoul .	Trụ sở của SK Group là ở Seoul.	Trụ sở của SK Group là ở 	 Trụ sở chính của Tập đoàn SK đặt tại Seoul.	 Trụ sở chính của Tập đoàn SK đặt tại 	Seoul	['Seoul', 'Thành phố đặc biệt Seoul', 'Wiryeseong', 'Namgyeong', 'Hanseong', 'Hanyang', 'Keijō', 'Keijou', 'Gyeongseong', 'Seoul Teukbyeolsi']	{'Seoul': 1}	1	-51.9375	1	{'Seoul': 1}	1	-63.1875	1
