	sub_uri	en_sub_label	sub_label	obj_uri	en_obj_label	obj_label	en_template	template	template_prompt	gt_translation	gt_prompt	gt_infl_object	aliases	template_true_ranks	template_top1_correct	template_prompt_prob	template_top3_correct	gt_true_ranks	gt_top1_correct	gt_prompt_prob	gt_top3_correct
0	Q19837	Steve Jobs	Steve Jobs	Q312	Apple Inc.	Apple Inc.	Steve Jobs works for Apple Inc. .	Steve Jobs hoạt động cho Apple Inc..	Steve Jobs hoạt động cho 	 Steve Jobs làm việc cho Apple Inc.	 Steve Jobs làm việc cho 	Apple Inc.	['Apple', 'Apple Computer']	{'Apple Inc.': 1}	1	-41.1875	1	{'Apple Inc.': 4}	0	-43.0625	0
1	Q483382	Steve Wozniak	Steve Wozniak	Q312	Apple Inc.	Apple Inc.	Steve Wozniak works for Apple Inc. .	Steve Wozniak hoạt động cho Apple Inc..	Steve Wozniak hoạt động cho 	 Steve Wozniak làm việc cho Apple Inc.	 Steve Wozniak làm việc cho 	Apple Inc.	['Apple', 'Apple Computer']	{'Apple Inc.': 1}	1	-47.78125	1	{'Apple Inc.': 2}	0	-45.34375	1
2	Q162005	Paul G. Allen	Paul Allen	Q2283	Microsoft	Microsoft	Paul G. Allen works for Microsoft .	Paul Allen hoạt động cho Microsoft.	Paul Allen hoạt động cho 	 Paul G. Allen làm việc cho Microsoft.	 Paul G. Allen làm việc cho 	Microsoft	['Microsoft', 'Tập đoàn Microsoft', 'MS', 'MSFT']	{'Microsoft': 1}	1	-48.8125	1	{'Microsoft': 1}	1	-52.9375	1
3	Q7426870	Satya Nadella	Satya Nadella	Q2283	Microsoft	Microsoft	Satya Nadella works for Microsoft .	Satya Nadella hoạt động cho Microsoft.	Satya Nadella hoạt động cho 	 Satya Nadella làm việc cho Microsoft.	 Satya Nadella làm việc cho 	Microsoft	['Microsoft', 'Tập đoàn Microsoft', 'MS', 'MSFT']	{'Microsoft': 1}	1	-54.375	1	{'Microsoft': 1}	1	-54.625	1
5	Q356719	Carlos Ghosn	Carlos Ghosn	Q20165	Nissan	Nissan	Carlos Ghosn works for Nissan .	Carlos Ghosn hoạt động cho Nissan.	Carlos Ghosn hoạt động cho 	 Carlos Ghosn làm việc cho Nissan.	 Carlos Ghosn làm việc cho 	Nissan	['Nissan Motor Co. Ltd.']	{'Nissan': 1}	1	-44.28125	1	{'Nissan': 1}	1	-48.03125	1
7	Q92879	Tony Fadell	Tony Fadell	Q312	Apple Inc.	Apple Inc.	Tony Fadell works for Apple Inc. .	Tony Fadell hoạt động cho Apple Inc..	Tony Fadell hoạt động cho 	 Tony Fadell làm việc cho Apple Inc.	 Tony Fadell làm việc cho 	Apple Inc.	['Apple', 'Apple Computer']	{'Apple Inc.': 2}	0	-49.71875	1	{'Apple Inc.': 2}	0	-47.03125	1
8	Q5284	Bill Gates	Bill Gates	Q2283	Microsoft	Microsoft	Bill Gates works for Microsoft .	Bill Gates hoạt động cho Microsoft.	Bill Gates hoạt động cho 	 Bill Gates làm việc cho Microsoft.	 Bill Gates làm việc cho 	Microsoft	['Microsoft', 'Tập đoàn Microsoft', 'MS', 'MSFT']	{'Microsoft': 1}	1	-47.25	1	{'Microsoft': 1}	1	-46.125	1
9	Q181162	Steve Ballmer	Steve Ballmer	Q2283	Microsoft	Microsoft	Steve Ballmer works for Microsoft .	Steve Ballmer hoạt động cho Microsoft.	Steve Ballmer hoạt động cho 	 Steve Ballmer làm việc cho Microsoft.	 Steve Ballmer làm việc cho 	Microsoft	['Microsoft', 'Tập đoàn Microsoft', 'MS', 'MSFT']	{'Microsoft': 1}	1	-48.53125	1	{'Microsoft': 1}	1	-51.34375	1
12	Q14086	Marissa Mayer	Marissa Mayer	Q95	Google	Google	Marissa Mayer works for Google .	Marissa Mayer hoạt động cho Google.	Marissa Mayer hoạt động cho 	 Marissa Mayer làm việc cho Google.	 Marissa Mayer làm việc cho 	Google	['Google', 'Google Inc.', 'Google LLC']	{'Google': 1}	1	-52.96875	1	{'Google': 1}	1	-51.40625	1
14	Q48971	Susan Kare	Susan Kare	Q312	Apple Inc.	Apple Inc.	Susan Kare works for Apple Inc. .	Susan Kare hoạt động cho Apple Inc..	Susan Kare hoạt động cho 	 Susan Kare làm việc cho Apple Inc.	 Susan Kare làm việc cho 	Apple Inc.	['Apple', 'Apple Computer']	{'Apple Inc.': 4}	0	-48.5625	0	{'Apple Inc.': 3}	0	-48.75	1
15	Q29024	Esko Aho	Esko Aho	Q1418	Nokia	Nokia	Esko Aho works for Nokia .	Esko Aho hoạt động cho Nokia.	Esko Aho hoạt động cho 	 Esko Aho làm việc cho Nokia.	 Esko Aho làm việc cho 	Nokia	['Nokia']	{'Nokia': 2}	0	-54.53125	1	{'Nokia': 1}	1	-53.3125	1
16	Q983111	Stephen Elop	Stephen Elop	Q2283	Microsoft	Microsoft	Stephen Elop works for Microsoft .	Stephen Elop hoạt động cho Microsoft.	Stephen Elop hoạt động cho 	 Stephen Elop làm việc cho Microsoft.	 Stephen Elop làm việc cho 	Microsoft	['Microsoft', 'Tập đoàn Microsoft', 'MS', 'MSFT']	{'Microsoft': 1}	1	-48.53125	1	{'Microsoft': 1}	1	-55.125	1
17	Q337024	John Sculley	John Sculley	Q312	Apple Inc.	Apple Inc.	John Sculley works for Apple Inc. .	John Sculley hoạt động cho Apple Inc..	John Sculley hoạt động cho 	 John Sculley làm việc cho Apple Inc.	 John Sculley làm việc cho 	Apple Inc.	['Apple', 'Apple Computer']	{'Apple Inc.': 1}	1	-59.3125	1	{'Apple Inc.': 1}	1	-55.46875	1
18	Q76766	Gerd Binnig	Gerd Binnig	Q37156	IBM	IBM	Gerd Binnig works for IBM .	Gerd Binnig hoạt động cho IBM.	Gerd Binnig hoạt động cho 	 Gerd Binnig làm việc cho IBM.	 Gerd Binnig làm việc cho 	IBM	['IBM']	{'IBM': 1}	1	-55.96875	1	{'IBM': 1}	1	-49.78125	1
19	Q123029	Heinrich Rohrer	Heinrich Rohrer	Q37156	IBM	IBM	Heinrich Rohrer works for IBM .	Heinrich Rohrer hoạt động cho IBM.	Heinrich Rohrer hoạt động cho 	 Heinrich Rohrer làm việc cho IBM.	 Heinrich Rohrer làm việc cho 	IBM	['IBM']	{'IBM': 2}	0	-49.9375	1	{'IBM': 1}	1	-53.84375	1
20	Q435716	Thomas J. Watson	Thomas J. Watson	Q37156	IBM	IBM	Thomas J. Watson works for IBM .	Thomas J. Watson hoạt động cho IBM.	Thomas J. Watson hoạt động cho 	 Thomas J. Watson làm việc cho IBM.	 Thomas J. Watson làm việc cho 	IBM	['IBM']	{'IBM': 1}	1	-52.75	1	{'IBM': 1}	1	-52.46875	1
21	Q316013	Satoru Iwata	Iwata Satoru	Q8093	Nintendo	Nintendo	Satoru Iwata works for Nintendo .	Iwata Satoru hoạt động cho Nintendo.	Iwata Satoru hoạt động cho 	 Satoru Iwata làm việc cho Nintendo.	 Satoru Iwata làm việc cho 	Nintendo	['Nintendo']	{'Nintendo': 1}	1	-59.5625	1	{'Nintendo': 1}	1	-52.28125	1
22	Q356719	Carlos Ghosn	Carlos Ghosn	Q6686	Renault	Renault	Carlos Ghosn works for Renault .	Carlos Ghosn hoạt động cho Renault.	Carlos Ghosn hoạt động cho 	 Carlos Ghosn làm việc cho Renault.	 Carlos Ghosn làm việc cho 	Renault	['Renault']	{'Renault': 2}	0	-44.28125	1	{'Renault': 2}	0	-48.03125	1
23	Q34943	Ptolemy	Claudius Ptolemaeus	Q87	Alexandria	Alexandria	Ptolemy works for Alexandria .	Claudius Ptolemaeus hoạt động cho Alexandria.	Claudius Ptolemaeus hoạt động cho 	Ptolemy làm việc cho Alexandria.	Ptolemy làm việc cho 	Alexandria	['Alexandria', 'Á Lịch Sơn Đại Cảng', 'Á Lịch Sơn Trác', 'Ô Trì Tan']	{'Alexandria': 1}	1	-54.9375	1	{'Alexandria': 1}	1	-44.375	1
26	Q2514	Willy Brandt	Willy Brandt	Q183	Germany	Đức	Willy Brandt works for Germany .	Willy Brandt hoạt động cho Đức.	Willy Brandt hoạt động cho 	 Willy Brandt làm việc cho Đức.	 Willy Brandt làm việc cho 	Đức	['Germany', 'Cộng hòa Liên bang Đức', 'Cộng hoà Liên bang Đức', 'A-lê-ma-nha']	{'Đức': 15}	0	-49.8125	0	{'Đức': 16}	0	-44.34375	0
28	Q3503829	Sundar Pichai	Sundar Pichai	Q95	Google	Google	Sundar Pichai works for Google .	Sundar Pichai hoạt động cho Google.	Sundar Pichai hoạt động cho 	 Sundar Pichai làm việc cho Google.	 Sundar Pichai làm việc cho 	Google	['Google', 'Google Inc.', 'Google LLC']	{'Google': 1}	1	-47.9375	1	{'Google': 1}	1	-49.25	1
30	Q529233	Angela Ahrendts	Angela Ahrendts	Q312	Apple Inc.	Apple Inc.	Angela Ahrendts works for Apple Inc. .	Angela Ahrendts hoạt động cho Apple Inc..	Angela Ahrendts hoạt động cho 	 Angela Ahrendts làm việc cho Apple Inc.	 Angela Ahrendts làm việc cho 	Apple Inc.	['Apple', 'Apple Computer']	{'Apple Inc.': 1}	1	-52.8125	1	{'Apple Inc.': 1}	1	-51.46875	1
32	Q3047191	Ed Logg	Ed Logg	Q207922	Atari	Atari	Ed Logg works for Atari .	Ed Logg hoạt động cho Atari.	Ed Logg hoạt động cho 	 Ed Logg làm việc cho Atari.	 Ed Logg làm việc cho 	Atari	['Atari']	{'Atari': 9}	0	-52.25	0	{'Atari': 5}	0	-50.625	0
34	Q92637	Ray Ozzie	Ray Ozzie	Q2283	Microsoft	Microsoft	Ray Ozzie works for Microsoft .	Ray Ozzie hoạt động cho Microsoft.	Ray Ozzie hoạt động cho 	 Ray Ozzie làm việc cho Microsoft.	 Ray Ozzie làm việc cho 	Microsoft	['Microsoft', 'Tập đoàn Microsoft', 'MS', 'MSFT']	{'Microsoft': 1}	1	-54.25	1	{'Microsoft': 1}	1	-55.59375	1
35	Q658774	Mike Harrington	Mike Harrington	Q2283	Microsoft	Microsoft	Mike Harrington works for Microsoft .	Mike Harrington hoạt động cho Microsoft.	Mike Harrington hoạt động cho 	 Mike Harrington làm việc cho Microsoft.	 Mike Harrington làm việc cho 	Microsoft	['Microsoft', 'Tập đoàn Microsoft', 'MS', 'MSFT']	{'Microsoft': 2}	0	-53.375	1	{'Microsoft': 1}	1	-53.125	1
36	Q699605	Kai-Fu Lee	Lý Khai Phục	Q2283	Microsoft	Microsoft	Kai-Fu Lee works for Microsoft .	Lý Khai Phục hoạt động cho Microsoft.	Lý Khai Phục hoạt động cho 	 Kai-Fu Lee làm việc cho Microsoft.	 Kai-Fu Lee làm việc cho 	Microsoft	['Microsoft', 'Tập đoàn Microsoft', 'MS', 'MSFT']	{'Microsoft': 3}	0	-63.25	1	{'Microsoft': 2}	0	-50.03125	1
39	Q618558	Craig Federighi	Craig Federighi	Q312	Apple Inc.	Apple Inc.	Craig Federighi works for Apple Inc. .	Craig Federighi hoạt động cho Apple Inc..	Craig Federighi hoạt động cho 	 Craig Federighi làm việc cho Apple Inc.	 Craig Federighi làm việc cho 	Apple Inc.	['Apple', 'Apple Computer']	{'Apple Inc.': 1}	1	-48.96875	1	{'Apple Inc.': 1}	1	-48.875	1
42	Q2514	Willy Brandt	Willy Brandt	Q64	Berlin	Berlin	Willy Brandt works for Berlin .	Willy Brandt hoạt động cho Berlin.	Willy Brandt hoạt động cho 	Willy Brandt làm việc cho Berlin.	Willy Brandt làm việc cho 	Berlin	['Berlin', 'Béc-lin']	{'Berlin': 3}	0	-49.8125	1	{'Berlin': 2}	0	-33.03125	1
44	Q298341	Raymond Kurzweil	Ray Kurzweil	Q95	Google	Google	Raymond Kurzweil works for Google .	Ray Kurzweil hoạt động cho Google.	Ray Kurzweil hoạt động cho 	 Raymond Kurzweil làm việc cho Google.	 Raymond Kurzweil làm việc cho 	Google	['Google', 'Google Inc.', 'Google LLC']	{'Google': 1}	1	-47.34375	1	{'Google': 2}	0	-52.9375	1
46	Q62890	Gene Amdahl	Gene Amdahl	Q37156	IBM	IBM	Gene Amdahl works for IBM .	Gene Amdahl hoạt động cho IBM.	Gene Amdahl hoạt động cho 	 Gene Amdahl làm việc cho IBM.	 Gene Amdahl làm việc cho 	IBM	['IBM']	{'IBM': 1}	1	-53.375	1	{'IBM': 1}	1	-52.84375	1
47	Q92743	Vint Cerf	Vint Cerf	Q95	Google	Google	Vint Cerf works for Google .	Vint Cerf hoạt động cho Google.	Vint Cerf hoạt động cho 	 Vint Cerf làm việc cho Google.	 Vint Cerf làm việc cho 	Google	['Google', 'Google Inc.', 'Google LLC']	{'Google': 2}	0	-52.21875	1	{'Google': 2}	0	-47.21875	1
48	Q7637	Ward Cunningham	Ward Cunningham	Q2283	Microsoft	Microsoft	Ward Cunningham works for Microsoft .	Ward Cunningham hoạt động cho Microsoft.	Ward Cunningham hoạt động cho 	 Ward Cunningham làm việc cho Microsoft.	 Ward Cunningham làm việc cho 	Microsoft	['Microsoft', 'Tập đoàn Microsoft', 'MS', 'MSFT']	{'Microsoft': 1}	1	-51.28125	1	{'Microsoft': 2}	0	-49.84375	1
50	Q557305	Phil Knight	Phil Knight	Q483915	Nike	Nike	Phil Knight works for Nike .	Phil Knight hoạt động cho Nike.	Phil Knight hoạt động cho 	 Phil Knight làm việc cho Nike.	 Phil Knight làm việc cho 	Nike	['Nike']	{'Nike': 2}	0	-48.375	1	{'Nike': 2}	0	-47.4375	1
52	Q317730	Jean-Dominique Bauby	Jean-Dominique Bauby	Q154020	Elle	Elle	Jean-Dominique Bauby works for Elle .	Jean-Dominique Bauby hoạt động cho Elle.	Jean-Dominique Bauby hoạt động cho 	 Jean-Dominique Bauby làm việc cho Elle.	 Jean-Dominique Bauby làm việc cho 	Elle	['Elle']	{'Elle': 1}	1	-53.8125	1	{'Elle': 1}	1	-51.78125	1
53	Q49971	Ginni Rometty	Ginni Rometty	Q37156	IBM	IBM	Ginni Rometty works for IBM .	Ginni Rometty hoạt động cho IBM.	Ginni Rometty hoạt động cho 	 Ginni Rometty làm việc cho IBM.	 Ginni Rometty làm việc cho 	IBM	['IBM']	{'IBM': 1}	1	-55.90625	1	{'IBM': 1}	1	-52.1875	1
54	Q861110	Shane McMahon	Shane McMahon	Q35339	WWE	WWE	Shane McMahon works for WWE .	Shane McMahon hoạt động cho WWE.	Shane McMahon hoạt động cho 	 Shane McMahon làm việc cho WWE.	 Shane McMahon làm việc cho 	WWE	['WWE']	{'WWE': 1}	1	-54.125	1	{'WWE': 1}	1	-50.34375	1
57	Q230744	Anna Wintour	Anna Wintour	Q154008	Vogue	Vogue	Anna Wintour works for Vogue .	Anna Wintour hoạt động cho Vogue.	Anna Wintour hoạt động cho 	 Anna Wintour làm việc cho tạp chí Vogue.	 Anna Wintour làm việc cho tạp chí 	Vogue	['Vogue']	{'Vogue': 1}	1	-48.03125	1	{'Vogue': 1}	1	-48.375	1
58	Q12382	Shigeru Miyamoto	Miyamoto Shigeru	Q8093	Nintendo	Nintendo	Shigeru Miyamoto works for Nintendo .	Miyamoto Shigeru hoạt động cho Nintendo.	Miyamoto Shigeru hoạt động cho 	 Shigeru Miyamoto làm việc cho Nintendo.	 Shigeru Miyamoto làm việc cho 	Nintendo	['Nintendo']	{'Nintendo': 1}	1	-53.09375	1	{'Nintendo': 1}	1	-45.71875	1
59	Q44567	Triple H	Paul Levesque	Q35339	WWE	WWE	Triple H works for WWE .	Paul Levesque hoạt động cho WWE.	Paul Levesque hoạt động cho 	 Triple H làm việc cho WWE.	 Triple H làm việc cho 	WWE	['WWE']	{'WWE': 1}	1	-57.6875	1	{'WWE': 1}	1	-50.28125	1
60	Q365578	Nathan Myhrvold	Nathan Myhrvold	Q2283	Microsoft	Microsoft	Nathan Myhrvold works for Microsoft .	Nathan Myhrvold hoạt động cho Microsoft.	Nathan Myhrvold hoạt động cho 	 Nathan Myhrvold làm việc cho Microsoft.	 Nathan Myhrvold làm việc cho 	Microsoft	['Microsoft', 'Tập đoàn Microsoft', 'MS', 'MSFT']	{'Microsoft': 1}	1	-49.5	1	{'Microsoft': 1}	1	-46.875	1
62	Q71074	Hasso Plattner	Hasso Plattner	Q37156	IBM	IBM	Hasso Plattner works for IBM .	Hasso Plattner hoạt động cho IBM.	Hasso Plattner hoạt động cho 	 Hasso Plattner làm việc cho IBM.	 Hasso Plattner làm việc cho 	IBM	['IBM']	{'IBM': 1}	1	-inf	1	{'IBM': 1}	1	-55.90625	1
63	Q313697	Ross Perot	Ross Perot	Q37156	IBM	IBM	Ross Perot works for IBM .	Ross Perot hoạt động cho IBM.	Ross Perot hoạt động cho 	 Ross Perot làm việc cho IBM.	 Ross Perot làm việc cho 	IBM	['IBM']	{'IBM': 3}	0	-50.375	1	{'IBM': 1}	1	-53.5	1
64	Q265852	Tim Cook	Tim Cook	Q312	Apple Inc.	Apple Inc.	Tim Cook works for Apple Inc. .	Tim Cook hoạt động cho Apple Inc..	Tim Cook hoạt động cho 	 Tim Cook làm việc cho Apple Inc.	 Tim Cook làm việc cho 	Apple Inc.	['Apple', 'Apple Computer']	{'Apple Inc.': 1}	1	-46.875	1	{'Apple Inc.': 1}	1	-45.90625	1
68	Q702921	Chris Bangle	Chris Bangle	Q26678	BMW	BMW	Chris Bangle works for BMW .	Chris Bangle hoạt động cho BMW.	Chris Bangle hoạt động cho 	 Chris Bangle làm việc cho BMW.	 Chris Bangle làm việc cho 	BMW	['BMW', 'Bayerische Motoren Werke AG']	{'BMW': 2}	0	-49.5	1	{'BMW': 2}	0	-48.3125	1
71	Q155914	Peter Simon Pallas	Peter Simon Pallas	Q159	Russia	Nga	Peter Simon Pallas works for Russia .	Peter Simon Pallas hoạt động cho Nga.	Peter Simon Pallas hoạt động cho 	 Peter Simon Pallas làm việc cho Nga.	 Peter Simon Pallas làm việc cho 	Nga	['Russia', 'Liên bang Nga', 'Russia']	{'Nga': 16}	0	-55.25	0	{'Nga': 1}	1	-54.0	1
72	Q702921	Chris Bangle	Chris Bangle	Q27597	Fiat	Fiat	Chris Bangle works for Fiat .	Chris Bangle hoạt động cho Fiat.	Chris Bangle hoạt động cho 	 Chris Bangle làm việc cho Fiat.	 Chris Bangle làm việc cho 	Fiat	['Fiat']	{'Fiat': 4}	0	-49.5	0	{'Fiat': 1}	1	-48.3125	1
