	sub_uri	en_sub_label	sub_label	obj_uri	en_obj_label	obj_label	en_template	template	template_prompt	gt_translation	gt_prompt	gt_infl_object	aliases	template_true_ranks	template_top1_correct	template_prompt_prob	template_top3_correct	gt_true_ranks	gt_top1_correct	gt_prompt_prob	gt_top3_correct
1	Q1122760	Empire	Tạp chí Empire	Q1860	English	tiếng Anh	Empire was written in English .	Tạp chí Empire đã được viết bằng tiếng Anh.	Tạp chí Empire đã được viết bằng 	 Empire được viết bằng tiếng Anh.	 Empire được viết bằng 	tiếng Anh	['English', 'tiếng Mỹ', 'tiếng Mĩ', 'Anh ngữ']	{'tiếng Anh': 1}	1	-67.5625	1	{'tiếng Anh': 1}	1	-57.4375	1
2	Q1324321	El Mercurio	El Mercurio	Q1321	Spanish	tiếng Tây Ban Nha	El Mercurio was written in Spanish .	El Mercurio đã được viết bằng tiếng Tây Ban Nha.	El Mercurio đã được viết bằng 	 El Mercurio được viết bằng tiếng Tây Ban Nha.	 El Mercurio được viết bằng 	tiếng Tây Ban Nha	['Spanish', 'tiếng Y Pha Nho', 'es']	{'tiếng Tây Ban Nha': 1}	1	-59.9375	1	{'tiếng Tây Ban Nha': 1}	1	-62.15625	1
3	Q208460	1984	Một chín tám tư	Q1860	English	tiếng Anh	1984 was written in English .	Một chín tám tư đã được viết bằng tiếng Anh.	Một chín tám tư đã được viết bằng 	 1984 được viết bằng tiếng Anh.	 1984 được viết bằng 	tiếng Anh	['English', 'tiếng Mỹ', 'tiếng Mĩ', 'Anh ngữ']	{'tiếng Anh': 2}	0	-74.3125	1	{'tiếng Anh': 1}	1	-47.65625	1
4	Q375835	Econometrica	Econometrica	Q1860	English	tiếng Anh	Econometrica was written in English .	Econometrica đã được viết bằng tiếng Anh.	Econometrica đã được viết bằng 	 Kinh tế lượng được viết bằng tiếng Anh.	 Kinh tế lượng được viết bằng 	tiếng Anh	['English', 'tiếng Mỹ', 'tiếng Mĩ', 'Anh ngữ']	{'tiếng Anh': 1}	1	-60.71875	1	{'tiếng Anh': 1}	1	-64.6875	1
5	Q1324151	El Espectador	El Espectador	Q1321	Spanish	tiếng Tây Ban Nha	El Espectador was written in Spanish .	El Espectador đã được viết bằng tiếng Tây Ban Nha.	El Espectador đã được viết bằng 	 El Espectador được viết bằng tiếng Tây Ban Nha.	 El Espectador được viết bằng 	tiếng Tây Ban Nha	['Spanish', 'tiếng Y Pha Nho', 'es']	{'tiếng Tây Ban Nha': 1}	1	-59.9375	1	{'tiếng Tây Ban Nha': 1}	1	-66.25	1
6	Q326914	The Adventures of Tom Sawyer	Những cuộc phiêu lưu của Tom Sawyer	Q1860	English	tiếng Anh	The Adventures of Tom Sawyer was written in English .	Những cuộc phiêu lưu của Tom Sawyer đã được viết bằng tiếng Anh.	Những cuộc phiêu lưu của Tom Sawyer đã được viết bằng 	 Cuộc phiêu lưu của Tom Sawyer được viết bằng tiếng Anh.	 Cuộc phiêu lưu của Tom Sawyer được viết bằng 	tiếng Anh	['English', 'tiếng Mỹ', 'tiếng Mĩ', 'Anh ngữ']	{'tiếng Anh': 1}	1	-58.40625	1	{'tiếng Anh': 1}	1	-64.125	1
7	Q205458	Meddle	Meddle	Q1860	English	tiếng Anh	Meddle was written in English .	Meddle đã được viết bằng tiếng Anh.	Meddle đã được viết bằng 	 Meddle được viết bằng tiếng Anh.	 Meddle được viết bằng 	tiếng Anh	['English', 'tiếng Mỹ', 'tiếng Mĩ', 'Anh ngữ']	{'tiếng Anh': 1}	1	-61.125	1	{'tiếng Anh': 1}	1	-63.03125	1
8	Q15140437	Terminator Genisys	Terminator: Genesis	Q1860	English	tiếng Anh	Terminator Genisys was written in English .	Terminator: Genesis đã được viết bằng tiếng Anh.	Terminator: Genesis đã được viết bằng 	 Terminator Genisys được viết bằng tiếng Anh.	 Terminator Genisys được viết bằng 	tiếng Anh	['English', 'tiếng Mỹ', 'tiếng Mĩ', 'Anh ngữ']	{'tiếng Anh': 1}	1	-63.71875	1	{'tiếng Anh': 1}	1	-59.9375	1
9	Q180445	Nature	Nature	Q1860	English	tiếng Anh	Nature was written in English .	Nature đã được viết bằng tiếng Anh.	Nature đã được viết bằng 	 Thiên nhiên được viết bằng tiếng Anh.	 Thiên nhiên được viết bằng 	tiếng Anh	['English', 'tiếng Mỹ', 'tiếng Mĩ', 'Anh ngữ']	{'tiếng Anh': 1}	1	-52.03125	1	{'tiếng Anh': 3}	0	-62.875	1
10	Q199585	Let It Be	Let It Be	Q1860	English	tiếng Anh	Let It Be was written in English .	Let It Be đã được viết bằng tiếng Anh.	Let It Be đã được viết bằng 	 Let It Be được viết bằng tiếng Anh.	 Let It Be được viết bằng 	tiếng Anh	['English', 'tiếng Mỹ', 'tiếng Mĩ', 'Anh ngữ']	{'tiếng Anh': 2}	0	-54.34375	1	{'tiếng Anh': 1}	1	-56.59375	1
11	Q14516546	Daniel	Daniel	Q150	French	tiếng Pháp	Daniel was written in French .	Daniel đã được viết bằng tiếng Pháp.	Daniel đã được viết bằng 	 Sách Daniel được viết bằng tiếng Pháp.	 Sách Daniel được viết bằng 	tiếng Pháp	['French', 'Pháp ngữ']	{'tiếng Pháp': 8}	0	-55.40625	0	{'tiếng Pháp': 7}	0	-57.9375	0
12	Q16438	The Decameron	Mười ngày	Q652	Italian	tiếng Ý	The Decameron was written in Italian .	Mười ngày đã được viết bằng tiếng Ý.	Mười ngày đã được viết bằng 	 Decameron được viết bằng tiếng Ý.	 Decameron được viết bằng 	tiếng Ý	['Italian', 'tiếng Italia', 'it']	{'tiếng Ý': 36}	0	-59.65625	0	{'tiếng Ý': 1}	1	-60.59375	1
13	Q255381	Pinterest	Pinterest	Q1412	Finnish	tiếng Phần Lan	Pinterest was written in Finnish .	Pinterest đã được viết bằng tiếng Phần Lan.	Pinterest đã được viết bằng 	 Pinterest được viết bằng tiếng Phần Lan.	 Pinterest được viết bằng 	tiếng Phần Lan	['Finnish', 'fi']	{'tiếng Phần Lan': 26}	0	-49.9375	0	{'tiếng Phần Lan': 26}	0	-54.53125	0
15	Q180089	The Economist	The Economist	Q1860	English	tiếng Anh	The Economist was written in English .	The Economist đã được viết bằng tiếng Anh.	The Economist đã được viết bằng 	 Tạp chí The Economist được viết bằng tiếng Anh.	 Tạp chí The Economist được viết bằng 	tiếng Anh	['English', 'tiếng Mỹ', 'tiếng Mĩ', 'Anh ngữ']	{'tiếng Anh': 1}	1	-60.15625	1	{'tiếng Anh': 1}	1	-58.6875	1
16	Q277351	Harvard Business Review	Tạp chí Kinh doanh Harvard	Q1860	English	tiếng Anh	Harvard Business Review was written in English .	Tạp chí Kinh doanh Harvard đã được viết bằng tiếng Anh.	Tạp chí Kinh doanh Harvard đã được viết bằng 	 Tạp chí Harvard Business Review được viết bằng tiếng Anh.	 Tạp chí Harvard Business Review được viết bằng 	tiếng Anh	['English', 'tiếng Mỹ', 'tiếng Mĩ', 'Anh ngữ']	{'tiếng Anh': 2}	0	-63.03125	1	{'tiếng Anh': 1}	1	-61.15625	1
17	Q186055	Git	Git	Q1860	English	tiếng Anh	Git was written in English .	Git đã được viết bằng tiếng Anh.	Git đã được viết bằng 	 Git được viết bằng tiếng Anh.	 Git được viết bằng 	tiếng Anh	['English', 'tiếng Mỹ', 'tiếng Mĩ', 'Anh ngữ']	{'tiếng Anh': 1}	1	-49.4375	1	{'tiếng Anh': 1}	1	-53.90625	1
18	Q14516546	Daniel	Daniel	Q7737	Russian	tiếng Nga	Daniel was written in Russian .	Daniel đã được viết bằng tiếng Nga.	Daniel đã được viết bằng 	 Sách Daniel được viết bằng tiếng Nga.	 Sách Daniel được viết bằng 	tiếng Nga	['Russian', 'Tiếng Nga', 'Ru', 'ru']	{'tiếng Nga': 19}	0	-55.40625	0	{'tiếng Nga': 15}	0	-57.9375	0
19	Q133261	Du gamla, du fria	Du gamla, Du fria	Q9027	Swedish	tiếng Thụy Điển	Du gamla, du fria was written in Swedish .	Du gamla, Du fria đã được viết bằng tiếng Thụy Điển.	Du gamla, Du fria đã được viết bằng 	 Du gamla, du fria được viết bằng tiếng Thụy Điển.	 Du gamla, du fria được viết bằng 	tiếng Thụy Điển	['Swedish', 'tiếng Thuỵ Điển']	{'tiếng Thụy Điển': 1}	1	-80.3125	1	{'tiếng Thụy Điển': 1}	1	-67.875	1
20	Q214683	TF1	TF1	Q150	French	tiếng Pháp	TF1 was written in French .	TF1 đã được viết bằng tiếng Pháp.	TF1 đã được viết bằng 	 TF1 được viết bằng tiếng Pháp.	 TF1 được viết bằng 	tiếng Pháp	['French', 'Pháp ngữ']	{'tiếng Pháp': 1}	1	-59.9375	1	{'tiếng Pháp': 1}	1	-59.6875	1
21	Q15294742	Rossiya Segodnya	Rossiya Segodnya	Q7737	Russian	tiếng Nga	Rossiya Segodnya was written in Russian .	Rossiya Segodnya đã được viết bằng tiếng Nga.	Rossiya Segodnya đã được viết bằng 	 Rossiya Segodnya được viết bằng tiếng Nga.	 Rossiya Segodnya được viết bằng 	tiếng Nga	['Russian', 'Tiếng Nga', 'Ru', 'ru']	{'tiếng Nga': 1}	1	-57.0	1	{'tiếng Nga': 1}	1	-64.125	1
22	Q8065468	The Adventures of Pinocchio	Những cuộc phiêu lưu của Pinocchio	Q652	Italian	tiếng Ý	The Adventures of Pinocchio was written in Italian .	Những cuộc phiêu lưu của Pinocchio đã được viết bằng tiếng Ý.	Những cuộc phiêu lưu của Pinocchio đã được viết bằng 	Cuộc phiêu lưu của Pinocchio được viết bằng tiếng Ý.	Cuộc phiêu lưu của Pinocchio được viết bằng 	tiếng Ý	['Italian', 'tiếng Italia', 'it']	{'tiếng Ý': 2}	0	-61.09375	1	{'tiếng Ý': 2}	0	-50.125	1
23	Q82332	Underworld	Thế giới bóng đêm	Q1860	English	tiếng Anh	Underworld was written in English .	Thế giới bóng đêm đã được viết bằng tiếng Anh.	Thế giới bóng đêm đã được viết bằng 	 Underworld được viết bằng tiếng Anh.	 Underworld được viết bằng 	tiếng Anh	['English', 'tiếng Mỹ', 'tiếng Mĩ', 'Anh ngữ']	{'tiếng Anh': 1}	1	-71.4375	1	{'tiếng Anh': 1}	1	-60.09375	1
24	Q62272	Moscow Nights	Chiều ngoại ô Moskva	Q7737	Russian	tiếng Nga	Moscow Nights was written in Russian .	Chiều ngoại ô Moskva đã được viết bằng tiếng Nga.	Chiều ngoại ô Moskva đã được viết bằng 	 Đêm Moscow được viết bằng tiếng Nga.	 Đêm Moscow được viết bằng 	tiếng Nga	['Russian', 'Tiếng Nga', 'Ru', 'ru']	{'tiếng Nga': 1}	1	-72.625	1	{'tiếng Nga': 1}	1	-67.0625	1
26	Q223295	In Rainbows	In Rainbows	Q1860	English	tiếng Anh	In Rainbows was written in English .	In Rainbows đã được viết bằng tiếng Anh.	In Rainbows đã được viết bằng 	 In Rainbows được viết bằng tiếng Anh.	 In Rainbows được viết bằng 	tiếng Anh	['English', 'tiếng Mỹ', 'tiếng Mĩ', 'Anh ngữ']	{'tiếng Anh': 1}	1	-60.4375	1	{'tiếng Anh': 1}	1	-64.8125	1
27	Q157015	FHM	FHM	Q1860	English	tiếng Anh	FHM was written in English .	FHM đã được viết bằng tiếng Anh.	FHM đã được viết bằng 	 FHM được viết bằng tiếng Anh.	 FHM được viết bằng 	tiếng Anh	['English', 'tiếng Mỹ', 'tiếng Mĩ', 'Anh ngữ']	{'tiếng Anh': 1}	1	-62.5625	1	{'tiếng Anh': 1}	1	-61.28125	1
28	Q844491	Tamil Wikipedia	Wikipedia tiếng Tamil	Q5885	Tamil	tiếng Tamil	Tamil Wikipedia was written in Tamil .	Wikipedia tiếng Tamil đã được viết bằng tiếng Tamil.	Wikipedia tiếng Tamil đã được viết bằng 	 Wikipedia tiếng Tamil được viết bằng tiếng Tamil.	 Wikipedia tiếng Tamil được viết bằng 	tiếng Tamil	['Tamil']	{'tiếng Tamil': 1}	1	-56.125	1	{'tiếng Tamil': 1}	1	-62.40625	1
29	Q721140	Pitchfork	Pitchfork	Q1860	English	tiếng Anh	Pitchfork was written in English .	Pitchfork đã được viết bằng tiếng Anh.	Pitchfork đã được viết bằng 	 Pitchfork được viết bằng tiếng Anh.	 Pitchfork được viết bằng 	tiếng Anh	['English', 'tiếng Mỹ', 'tiếng Mĩ', 'Anh ngữ']	{'tiếng Anh': 2}	0	-59.0625	1	{'tiếng Anh': 1}	1	-57.625	1
30	Q19912	Radio France Internationale	Radio France Internationale	Q7737	Russian	tiếng Nga	Radio France Internationale was written in Russian .	Radio France Internationale đã được viết bằng tiếng Nga.	Radio France Internationale đã được viết bằng 	 Đài phát thanh quốc tế Pháp được viết bằng tiếng Nga.	 Đài phát thanh quốc tế Pháp được viết bằng 	tiếng Nga	['Russian', 'Tiếng Nga', 'Ru', 'ru']	{'tiếng Nga': 22}	0	-62.28125	0	{'tiếng Nga': 24}	0	-70.5	0
31	Q19912	Radio France Internationale	Radio France Internationale	Q1321	Spanish	tiếng Tây Ban Nha	Radio France Internationale was written in Spanish .	Radio France Internationale đã được viết bằng tiếng Tây Ban Nha.	Radio France Internationale đã được viết bằng 	 Đài phát thanh quốc tế Pháp được viết bằng tiếng Tây Ban Nha.	 Đài phát thanh quốc tế Pháp được viết bằng 	tiếng Tây Ban Nha	['Spanish', 'tiếng Y Pha Nho', 'es']	{'tiếng Tây Ban Nha': 21}	0	-62.28125	0	{'tiếng Tây Ban Nha': 26}	0	-70.5	0
32	Q249660	On Every Street	On Every Street	Q1860	English	tiếng Anh	On Every Street was written in English .	On Every Street đã được viết bằng tiếng Anh.	On Every Street đã được viết bằng 	 On Every Street được viết bằng tiếng Anh.	 On Every Street được viết bằng 	tiếng Anh	['English', 'tiếng Mỹ', 'tiếng Mĩ', 'Anh ngữ']	{'tiếng Anh': 2}	0	-59.40625	1	{'tiếng Anh': 1}	1	-65.125	1
33	Q174596	Moby-Dick	Moby Dick	Q1860	English	tiếng Anh	Moby-Dick was written in English .	Moby Dick đã được viết bằng tiếng Anh.	Moby Dick đã được viết bằng 	 Moby-Dick được viết bằng tiếng Anh.	 Moby-Dick được viết bằng 	tiếng Anh	['English', 'tiếng Mỹ', 'tiếng Mĩ', 'Anh ngữ']	{'tiếng Anh': 1}	1	-55.0625	1	{'tiếng Anh': 1}	1	-58.875	1
34	Q1031911	Can You Feel the Love Tonight	Can You Feel the Love Tonight	Q1860	English	tiếng Anh	Can You Feel the Love Tonight was written in English .	Can You Feel the Love Tonight đã được viết bằng tiếng Anh.	Can You Feel the Love Tonight đã được viết bằng 	 Can You Feel the Love Tonight được viết bằng tiếng Anh.	 Can You Feel the Love Tonight được viết bằng 	tiếng Anh	['English', 'tiếng Mỹ', 'tiếng Mĩ', 'Anh ngữ']	{'tiếng Anh': 1}	1	-60.5	1	{'tiếng Anh': 1}	1	-61.375	1
35	Q1539509	The Invisible Man	The Invisible Man	Q1860	English	tiếng Anh	The Invisible Man was written in English .	The Invisible Man đã được viết bằng tiếng Anh.	The Invisible Man đã được viết bằng 	 Người vô hình được viết bằng tiếng Anh.	 Người vô hình được viết bằng 	tiếng Anh	['English', 'tiếng Mỹ', 'tiếng Mĩ', 'Anh ngữ']	{'tiếng Anh': 1}	1	-60.375	1	{'tiếng Anh': 2}	0	-70.125	1
36	Q206855	Russian Wikipedia	Wikipedia tiếng Nga	Q7737	Russian	tiếng Nga	Russian Wikipedia was written in Russian .	Wikipedia tiếng Nga đã được viết bằng tiếng Nga.	Wikipedia tiếng Nga đã được viết bằng 	 Wikipedia tiếng Nga được viết bằng tiếng Nga.	 Wikipedia tiếng Nga được viết bằng 	tiếng Nga	['Russian', 'Tiếng Nga', 'Ru', 'ru']	{'tiếng Nga': 1}	1	-55.90625	1	{'tiếng Nga': 1}	1	-63.40625	1
37	Q255381	Pinterest	Pinterest	Q652	Italian	tiếng Ý	Pinterest was written in Italian .	Pinterest đã được viết bằng tiếng Ý.	Pinterest đã được viết bằng 	 Pinterest được viết bằng tiếng Ý.	 Pinterest được viết bằng 	tiếng Ý	['Italian', 'tiếng Italia', 'it']	{'tiếng Ý': 34}	0	-49.9375	0	{'tiếng Ý': 30}	0	-54.53125	0
38	Q171711	Star Trek Into Darkness	Star Trek Into Darkness	Q1860	English	tiếng Anh	Star Trek Into Darkness was written in English .	Star Trek Into Darkness đã được viết bằng tiếng Anh.	Star Trek Into Darkness đã được viết bằng 	 Star Trek Into Darkness được viết bằng tiếng Anh.	 Star Trek Into Darkness được viết bằng 	tiếng Anh	['English', 'tiếng Mỹ', 'tiếng Mĩ', 'Anh ngữ']	{'tiếng Anh': 1}	1	-56.96875	1	{'tiếng Anh': 1}	1	-62.90625	1
39	Q114640	The Flying Dutchman	Người Hà Lan bay	Q188	German	tiếng Đức	The Flying Dutchman was written in German .	Người Hà Lan bay đã được viết bằng tiếng Đức.	Người Hà Lan bay đã được viết bằng 	 Người Hà Lan bay được viết bằng tiếng Đức.	 Người Hà Lan bay được viết bằng 	tiếng Đức	['German', 'de']	{'tiếng Đức': 10}	0	-70.0625	0	{'tiếng Đức': 8}	0	-77.125	0
40	Q1043104	Charlie Hebdo	Charlie Hebdo	Q150	French	tiếng Pháp	Charlie Hebdo was written in French .	Charlie Hebdo đã được viết bằng tiếng Pháp.	Charlie Hebdo đã được viết bằng 	 Charlie Hebdo được viết bằng tiếng Pháp.	 Charlie Hebdo được viết bằng 	tiếng Pháp	['French', 'Pháp ngữ']	{'tiếng Pháp': 1}	1	-51.9375	1	{'tiếng Pháp': 1}	1	-60.3125	1
41	Q795585	BBC Radio 1	BBC Radio 1	Q1860	English	tiếng Anh	BBC Radio 1 was written in English .	BBC Radio 1 đã được viết bằng tiếng Anh.	BBC Radio 1 đã được viết bằng 	 Đài BBC Radio 1 được viết bằng tiếng Anh.	 Đài BBC Radio 1 được viết bằng 	tiếng Anh	['English', 'tiếng Mỹ', 'tiếng Mĩ', 'Anh ngữ']	{'tiếng Anh': 3}	0	-63.78125	1	{'tiếng Anh': 1}	1	-76.6875	1
42	Q166032	The Washington Post	The Washington Post	Q1860	English	tiếng Anh	The Washington Post was written in English .	The Washington Post đã được viết bằng tiếng Anh.	The Washington Post đã được viết bằng 	 Tờ Washington Post được viết bằng tiếng Anh.	 Tờ Washington Post được viết bằng 	tiếng Anh	['English', 'tiếng Mỹ', 'tiếng Mĩ', 'Anh ngữ']	{'tiếng Anh': 2}	0	-58.71875	1	{'tiếng Anh': 1}	1	-60.25	1
44	Q1191058	Ne partez pas sans moi	Ne partez pas sans moi	Q150	French	tiếng Pháp	Ne partez pas sans moi was written in French .	Ne partez pas sans moi đã được viết bằng tiếng Pháp.	Ne partez pas sans moi đã được viết bằng 	 Ne partez pas sans moi được viết bằng tiếng Pháp.	 Ne partez pas sans moi được viết bằng 	tiếng Pháp	['French', 'Pháp ngữ']	{'tiếng Pháp': 1}	1	-75.0625	1	{'tiếng Pháp': 1}	1	-72.1875	1
45	Q201873	The Marriage of Figaro	Le nozze di Figaro	Q652	Italian	tiếng Ý	The Marriage of Figaro was written in Italian .	Le nozze di Figaro đã được viết bằng tiếng Ý.	Le nozze di Figaro đã được viết bằng 	 Cuộc hôn nhân của Figaro được viết bằng tiếng Ý.	 Cuộc hôn nhân của Figaro được viết bằng 	tiếng Ý	['Italian', 'tiếng Italia', 'it']	{'tiếng Ý': 1}	1	-61.46875	1	{'tiếng Ý': 4}	0	-69.5	0
46	Q5317457	Dutch name	Tên người Hà Lan	Q7411	Dutch	tiếng Hà Lan	Dutch name was written in Dutch .	Tên người Hà Lan đã được viết bằng tiếng Hà Lan.	Tên người Hà Lan đã được viết bằng 	 Tên tiếng Hà Lan được viết bằng tiếng Hà Lan.	 Tên tiếng Hà Lan được viết bằng 	tiếng Hà Lan	['Dutch', 'nl']	{'tiếng Hà Lan': 4}	0	-65.875	0	{'tiếng Hà Lan': 4}	0	-72.5625	0
47	Q150820	Playboy	Playboy	Q1860	English	tiếng Anh	Playboy was written in English .	Playboy đã được viết bằng tiếng Anh.	Playboy đã được viết bằng 	 Playboy được viết bằng tiếng Anh.	 Playboy được viết bằng 	tiếng Anh	['English', 'tiếng Mỹ', 'tiếng Mĩ', 'Anh ngữ']	{'tiếng Anh': 2}	0	-52.625	1	{'tiếng Anh': 2}	0	-60.8125	1
48	Q201940	Led Zeppelin IV	Led Zeppelin IV	Q1860	English	tiếng Anh	Led Zeppelin IV was written in English .	Led Zeppelin IV đã được viết bằng tiếng Anh.	Led Zeppelin IV đã được viết bằng 	 Led Zeppelin IV được viết bằng tiếng Anh.	 Led Zeppelin IV được viết bằng 	tiếng Anh	['English', 'tiếng Mỹ', 'tiếng Mĩ', 'Anh ngữ']	{'tiếng Anh': 1}	1	-50.75	1	{'tiếng Anh': 1}	1	-59.46875	1
49	Q1155881	Download.com	Download.com	Q1860	English	tiếng Anh	Download.com was written in English .	Download.com đã được viết bằng tiếng Anh.	Download.com đã được viết bằng 	 Download.com được viết bằng tiếng Anh.	 Download.com được viết bằng 	tiếng Anh	['English', 'tiếng Mỹ', 'tiếng Mĩ', 'Anh ngữ']	{'tiếng Anh': 2}	0	-58.625	1	{'tiếng Anh': 1}	1	-64.5	1
50	Q686360	Good Times Bad Times	Good Times Bad Times	Q1860	English	tiếng Anh	Good Times Bad Times was written in English .	Good Times Bad Times đã được viết bằng tiếng Anh.	Good Times Bad Times đã được viết bằng 	 Good Times Bad Times được viết bằng tiếng Anh.	 Good Times Bad Times được viết bằng 	tiếng Anh	['English', 'tiếng Mỹ', 'tiếng Mĩ', 'Anh ngữ']	{'tiếng Anh': 3}	0	-60.625	1	{'tiếng Anh': 1}	1	-64.0	1
51	Q48461	New Horizons	New Horizons	Q1860	English	tiếng Anh	New Horizons was written in English .	New Horizons đã được viết bằng tiếng Anh.	New Horizons đã được viết bằng 	 New Horizons được viết bằng tiếng Anh.	 New Horizons được viết bằng 	tiếng Anh	['English', 'tiếng Mỹ', 'tiếng Mĩ', 'Anh ngữ']	{'tiếng Anh': 2}	0	-62.46875	1	{'tiếng Anh': 1}	1	-63.9375	1
52	Q11146	Maastricht Treaty	Hiệp ước Maastricht	Q150	French	tiếng Pháp	Maastricht Treaty was written in French .	Hiệp ước Maastricht đã được viết bằng tiếng Pháp.	Hiệp ước Maastricht đã được viết bằng 	 Hiệp ước Maastricht được viết bằng tiếng Pháp.	 Hiệp ước Maastricht được viết bằng 	tiếng Pháp	['French', 'Pháp ngữ']	{'tiếng Pháp': 2}	0	-68.9375	1	{'tiếng Pháp': 2}	0	-71.6875	1
53	Q223181	Queen II	Queen II	Q1860	English	tiếng Anh	Queen II was written in English .	Queen II đã được viết bằng tiếng Anh.	Queen II đã được viết bằng 	 Nữ hoàng II được viết bằng tiếng Anh.	 Nữ hoàng II được viết bằng 	tiếng Anh	['English', 'tiếng Mỹ', 'tiếng Mĩ', 'Anh ngữ']	{'tiếng Anh': 1}	1	-56.84375	1	{'tiếng Anh': 1}	1	-64.0	1
54	Q654204	All Things Must Pass	All Things Must Pass	Q1860	English	tiếng Anh	All Things Must Pass was written in English .	All Things Must Pass đã được viết bằng tiếng Anh.	All Things Must Pass đã được viết bằng 	 All Things Must Pass được viết bằng tiếng Anh.	 All Things Must Pass được viết bằng 	tiếng Anh	['English', 'tiếng Mỹ', 'tiếng Mĩ', 'Anh ngữ']	{'tiếng Anh': 2}	0	-57.9375	1	{'tiếng Anh': 1}	1	-58.5625	1
55	Q1486288	GOG.com	GOG.com	Q1860	English	tiếng Anh	GOG.com was written in English .	GOG.com đã được viết bằng tiếng Anh.	GOG.com đã được viết bằng 	 GOG.com được viết bằng tiếng Anh.	 GOG.com được viết bằng 	tiếng Anh	['English', 'tiếng Mỹ', 'tiếng Mĩ', 'Anh ngữ']	{'tiếng Anh': 1}	1	-55.28125	1	{'tiếng Anh': 1}	1	-61.8125	1
56	Q11740724	Derek	Derek	Q1860	English	tiếng Anh	Derek was written in English .	Derek đã được viết bằng tiếng Anh.	Derek đã được viết bằng 	 Derek được viết bằng tiếng Anh.	 Derek được viết bằng 	tiếng Anh	['English', 'tiếng Mỹ', 'tiếng Mĩ', 'Anh ngữ']	{'tiếng Anh': 2}	0	-58.8125	1	{'tiếng Anh': 1}	1	-60.21875	1
57	Q171277	Aida	Aida	Q652	Italian	tiếng Ý	Aida was written in Italian .	Aida đã được viết bằng tiếng Ý.	Aida đã được viết bằng 	 Aida được viết bằng tiếng Ý.	 Aida được viết bằng 	tiếng Ý	['Italian', 'tiếng Italia', 'it']	{'tiếng Ý': 8}	0	-56.34375	0	{'tiếng Ý': 8}	0	-54.65625	0
58	Q206852	Light Years	Light Years	Q1860	English	tiếng Anh	Light Years was written in English .	Light Years đã được viết bằng tiếng Anh.	Light Years đã được viết bằng 	 Light Years được viết bằng tiếng Anh.	 Light Years được viết bằng 	tiếng Anh	['English', 'tiếng Mỹ', 'tiếng Mĩ', 'Anh ngữ']	{'tiếng Anh': 1}	1	-58.84375	1	{'tiếng Anh': 1}	1	-60.125	1
59	Q4928860	Blue Bayou	Blue Bayou	Q1860	English	tiếng Anh	Blue Bayou was written in English .	Blue Bayou đã được viết bằng tiếng Anh.	Blue Bayou đã được viết bằng 	 Blue Bayou được viết bằng tiếng Anh.	 Blue Bayou được viết bằng 	tiếng Anh	['English', 'tiếng Mỹ', 'tiếng Mĩ', 'Anh ngữ']	{'tiếng Anh': 2}	0	-55.5	1	{'tiếng Anh': 1}	1	-60.28125	1
60	Q19912	Radio France Internationale	Radio France Internationale	Q9199	Vietnamese	tiếng Việt	Radio France Internationale was written in Vietnamese .	Radio France Internationale đã được viết bằng tiếng Việt.	Radio France Internationale đã được viết bằng 	 Đài phát thanh quốc tế Pháp được viết bằng tiếng Việt.	 Đài phát thanh quốc tế Pháp được viết bằng 	tiếng Việt	['Vietnamese', 'Việt ngữ', 'tiếng Việt Nam', 'tiếng Kinh', 'tiếng An Nam', 'vi', 'tiếng Việt-Nam', 'tiếng An-Nam']	{'tiếng Việt': 14}	0	-62.28125	0	{'tiếng Việt': 4}	0	-70.5	0
61	Q220726	Kid A	Kid A	Q1860	English	tiếng Anh	Kid A was written in English .	Kid A đã được viết bằng tiếng Anh.	Kid A đã được viết bằng 	 Kid A được viết bằng tiếng Anh.	 Kid A được viết bằng 	tiếng Anh	['English', 'tiếng Mỹ', 'tiếng Mĩ', 'Anh ngữ']	{'tiếng Anh': 1}	1	-57.90625	1	{'tiếng Anh': 1}	1	-65.25	1
62	Q559667	Tirant lo Blanc	Tirant lo Blanc	Q7026	Catalan	tiếng Catalan	Tirant lo Blanc was written in Catalan .	Tirant lo Blanc đã được viết bằng tiếng Catalan.	Tirant lo Blanc đã được viết bằng 	 Tirant lo Blanc được viết bằng tiếng Catalan.	 Tirant lo Blanc được viết bằng 	tiếng Catalan	['Catalan', 'tiếng Catalunya', 'tiếng Catala']	{'tiếng Catalan': 1}	1	-58.0625	1	{'tiếng Catalan': 1}	1	-60.1875	1
63	Q181826	Please Please Me	Please Please Me	Q1860	English	tiếng Anh	Please Please Me was written in English .	Please Please Me đã được viết bằng tiếng Anh.	Please Please Me đã được viết bằng 	 Please Please Me được viết bằng tiếng Anh.	 Please Please Me được viết bằng 	tiếng Anh	['English', 'tiếng Mỹ', 'tiếng Mĩ', 'Anh ngữ']	{'tiếng Anh': 3}	0	-57.53125	1	{'tiếng Anh': 1}	1	-62.46875	1
64	Q192864	Science	Science	Q1860	English	tiếng Anh	Science was written in English .	Science đã được viết bằng tiếng Anh.	Science đã được viết bằng 	 Khoa học được viết bằng tiếng Anh.	 Khoa học được viết bằng 	tiếng Anh	['English', 'tiếng Mỹ', 'tiếng Mĩ', 'Anh ngữ']	{'tiếng Anh': 1}	1	-54.21875	1	{'tiếng Anh': 2}	0	-48.4375	1
65	Q18595004	Never Been Better	Never Been Better	Q1860	English	tiếng Anh	Never Been Better was written in English .	Never Been Better đã được viết bằng tiếng Anh.	Never Been Better đã được viết bằng 	Never Been Better được viết bằng tiếng Anh.	Never Been Better được viết bằng 	tiếng Anh	['English', 'tiếng Mỹ', 'tiếng Mĩ', 'Anh ngữ']	{'tiếng Anh': 1}	1	-55.75	1	{'tiếng Anh': 1}	1	-57.5625	1
66	Q116845	Silver Linings Playbook	Tình yêu tìm lại	Q1860	English	tiếng Anh	Silver Linings Playbook was written in English .	Tình yêu tìm lại đã được viết bằng tiếng Anh.	Tình yêu tìm lại đã được viết bằng 	 Silver Linings Playbook được viết bằng tiếng Anh.	 Silver Linings Playbook được viết bằng 	tiếng Anh	['English', 'tiếng Mỹ', 'tiếng Mĩ', 'Anh ngữ']	{'tiếng Anh': 2}	0	-71.625	1	{'tiếng Anh': 1}	1	-60.0	1
67	Q188413	Newsweek	Tạp chí Newsweek	Q1860	English	tiếng Anh	Newsweek was written in English .	Tạp chí Newsweek đã được viết bằng tiếng Anh.	Tạp chí Newsweek đã được viết bằng 	 Newsweek được viết bằng tiếng Anh.	 Newsweek được viết bằng 	tiếng Anh	['English', 'tiếng Mỹ', 'tiếng Mĩ', 'Anh ngữ']	{'tiếng Anh': 2}	0	-60.0625	1	{'tiếng Anh': 1}	1	-60.03125	1
68	Q14650387	Carpenter	Carpenter	Q1860	English	tiếng Anh	Carpenter was written in English .	Carpenter đã được viết bằng tiếng Anh.	Carpenter đã được viết bằng 	 Carpenter được viết bằng tiếng Anh.	 Carpenter được viết bằng 	tiếng Anh	['English', 'tiếng Mỹ', 'tiếng Mĩ', 'Anh ngữ']	{'tiếng Anh': 2}	0	-60.71875	1	{'tiếng Anh': 1}	1	-59.78125	1
69	Q19862	Hybrid Theory	Hybrid Theory	Q1860	English	tiếng Anh	Hybrid Theory was written in English .	Hybrid Theory đã được viết bằng tiếng Anh.	Hybrid Theory đã được viết bằng 	 Lý thuyết lai được viết bằng tiếng Anh.	 Lý thuyết lai được viết bằng 	tiếng Anh	['English', 'tiếng Mỹ', 'tiếng Mĩ', 'Anh ngữ']	{'tiếng Anh': 1}	1	-54.28125	1	{'tiếng Anh': 1}	1	-65.125	1
70	Q2678464	Ella, elle l'a	Ella	Q150	French	tiếng Pháp	Ella, elle l'a was written in French .	Ella đã được viết bằng tiếng Pháp.	Ella đã được viết bằng 	 Ella, elle l'a được viết bằng tiếng Pháp.	 Ella, elle l'a được viết bằng 	tiếng Pháp	['French', 'Pháp ngữ']	{'tiếng Pháp': 7}	0	-50.75	0	{'tiếng Pháp': 1}	1	-72.875	1
71	Q11986	La Vie en rose	La Vie en rose	Q150	French	tiếng Pháp	La Vie en rose was written in French .	La Vie en rose đã được viết bằng tiếng Pháp.	La Vie en rose đã được viết bằng 	 La Vie en rose được viết bằng tiếng Pháp.	 La Vie en rose được viết bằng 	tiếng Pháp	['French', 'Pháp ngữ']	{'tiếng Pháp': 1}	1	-60.125	1	{'tiếng Pháp': 1}	1	-64.5	1
72	Q1143794	Cumhuriyet	Cumhuriyet	Q256	Turkish	tiếng Thổ Nhĩ Kỳ	Cumhuriyet was written in Turkish .	Cumhuriyet đã được viết bằng tiếng Thổ Nhĩ Kỳ.	Cumhuriyet đã được viết bằng 	 Cumhuriyet được viết bằng tiếng Thổ Nhĩ Kỳ.	 Cumhuriyet được viết bằng 	tiếng Thổ Nhĩ Kỳ	['Turkish', 'tiếng Thổ Nhĩ Kì', 'tiếng Thổ', 'Thổ ngữ']	{'tiếng Thổ Nhĩ Kỳ': 1}	1	-57.4375	1	{'tiếng Thổ Nhĩ Kỳ': 1}	1	-64.9375	1
73	Q508880	aloha	Aloha	Q33569	Hawaiian	tiếng Hawaii	aloha was written in Hawaiian .	Aloha đã được viết bằng tiếng Hawaii.	Aloha đã được viết bằng 	 aloha được viết bằng tiếng Hawaii.	 aloha được viết bằng 	tiếng Hawaii	['Hawaiian', 'tiếng Hạ Uy Di']	{'tiếng Hawaii': 3}	0	-47.4375	1	{'tiếng Hawaii': 4}	0	-65.625	0
74	Q378969	Grandads-Robbers	Những lão già kẻ cướp	Q7737	Russian	tiếng Nga	Grandads-Robbers was written in Russian .	Những lão già kẻ cướp đã được viết bằng tiếng Nga.	Những lão già kẻ cướp đã được viết bằng 	 Grandads-Robbers được viết bằng tiếng Nga.	 Grandads-Robbers được viết bằng 	tiếng Nga	['Russian', 'Tiếng Nga', 'Ru', 'ru']	{'tiếng Nga': 25}	0	-80.375	0	{'tiếng Nga': 8}	0	-83.5	0
75	Q1063573	Foreign Policy	Foreign Policy	Q1860	English	tiếng Anh	Foreign Policy was written in English .	Foreign Policy đã được viết bằng tiếng Anh.	Foreign Policy đã được viết bằng 	 Tạp chí Chính sách đối ngoại được viết bằng tiếng Anh.	 Tạp chí Chính sách đối ngoại được viết bằng 	tiếng Anh	['English', 'tiếng Mỹ', 'tiếng Mĩ', 'Anh ngữ']	{'tiếng Anh': 1}	1	-54.28125	1	{'tiếng Anh': 1}	1	-74.3125	1
76	Q11913	Bulgarian Wikipedia	Wikipedia tiếng Bulgaria	Q7918	Bulgarian	tiếng Bulgaria	Bulgarian Wikipedia was written in Bulgarian .	Wikipedia tiếng Bulgaria đã được viết bằng tiếng Bulgaria.	Wikipedia tiếng Bulgaria đã được viết bằng 	 Wikipedia tiếng Bulgaria được viết bằng tiếng Bulgaria.	 Wikipedia tiếng Bulgaria được viết bằng 	tiếng Bulgaria	['Bulgarian']	{'tiếng Bulgaria': 1}	1	-61.03125	1	{'tiếng Bulgaria': 1}	1	-65.875	1
78	Q3346699	Nymphomaniac	Nymphomaniac	Q1860	English	tiếng Anh	Nymphomaniac was written in English .	Nymphomaniac đã được viết bằng tiếng Anh.	Nymphomaniac đã được viết bằng 	 Nymphomaniac được viết bằng tiếng Anh.	 Nymphomaniac được viết bằng 	tiếng Anh	['English', 'tiếng Mỹ', 'tiếng Mĩ', 'Anh ngữ']	{'tiếng Anh': 1}	1	-63.125	1	{'tiếng Anh': 1}	1	-64.4375	1
79	Q244963	First Blood	First Blood	Q1860	English	tiếng Anh	First Blood was written in English .	First Blood đã được viết bằng tiếng Anh.	First Blood đã được viết bằng 	 First Blood được viết bằng tiếng Anh.	 First Blood được viết bằng 	tiếng Anh	['English', 'tiếng Mỹ', 'tiếng Mĩ', 'Anh ngữ']	{'tiếng Anh': 1}	1	-61.4375	1	{'tiếng Anh': 1}	1	-61.09375	1
80	Q22663	The Pirate Bay	The Pirate Bay	Q1321	Spanish	tiếng Tây Ban Nha	The Pirate Bay was written in Spanish .	The Pirate Bay đã được viết bằng tiếng Tây Ban Nha.	The Pirate Bay đã được viết bằng 	 The Pirate Bay được viết bằng tiếng Tây Ban Nha.	 The Pirate Bay được viết bằng 	tiếng Tây Ban Nha	['Spanish', 'tiếng Y Pha Nho', 'es']	{'tiếng Tây Ban Nha': 28}	0	-58.5625	0	{'tiếng Tây Ban Nha': 6}	0	-59.96875	0
81	Q204240	Black Holes and Revelations	Black Holes and Revelations	Q1860	English	tiếng Anh	Black Holes and Revelations was written in English .	Black Holes and Revelations đã được viết bằng tiếng Anh.	Black Holes and Revelations đã được viết bằng 	 Black Holes and Revelations được viết bằng tiếng Anh.	 Black Holes and Revelations được viết bằng 	tiếng Anh	['English', 'tiếng Mỹ', 'tiếng Mĩ', 'Anh ngữ']	{'tiếng Anh': 1}	1	-68.5	1	{'tiếng Anh': 1}	1	-71.0	1
82	Q25338	The Little Prince	Hoàng Tử Bé	Q150	French	tiếng Pháp	The Little Prince was written in French .	Hoàng Tử Bé đã được viết bằng tiếng Pháp.	Hoàng Tử Bé đã được viết bằng 	 Hoàng tử bé được viết bằng tiếng Pháp.	 Hoàng tử bé được viết bằng 	tiếng Pháp	['French', 'Pháp ngữ']	{'tiếng Pháp': 5}	0	-62.5	0	{'tiếng Pháp': 5}	0	-64.1875	0
83	Q582159	Siri	Siri	Q1860	English	tiếng Anh	Siri was written in English .	Siri đã được viết bằng tiếng Anh.	Siri đã được viết bằng 	 Siri được viết bằng tiếng Anh.	 Siri được viết bằng 	tiếng Anh	['English', 'tiếng Mỹ', 'tiếng Mĩ', 'Anh ngữ']	{'tiếng Anh': 1}	1	-49.28125	1	{'tiếng Anh': 1}	1	-54.40625	1
84	Q11988	Non, je ne regrette rien	Non, je ne regrette rien	Q150	French	tiếng Pháp	Non, je ne regrette rien was written in French .	Non, je ne regrette rien đã được viết bằng tiếng Pháp.	Non, je ne regrette rien đã được viết bằng 	 Non, je ne tiếcte rien được viết bằng tiếng Pháp.	 Non, je ne tiếcte rien được viết bằng 	tiếng Pháp	['French', 'Pháp ngữ']	{'tiếng Pháp': 1}	1	-64.5	1	{'tiếng Pháp': 1}	1	-115.3125	1
85	Q600836	Jokela school shooting	Thảm sát trường trung học Jokela	Q1412	Finnish	tiếng Phần Lan	Jokela school shooting was written in Finnish .	Thảm sát trường trung học Jokela đã được viết bằng tiếng Phần Lan.	Thảm sát trường trung học Jokela đã được viết bằng 	 Vụ xả súng ở trường học Jokela được viết bằng tiếng Phần Lan.	 Vụ xả súng ở trường học Jokela được viết bằng 	tiếng Phần Lan	['Finnish', 'fi']	{'tiếng Phần Lan': 2}	0	-88.0	1	{'tiếng Phần Lan': 2}	0	-82.5	1
86	Q1029129	Still Alive	Still Alive	Q1860	English	tiếng Anh	Still Alive was written in English .	Still Alive đã được viết bằng tiếng Anh.	Still Alive đã được viết bằng 	 Still Alive được viết bằng tiếng Anh.	 Still Alive được viết bằng 	tiếng Anh	['English', 'tiếng Mỹ', 'tiếng Mĩ', 'Anh ngữ']	{'tiếng Anh': 1}	1	-56.375	1	{'tiếng Anh': 1}	1	-62.15625	1
87	Q181163	Danish Wikipedia	Wikipedia tiếng Đan Mạch	Q9035	Danish	tiếng Đan Mạch	Danish Wikipedia was written in Danish .	Wikipedia tiếng Đan Mạch đã được viết bằng tiếng Đan Mạch.	Wikipedia tiếng Đan Mạch đã được viết bằng 	Wikipedia tiếng Đan Mạch được viết bằng tiếng Đan Mạch.	Wikipedia tiếng Đan Mạch được viết bằng 	tiếng Đan Mạch	['Danish']	{'tiếng Đan Mạch': 1}	1	-62.4375	1	{'tiếng Đan Mạch': 1}	1	-58.78125	1
88	Q12461	Le Monde	Le Monde	Q150	French	tiếng Pháp	Le Monde was written in French .	Le Monde đã được viết bằng tiếng Pháp.	Le Monde đã được viết bằng 	 Le Monde được viết bằng tiếng Pháp.	 Le Monde được viết bằng 	tiếng Pháp	['French', 'Pháp ngữ']	{'tiếng Pháp': 3}	0	-54.59375	1	{'tiếng Pháp': 1}	1	-61.09375	1
89	Q192632	NME	NME	Q1860	English	tiếng Anh	NME was written in English .	NME đã được viết bằng tiếng Anh.	NME đã được viết bằng 	 NME được viết bằng tiếng Anh.	 NME được viết bằng 	tiếng Anh	['English', 'tiếng Mỹ', 'tiếng Mĩ', 'Anh ngữ']	{'tiếng Anh': 1}	1	-56.8125	1	{'tiếng Anh': 1}	1	-55.34375	1
90	Q216047	Le Figaro	Le Figaro	Q150	French	tiếng Pháp	Le Figaro was written in French .	Le Figaro đã được viết bằng tiếng Pháp.	Le Figaro đã được viết bằng 	 Le Figaro được viết bằng tiếng Pháp.	 Le Figaro được viết bằng 	tiếng Pháp	['French', 'Pháp ngữ']	{'tiếng Pháp': 1}	1	-55.375	1	{'tiếng Pháp': 1}	1	-61.65625	1
91	Q58255	Turkish Wikipedia	Wikipedia tiếng Thổ Nhĩ Kỳ	Q256	Turkish	tiếng Thổ Nhĩ Kỳ	Turkish Wikipedia was written in Turkish .	Wikipedia tiếng Thổ Nhĩ Kỳ đã được viết bằng tiếng Thổ Nhĩ Kỳ.	Wikipedia tiếng Thổ Nhĩ Kỳ đã được viết bằng 	 Wikipedia tiếng Thổ Nhĩ Kỳ được viết bằng tiếng Thổ Nhĩ Kỳ.	 Wikipedia tiếng Thổ Nhĩ Kỳ được viết bằng 	tiếng Thổ Nhĩ Kỳ	['Turkish', 'tiếng Thổ Nhĩ Kì', 'tiếng Thổ', 'Thổ ngữ']	{'tiếng Thổ Nhĩ Kỳ': 1}	1	-57.5	1	{'tiếng Thổ Nhĩ Kỳ': 1}	1	-65.8125	1
92	Q53464	Hungarian Wikipedia	Wikipedia tiếng Hungary	Q9067	Hungarian	tiếng Hungary	Hungarian Wikipedia was written in Hungarian .	Wikipedia tiếng Hungary đã được viết bằng tiếng Hungary.	Wikipedia tiếng Hungary đã được viết bằng 	 Wikipedia tiếng Hungary được viết bằng tiếng Hungary.	 Wikipedia tiếng Hungary được viết bằng 	tiếng Hungary	['Hungarian', 'tiếng Hung', 'tiếng Hung Gia Lợi']	{'tiếng Hungary': 1}	1	-55.78125	1	{'tiếng Hungary': 1}	1	-61.9375	1
93	Q3213561	La Vie	La Vie	Q150	French	tiếng Pháp	La Vie was written in French .	La Vie đã được viết bằng tiếng Pháp.	La Vie đã được viết bằng 	 La Vie được viết bằng tiếng Pháp.	 La Vie được viết bằng 	tiếng Pháp	['French', 'Pháp ngữ']	{'tiếng Pháp': 1}	1	-57.25	1	{'tiếng Pháp': 1}	1	-66.625	1
94	Q308705	France Football	France Football	Q150	French	tiếng Pháp	France Football was written in French .	France Football đã được viết bằng tiếng Pháp.	France Football đã được viết bằng 	 Tạp chí France Football được viết bằng tiếng Pháp.	 Tạp chí France Football được viết bằng 	tiếng Pháp	['French', 'Pháp ngữ']	{'tiếng Pháp': 2}	0	-57.6875	1	{'tiếng Pháp': 1}	1	-74.625	1
95	Q1442139	CGTN Spanish	CCTV tiếng Tây Ban Nha	Q1321	Spanish	tiếng Tây Ban Nha	CGTN Spanish was written in Spanish .	CCTV tiếng Tây Ban Nha đã được viết bằng tiếng Tây Ban Nha.	CCTV tiếng Tây Ban Nha đã được viết bằng 	 CGTN tiếng Tây Ban Nha được viết bằng tiếng Tây Ban Nha.	 CGTN tiếng Tây Ban Nha được viết bằng 	tiếng Tây Ban Nha	['Spanish', 'tiếng Y Pha Nho', 'es']	{'tiếng Tây Ban Nha': 1}	1	-77.8125	1	{'tiếng Tây Ban Nha': 1}	1	-77.5625	1
96	Q934969	Spiceworld	Spiceworld	Q1860	English	tiếng Anh	Spiceworld was written in English .	Spiceworld đã được viết bằng tiếng Anh.	Spiceworld đã được viết bằng 	 Spiceworld được viết bằng tiếng Anh.	 Spiceworld được viết bằng 	tiếng Anh	['English', 'tiếng Mỹ', 'tiếng Mĩ', 'Anh ngữ']	{'tiếng Anh': 1}	1	-inf	1	{'tiếng Anh': 1}	1	-67.6875	1
97	Q1977770	REGNUM News Agency	REGNUM	Q7737	Russian	tiếng Nga	REGNUM News Agency was written in Russian .	REGNUM đã được viết bằng tiếng Nga.	REGNUM đã được viết bằng 	 Hãng thông tấn REGNUM được viết bằng tiếng Nga.	 Hãng thông tấn REGNUM được viết bằng 	tiếng Nga	['Russian', 'Tiếng Nga', 'Ru', 'ru']	{'tiếng Nga': 7}	0	-57.6875	0	{'tiếng Nga': 1}	1	-91.1875	1
98	Q191168	Czech Wikipedia	Wikipedia tiếng Séc	Q9056	Czech	tiếng Séc	Czech Wikipedia was written in Czech .	Wikipedia tiếng Séc đã được viết bằng tiếng Séc.	Wikipedia tiếng Séc đã được viết bằng 	 Wikipedia tiếng Séc được viết bằng tiếng Séc.	 Wikipedia tiếng Séc được viết bằng 	tiếng Séc	['Czech', 'cs', 'ces']	{'tiếng Séc': 5}	0	-60.4375	0	{'tiếng Séc': 2}	0	-67.1875	1
99	Q11148	The Guardian	The Guardian	Q1860	English	tiếng Anh	The Guardian was written in English .	The Guardian đã được viết bằng tiếng Anh.	The Guardian đã được viết bằng 	 Tờ The Guardian được viết bằng tiếng Anh.	 Tờ The Guardian được viết bằng 	tiếng Anh	['English', 'tiếng Mỹ', 'tiếng Mĩ', 'Anh ngữ']	{'tiếng Anh': 2}	0	-59.46875	1	{'tiếng Anh': 1}	1	-63.9375	1
100	Q1198574	South China Morning Post	South China Morning Post	Q1860	English	tiếng Anh	South China Morning Post was written in English .	South China Morning Post đã được viết bằng tiếng Anh.	South China Morning Post đã được viết bằng 	 Tờ South China Morning Post được viết bằng tiếng Anh.	 Tờ South China Morning Post được viết bằng 	tiếng Anh	['English', 'tiếng Mỹ', 'tiếng Mĩ', 'Anh ngữ']	{'tiếng Anh': 1}	1	-56.53125	1	{'tiếng Anh': 1}	1	-65.3125	1
101	Q147787	Anna Karenina	Anna Karenina	Q7737	Russian	tiếng Nga	Anna Karenina was written in Russian .	Anna Karenina đã được viết bằng tiếng Nga.	Anna Karenina đã được viết bằng 	 Anna Karenina được viết bằng tiếng Nga.	 Anna Karenina được viết bằng 	tiếng Nga	['Russian', 'Tiếng Nga', 'Ru', 'ru']	{'tiếng Nga': 2}	0	-53.625	1	{'tiếng Nga': 1}	1	-60.75	1
102	Q203488	Croatian Wikipedia	Wikipedia tiếng Croatia	Q6654	Croatian	tiếng Croatia	Croatian Wikipedia was written in Croatian .	Wikipedia tiếng Croatia đã được viết bằng tiếng Croatia.	Wikipedia tiếng Croatia đã được viết bằng 	 Wikipedia tiếng Croatia được viết bằng tiếng Croatia.	 Wikipedia tiếng Croatia được viết bằng 	tiếng Croatia	['Croatian']	{'tiếng Croatia': 2}	0	-63.21875	1	{'tiếng Croatia': 1}	1	-68.0	1
103	Q646521	Mi Reflejo	Mi Reflejo	Q1321	Spanish	tiếng Tây Ban Nha	Mi Reflejo was written in Spanish .	Mi Reflejo đã được viết bằng tiếng Tây Ban Nha.	Mi Reflejo đã được viết bằng 	 Mi Reflejo được viết bằng tiếng Tây Ban Nha.	 Mi Reflejo được viết bằng 	tiếng Tây Ban Nha	['Spanish', 'tiếng Y Pha Nho', 'es']	{'tiếng Tây Ban Nha': 2}	0	-59.34375	1	{'tiếng Tây Ban Nha': 1}	1	-66.6875	1
104	Q200386	Serbian Wikipedia	Wikipedia tiếng Serbia	Q9299	Serbian	tiếng Serbia	Serbian Wikipedia was written in Serbian .	Wikipedia tiếng Serbia đã được viết bằng tiếng Serbia.	Wikipedia tiếng Serbia đã được viết bằng 	 Wikipedia tiếng Serbia được viết bằng tiếng Serbia.	 Wikipedia tiếng Serbia được viết bằng 	tiếng Serbia	['Serbian', 'tiếng Séc-bi', 'sr']	{'tiếng Serbia': 1}	1	-61.40625	1	{'tiếng Serbia': 1}	1	-68.0	1
105	Q11920	Italian Wikipedia	Wikipedia tiếng Ý	Q652	Italian	tiếng Ý	Italian Wikipedia was written in Italian .	Wikipedia tiếng Ý đã được viết bằng tiếng Ý.	Wikipedia tiếng Ý đã được viết bằng 	 Wikipedia tiếng Ý được viết bằng tiếng Ý.	 Wikipedia tiếng Ý được viết bằng 	tiếng Ý	['Italian', 'tiếng Italia', 'it']	{'tiếng Ý': 1}	1	-64.625	1	{'tiếng Ý': 1}	1	-66.6875	1
107	Q1130512	The 9th Company	Đại đội 9	Q7737	Russian	tiếng Nga	The 9th Company was written in Russian .	Đại đội 9 đã được viết bằng tiếng Nga.	Đại đội 9 đã được viết bằng 	 Đại đội 9 được viết bằng tiếng Nga.	 Đại đội 9 được viết bằng 	tiếng Nga	['Russian', 'Tiếng Nga', 'Ru', 'ru']	{'tiếng Nga': 16}	0	-73.625	0	{'tiếng Nga': 19}	0	-67.875	0
108	Q18336315	Ian	Ian	Q1860	English	tiếng Anh	Ian was written in English .	Ian đã được viết bằng tiếng Anh.	Ian đã được viết bằng 	 Ian được viết bằng tiếng Anh.	 Ian được viết bằng 	tiếng Anh	['English', 'tiếng Mỹ', 'tiếng Mĩ', 'Anh ngữ']	{'tiếng Anh': 2}	0	-53.375	1	{'tiếng Anh': 1}	1	-58.09375	1
109	Q1067878	Urdu Wikipedia	Wikipedia tiếng Urdu	Q1617	Urdu	tiếng Urdu	Urdu Wikipedia was written in Urdu .	Wikipedia tiếng Urdu đã được viết bằng tiếng Urdu.	Wikipedia tiếng Urdu đã được viết bằng 	 Wikipedia tiếng Urdu được viết bằng tiếng Urdu.	 Wikipedia tiếng Urdu được viết bằng 	tiếng Urdu	['Urdu']	{'tiếng Urdu': 5}	0	-64.5	0	{'tiếng Urdu': 5}	0	-67.625	0
110	Q58419	Alright, Still	Alright, Still	Q1860	English	tiếng Anh	Alright, Still was written in English .	Alright, Still đã được viết bằng tiếng Anh.	Alright, Still đã được viết bằng 	Được rồi, Still được viết bằng tiếng Anh.	Được rồi, Still được viết bằng 	tiếng Anh	['English', 'tiếng Mỹ', 'tiếng Mĩ', 'Anh ngữ']	{'tiếng Anh': 1}	1	-77.75	1	{'tiếng Anh': 2}	0	-84.25	1
111	Q8449	Spanish Wikipedia	Wikipedia tiếng Tây Ban Nha	Q1321	Spanish	tiếng Tây Ban Nha	Spanish Wikipedia was written in Spanish .	Wikipedia tiếng Tây Ban Nha đã được viết bằng tiếng Tây Ban Nha.	Wikipedia tiếng Tây Ban Nha đã được viết bằng 	 Wikipedia tiếng Tây Ban Nha được viết bằng tiếng Tây Ban Nha.	 Wikipedia tiếng Tây Ban Nha được viết bằng 	tiếng Tây Ban Nha	['Spanish', 'tiếng Y Pha Nho', 'es']	{'tiếng Tây Ban Nha': 1}	1	-59.59375	1	{'tiếng Tây Ban Nha': 1}	1	-64.25	1
112	Q3295515	The Beatles	The Beatles	Q1860	English	tiếng Anh	The Beatles was written in English .	The Beatles đã được viết bằng tiếng Anh.	The Beatles đã được viết bằng 	 The Beatles được viết bằng tiếng Anh.	 The Beatles được viết bằng 	tiếng Anh	['English', 'tiếng Mỹ', 'tiếng Mĩ', 'Anh ngữ']	{'tiếng Anh': 1}	1	-55.3125	1	{'tiếng Anh': 1}	1	-55.78125	1
113	Q154674	Treaty of Utrecht	Hiệp ước Utrecht	Q1860	English	tiếng Anh	Treaty of Utrecht was written in English .	Hiệp ước Utrecht đã được viết bằng tiếng Anh.	Hiệp ước Utrecht đã được viết bằng 	 Hiệp ước Utrecht được viết bằng tiếng Anh.	 Hiệp ước Utrecht được viết bằng 	tiếng Anh	['English', 'tiếng Mỹ', 'tiếng Mĩ', 'Anh ngữ']	{'tiếng Anh': 1}	1	-66.1875	1	{'tiếng Anh': 1}	1	-74.375	1
114	Q175482	Finnish Wikipedia	Wikipedia tiếng Phần Lan	Q1412	Finnish	tiếng Phần Lan	Finnish Wikipedia was written in Finnish .	Wikipedia tiếng Phần Lan đã được viết bằng tiếng Phần Lan.	Wikipedia tiếng Phần Lan đã được viết bằng 	 Wikipedia tiếng Phần Lan được viết bằng tiếng Phần Lan.	 Wikipedia tiếng Phần Lan được viết bằng 	tiếng Phần Lan	['Finnish', 'fi']	{'tiếng Phần Lan': 1}	1	-60.1875	1	{'tiếng Phần Lan': 1}	1	-65.875	1
115	Q1790510	QS World University Rankings	Bảng xếp hạng đại học thế giới Quacquarelli Symonds	Q1860	English	tiếng Anh	QS World University Rankings was written in English .	Bảng xếp hạng đại học thế giới Quacquarelli Symonds đã được viết bằng tiếng Anh.	Bảng xếp hạng đại học thế giới Quacquarelli Symonds đã được viết bằng 	 Bảng xếp hạng các trường đại học thế giới QS được viết bằng tiếng Anh.	 Bảng xếp hạng các trường đại học thế giới QS được viết bằng 	tiếng Anh	['English', 'tiếng Mỹ', 'tiếng Mĩ', 'Anh ngữ']	{'tiếng Anh': 1}	1	-76.0625	1	{'tiếng Anh': 1}	1	-83.125	1
116	Q19263687	How Big, How Blue, How Beautiful	How Big	Q1860	English	tiếng Anh	How Big, How Blue, How Beautiful was written in English .	How Big đã được viết bằng tiếng Anh.	How Big đã được viết bằng 	 How Big, How Blue, How Beautiful được viết bằng tiếng Anh.	 How Big, How Blue, How Beautiful được viết bằng 	tiếng Anh	['English', 'tiếng Mỹ', 'tiếng Mĩ', 'Anh ngữ']	{'tiếng Anh': 3}	0	-72.8125	1	{'tiếng Anh': 1}	1	-72.5625	1
117	Q1318400	Thai Rath	Thai Rath	Q9217	Thai	tiếng Thái	Thai Rath was written in Thai .	Thai Rath đã được viết bằng tiếng Thái.	Thai Rath đã được viết bằng 	 Thai Rath được viết bằng tiếng Thái.	 Thai Rath được viết bằng 	tiếng Thái	['Thai', 'tiếng Thái Lan', 'tiếng Xiêm']	{'tiếng Thái': 1}	1	-64.9375	1	{'tiếng Thái': 1}	1	-65.3125	1
118	Q473201	Turbo Pascal	Turbo Pascal	Q81571	Pascal	Pascal	Turbo Pascal was written in Pascal .	Turbo Pascal đã được viết bằng Pascal.	Turbo Pascal đã được viết bằng 	 Turbo Pascal được viết bằng Pascal.	 Turbo Pascal được viết bằng 	Pascal	['Pascal', 'Ngôn ngữ lập trình Pascal', 'Ngôn ngữ Pascal']	{'Pascal': 7}	0	-50.3125	0	{'Pascal': 3}	0	-57.03125	1
119	Q236023	Kyrgyz Revolution of 2010	Bạo động Kyrgyzstan năm 2010	Q7737	Russian	tiếng Nga	Kyrgyz Revolution of 2010 was written in Russian .	Bạo động Kyrgyzstan năm 2010 đã được viết bằng tiếng Nga.	Bạo động Kyrgyzstan năm 2010 đã được viết bằng 	 Cuộc cách mạng Kyrgyzstan năm 2010 được viết bằng tiếng Nga.	 Cuộc cách mạng Kyrgyzstan năm 2010 được viết bằng 	tiếng Nga	['Russian', 'Tiếng Nga', 'Ru', 'ru']	{'tiếng Nga': 2}	0	-80.8125	1	{'tiếng Nga': 3}	0	-73.4375	1
120	Q3181422	Kannada Wikipedia	Wikipedia tiếng Kannada	Q33673	Kannada	tiếng Kannada	Kannada Wikipedia was written in Kannada .	Wikipedia tiếng Kannada đã được viết bằng tiếng Kannada.	Wikipedia tiếng Kannada đã được viết bằng 	 Wikipedia tiếng Kannada được viết bằng tiếng Kannada.	 Wikipedia tiếng Kannada được viết bằng 	tiếng Kannada	['Kannada', 'Kannada']	{'tiếng Kannada': 1}	1	-66.625	1	{'tiếng Kannada': 1}	1	-69.875	1
121	Q1141350	Invisible Touch	Invisible Touch	Q1860	English	tiếng Anh	Invisible Touch was written in English .	Invisible Touch đã được viết bằng tiếng Anh.	Invisible Touch đã được viết bằng 	 Invisible Touch được viết bằng tiếng Anh.	 Invisible Touch được viết bằng 	tiếng Anh	['English', 'tiếng Mỹ', 'tiếng Mĩ', 'Anh ngữ']	{'tiếng Anh': 1}	1	-60.75	1	{'tiếng Anh': 1}	1	-65.9375	1
122	Q104123	Pulp Fiction	Pulp Fiction	Q1860	English	tiếng Anh	Pulp Fiction was written in English .	Pulp Fiction đã được viết bằng tiếng Anh.	Pulp Fiction đã được viết bằng 	 Pulp Fiction được viết bằng tiếng Anh.	 Pulp Fiction được viết bằng 	tiếng Anh	['English', 'tiếng Mỹ', 'tiếng Mĩ', 'Anh ngữ']	{'tiếng Anh': 1}	1	-58.03125	1	{'tiếng Anh': 1}	1	-59.125	1
123	Q7942354	Vox Media	Vox Media	Q1860	English	tiếng Anh	Vox Media was written in English .	Vox Media đã được viết bằng tiếng Anh.	Vox Media đã được viết bằng 	 Vox Media được viết bằng tiếng Anh.	 Vox Media được viết bằng 	tiếng Anh	['English', 'tiếng Mỹ', 'tiếng Mĩ', 'Anh ngữ']	{'tiếng Anh': 2}	0	-62.09375	1	{'tiếng Anh': 1}	1	-57.65625	1
124	Q131713	Wilhelmus	Wilhelmus van Nassouwe	Q7411	Dutch	tiếng Hà Lan	Wilhelmus was written in Dutch .	Wilhelmus van Nassouwe đã được viết bằng tiếng Hà Lan.	Wilhelmus van Nassouwe đã được viết bằng 	 Wilhelmus được viết bằng tiếng Hà Lan.	 Wilhelmus được viết bằng 	tiếng Hà Lan	['Dutch', 'nl']	{'tiếng Hà Lan': 5}	0	-69.9375	0	{'tiếng Hà Lan': 1}	1	-64.375	1
125	Q15272117	I See Fire	I See Fire	Q1860	English	tiếng Anh	I See Fire was written in English .	I See Fire đã được viết bằng tiếng Anh.	I See Fire đã được viết bằng 	 I See Fire được viết bằng tiếng Anh.	 I See Fire được viết bằng 	tiếng Anh	['English', 'tiếng Mỹ', 'tiếng Mĩ', 'Anh ngữ']	{'tiếng Anh': 1}	1	-63.125	1	{'tiếng Anh': 1}	1	-62.3125	1
126	Q200183	Simple English Wikipedia	Wikipedia tiếng Anh đơn giản	Q1860	English	tiếng Anh	Simple English Wikipedia was written in English .	Wikipedia tiếng Anh đơn giản đã được viết bằng tiếng Anh.	Wikipedia tiếng Anh đơn giản đã được viết bằng 	 Wikipedia tiếng Anh đơn giản được viết bằng tiếng Anh.	 Wikipedia tiếng Anh đơn giản được viết bằng 	tiếng Anh	['English', 'tiếng Mỹ', 'tiếng Mĩ', 'Anh ngữ']	{'tiếng Anh': 1}	1	-55.4375	1	{'tiếng Anh': 1}	1	-66.5625	1
127	Q169514	Swedish Wikipedia	Wikipedia tiếng Thụy Điển	Q9027	Swedish	tiếng Thụy Điển	Swedish Wikipedia was written in Swedish .	Wikipedia tiếng Thụy Điển đã được viết bằng tiếng Thụy Điển.	Wikipedia tiếng Thụy Điển đã được viết bằng 	 Wikipedia tiếng Thụy Điển được viết bằng tiếng Thụy Điển.	 Wikipedia tiếng Thụy Điển được viết bằng 	tiếng Thụy Điển	['Swedish', 'tiếng Thuỵ Điển']	{'tiếng Thụy Điển': 1}	1	-58.9375	1	{'tiếng Thụy Điển': 1}	1	-68.4375	1
129	Q1067299	Toronto Star	Toronto Star	Q1860	English	tiếng Anh	Toronto Star was written in English .	Toronto Star đã được viết bằng tiếng Anh.	Toronto Star đã được viết bằng 	 Tờ Toronto Star được viết bằng tiếng Anh.	 Tờ Toronto Star được viết bằng 	tiếng Anh	['English', 'tiếng Mỹ', 'tiếng Mĩ', 'Anh ngữ']	{'tiếng Anh': 2}	0	-59.71875	1	{'tiếng Anh': 1}	1	-66.0	1
130	Q474026	Amor prohibido (Albúm 1994)	Amor Prohibido	Q1321	Spanish	tiếng Tây Ban Nha	Amor prohibido (Albúm 1994) was written in Spanish .	Amor Prohibido đã được viết bằng tiếng Tây Ban Nha.	Amor Prohibido đã được viết bằng 	 Amor prohibido (Albúm 1994) được viết bằng tiếng Tây Ban Nha.	 Amor prohibido (Albúm 1994) được viết bằng 	tiếng Tây Ban Nha	['Spanish', 'tiếng Y Pha Nho', 'es']	{'tiếng Tây Ban Nha': 2}	0	-63.6875	1	{'tiếng Tây Ban Nha': 1}	1	-95.1875	1
131	Q1551807	Polish Wikipedia	Wikipedia tiếng Ba Lan	Q809	Polish	tiếng Ba Lan	Polish Wikipedia was written in Polish .	Wikipedia tiếng Ba Lan đã được viết bằng tiếng Ba Lan.	Wikipedia tiếng Ba Lan đã được viết bằng 	Wikipedia tiếng Ba Lan được viết bằng tiếng Ba Lan.	Wikipedia tiếng Ba Lan được viết bằng 	tiếng Ba Lan	['Polish']	{'tiếng Ba Lan': 1}	1	-57.03125	1	{'tiếng Ba Lan': 1}	1	-52.125	1
132	Q890934	Girl Who Got Away	Girl Who Got Away	Q1860	English	tiếng Anh	Girl Who Got Away was written in English .	Girl Who Got Away đã được viết bằng tiếng Anh.	Girl Who Got Away đã được viết bằng 	 Girl Who Got Away được viết bằng tiếng Anh.	 Girl Who Got Away được viết bằng 	tiếng Anh	['English', 'tiếng Mỹ', 'tiếng Mĩ', 'Anh ngữ']	{'tiếng Anh': 3}	0	-61.28125	1	{'tiếng Anh': 1}	1	-66.6875	1
133	Q1976473	The Elusive Avengers	Những kẻ báo thù không bao giờ bị bắt	Q7737	Russian	tiếng Nga	The Elusive Avengers was written in Russian .	Những kẻ báo thù không bao giờ bị bắt đã được viết bằng tiếng Nga.	Những kẻ báo thù không bao giờ bị bắt đã được viết bằng 	 Elusive Avengers được viết bằng tiếng Nga.	 Elusive Avengers được viết bằng 	tiếng Nga	['Russian', 'Tiếng Nga', 'Ru', 'ru']	{'tiếng Nga': 24}	0	-82.25	0	{'tiếng Nga': 24}	0	-66.4375	0
135	Q200060	Estonian Wikipedia	Wikipedia tiếng Estonia	Q9072	Estonian	tiếng Estonia	Estonian Wikipedia was written in Estonian .	Wikipedia tiếng Estonia đã được viết bằng tiếng Estonia.	Wikipedia tiếng Estonia đã được viết bằng 	 Wikipedia tiếng Estonia được viết bằng tiếng Estonia.	 Wikipedia tiếng Estonia được viết bằng 	tiếng Estonia	['Estonian']	{'tiếng Estonia': 2}	0	-inf	1	{'tiếng Estonia': 1}	1	-66.4375	1
136	Q806491	Bangkok Post	Bangkok Post	Q1860	English	tiếng Anh	Bangkok Post was written in English .	Bangkok Post đã được viết bằng tiếng Anh.	Bangkok Post đã được viết bằng 	 Bangkok Post được viết bằng tiếng Anh.	 Bangkok Post được viết bằng 	tiếng Anh	['English', 'tiếng Mỹ', 'tiếng Mĩ', 'Anh ngữ']	{'tiếng Anh': 1}	1	-59.8125	1	{'tiếng Anh': 2}	0	-60.59375	1
137	Q18049522	HuffPost	HuffPost	Q1860	English	tiếng Anh	HuffPost was written in English .	HuffPost đã được viết bằng tiếng Anh.	HuffPost đã được viết bằng 	 HuffPost được viết bằng tiếng Anh.	 HuffPost được viết bằng 	tiếng Anh	['English', 'tiếng Mỹ', 'tiếng Mĩ', 'Anh ngữ']	{'tiếng Anh': 1}	1	-59.78125	1	{'tiếng Anh': 1}	1	-61.5625	1
138	Q815527	Jyllands-Posten	Jyllands Posten	Q9035	Danish	tiếng Đan Mạch	Jyllands-Posten was written in Danish .	Jyllands Posten đã được viết bằng tiếng Đan Mạch.	Jyllands Posten đã được viết bằng 	 Tờ Jyllands-Posten được viết bằng tiếng Đan Mạch.	 Tờ Jyllands-Posten được viết bằng 	tiếng Đan Mạch	['Danish']	{'tiếng Đan Mạch': 1}	1	-67.75	1	{'tiếng Đan Mạch': 1}	1	-68.1875	1
139	Q173643	Abbey Road	Abbey Road	Q1860	English	tiếng Anh	Abbey Road was written in English .	Abbey Road đã được viết bằng tiếng Anh.	Abbey Road đã được viết bằng 	 Abbey Road được viết bằng tiếng Anh.	 Abbey Road được viết bằng 	tiếng Anh	['English', 'tiếng Mỹ', 'tiếng Mĩ', 'Anh ngữ']	{'tiếng Anh': 1}	1	-55.84375	1	{'tiếng Anh': 1}	1	-62.40625	1
140	Q153723	Inglourious Basterds	Inglourious Basterds	Q1860	English	tiếng Anh	Inglourious Basterds was written in English .	Inglourious Basterds đã được viết bằng tiếng Anh.	Inglourious Basterds đã được viết bằng 	 Inglourious Basterds được viết bằng tiếng Anh.	 Inglourious Basterds được viết bằng 	tiếng Anh	['English', 'tiếng Mỹ', 'tiếng Mĩ', 'Anh ngữ']	{'tiếng Anh': 1}	1	-53.1875	1	{'tiếng Anh': 1}	1	-53.5	1
141	Q2062366	Tydfil	Tydfil	Q9309	Welsh	tiếng Wales	Tydfil was written in Welsh .	Tydfil đã được viết bằng tiếng Wales.	Tydfil đã được viết bằng 	 Tydfil được viết bằng tiếng Wales.	 Tydfil được viết bằng 	tiếng Wales	['Welsh', 'tiếng Gan']	{'tiếng Wales': 2}	0	-62.625	1	{'tiếng Wales': 1}	1	-65.125	1
142	Q255381	Pinterest	Pinterest	Q1860	English	tiếng Anh	Pinterest was written in English .	Pinterest đã được viết bằng tiếng Anh.	Pinterest đã được viết bằng 	 Pinterest được viết bằng tiếng Anh.	 Pinterest được viết bằng 	tiếng Anh	['English', 'tiếng Mỹ', 'tiếng Mĩ', 'Anh ngữ']	{'tiếng Anh': 2}	0	-49.9375	1	{'tiếng Anh': 1}	1	-54.53125	1
144	Q923	Alexander	Alexander	Q1860	English	tiếng Anh	Alexander was written in English .	Alexander đã được viết bằng tiếng Anh.	Alexander đã được viết bằng 	 Alexander được viết bằng tiếng Anh.	 Alexander được viết bằng 	tiếng Anh	['English', 'tiếng Mỹ', 'tiếng Mĩ', 'Anh ngữ']	{'tiếng Anh': 1}	1	-55.78125	1	{'tiếng Anh': 2}	0	-57.0625	1
145	Q14918344	The Imitation Game	The Imitation Game	Q1860	English	tiếng Anh	The Imitation Game was written in English .	The Imitation Game đã được viết bằng tiếng Anh.	The Imitation Game đã được viết bằng 	 Trò chơi bắt chước được viết bằng tiếng Anh.	 Trò chơi bắt chước được viết bằng 	tiếng Anh	['English', 'tiếng Mỹ', 'tiếng Mĩ', 'Anh ngữ']	{'tiếng Anh': 1}	1	-59.65625	1	{'tiếng Anh': 1}	1	-72.3125	1
146	Q192039	Don Giovanni	Don Giovanni	Q652	Italian	tiếng Ý	Don Giovanni was written in Italian .	Don Giovanni đã được viết bằng tiếng Ý.	Don Giovanni đã được viết bằng 	 Don Giovanni được viết bằng tiếng Ý.	 Don Giovanni được viết bằng 	tiếng Ý	['Italian', 'tiếng Italia', 'it']	{'tiếng Ý': 2}	0	-55.21875	1	{'tiếng Ý': 1}	1	-60.9375	1
147	Q44289	Off the Wall	Off the Wall	Q1860	English	tiếng Anh	Off the Wall was written in English .	Off the Wall đã được viết bằng tiếng Anh.	Off the Wall đã được viết bằng 	 Off the Wall được viết bằng tiếng Anh.	 Off the Wall được viết bằng 	tiếng Anh	['English', 'tiếng Mỹ', 'tiếng Mĩ', 'Anh ngữ']	{'tiếng Anh': 2}	0	-57.53125	1	{'tiếng Anh': 1}	1	-65.1875	1
148	Q2296499	Seventeen	Seventeen	Q1860	English	tiếng Anh	Seventeen was written in English .	Seventeen đã được viết bằng tiếng Anh.	Seventeen đã được viết bằng 	 Mười bảy được viết bằng tiếng Anh.	 Mười bảy được viết bằng 	tiếng Anh	['English', 'tiếng Mỹ', 'tiếng Mĩ', 'Anh ngữ']	{'tiếng Anh': 1}	1	-52.90625	1	{'tiếng Anh': 2}	0	-65.375	1
149	Q199693	Catalan Wikipedia	Wikipedia tiếng Catalan	Q7026	Catalan	tiếng Catalan	Catalan Wikipedia was written in Catalan .	Wikipedia tiếng Catalan đã được viết bằng tiếng Catalan.	Wikipedia tiếng Catalan đã được viết bằng 	 Wikipedia tiếng Catalan được viết bằng tiếng Catalan.	 Wikipedia tiếng Catalan được viết bằng 	tiếng Catalan	['Catalan', 'tiếng Catalunya', 'tiếng Catala']	{'tiếng Catalan': 4}	0	-inf	0	{'tiếng Catalan': 3}	0	-inf	1
150	Q200180	Vietnamese Wikipedia	Wikipedia tiếng Việt	Q9199	Vietnamese	tiếng Việt	Vietnamese Wikipedia was written in Vietnamese .	Wikipedia tiếng Việt đã được viết bằng tiếng Việt.	Wikipedia tiếng Việt đã được viết bằng 	 Wikipedia tiếng Việt được viết bằng tiếng Việt.	 Wikipedia tiếng Việt được viết bằng 	tiếng Việt	['Vietnamese', 'Việt ngữ', 'tiếng Việt Nam', 'tiếng Kinh', 'tiếng An Nam', 'vi', 'tiếng Việt-Nam', 'tiếng An-Nam']	{'tiếng Việt': 1}	1	-43.21875	1	{'tiếng Việt': 1}	1	-52.8125	1
151	Q574910	Pink Moon	Pink Moon	Q1860	English	tiếng Anh	Pink Moon was written in English .	Pink Moon đã được viết bằng tiếng Anh.	Pink Moon đã được viết bằng 	 Pink Moon được viết bằng tiếng Anh.	 Pink Moon được viết bằng 	tiếng Anh	['English', 'tiếng Mỹ', 'tiếng Mĩ', 'Anh ngữ']	{'tiếng Anh': 1}	1	-59.5625	1	{'tiếng Anh': 1}	1	-62.6875	1
152	Q5064	The Magic Flute	Die Zauberflöte	Q188	German	tiếng Đức	The Magic Flute was written in German .	Die Zauberflöte đã được viết bằng tiếng Đức.	Die Zauberflöte đã được viết bằng 	 Cây sáo thần được viết bằng tiếng Đức.	 Cây sáo thần được viết bằng 	tiếng Đức	['German', 'de']	{'tiếng Đức': 1}	1	-59.03125	1	{'tiếng Đức': 27}	0	-74.0625	0
153	Q202996	OK Computer	OK Computer	Q1860	English	tiếng Anh	OK Computer was written in English .	OK Computer đã được viết bằng tiếng Anh.	OK Computer đã được viết bằng 	OK Computer được viết bằng tiếng Anh.	OK Computer được viết bằng 	tiếng Anh	['English', 'tiếng Mỹ', 'tiếng Mĩ', 'Anh ngữ']	{'tiếng Anh': 1}	1	-54.09375	1	{'tiếng Anh': 1}	1	-51.5625	1
155	Q1215200	White	White	Q1860	English	tiếng Anh	White was written in English .	White đã được viết bằng tiếng Anh.	White đã được viết bằng 	 Màu trắng được viết bằng tiếng Anh.	 Màu trắng được viết bằng 	tiếng Anh	['English', 'tiếng Mỹ', 'tiếng Mĩ', 'Anh ngữ']	{'tiếng Anh': 2}	0	-58.65625	1	{'tiếng Anh': 3}	0	-56.78125	1
156	Q461	Internet Archive	Internet Archive	Q1860	English	tiếng Anh	Internet Archive was written in English .	Internet Archive đã được viết bằng tiếng Anh.	Internet Archive đã được viết bằng 	 Internet Archive được viết bằng tiếng Anh.	 Internet Archive được viết bằng 	tiếng Anh	['English', 'tiếng Mỹ', 'tiếng Mĩ', 'Anh ngữ']	{'tiếng Anh': 1}	1	-60.21875	1	{'tiếng Anh': 1}	1	-59.3125	1
157	Q781387	Anastasia	Anastasia	Q7737	Russian	tiếng Nga	Anastasia was written in Russian .	Anastasia đã được viết bằng tiếng Nga.	Anastasia đã được viết bằng 	 Anastasia được viết bằng tiếng Nga.	 Anastasia được viết bằng 	tiếng Nga	['Russian', 'Tiếng Nga', 'Ru', 'ru']	{'tiếng Nga': 5}	0	-60.59375	0	{'tiếng Nga': 1}	1	-61.15625	1
158	Q673324	Le Temps	Le Temps	Q150	French	tiếng Pháp	Le Temps was written in French .	Le Temps đã được viết bằng tiếng Pháp.	Le Temps đã được viết bằng 	 Le Temps được viết bằng tiếng Pháp.	 Le Temps được viết bằng 	tiếng Pháp	['French', 'Pháp ngữ']	{'tiếng Pháp': 1}	1	-57.40625	1	{'tiếng Pháp': 1}	1	-62.15625	1
160	Q328993	Definitely Maybe	Definitely Maybe	Q1860	English	tiếng Anh	Definitely Maybe was written in English .	Definitely Maybe đã được viết bằng tiếng Anh.	Definitely Maybe đã được viết bằng 	 Definitely Maybe được viết bằng tiếng Anh.	 Definitely Maybe được viết bằng 	tiếng Anh	['English', 'tiếng Mỹ', 'tiếng Mĩ', 'Anh ngữ']	{'tiếng Anh': 3}	0	-57.875	1	{'tiếng Anh': 1}	1	-61.34375	1
161	Q734543	Some Great Reward	Some Great Reward	Q1860	English	tiếng Anh	Some Great Reward was written in English .	Some Great Reward đã được viết bằng tiếng Anh.	Some Great Reward đã được viết bằng 	 Một số phần thưởng lớn được viết bằng tiếng Anh.	 Một số phần thưởng lớn được viết bằng 	tiếng Anh	['English', 'tiếng Mỹ', 'tiếng Mĩ', 'Anh ngữ']	{'tiếng Anh': 1}	1	-69.75	1	{'tiếng Anh': 1}	1	-68.0625	1
162	Q835454	Guantanamera	Guantanamera	Q1321	Spanish	tiếng Tây Ban Nha	Guantanamera was written in Spanish .	Guantanamera đã được viết bằng tiếng Tây Ban Nha.	Guantanamera đã được viết bằng 	 Guantanamera được viết bằng tiếng Tây Ban Nha.	 Guantanamera được viết bằng 	tiếng Tây Ban Nha	['Spanish', 'tiếng Y Pha Nho', 'es']	{'tiếng Tây Ban Nha': 3}	0	-58.90625	1	{'tiếng Tây Ban Nha': 1}	1	-63.75	1
163	Q255381	Pinterest	Pinterest	Q150	French	tiếng Pháp	Pinterest was written in French .	Pinterest đã được viết bằng tiếng Pháp.	Pinterest đã được viết bằng 	 Pinterest được viết bằng tiếng Pháp.	 Pinterest được viết bằng 	tiếng Pháp	['French', 'Pháp ngữ']	{'tiếng Pháp': 23}	0	-49.9375	0	{'tiếng Pháp': 21}	0	-54.53125	0
164	Q187745	Bohemian Rhapsody	Bohemian Rhapsody	Q1860	English	tiếng Anh	Bohemian Rhapsody was written in English .	Bohemian Rhapsody đã được viết bằng tiếng Anh.	Bohemian Rhapsody đã được viết bằng 	 Bohemian Rhapsody được viết bằng tiếng Anh.	 Bohemian Rhapsody được viết bằng 	tiếng Anh	['English', 'tiếng Mỹ', 'tiếng Mĩ', 'Anh ngữ']	{'tiếng Anh': 1}	1	-49.125	1	{'tiếng Anh': 1}	1	-55.40625	1
165	Q8447	French Wikipedia	Wikipedia tiếng Pháp	Q150	French	tiếng Pháp	French Wikipedia was written in French .	Wikipedia tiếng Pháp đã được viết bằng tiếng Pháp.	Wikipedia tiếng Pháp đã được viết bằng 	 Wikipedia tiếng Pháp được viết bằng tiếng Pháp.	 Wikipedia tiếng Pháp được viết bằng 	tiếng Pháp	['French', 'Pháp ngữ']	{'tiếng Pháp': 2}	0	-52.09375	1	{'tiếng Pháp': 1}	1	-59.4375	1
166	Q647379	Dead Souls	Những linh hồn chết	Q7737	Russian	tiếng Nga	Dead Souls was written in Russian .	Những linh hồn chết đã được viết bằng tiếng Nga.	Những linh hồn chết đã được viết bằng 	 Dead Souls được viết bằng tiếng Nga.	 Dead Souls được viết bằng 	tiếng Nga	['Russian', 'Tiếng Nga', 'Ru', 'ru']	{'tiếng Nga': 30}	0	-60.0	0	{'tiếng Nga': 1}	1	-58.5625	1
169	Q188515	Los Angeles Times	Los Angeles Times	Q1860	English	tiếng Anh	Los Angeles Times was written in English .	Los Angeles Times đã được viết bằng tiếng Anh.	Los Angeles Times đã được viết bằng 	 Tờ Los Angeles Times được viết bằng tiếng Anh.	 Tờ Los Angeles Times được viết bằng 	tiếng Anh	['English', 'tiếng Mỹ', 'tiếng Mĩ', 'Anh ngữ']	{'tiếng Anh': 2}	0	-58.25	1	{'tiếng Anh': 1}	1	-66.6875	1
170	Q11354	Apache HTTP Server	Apache	Q1860	English	tiếng Anh	Apache HTTP Server was written in English .	Apache đã được viết bằng tiếng Anh.	Apache đã được viết bằng 	 Máy chủ Apache HTTP được viết bằng tiếng Anh.	 Máy chủ Apache HTTP được viết bằng 	tiếng Anh	['English', 'tiếng Mỹ', 'tiếng Mĩ', 'Anh ngữ']	{'tiếng Anh': 1}	1	-49.1875	1	{'tiếng Anh': 3}	0	-65.5625	1
171	Q11876	The Little Match Girl	Cô bé bán diêm	Q9035	Danish	tiếng Đan Mạch	The Little Match Girl was written in Danish .	Cô bé bán diêm đã được viết bằng tiếng Đan Mạch.	Cô bé bán diêm đã được viết bằng 	 Cô bé bán diêm được viết bằng tiếng Đan Mạch.	 Cô bé bán diêm được viết bằng 	tiếng Đan Mạch	['Danish']	{'tiếng Đan Mạch': 44}	0	-71.0	0	{'tiếng Đan Mạch': 44}	0	-76.5625	0
172	Q164974	Oliver Twist	Oliver Twist	Q1860	English	tiếng Anh	Oliver Twist was written in English .	Oliver Twist đã được viết bằng tiếng Anh.	Oliver Twist đã được viết bằng 	 Oliver Twist được viết bằng tiếng Anh.	 Oliver Twist được viết bằng 	tiếng Anh	['English', 'tiếng Mỹ', 'tiếng Mĩ', 'Anh ngữ']	{'tiếng Anh': 1}	1	-53.65625	1	{'tiếng Anh': 1}	1	-56.6875	1
173	Q821172	RIA Novosti	RIA Novosti	Q7737	Russian	tiếng Nga	RIA Novosti was written in Russian .	RIA Novosti đã được viết bằng tiếng Nga.	RIA Novosti đã được viết bằng 	 RIA Novosti được viết bằng tiếng Nga.	 RIA Novosti được viết bằng 	tiếng Nga	['Russian', 'Tiếng Nga', 'Ru', 'ru']	{'tiếng Nga': 2}	0	-60.71875	1	{'tiếng Nga': 1}	1	-61.21875	1
174	Q1190886	The Japan Times	The Japan Times	Q1860	English	tiếng Anh	The Japan Times was written in English .	The Japan Times đã được viết bằng tiếng Anh.	The Japan Times đã được viết bằng 	 Tờ Japan Times được viết bằng tiếng Anh.	 Tờ Japan Times được viết bằng 	tiếng Anh	['English', 'tiếng Mỹ', 'tiếng Mĩ', 'Anh ngữ']	{'tiếng Anh': 1}	1	-66.25	1	{'tiếng Anh': 1}	1	-67.1875	1
175	Q92640	Alice's Adventures in Wonderland	Cuộc phiêu lưu của Alice vào Xứ sở thần tiên	Q1860	English	tiếng Anh	Alice's Adventures in Wonderland was written in English .	Cuộc phiêu lưu của Alice vào Xứ sở thần tiên đã được viết bằng tiếng Anh.	Cuộc phiêu lưu của Alice vào Xứ sở thần tiên đã được viết bằng 	Cuộc phiêu lưu của Alice ở xứ sở thần tiên được viết bằng tiếng Anh.	Cuộc phiêu lưu của Alice ở xứ sở thần tiên được viết bằng 	tiếng Anh	['English', 'tiếng Mỹ', 'tiếng Mĩ', 'Anh ngữ']	{'tiếng Anh': 1}	1	-70.75	1	{'tiếng Anh': 1}	1	-56.9375	1
176	Q722040	Hindi Wikipedia	Wikipedia tiếng Hindi	Q1568	Hindi	tiếng Hindi	Hindi Wikipedia was written in Hindi .	Wikipedia tiếng Hindi đã được viết bằng tiếng Hindi.	Wikipedia tiếng Hindi đã được viết bằng 	 Wikipedia tiếng Hindi được viết bằng tiếng Hindi.	 Wikipedia tiếng Hindi được viết bằng 	tiếng Hindi	['Hindi']	{'tiếng Hindi': 2}	0	-60.84375	1	{'tiếng Hindi': 2}	0	-66.9375	1
177	Q190640	Rubber Soul	Rubber Soul	Q1860	English	tiếng Anh	Rubber Soul was written in English .	Rubber Soul đã được viết bằng tiếng Anh.	Rubber Soul đã được viết bằng 	 Rubber Soul được viết bằng tiếng Anh.	 Rubber Soul được viết bằng 	tiếng Anh	['English', 'tiếng Mỹ', 'tiếng Mĩ', 'Anh ngữ']	{'tiếng Anh': 1}	1	-51.78125	1	{'tiếng Anh': 1}	1	-62.3125	1
179	Q170583	Pride and Prejudice	Kiêu hãnh và định kiến	Q1860	English	tiếng Anh	Pride and Prejudice was written in English .	Kiêu hãnh và định kiến đã được viết bằng tiếng Anh.	Kiêu hãnh và định kiến đã được viết bằng 	 Kiêu hãnh và định kiến được viết bằng tiếng Anh.	 Kiêu hãnh và định kiến được viết bằng 	tiếng Anh	['English', 'tiếng Mỹ', 'tiếng Mĩ', 'Anh ngữ']	{'tiếng Anh': 2}	0	-69.5625	1	{'tiếng Anh': 2}	0	-77.9375	1
180	Q43297	Time	Time	Q1860	English	tiếng Anh	Time was written in English .	Time đã được viết bằng tiếng Anh.	Time đã được viết bằng 	 Thời gian được viết bằng tiếng Anh.	 Thời gian được viết bằng 	tiếng Anh	['English', 'tiếng Mỹ', 'tiếng Mĩ', 'Anh ngữ']	{'tiếng Anh': 3}	0	-45.375	1	{'tiếng Anh': 2}	0	-47.125	1
181	Q643423	Whole Lotta Love	Whole Lotta Love	Q1860	English	tiếng Anh	Whole Lotta Love was written in English .	Whole Lotta Love đã được viết bằng tiếng Anh.	Whole Lotta Love đã được viết bằng 	 Whole Lotta Love được viết bằng tiếng Anh.	 Whole Lotta Love được viết bằng 	tiếng Anh	['English', 'tiếng Mỹ', 'tiếng Mĩ', 'Anh ngữ']	{'tiếng Anh': 2}	0	-56.65625	1	{'tiếng Anh': 1}	1	-59.59375	1
182	Q221254	Como ama una mujer	Como ama una mujer	Q1321	Spanish	tiếng Tây Ban Nha	Como ama una mujer was written in Spanish .	Como ama una mujer đã được viết bằng tiếng Tây Ban Nha.	Como ama una mujer đã được viết bằng 	 Como ama una mujer được viết bằng tiếng Tây Ban Nha.	 Como ama una mujer được viết bằng 	tiếng Tây Ban Nha	['Spanish', 'tiếng Y Pha Nho', 'es']	{'tiếng Tây Ban Nha': 5}	0	-72.8125	0	{'tiếng Tây Ban Nha': 3}	0	-73.5625	1
183	Q939416	The Lancet	The Lancet	Q1860	English	tiếng Anh	The Lancet was written in English .	The Lancet đã được viết bằng tiếng Anh.	The Lancet đã được viết bằng 	 Tạp chí Lancet được viết bằng tiếng Anh.	 Tạp chí Lancet được viết bằng 	tiếng Anh	['English', 'tiếng Mỹ', 'tiếng Mĩ', 'Anh ngữ']	{'tiếng Anh': 1}	1	-63.375	1	{'tiếng Anh': 1}	1	-69.0	1
184	Q92526	Sina Weibo	Sina Weibo	Q7850	Chinese	tiếng Trung Quốc	Sina Weibo was written in Chinese .	Sina Weibo đã được viết bằng tiếng Trung Quốc.	Sina Weibo đã được viết bằng 	 Sina Weibo được viết bằng tiếng Trung Quốc.	 Sina Weibo được viết bằng 	tiếng Trung Quốc	['Chinese', 'tiếng Hoa', 'tiếng Hán', 'tiếng Trung']	{'tiếng Trung Quốc': 1}	1	-57.875	1	{'tiếng Trung Quốc': 1}	1	-59.28125	1
185	Q1783363	Immigrant Song	Immigrant Song	Q1860	English	tiếng Anh	Immigrant Song was written in English .	Immigrant Song đã được viết bằng tiếng Anh.	Immigrant Song đã được viết bằng 	 Bài hát Immigrant Song được viết bằng tiếng Anh.	 Bài hát Immigrant Song được viết bằng 	tiếng Anh	['English', 'tiếng Mỹ', 'tiếng Mĩ', 'Anh ngữ']	{'tiếng Anh': 1}	1	-57.25	1	{'tiếng Anh': 1}	1	-68.1875	1
186	Q426127	…But Seriously	…But Seriously	Q1860	English	tiếng Anh	…But Seriously was written in English .	…But Seriously đã được viết bằng tiếng Anh.	…But Seriously đã được viết bằng 	 …Nhưng Seriously được viết bằng tiếng Anh.	 …Nhưng Seriously được viết bằng 	tiếng Anh	['English', 'tiếng Mỹ', 'tiếng Mĩ', 'Anh ngữ']	{'tiếng Anh': 2}	0	-74.8125	1	{'tiếng Anh': 1}	1	-92.8125	1
187	Q214371	The Great Gatsby	Đại gia Gatsby	Q1860	English	tiếng Anh	The Great Gatsby was written in English .	Đại gia Gatsby đã được viết bằng tiếng Anh.	Đại gia Gatsby đã được viết bằng 	 The Great Gatsby được viết bằng tiếng Anh.	 The Great Gatsby được viết bằng 	tiếng Anh	['English', 'tiếng Mỹ', 'tiếng Mĩ', 'Anh ngữ']	{'tiếng Anh': 1}	1	-74.125	1	{'tiếng Anh': 1}	1	-58.9375	1
188	Q10135	LibreOffice	LibreOffice	Q1860	English	tiếng Anh	LibreOffice was written in English .	LibreOffice đã được viết bằng tiếng Anh.	LibreOffice đã được viết bằng 	 LibreOffice được viết bằng tiếng Anh.	 LibreOffice được viết bằng 	tiếng Anh	['English', 'tiếng Mỹ', 'tiếng Mĩ', 'Anh ngữ']	{'tiếng Anh': 2}	0	-46.59375	1	{'tiếng Anh': 2}	0	-47.53125	1
189	Q255381	Pinterest	Pinterest	Q1321	Spanish	tiếng Tây Ban Nha	Pinterest was written in Spanish .	Pinterest đã được viết bằng tiếng Tây Ban Nha.	Pinterest đã được viết bằng 	 Pinterest được viết bằng tiếng Tây Ban Nha.	 Pinterest được viết bằng 	tiếng Tây Ban Nha	['Spanish', 'tiếng Y Pha Nho', 'es']	{'tiếng Tây Ban Nha': 28}	0	-49.9375	0	{'tiếng Tây Ban Nha': 31}	0	-54.53125	0
190	Q199739	Amar Sonar Bangla	Amar Sonar Bangla	Q9610	Bengali	tiếng Bengal	Amar Sonar Bangla was written in Bengali .	Amar Sonar Bangla đã được viết bằng tiếng Bengal.	Amar Sonar Bangla đã được viết bằng 	 Amar Sonar Bangla được viết bằng tiếng Bengal.	 Amar Sonar Bangla được viết bằng 	tiếng Bengal	['Bangla']	{'tiếng Bengal': 2}	0	-60.15625	1	{'tiếng Bengal': 1}	1	-59.4375	1
191	Q1930135	Power, Corruption & Lies	Power, Corruption & Lies	Q1860	English	tiếng Anh	Power, Corruption & Lies was written in English .	Power, Corruption & Lies đã được viết bằng tiếng Anh.	Power, Corruption & Lies đã được viết bằng 	 Quyền lực, Tham nhũng và Dối trá được viết bằng tiếng Anh.	 Quyền lực, Tham nhũng và Dối trá được viết bằng 	tiếng Anh	['English', 'tiếng Mỹ', 'tiếng Mĩ', 'Anh ngữ']	{'tiếng Anh': 1}	1	-61.15625	1	{'tiếng Anh': 1}	1	-95.5	1
192	Q1138257	Google Map Maker	Google Map Maker	Q9610	Bengali	tiếng Bengal	Google Map Maker was written in Bengali .	Google Map Maker đã được viết bằng tiếng Bengal.	Google Map Maker đã được viết bằng 	 Google Map Maker được viết bằng tiếng Bengali.	 Google Map Maker được viết bằng 	tiếng Bengal	['Bangla']	{'tiếng Bengal': 44}	0	-52.75	0	{'tiếng Bengal': 43}	0	-57.3125	0
193	Q645573	Winnipeg Free Press	Winnipeg Free Press	Q1860	English	tiếng Anh	Winnipeg Free Press was written in English .	Winnipeg Free Press đã được viết bằng tiếng Anh.	Winnipeg Free Press đã được viết bằng 	 Winnipeg Free Press được viết bằng tiếng Anh.	 Winnipeg Free Press được viết bằng 	tiếng Anh	['English', 'tiếng Mỹ', 'tiếng Mĩ', 'Anh ngữ']	{'tiếng Anh': 2}	0	-67.125	1	{'tiếng Anh': 1}	1	-69.3125	1
194	Q259614	Spanish naming customs	Phong tục gọi tên Tây Ban Nha	Q1321	Spanish	tiếng Tây Ban Nha	Spanish naming customs was written in Spanish .	Phong tục gọi tên Tây Ban Nha đã được viết bằng tiếng Tây Ban Nha.	Phong tục gọi tên Tây Ban Nha đã được viết bằng 	 Phong tục đặt tên của người Tây Ban Nha được viết bằng tiếng Tây Ban Nha.	 Phong tục đặt tên của người Tây Ban Nha được viết bằng 	tiếng Tây Ban Nha	['Spanish', 'tiếng Y Pha Nho', 'es']	{'tiếng Tây Ban Nha': 4}	0	-77.5	0	{'tiếng Tây Ban Nha': 2}	0	-82.875	1
196	Q468625	I Lombardi alla prima crociata	I Lombardi alla prima crociata	Q652	Italian	tiếng Ý	I Lombardi alla prima crociata was written in Italian .	I Lombardi alla prima crociata đã được viết bằng tiếng Ý.	I Lombardi alla prima crociata đã được viết bằng 	 Lombardi alla prima crociata được viết bằng tiếng Ý.	 Lombardi alla prima crociata được viết bằng 	tiếng Ý	['Italian', 'tiếng Italia', 'it']	{'tiếng Ý': 1}	1	-74.0	1	{'tiếng Ý': 1}	1	-91.875	1
197	Q346946	She Wolf	She Wolf	Q1860	English	tiếng Anh	She Wolf was written in English .	She Wolf đã được viết bằng tiếng Anh.	She Wolf đã được viết bằng 	 She Wolf được viết bằng tiếng Anh.	 She Wolf được viết bằng 	tiếng Anh	['English', 'tiếng Mỹ', 'tiếng Mĩ', 'Anh ngữ']	{'tiếng Anh': 2}	0	-58.1875	1	{'tiếng Anh': 1}	1	-62.6875	1
198	Q10135	LibreOffice	LibreOffice	Q1412	Finnish	tiếng Phần Lan	LibreOffice was written in Finnish .	LibreOffice đã được viết bằng tiếng Phần Lan.	LibreOffice đã được viết bằng 	 LibreOffice được viết bằng tiếng Phần Lan.	 LibreOffice được viết bằng 	tiếng Phần Lan	['Finnish', 'fi']	{'tiếng Phần Lan': 25}	0	-46.59375	0	{'tiếng Phần Lan': 26}	0	-47.53125	0
199	Q48183	German Wikipedia	Wikipedia tiếng Đức	Q188	German	tiếng Đức	German Wikipedia was written in German .	Wikipedia tiếng Đức đã được viết bằng tiếng Đức.	Wikipedia tiếng Đức đã được viết bằng 	 Wikipedia tiếng Đức được viết bằng tiếng Đức.	 Wikipedia tiếng Đức được viết bằng 	tiếng Đức	['German', 'de']	{'tiếng Đức': 1}	1	-53.3125	1	{'tiếng Đức': 1}	1	-60.625	1
200	Q8736	Treaty of Versailles	Hòa ước Versailles	Q150	French	tiếng Pháp	Treaty of Versailles was written in French .	Hòa ước Versailles đã được viết bằng tiếng Pháp.	Hòa ước Versailles đã được viết bằng 	 Hiệp ước Versailles được viết bằng tiếng Pháp.	 Hiệp ước Versailles được viết bằng 	tiếng Pháp	['French', 'Pháp ngữ']	{'tiếng Pháp': 1}	1	-58.25	1	{'tiếng Pháp': 1}	1	-65.3125	1
201	Q1249148	Richard	Richard	Q1860	English	tiếng Anh	Richard was written in English .	Richard đã được viết bằng tiếng Anh.	Richard đã được viết bằng 	 Richard được viết bằng tiếng Anh.	 Richard được viết bằng 	tiếng Anh	['English', 'tiếng Mỹ', 'tiếng Mĩ', 'Anh ngữ']	{'tiếng Anh': 2}	0	-55.25	1	{'tiếng Anh': 2}	0	-58.875	1
202	Q50948	Eugene Onegin	Yevgeny Onegin	Q7737	Russian	tiếng Nga	Eugene Onegin was written in Russian .	Yevgeny Onegin đã được viết bằng tiếng Nga.	Yevgeny Onegin đã được viết bằng 	 Eugene Onegin được viết bằng tiếng Nga.	 Eugene Onegin được viết bằng 	tiếng Nga	['Russian', 'Tiếng Nga', 'Ru', 'ru']	{'tiếng Nga': 1}	1	-64.75	1	{'tiếng Nga': 1}	1	-61.53125	1
203	Q19003	London Calling	London Calling	Q1860	English	tiếng Anh	London Calling was written in English .	London Calling đã được viết bằng tiếng Anh.	London Calling đã được viết bằng 	 London Calling được viết bằng tiếng Anh.	 London Calling được viết bằng 	tiếng Anh	['English', 'tiếng Mỹ', 'tiếng Mĩ', 'Anh ngữ']	{'tiếng Anh': 1}	1	-57.65625	1	{'tiếng Anh': 1}	1	-62.125	1
204	Q771427	Another Green World	Another Green World	Q1860	English	tiếng Anh	Another Green World was written in English .	Another Green World đã được viết bằng tiếng Anh.	Another Green World đã được viết bằng 	 Một thế giới xanh khác được viết bằng tiếng Anh.	 Một thế giới xanh khác được viết bằng 	tiếng Anh	['English', 'tiếng Mỹ', 'tiếng Mĩ', 'Anh ngữ']	{'tiếng Anh': 3}	0	-64.8125	1	{'tiếng Anh': 1}	1	-78.25	1
205	Q1623037	I Saw Her Standing There	I Saw Her Standing There	Q1860	English	tiếng Anh	I Saw Her Standing There was written in English .	I Saw Her Standing There đã được viết bằng tiếng Anh.	I Saw Her Standing There đã được viết bằng 	 Tôi thấy cô ấy đứng đó được viết bằng tiếng Anh.	 Tôi thấy cô ấy đứng đó được viết bằng 	tiếng Anh	['English', 'tiếng Mỹ', 'tiếng Mĩ', 'Anh ngữ']	{'tiếng Anh': 2}	0	-59.53125	1	{'tiếng Anh': 2}	0	-86.375	1
206	Q267363	Misty Mountain Hop	Misty Mountain Hop	Q1860	English	tiếng Anh	Misty Mountain Hop was written in English .	Misty Mountain Hop đã được viết bằng tiếng Anh.	Misty Mountain Hop đã được viết bằng 	 Misty Mountain Hop được viết bằng tiếng Anh.	 Misty Mountain Hop được viết bằng 	tiếng Anh	['English', 'tiếng Mỹ', 'tiếng Mĩ', 'Anh ngữ']	{'tiếng Anh': 1}	1	-65.75	1	{'tiếng Anh': 1}	1	-65.375	1
207	Q199698	Ukrainian Wikipedia	Wikipedia tiếng Ukraina	Q8798	Ukrainian	tiếng Ukraina	Ukrainian Wikipedia was written in Ukrainian .	Wikipedia tiếng Ukraina đã được viết bằng tiếng Ukraina.	Wikipedia tiếng Ukraina đã được viết bằng 	 Wikipedia tiếng Ukraina được viết bằng tiếng Ukraina.	 Wikipedia tiếng Ukraina được viết bằng 	tiếng Ukraina	['Ukrainian']	{'tiếng Ukraina': 2}	0	-60.5625	1	{'tiếng Ukraina': 2}	0	-66.4375	1
