	sub_uri	en_sub_label	sub_label	obj_uri	en_obj_label	obj_label	en_template	template	template_prompt	gt_translation	gt_prompt	gt_infl_object	aliases	template_true_ranks	template_top1_correct	template_prompt_prob	template_top3_correct	gt_true_ranks	gt_top1_correct	gt_prompt_prob	gt_top3_correct
0	Q13646	SNCF	法国国家铁路	Q90	Paris	巴黎	SNCF was founded in Paris .	法国国家铁路成立于巴黎。	法国国家铁路成立于	法国国家铁路公司 (SNCF) 在巴黎成立。	法国国家铁路公司 (SNCF) 在	巴黎	['Paris', '巴黎市', '巴黎省']	{'巴黎': 10}	0	-50.9375	0	{'巴黎': 25}	0	-41.9375	0
1	Q684537	Clap Your Hands Say Yeah	拍手叫好乐团	Q1345	Philadelphia	费城	Clap Your Hands Say Yeah was founded in Philadelphia .	拍手叫好乐团成立于费城。	拍手叫好乐团成立于	 “拍手说是”组织成立于费城。	 “拍手说是”组织成立于	费城	['Philadelphia', '费城', '費拉德爾菲亞', '菲利']	{'费城': 31}	0	-61.6875	0	{'费城': 28}	0	-78.0	0
2	Q588820	Cocteau Twins	极地双子星	Q22	Scotland	苏格兰	Cocteau Twins was founded in Scotland .	极地双子星成立于苏格兰。	极地双子星成立于	 Cocteau Twins 成立于苏格兰。	 Cocteau Twins 成立于	苏格兰	['Scotland', '喀里多尼亞', '加勒多尼亞', '阿尔巴']	{'苏格兰': 23}	0	-65.375	0	{'苏格兰': 8}	0	-52.375	0
3	Q83835	Swiss Federal Railways	瑞士联邦铁路	Q70	Bern	伯尔尼	Swiss Federal Railways was founded in Bern .	瑞士联邦铁路成立于伯尔尼。	瑞士联邦铁路成立于	瑞士联邦铁路在伯尔尼成立。	瑞士联邦铁路在	伯尔尼	['Bern', '伯爾尼', '伯恩']	{'伯尔尼': 11}	0	-45.03125	0	{'伯尔尼': 24}	0	-41.03125	0
4	Q953319	Scott Paper Company	史谷脱纸业	Q1345	Philadelphia	费城	Scott Paper Company was founded in Philadelphia .	史谷脱纸业成立于费城。	史谷脱纸业成立于	斯科特纸业公司在费城成立。	斯科特纸业公司在	费城	['Philadelphia', '费城', '費拉德爾菲亞', '菲利']	{'费城': 28}	0	-78.1875	0	{'费城': 28}	0	-53.03125	0
5	Q1114148	Comerica	联信银行	Q12439	Detroit	底特律	Comerica was founded in Detroit .	联信银行成立于底特律。	联信银行成立于	 Comerica 在底特律成立。	 Comerica 在	底特律	['Detroit']	{'底特律': 21}	0	-47.375	0	{'底特律': 19}	0	-51.875	0
7	Q5118436	Chvrches	Chvrches	Q4093	Glasgow	格拉斯哥	Chvrches was founded in Glasgow .	Chvrches成立于格拉斯哥。	Chvrches成立于	 Chvrches 在格拉斯哥成立。	 Chvrches 在	格拉斯哥	['Glasgow']	{'格拉斯哥': 9}	0	-35.6875	0	{'格拉斯哥': 28}	0	-41.5625	0
8	Q1255077	Dragonette	Dragonette乐队	Q172	Toronto	多伦多	Dragonette was founded in Toronto .	Dragonette乐队成立于多伦多。	Dragonette乐队成立于	 Dragonette 成立于多伦多。	 Dragonette 成立于	多伦多	['Toronto']	{'多伦多': 16}	0	-39.0625	0	{'多伦多': 24}	0	-48.96875	0
9	Q369524	Ganz Works	冈茨公司	Q1781	Budapest	布达佩斯	Ganz Works was founded in Budapest .	冈茨公司成立于布达佩斯。	冈茨公司成立于	 Ganz Works 在布达佩斯成立。	 Ganz Works 在	布达佩斯	['Budapest']	{'布达佩斯': 25}	0	-51.71875	0	{'布达佩斯': 30}	0	-48.21875	0
10	Q1336559	Iran Airtour	伊朗旅游航空	Q3616	Tehran	德黑兰	Iran Airtour was founded in Tehran .	伊朗旅游航空成立于德黑兰。	伊朗旅游航空成立于	伊朗航空旅行社成立于德黑兰。	伊朗航空旅行社成立于	德黑兰	['Tehran']	{'德黑兰': 16}	0	-67.0625	0	{'德黑兰': 14}	0	-64.25	0
11	Q513666	German Alpine Club	德国阿尔卑斯俱乐部	Q1726	Munich	慕尼黑	German Alpine Club was founded in Munich .	德国阿尔卑斯俱乐部成立于慕尼黑。	德国阿尔卑斯俱乐部成立于	德国阿尔卑斯俱乐部在慕尼黑成立。	德国阿尔卑斯俱乐部在	慕尼黑	['Munich', '明兴']	{'慕尼黑': 14}	0	-65.125	0	{'慕尼黑': 18}	0	-58.375	0
12	Q6914945	Morton Salt	莫顿盐公司	Q1297	Chicago	芝加哥	Morton Salt was founded in Chicago .	莫顿盐公司成立于芝加哥。	莫顿盐公司成立于	莫顿盐业公司成立于芝加哥。	莫顿盐业公司成立于	芝加哥	['Chicago']	{'芝加哥': 20}	0	-55.4375	0	{'芝加哥': 20}	0	-54.5625	0
13	Q635484	Armani	亚曼尼	Q490	Milan	米兰	Armani was founded in Milan .	亚曼尼成立于米兰。	亚曼尼成立于	阿玛尼创立于米兰。	阿玛尼创立于	米兰	['Milan']	{'米兰': 22}	0	-53.53125	0	{'米兰': 26}	0	-56.0625	0
14	Q211965	The Moody Blues	忧郁蓝调合唱团	Q2256	Birmingham	伯明翰	The Moody Blues was founded in Birmingham .	忧郁蓝调合唱团成立于伯明翰。	忧郁蓝调合唱团成立于	忧郁蓝调乐队 (The Moody Blues) 在伯明翰成立。	忧郁蓝调乐队 (The Moody Blues) 在	伯明翰	['Birmingham', '伯明罕', '伍爾佛漢普頓']	{'伯明翰': 28}	0	-73.5	0	{'伯明翰': 37}	0	-88.4375	0
15	Q625975	Kakao M	LOEN娱乐	Q8684	Seoul	首尔	Kakao M was founded in Seoul .	LOEN娱乐成立于首尔。	LOEN娱乐成立于	 Kakao M 在首尔成立。	 Kakao M 在	首尔	['Seoul', '首爾特別市', '首尔特别市', '汉城', '首尔', '漢城']	{'首尔': 17}	0	-42.84375	0	{'首尔': 13}	0	-49.125	0
17	Q1635839	Sweet Savage	甜蜜杀气	Q10686	Belfast	贝尔法斯特	Sweet Savage was founded in Belfast .	甜蜜杀气成立于贝尔法斯特。	甜蜜杀气成立于	 Sweet Savage 成立于贝尔法斯特。	 Sweet Savage 成立于	贝尔法斯特	['Belfast', '貝爾法斯特', '贝法']	{'贝尔法斯特': 36}	0	-63.71875	0	{'贝尔法斯特': 33}	0	-52.40625	0
18	Q880610	Black Tide	黑潮乐团	Q8652	Miami	迈阿密	Black Tide was founded in Miami .	黑潮乐团成立于迈阿密。	黑潮乐团成立于	 Black Tide 成立于迈阿密。	 Black Tide 成立于	迈阿密	['Miami', '邁亞密', '邁阿密市', '迈阿密']	{'迈阿密': 28}	0	-48.53125	0	{'迈阿密': 23}	0	-49.9375	0
19	Q1638351	Hupmobile	霍普莫比尔	Q12439	Detroit	底特律	Hupmobile was founded in Detroit .	霍普莫比尔成立于底特律。	霍普莫比尔成立于	 Hupmobile 成立于底特律。	 Hupmobile 成立于	底特律	['Detroit']	{'底特律': 22}	0	-70.6875	0	{'底特律': 15}	0	-52.5	0
20	Q1368540	Essanay Studios	Essanay工作室	Q1297	Chicago	芝加哥	Essanay Studios was founded in Chicago .	Essanay工作室成立于芝加哥。	Essanay工作室成立于	 Essanay Studios 在芝加哥成立。	 Essanay Studios 在	芝加哥	['Chicago']	{'芝加哥': 15}	0	-46.5	0	{'芝加哥': 1}	1	-48.1875	1
22	Q634227	Beechcraft	比奇飞机公司	Q49266	Wichita	威奇托	Beechcraft was founded in Wichita .	比奇飞机公司成立于威奇托。	比奇飞机公司成立于	比奇飞机公司成立于威奇托。	比奇飞机公司成立于	威奇托	['Wichita']	{'威奇托': 45}	0	-54.0625	0	{'威奇托': 45}	0	-54.0625	0
23	Q2095846	Pink Fairies	粉红仙女	Q84	London	伦敦	Pink Fairies was founded in London .	粉红仙女成立于伦敦。	粉红仙女成立于	Pink Fairies 成立于伦敦。	Pink Fairies 成立于	伦敦	['London']	{'伦敦': 21}	0	-63.71875	0	{'伦敦': 20}	0	-48.46875	0
24	Q3295867	The Coca-Cola Company	可口可乐公司	Q23556	Atlanta	亚特兰大	The Coca-Cola Company was founded in Atlanta .	可口可乐公司成立于亚特兰大。	可口可乐公司成立于	可口可乐公司成立于亚特兰大。	可口可乐公司成立于	亚特兰大	['Atlanta', '亚特兰大市', '亞城', '阿特蘭大', 'Atlanta', '亞特蘭大']	{'亚特兰大': 17}	0	-40.5625	0	{'亚特兰大': 17}	0	-40.5625	0
26	Q52618	Ericsson	爱立信	Q1754	Stockholm	斯德哥尔摩	Ericsson was founded in Stockholm .	爱立信成立于斯德哥尔摩。	爱立信成立于	爱立信成立于斯德哥尔摩。	爱立信成立于	斯德哥尔摩	['Stockholm']	{'斯德哥尔摩': 48}	0	-49.1875	0	{'斯德哥尔摩': 48}	0	-49.1875	0
27	Q272517	Kasabian	卡萨比恩	Q83065	Leicester	莱斯特	Kasabian was founded in Leicester .	卡萨比恩成立于莱斯特。	卡萨比恩成立于	 Kasabian 成立于莱斯特。	 Kasabian 成立于	莱斯特	['Leicester', '莱切斯特郡', '莱切斯特']	{'莱斯特': 34}	0	-54.875	0	{'莱斯特': 25}	0	-50.78125	0
28	Q705715	RuPaul	露波	Q23556	Atlanta	亚特兰大	RuPaul was founded in Atlanta .	露波成立于亚特兰大。	露波成立于	 RuPaul 成立于亚特兰大。	 RuPaul 成立于	亚特兰大	['Atlanta', '亚特兰大市', '亞城', '阿特蘭大', 'Atlanta', '亞特蘭大']	{'亚特兰大': 19}	0	-57.1875	0	{'亚特兰大': 11}	0	-52.28125	0
29	Q714	Stevie Wonder	史提夫·汪达	Q12439	Detroit	底特律	Stevie Wonder was founded in Detroit .	史提夫·汪达成立于底特律。	史提夫·汪达成立于	史蒂夫·旺德 (Stevie Wonder) 成立于底特律。	史蒂夫·旺德 (Stevie Wonder) 成立于	底特律	['Detroit']	{'底特律': 21}	0	-60.9375	0	{'底特律': 3}	0	-87.0	1
30	Q403981	Aiden	Aiden	Q5083	Seattle	西雅图	Aiden was founded in Seattle .	Aiden成立于西雅图。	Aiden成立于	 Aiden 成立于西雅图。	 Aiden 成立于	西雅图	['Seattle']	{'西雅图': 35}	0	-42.875	0	{'西雅图': 36}	0	-51.71875	0
31	Q7673435	Tableau Software	塔谱软件	Q5083	Seattle	西雅图	Tableau Software was founded in Seattle .	塔谱软件成立于西雅图。	塔谱软件成立于	 Tableau Software 成立于西雅图。	 Tableau Software 成立于	西雅图	['Seattle']	{'西雅图': 33}	0	-59.84375	0	{'西雅图': 23}	0	-51.15625	0
33	Q1141123	Rosneft	俄罗斯石油	Q649	Moscow	莫斯科	Rosneft was founded in Moscow .	俄罗斯石油成立于莫斯科。	俄罗斯石油成立于	俄罗斯石油公司成立于莫斯科。	俄罗斯石油公司成立于	莫斯科	['Moscow']	{'莫斯科': 12}	0	-52.59375	0	{'莫斯科': 12}	0	-45.96875	0
34	Q759210	Givenchy	纪梵希	Q90	Paris	巴黎	Givenchy was founded in Paris .	纪梵希成立于巴黎。	纪梵希成立于	纪梵希创立于巴黎。	纪梵希创立于	巴黎	['Paris', '巴黎市', '巴黎省']	{'巴黎': 48}	0	-57.40625	0	{'巴黎': 50}	0	-58.46875	0
35	Q1417704	The Agonist	痛苦处女 (乐团)	Q340	Montreal	蒙特利尔	The Agonist was founded in Montreal .	痛苦处女 (乐团)成立于蒙特利尔。	痛苦处女 (乐团)成立于	 Agonist 成立于蒙特利尔。	 Agonist 成立于	蒙特利尔	['Montreal', '滿地可', '蒙特婁']	{'蒙特利尔': 35}	0	-74.8125	0	{'蒙特利尔': 30}	0	-53.53125	0
36	Q1364657	The Pretty Things	美丽坏东西 (乐团)	Q84	London	伦敦	The Pretty Things was founded in London .	美丽坏东西 (乐团)成立于伦敦。	美丽坏东西 (乐团)成立于	 The Pretty Things 成立于伦敦。	 The Pretty Things 成立于	伦敦	['London']	{'伦敦': 17}	0	-91.0	0	{'伦敦': 18}	0	-47.96875	0
37	Q489801	INXS	INXS	Q3130	Sydney	悉尼	INXS was founded in Sydney .	INXS成立于悉尼。	INXS成立于	 INXS 成立于悉尼。	 INXS 成立于	悉尼	['Sydney', '雪梨', '雪梨 (澳洲)']	{'悉尼': 7}	0	-35.59375	0	{'悉尼': 12}	0	-47.625	0
38	Q5014246	CSR Limited	拓殖糖业有限公司	Q3130	Sydney	悉尼	CSR Limited was founded in Sydney .	拓殖糖业有限公司成立于悉尼。	拓殖糖业有限公司成立于	 CSR Limited 在悉尼成立。	 CSR Limited 在	悉尼	['Sydney', '雪梨', '雪梨 (澳洲)']	{'悉尼': 23}	0	-65.5	0	{'悉尼': 30}	0	-45.40625	0
39	Q177814	Suez Environnement	苏伊士环境集团	Q90	Paris	巴黎	Suez Environnement was founded in Paris .	苏伊士环境集团成立于巴黎。	苏伊士环境集团成立于	苏伊士环境公司在巴黎成立。	苏伊士环境公司在	巴黎	['Paris', '巴黎市', '巴黎省']	{'巴黎': 34}	0	-58.1875	0	{'巴黎': 32}	0	-54.90625	0
40	Q40971	Packard	帕卡德	Q862733	Warren	沃伦	Packard was founded in Warren .	帕卡德成立于沃伦。	帕卡德成立于	帕卡德公司成立于沃伦。	帕卡德公司成立于	沃伦	['Warren']	{'沃伦': 34}	0	-49.65625	0	{'沃伦': 31}	0	-47.3125	0
41	Q527466	Bremer Vulkan	不来梅伏尔铿	Q24879	Bremen	不来梅	Bremer Vulkan was founded in Bremen .	不来梅伏尔铿成立于不来梅。	不来梅伏尔铿成立于	 Bremer Vulkan 在不来梅成立。	 Bremer Vulkan 在	不来梅	['Bremen', '布萊梅', '不來梅', '不萊梅', '不来梅市', '勒讷贝克']	{'不来梅': 17}	0	-78.9375	0	{'不来梅': 27}	0	-50.9375	0
42	Q2550127	Was (Not Was)	我思	Q12439	Detroit	底特律	Was (Not Was) was founded in Detroit .	我思成立于底特律。	我思成立于	 Was (Not Was) 成立于底特律。	 Was (Not Was) 成立于	底特律	['Detroit']	{'底特律': 31}	0	-46.46875	0	{'底特律': 8}	0	-55.0	0
43	Q1749961	The Brothers Four	四兄弟乐队	Q5083	Seattle	西雅图	The Brothers Four was founded in Seattle .	四兄弟乐队成立于西雅图。	四兄弟乐队成立于	四兄弟乐队在西雅图成立。	四兄弟乐队在	西雅图	['Seattle']	{'西雅图': 32}	0	-51.5625	0	{'西雅图': 33}	0	-48.5625	0
45	Q105349	Oscar Peterson	奥斯卡·彼得森	Q340	Montreal	蒙特利尔	Oscar Peterson was founded in Montreal .	奥斯卡·彼得森成立于蒙特利尔。	奥斯卡·彼得森成立于	 Oscar Peterson 在蒙特利尔成立。	 Oscar Peterson 在	蒙特利尔	['Montreal', '滿地可', '蒙特婁']	{'蒙特利尔': 26}	0	-62.59375	0	{'蒙特利尔': 21}	0	-41.125	0
46	Q35962	Maserati	玛莎拉蒂	Q1891	Bologna	博洛尼亚	Maserati was founded in Bologna .	玛莎拉蒂成立于博洛尼亚。	玛莎拉蒂成立于	玛莎拉蒂成立于博洛尼亚。	玛莎拉蒂成立于	博洛尼亚	['Bologna', '博洛尼亚', '波隆納', '波隆尼亞']	{'博洛尼亚': 30}	0	-57.8125	0	{'博洛尼亚': 30}	0	-57.8125	0
47	Q263183	Sportfreunde Stiller	Sportfreunde Stiller	Q1726	Munich	慕尼黑	Sportfreunde Stiller was founded in Munich .	Sportfreunde Stiller成立于慕尼黑。	Sportfreunde Stiller成立于	 Sportfreunde Stiller 成立于慕尼黑。	 Sportfreunde Stiller 成立于	慕尼黑	['Munich', '明兴']	{'慕尼黑': 16}	0	-37.9375	0	{'慕尼黑': 14}	0	-53.0	0
48	Q245861	Five Man Electrical Band	五人电工乐队	Q1930	Ottawa	渥太华	Five Man Electrical Band was founded in Ottawa .	五人电工乐队成立于渥太华。	五人电工乐队成立于	五人电声乐队在渥太华成立。	五人电声乐队在	渥太华	['Ottawa']	{'渥太华': 29}	0	-65.8125	0	{'渥太华': 33}	0	-60.96875	0
49	Q1006517	Off Course	Off Course	Q17	Japan	日本	Off Course was founded in Japan .	Off Course成立于日本。	Off Course成立于	 Off Course 成立于日本。	 Off Course 成立于	日本	['Japan', '日本国', '日本國', '扶桑', '扶桑國', '日']	{'日本': 16}	0	-41.96875	0	{'日本': 5}	0	-54.6875	0
50	Q4016589	Louisiana Voodoo	路易斯安那巫毒	Q1588	Louisiana	路易斯安那州	Louisiana Voodoo was founded in Louisiana .	路易斯安那巫毒成立于路易斯安那州。	路易斯安那巫毒成立于	路易斯安那巫毒教创立于路易斯安那州。	路易斯安那巫毒教创立于	路易斯安那州	['Louisiana']	{'路易斯安那州': 15}	0	-72.0625	0	{'路易斯安那州': 21}	0	-74.875	0
51	Q325635	Telefunken	德律风根	Q64	Berlin	柏林	Telefunken was founded in Berlin .	德律风根成立于柏林。	德律风根成立于	德律风根成立于柏林。	德律风根成立于	柏林	['Berlin', '柏林市', '柏林州']	{'柏林': 26}	0	-73.625	0	{'柏林': 26}	0	-73.625	0
52	Q1668695	The Big Pink	大粉红乐团	Q84	London	伦敦	The Big Pink was founded in London .	大粉红乐团成立于伦敦。	大粉红乐团成立于	 Big Pink 成立于伦敦。	 Big Pink 成立于	伦敦	['London']	{'伦敦': 20}	0	-63.375	0	{'伦敦': 18}	0	-49.09375	0
53	Q188464	Pixies	小妖精乐队	Q100	Boston	波士顿	Pixies was founded in Boston .	小妖精乐队成立于波士顿。	小妖精乐队成立于	 Pixies 成立于波士顿。	 Pixies 成立于	波士顿	['Boston', '波士頓市', '波士頓']	{'波士顿': 50}	0	-50.6875	0	{'波士顿': 15}	0	-46.84375	0
54	Q565594	Eni	埃尼	Q490	Milan	米兰	Eni was founded in Milan .	埃尼成立于米兰。	埃尼成立于	埃尼公司成立于米兰。	埃尼公司成立于	米兰	['Milan']	{'米兰': 28}	0	-49.40625	0	{'米兰': 27}	0	-50.125	0
56	Q202314	Thin Lizzy	瘦李奇乐团	Q1761	Dublin	都柏林	Thin Lizzy was founded in Dublin .	瘦李奇乐团成立于都柏林。	瘦李奇乐团成立于	 Thin Lizzy 成立于都柏林。	 Thin Lizzy 成立于	都柏林	['Dublin']	{'都柏林': 19}	0	-71.0	0	{'都柏林': 14}	0	-53.46875	0
58	Q20718	Samsung Electronics	三星电子	Q8684	Seoul	首尔	Samsung Electronics was founded in Seoul .	三星电子成立于首尔。	三星电子成立于	三星电子在首尔成立。	三星电子在	首尔	['Seoul', '首爾特別市', '首尔特别市', '汉城', '首尔', '漢城']	{'首尔': 22}	0	-50.3125	0	{'首尔': 25}	0	-42.25	0
59	Q15678788	Fiat Chrysler Automobiles	菲亚特克莱斯勒汽车	Q495	Turin	都灵	Fiat Chrysler Automobiles was founded in Turin .	菲亚特克莱斯勒汽车成立于都灵。	菲亚特克莱斯勒汽车成立于	菲亚特克莱斯勒汽车公司在都灵成立。	菲亚特克莱斯勒汽车公司在	都灵	['Turin', '杜林', '托里诺']	{'都灵': 18}	0	-79.625	0	{'都灵': 28}	0	-76.0625	0
60	Q1575233	Red Lorry Yellow Lorry	盖瑞·威特	Q39121	Leeds	利兹	Red Lorry Yellow Lorry was founded in Leeds .	盖瑞·威特成立于利兹。	盖瑞·威特成立于	 Red Lorry Yellow Lorry 在利兹成立。	 Red Lorry Yellow Lorry 在	利兹	['Leeds', '列斯', '里茲']	{'利兹': 25}	0	-63.625	0	{'利兹': 34}	0	-43.3125	0
61	Q23901	Codemasters	代码大师	Q23140	Warwickshire	沃里克郡	Codemasters was founded in Warwickshire .	代码大师成立于沃里克郡。	代码大师成立于	 Codemasters 成立于沃里克郡。	 Codemasters 成立于	沃里克郡	['Warwickshire', '和域郡']	{'沃里克郡': 47}	0	-50.28125	0	{'沃里克郡': 33}	0	-46.65625	0
62	Q6718450	MTH Electric Trains	MTH电力火车	Q397905	Columbia	哥伦比亚	MTH Electric Trains was founded in Columbia .	MTH电力火车成立于哥伦比亚。	MTH电力火车成立于	 MTH Electric Trains 公司在哥伦比亚成立。	 MTH Electric Trains 公司在	哥伦比亚	['Columbia']	{'哥伦比亚': 34}	0	-69.1875	0	{'哥伦比亚': 28}	0	-63.375	0
63	Q15935	Kanye West	肯伊·威斯特	Q1297	Chicago	芝加哥	Kanye West was founded in Chicago .	肯伊·威斯特成立于芝加哥。	肯伊·威斯特成立于	 Kanye West 在芝加哥创立。	 Kanye West 在	芝加哥	['Chicago']	{'芝加哥': 21}	0	-71.3125	0	{'芝加哥': 5}	0	-39.59375	0
64	Q203223	Ciara	席亚拉	Q23556	Atlanta	亚特兰大	Ciara was founded in Atlanta .	席亚拉成立于亚特兰大。	席亚拉成立于	 Ciara 成立于亚特兰大。	 Ciara 成立于	亚特兰大	['Atlanta', '亚特兰大市', '亞城', '阿特蘭大', 'Atlanta', '亞特蘭大']	{'亚特兰大': 18}	0	-57.65625	0	{'亚特兰大': 10}	0	-52.21875	0
65	Q910379	Leonardo	芬梅卡尼卡	Q220	Rome	罗马	Leonardo was founded in Rome .	芬梅卡尼卡成立于罗马。	芬梅卡尼卡成立于	莱昂纳多公司成立于罗马。	莱昂纳多公司成立于	罗马	['Rome']	{'罗马': 19}	0	-74.625	0	{'罗马': 23}	0	-46.21875	0
66	Q514377	Bentvueghels	画家群	Q220	Rome	罗马	Bentvueghels was founded in Rome .	画家群成立于罗马。	画家群成立于	 Bentvueghels 在罗马成立。	 Bentvueghels 在	罗马	['Rome']	{'罗马': 25}	0	-55.90625	0	{'罗马': 25}	0	-62.375	0
67	Q268160	The White Stripes	白线条乐团	Q12439	Detroit	底特律	The White Stripes was founded in Detroit .	白线条乐团成立于底特律。	白线条乐团成立于	白色条纹乐队成立于底特律。	白色条纹乐队成立于	底特律	['Detroit']	{'底特律': 23}	0	-59.6875	0	{'底特律': 26}	0	-64.75	0
68	Q2294659	Clickteam	Clickteam	Q90	Paris	巴黎	Clickteam was founded in Paris .	Clickteam成立于巴黎。	Clickteam成立于	Clickteam 成立于巴黎。	Clickteam 成立于	巴黎	['Paris', '巴黎市', '巴黎省']	{'巴黎': 38}	0	-40.40625	0	{'巴黎': 45}	0	-42.4375	0
69	Q2543938	While She Sleeps	当她入眠乐队	Q42448	Sheffield	谢菲尔德	While She Sleeps was founded in Sheffield .	当她入眠乐队成立于谢菲尔德。	当她入眠乐队成立于	 《While She Sleeps》在谢菲尔德成立。	 《While She Sleeps》在	谢菲尔德	['Sheffield', '雪非耳', '錫菲爾德', '雪菲特', '設菲爾德', '设菲尔德', '謝菲爾德', '錫菲', '谢菲尔德市', '雪菲爾', '雪菲耳', '雪埠']	{'谢菲尔德': 45}	0	-69.6875	0	{'谢菲尔德': 33}	0	-45.21875	0
71	Q483810	The Cranberries	小红莓乐队	Q133315	Limerick	利默里克	The Cranberries was founded in Limerick .	小红莓乐队成立于利默里克。	小红莓乐队成立于	小红莓乐队 (The Cranberries) 成立于利默里克。	小红莓乐队 (The Cranberries) 成立于	利默里克	['Limerick', '林默里克']	{'利默里克': 39}	0	-55.6875	0	{'利默里克': 25}	0	-87.5625	0
72	Q1719158	Woe, Is Me	Woe, Is Me	Q23556	Atlanta	亚特兰大	Woe, Is Me was founded in Atlanta .	Woe, Is Me成立于亚特兰大。	Woe, Is Me成立于	 Woe, Is Me 成立于亚特兰大。	 Woe, Is Me 成立于	亚特兰大	['Atlanta', '亚特兰大市', '亞城', '阿特蘭大', 'Atlanta', '亞特蘭大']	{'亚特兰大': 13}	0	-43.15625	0	{'亚特兰大': 15}	0	-56.03125	0
73	Q1123938	The Dresden Dolls	德勒斯登娃娃	Q100	Boston	波士顿	The Dresden Dolls was founded in Boston .	德勒斯登娃娃成立于波士顿。	德勒斯登娃娃成立于	德累斯顿玩偶乐队 (Dresden Dolls) 在波士顿成立。	德累斯顿玩偶乐队 (Dresden Dolls) 在	波士顿	['Boston', '波士頓市', '波士頓']	{'波士顿': 29}	0	-76.125	0	{'波士顿': 18}	0	-67.375	0
75	Q313571	Daniel Diges	丹尼尔·迪格斯	Q29	Spain	西班牙	Daniel Diges was founded in Spain .	丹尼尔·迪格斯成立于西班牙。	丹尼尔·迪格斯成立于	 Daniel Diges 成立于西班牙。	 Daniel Diges 成立于	西班牙	['Spain', '西班牙王國']	{'西班牙': 30}	0	-61.5	0	{'西班牙': 29}	0	-59.90625	0
76	Q1674581	Isotta Fraschini	伊索塔弗拉斯基尼	Q490	Milan	米兰	Isotta Fraschini was founded in Milan .	伊索塔弗拉斯基尼成立于米兰。	伊索塔弗拉斯基尼成立于	 Isotta Fraschini 创立于米兰。	 Isotta Fraschini 创立于	米兰	['Milan']	{'米兰': 20}	0	-79.5	0	{'米兰': 19}	0	-52.34375	0
77	Q465751	Chipotle Mexican Grill	奇波雷墨西哥烧烤	Q16554	Denver	丹佛	Chipotle Mexican Grill was founded in Denver .	奇波雷墨西哥烧烤成立于丹佛。	奇波雷墨西哥烧烤成立于	 Chipotle Mexican Grill 在丹佛成立。	 Chipotle Mexican Grill 在	丹佛	['Denver']	{'丹佛': 24}	0	-87.75	0	{'丹佛': 25}	0	-45.6875	0
79	Q163989	Arch Enemy	邪神大敌	Q34	Sweden	瑞典	Arch Enemy was founded in Sweden .	邪神大敌成立于瑞典。	邪神大敌成立于	 Arch Enemy 成立于瑞典。	 Arch Enemy 成立于	瑞典	['Sweden', '瑞典王国']	{'瑞典': 23}	0	-68.5625	0	{'瑞典': 4}	0	-52.34375	0
80	Q736107	OK Go	OK Go	Q1297	Chicago	芝加哥	OK Go was founded in Chicago .	OK Go成立于芝加哥。	OK Go成立于	 OK Go 成立于芝加哥。	 OK Go 成立于	芝加哥	['Chicago']	{'芝加哥': 14}	0	-33.34375	0	{'芝加哥': 11}	0	-48.96875	0
81	Q1798554	Adam and the Ants	亚当和蚂蚁乐团	Q84	London	伦敦	Adam and the Ants was founded in London .	亚当和蚂蚁乐团成立于伦敦。	亚当和蚂蚁乐团成立于	 Adam and the Ants 在伦敦成立。	 Adam and the Ants 在	伦敦	['London']	{'伦敦': 19}	0	-64.5625	0	{'伦敦': 20}	0	-46.15625	0
82	Q112496	Marianne Mendt	玛莉安娜‧曼德	Q1741	Vienna	维也纳	Marianne Mendt was founded in Vienna .	玛莉安娜‧曼德成立于维也纳。	玛莉安娜‧曼德成立于	 Marianne Mendt 成立于维也纳。	 Marianne Mendt 成立于	维也纳	['Vienna']	{'维也纳': 27}	0	-78.75	0	{'维也纳': 21}	0	-59.875	0
83	Q1186459	Demon Hunter	狙魔猎人	Q5083	Seattle	西雅图	Demon Hunter was founded in Seattle .	狙魔猎人成立于西雅图。	狙魔猎人成立于	恶魔猎手成立于西雅图。	恶魔猎手成立于	西雅图	['Seattle']	{'西雅图': 40}	0	-67.125	0	{'西雅图': 39}	0	-56.375	0
84	Q918716	Kelly-Springfield Tire Company	凯利春田轮胎	Q40325	Springfield	斯普林菲尔德	Kelly-Springfield Tire Company was founded in Springfield .	凯利春田轮胎成立于斯普林菲尔德。	凯利春田轮胎成立于	凯利-斯普林菲尔德轮胎公司在斯普林菲尔德成立。	凯利-斯普林菲尔德轮胎公司在	斯普林菲尔德	['Springfield', 'Springfield', 'Springfield, Ohio', 'Springfield, OH', 'Springfield (Ohio)']	{'斯普林菲尔德': 47}	0	-78.9375	0	{'斯普林菲尔德': 29}	0	-75.0	0
85	Q3546604	Canadian Film Development Corporation	加拿大影视管理局	Q340	Montreal	蒙特利尔	Canadian Film Development Corporation was founded in Montreal .	加拿大影视管理局成立于蒙特利尔。	加拿大影视管理局成立于	加拿大电影发展公司在蒙特利尔成立。	加拿大电影发展公司在	蒙特利尔	['Montreal', '滿地可', '蒙特婁']	{'蒙特利尔': 22}	0	-57.78125	0	{'蒙特利尔': 21}	0	-47.96875	0
86	Q912351	Caspian Airlines	里海航空	Q3616	Tehran	德黑兰	Caspian Airlines was founded in Tehran .	里海航空成立于德黑兰。	里海航空成立于	里海航空公司在德黑兰成立。	里海航空公司在	德黑兰	['Tehran']	{'德黑兰': 27}	0	-52.125	0	{'德黑兰': 35}	0	-47.46875	0
88	Q286650	Trenitalia	意大利铁路	Q220	Rome	罗马	Trenitalia was founded in Rome .	意大利铁路成立于罗马。	意大利铁路成立于	意大利铁路公司 (Trenitalia) 在罗马成立。	意大利铁路公司 (Trenitalia) 在	罗马	['Rome']	{'罗马': 11}	0	-49.03125	0	{'罗马': 18}	0	-44.46875	0
90	Q727701	SIE Bend Studio	索尼本德工作室	Q671288	Bend	本德	SIE Bend Studio was founded in Bend .	索尼本德工作室成立于本德。	索尼本德工作室成立于	SIE Bend Studio 在本德成立。	SIE Bend Studio 在	本德	['Bend']	{'本德': 23}	0	-63.3125	0	{'本德': 33}	0	-54.125	0
91	Q45188	Coldplay	酷玩乐团	Q84	London	伦敦	Coldplay was founded in London .	酷玩乐团成立于伦敦。	酷玩乐团成立于	酷玩乐队成立于伦敦。	酷玩乐队成立于	伦敦	['London']	{'伦敦': 14}	0	-52.78125	0	{'伦敦': 17}	0	-57.28125	0
92	Q848553	Boucheron	伯琼	Q90	Paris	巴黎	Boucheron was founded in Paris .	伯琼成立于巴黎。	伯琼成立于	宝诗龙 (Boucheron) 成立于巴黎。	宝诗龙 (Boucheron) 成立于	巴黎	['Paris', '巴黎市', '巴黎省']	{'巴黎': 47}	0	-62.9375	0	{'巴黎': 26}	0	-82.4375	0
93	Q1837290	Mexx	Mexx	Q55	Netherlands	荷兰	Mexx was founded in Netherlands .	Mexx成立于荷兰。	Mexx成立于	 Mexx 成立于荷兰。	 Mexx 成立于	荷兰	['Netherlands', '尼德蘭', '尼德蘭王國', '紅毛蕃', '和蘭']	{'荷兰': 18}	0	-33.25	0	{'荷兰': 11}	0	-50.96875	0
94	Q803873	Bain Capital	贝恩资本	Q100	Boston	波士顿	Bain Capital was founded in Boston .	贝恩资本成立于波士顿。	贝恩资本成立于	贝恩资本成立于波士顿。	贝恩资本成立于	波士顿	['Boston', '波士頓市', '波士頓']	{'波士顿': 39}	0	-55.78125	0	{'波士顿': 39}	0	-55.78125	0
97	Q871700	United Airlines Holdings	联合大陆控股	Q1297	Chicago	芝加哥	United Airlines Holdings was founded in Chicago .	联合大陆控股成立于芝加哥。	联合大陆控股成立于	联合航空控股公司在芝加哥成立。	联合航空控股公司在	芝加哥	['Chicago']	{'芝加哥': 18}	0	-56.9375	0	{'芝加哥': 18}	0	-48.90625	0
98	Q81230	Siemens	西门子公司	Q64	Berlin	柏林	Siemens was founded in Berlin .	西门子公司成立于柏林。	西门子公司成立于	西门子成立于柏林。	西门子成立于	柏林	['Berlin', '柏林市', '柏林州']	{'柏林': 21}	0	-39.71875	0	{'柏林': 21}	0	-46.15625	0
99	Q529531	Berliner Maschinenbau	柏林机械制造公司	Q64	Berlin	柏林	Berliner Maschinenbau was founded in Berlin .	柏林机械制造公司成立于柏林。	柏林机械制造公司成立于	 Berliner Maschinenbau 在柏林成立。	 Berliner Maschinenbau 在	柏林	['Berlin', '柏林市', '柏林州']	{'柏林': 15}	0	-50.84375	0	{'柏林': 12}	0	-52.5	0
101	Q81307	Greenpeace	绿色和平	Q24639	Vancouver	温哥华	Greenpeace was founded in Vancouver .	绿色和平成立于温哥华。	绿色和平成立于	绿色和平组织在温哥华成立。	绿色和平组织在	温哥华	['Vancouver', 'Vancouver', '雲埠', '咸水埠', '溫哥華市', '温哥华', '雲高華']	{'温哥华': 28}	0	-51.5625	0	{'温哥华': 26}	0	-40.84375	0
102	Q679888	Rolls-Royce	劳斯莱斯有限公司	Q18125	Manchester	曼彻斯特	Rolls-Royce was founded in Manchester .	劳斯莱斯有限公司成立于曼彻斯特。	劳斯莱斯有限公司成立于	劳斯莱斯公司成立于曼彻斯特。	劳斯莱斯公司成立于	曼彻斯特	['Manchester', '曼徹斯特']	{'曼彻斯特': 21}	0	-53.40625	0	{'曼彻斯特': 20}	0	-48.4375	0
103	Q18557	Opeth	残月魔都	Q34	Sweden	瑞典	Opeth was founded in Sweden .	残月魔都成立于瑞典。	残月魔都成立于	 Opeth 成立于瑞典。	 Opeth 成立于	瑞典	['Sweden', '瑞典王国']	{'瑞典': 23}	0	-60.6875	0	{'瑞典': 1}	1	-52.78125	1
105	Q676585	Fnac	Fnac	Q90	Paris	巴黎	Fnac was founded in Paris .	Fnac成立于巴黎。	Fnac成立于	 Fnac 成立于巴黎。	 Fnac 成立于	巴黎	['Paris', '巴黎市', '巴黎省']	{'巴黎': 18}	0	-41.46875	0	{'巴黎': 16}	0	-52.09375	0
107	Q247116	Ansett Australia	澳洲安捷航空	Q3141	Melbourne	墨尔本	Ansett Australia was founded in Melbourne .	澳洲安捷航空成立于墨尔本。	澳洲安捷航空成立于	安捷澳大利亚航空公司在墨尔本成立。	安捷澳大利亚航空公司在	墨尔本	['Melbourne']	{'墨尔本': 21}	0	-71.0625	0	{'墨尔本': 20}	0	-59.65625	0
108	Q605901	Swedish East India Company	瑞典东印度公司	Q25287	Gothenburg	哥德堡	Swedish East India Company was founded in Gothenburg .	瑞典东印度公司成立于哥德堡。	瑞典东印度公司成立于	瑞典东印度公司在哥德堡成立。	瑞典东印度公司在	哥德堡	['Gothenburg', '哥特堡', '歌德堡', '哥登堡']	{'哥德堡': 22}	0	-57.75	0	{'哥德堡': 30}	0	-53.15625	0
109	Q777721	Smirnoff	皇冠伏特加	Q649	Moscow	莫斯科	Smirnoff was founded in Moscow .	皇冠伏特加成立于莫斯科。	皇冠伏特加成立于	斯米诺伏 (Smirnoff) 成立于莫斯科。	斯米诺伏 (Smirnoff) 成立于	莫斯科	['Moscow']	{'莫斯科': 28}	0	-68.6875	0	{'莫斯科': 2}	0	-77.0	1
110	Q899341	Suicidal Tendencies	自杀倾向	Q773853	Venice	威尼斯	Suicidal Tendencies was founded in Venice .	自杀倾向成立于威尼斯。	自杀倾向成立于	自杀倾向组织 (Suicidal Tendencies) 在威尼斯成立。	自杀倾向组织 (Suicidal Tendencies) 在	威尼斯	['Venice']	{'威尼斯': 38}	0	-58.71875	0	{'威尼斯': 26}	0	-66.75	0
111	Q253414	FIFA	国际足球联合会	Q90	Paris	巴黎	FIFA was founded in Paris .	国际足球联合会成立于巴黎。	国际足球联合会成立于	国际足联在巴黎成立。	国际足联在	巴黎	['Paris', '巴黎市', '巴黎省']	{'巴黎': 21}	0	-47.875	0	{'巴黎': 27}	0	-40.1875	0
112	Q745394	Gilera	吉雷拉	Q490	Milan	米兰	Gilera was founded in Milan .	吉雷拉成立于米兰。	吉雷拉成立于	 Gilera 成立于米兰。	 Gilera 成立于	米兰	['Milan']	{'米兰': 21}	0	-60.28125	0	{'米兰': 18}	0	-inf	0
113	Q173357	Simca	SIMCA汽车公司	Q90	Paris	巴黎	Simca was founded in Paris .	SIMCA汽车公司成立于巴黎。	SIMCA汽车公司成立于	 Simca 成立于巴黎。	 Simca 成立于	巴黎	['Paris', '巴黎市', '巴黎省']	{'巴黎': 17}	0	-60.90625	0	{'巴黎': 19}	0	-51.9375	0
115	Q752170	Van der Graaf Generator	范德格雷夫发电机乐团	Q18125	Manchester	曼彻斯特	Van der Graaf Generator was founded in Manchester .	范德格雷夫发电机乐团成立于曼彻斯特。	范德格雷夫发电机乐团成立于	 Van der Graaf Generator 在曼彻斯特成立。	 Van der Graaf Generator 在	曼彻斯特	['Manchester', '曼徹斯特']	{'曼彻斯特': 23}	0	-76.4375	0	{'曼彻斯特': 27}	0	-42.3125	0
116	Q282925	The Hollies	冬青	Q18125	Manchester	曼彻斯特	The Hollies was founded in Manchester .	冬青成立于曼彻斯特。	冬青成立于	 The Hollies 成立于曼彻斯特。	 The Hollies 成立于	曼彻斯特	['Manchester', '曼徹斯特']	{'曼彻斯特': 26}	0	-53.5625	0	{'曼彻斯特': 18}	0	-51.21875	0
117	Q963303	Union of Lublin	卢布林联合	Q37333	Lublin	卢布林	Union of Lublin was founded in Lublin .	卢布林联合成立于卢布林。	卢布林联合成立于	卢布林联盟在卢布林成立。	卢布林联盟在	卢布林	['Lublin', '盧布林']	{'卢布林': 18}	0	-60.0	0	{'卢布林': 15}	0	-50.65625	0
118	Q864407	The Home Depot	家得宝	Q23556	Atlanta	亚特兰大	The Home Depot was founded in Atlanta .	家得宝成立于亚特兰大。	家得宝成立于	家得宝 (Home Depot) 成立于亚特兰大。	家得宝 (Home Depot) 成立于	亚特兰大	['Atlanta', '亚特兰大市', '亞城', '阿特蘭大', 'Atlanta', '亞特蘭大']	{'亚特兰大': 20}	0	-54.75	0	{'亚特兰大': 14}	0	-70.625	0
121	Q2177339	Russo-Balt	罗斯-波罗的运输工厂	Q1773	Riga	里加	Russo-Balt was founded in Riga .	罗斯-波罗的运输工厂成立于里加。	罗斯-波罗的运输工厂成立于	 Russo-Balt 在里加成立。	 Russo-Balt 在	里加	['Riga']	{'里加': 28}	0	-82.5	0	{'里加': 27}	0	-52.53125	0
122	Q666697	Primal Scream	原始吶喊	Q4093	Glasgow	格拉斯哥	Primal Scream was founded in Glasgow .	原始吶喊成立于格拉斯哥。	原始吶喊成立于	 Primal Scream 成立于格拉斯哥。	 Primal Scream 成立于	格拉斯哥	['Glasgow']	{'格拉斯哥': 37}	0	-56.9375	0	{'格拉斯哥': 18}	0	-50.34375	0
123	Q505922	Electrolux	伊莱克斯	Q1754	Stockholm	斯德哥尔摩	Electrolux was founded in Stockholm .	伊莱克斯成立于斯德哥尔摩。	伊莱克斯成立于	伊莱克斯公司成立于斯德哥尔摩。	伊莱克斯公司成立于	斯德哥尔摩	['Stockholm']	{'斯德哥尔摩': 48}	0	-54.5	0	{'斯德哥尔摩': 48}	0	-52.90625	0
124	Q270724	Lykke Li	莉琦·李	Q34	Sweden	瑞典	Lykke Li was founded in Sweden .	莉琦·李成立于瑞典。	莉琦·李成立于	 Lykke Li 成立于瑞典。	 Lykke Li 成立于	瑞典	['Sweden', '瑞典王国']	{'瑞典': 17}	0	-64.75	0	{'瑞典': 2}	0	-52.71875	1
125	Q2407351	Lippincott Williams & Wilkins	利平科特·威廉斯·威尔金斯出版公司	Q1345	Philadelphia	费城	Lippincott Williams & Wilkins was founded in Philadelphia .	利平科特·威廉斯·威尔金斯出版公司成立于费城。	利平科特·威廉斯·威尔金斯出版公司成立于	 Lippincott Williams & Wilkins 公司成立于费城。	 Lippincott Williams & Wilkins 公司成立于	费城	['Philadelphia', '费城', '費拉德爾菲亞', '菲利']	{'费城': 17}	0	-94.75	0	{'费城': 3}	0	-50.28125	1
126	Q99633	Berliner Verkehrsbetriebe	柏林公共交通公司	Q64	Berlin	柏林	Berliner Verkehrsbetriebe was founded in Berlin .	柏林公共交通公司成立于柏林。	柏林公共交通公司成立于	 Berliner Verkehrsbetriebe 在柏林成立。	 Berliner Verkehrsbetriebe 在	柏林	['Berlin', '柏林市', '柏林州']	{'柏林': 15}	0	-54.28125	0	{'柏林': 2}	0	-47.1875	1
127	Q15964414	Odesza	Odesza	Q5083	Seattle	西雅图	Odesza was founded in Seattle .	Odesza成立于西雅图。	Odesza成立于	 Odesza 成立于西雅图。	 Odesza 成立于	西雅图	['Seattle']	{'西雅图': 8}	0	-35.71875	0	{'西雅图': 17}	0	-48.53125	0
128	Q1576610	Standard Bank	标准银行	Q84	London	伦敦	Standard Bank was founded in London .	标准银行成立于伦敦。	标准银行成立于	标准银行在伦敦成立。	标准银行在	伦敦	['London']	{'伦敦': 20}	0	-48.5	0	{'伦敦': 19}	0	-37.59375	0
129	Q504998	LVMH	酩悦·轩尼诗－路易·威登集团	Q90	Paris	巴黎	LVMH was founded in Paris .	酩悦·轩尼诗－路易·威登集团成立于巴黎。	酩悦·轩尼诗－路易·威登集团成立于	 LVMH 成立于巴黎。	 LVMH 成立于	巴黎	['Paris', '巴黎市', '巴黎省']	{'巴黎': 42}	0	-123.3125	0	{'巴黎': 29}	0	-40.875	0
130	Q3073195	Furla	Furla	Q1891	Bologna	博洛尼亚	Furla was founded in Bologna .	Furla成立于博洛尼亚。	Furla成立于	 Furla 成立于博洛尼亚。	 Furla 成立于	博洛尼亚	['Bologna', '博洛尼亚', '波隆納', '波隆尼亞']	{'博洛尼亚': 37}	0	-33.3125	0	{'博洛尼亚': 42}	0	-46.71875	0
131	Q498448	Finntroll	Finntroll	Q1757	Helsinki	赫尔辛基	Finntroll was founded in Helsinki .	Finntroll成立于赫尔辛基。	Finntroll成立于	 Finntroll 成立于赫尔辛基。	 Finntroll 成立于	赫尔辛基	['Helsinki']	{'赫尔辛基': 14}	0	-inf	0	{'赫尔辛基': 20}	0	-57.875	0
132	Q12009	Ell & Nikki	艾尔与妮基	Q9248	Baku	巴库	Ell & Nikki was founded in Baku .	艾尔与妮基成立于巴库。	艾尔与妮基成立于	 Ell & Nikki 在巴库成立。	 Ell & Nikki 在	巴库	['Baku']	{'巴库': 48}	0	-64.4375	0	{'巴库': 45}	0	-47.1875	0
133	Q158895	Helloween	万圣节乐团	Q1055	Hamburg	汉堡	Helloween was founded in Hamburg .	万圣节乐团成立于汉堡。	万圣节乐团成立于	 Helloween 成立于汉堡。	 Helloween 成立于	汉堡	['Hamburg']	{'汉堡': 48}	0	-54.9375	0	{'汉堡': 25}	0	-52.6875	0
134	Q426015	Wizzard	巫师乐团	Q2256	Birmingham	伯明翰	Wizzard was founded in Birmingham .	巫师乐团成立于伯明翰。	巫师乐团成立于	 Wizzard 成立于伯明翰。	 Wizzard 成立于	伯明翰	['Birmingham', '伯明罕', '伍爾佛漢普頓']	{'伯明翰': 35}	0	-51.5	0	{'伯明翰': 36}	0	-49.46875	0
135	Q947955	The Residents	居民	Q80517	Shreveport	什里夫波特	The Residents was founded in Shreveport .	居民成立于什里夫波特。	居民成立于	居民组织在什里夫波特成立。	居民组织在	什里夫波特	['Shreveport', '施里夫港', '薛佛波特']	{'什里夫波特': 49}	0	-50.5625	0	{'什里夫波特': 50}	0	-43.0	0
136	Q315451	Verkehrsverbund Berlin-Brandenburg	柏林-勃兰登堡运输协会	Q64	Berlin	柏林	Verkehrsverbund Berlin-Brandenburg was founded in Berlin .	柏林-勃兰登堡运输协会成立于柏林。	柏林-勃兰登堡运输协会成立于	柏林勃兰登堡交通协会在柏林成立。	柏林勃兰登堡交通协会在	柏林	['Berlin', '柏林市', '柏林州']	{'柏林': 14}	0	-75.9375	0	{'柏林': 6}	0	-75.5	0
137	Q12831	Gossip	流言蜚语	Q42735	Olympia	奥林匹亚	Gossip was founded in Olympia .	流言蜚语成立于奥林匹亚。	流言蜚语成立于	 Gossip 成立于奥林匹亚。	 Gossip 成立于	奥林匹亚	['Olympia']	{'奥林匹亚': 35}	0	-49.5	0	{'奥林匹亚': 37}	0	-52.125	0
138	Q741801	Sevendust	血海七尘	Q23556	Atlanta	亚特兰大	Sevendust was founded in Atlanta .	血海七尘成立于亚特兰大。	血海七尘成立于	 Sevendust 成立于亚特兰大。	 Sevendust 成立于	亚特兰大	['Atlanta', '亚特兰大市', '亞城', '阿特蘭大', 'Atlanta', '亞特蘭大']	{'亚特兰大': 19}	0	-79.4375	0	{'亚特兰大': 10}	0	-49.25	0
140	Q156872	Slade	史莱德乐团	Q126269	Wolverhampton	伍尔弗汉普顿	Slade was founded in Wolverhampton .	史莱德乐团成立于伍尔弗汉普顿。	史莱德乐团成立于	斯莱德 (Slade) 公司成立于伍尔弗汉普顿。	斯莱德 (Slade) 公司成立于	伍尔弗汉普顿	['Wolverhampton']	{'伍尔弗汉普顿': 41}	0	-57.65625	0	{'伍尔弗汉普顿': 41}	0	-57.40625	0
141	Q2415769	Heyday Films	盛日影业	Q84	London	伦敦	Heyday Films was founded in London .	盛日影业成立于伦敦。	盛日影业成立于	 Heyday Films 成立于伦敦。	 Heyday Films 成立于	伦敦	['London']	{'伦敦': 18}	0	-49.90625	0	{'伦敦': 14}	0	-51.8125	0
143	Q3946053	Salvatore Ferragamo Italia S.p.A.	菲拉格慕	Q2044	Florence	佛罗伦萨	Salvatore Ferragamo Italia S.p.A. was founded in Florence .	菲拉格慕成立于佛罗伦萨。	菲拉格慕成立于	 Salvatore Ferragamo Italia SpA 在佛罗伦萨成立。	 Salvatore Ferragamo Italia SpA 在	佛罗伦萨	['Florence']	{'佛罗伦萨': 23}	0	-64.6875	0	{'佛罗伦萨': 18}	0	-55.875	0
144	Q2386987	Rogers Sports & Media	罗渣士传媒	Q172	Toronto	多伦多	Rogers Sports & Media was founded in Toronto .	罗渣士传媒成立于多伦多。	罗渣士传媒成立于	罗杰斯体育传媒公司成立于多伦多。	罗杰斯体育传媒公司成立于	多伦多	['Toronto']	{'多伦多': 15}	0	-68.4375	0	{'多伦多': 21}	0	-62.0625	0
145	Q7020906	Nexstar Media Group	次星传媒集团	Q51690	Irving	欧文	Nexstar Media Group was founded in Irving .	次星传媒集团成立于欧文。	次星传媒集团成立于	 Nexstar 媒体集团在欧文成立。	 Nexstar 媒体集团在	欧文	['Irving']	{'欧文': 20}	0	-56.4375	0	{'欧文': 30}	0	-53.65625	0
146	Q1145059	Hellenic Broadcasting Corporation	希腊广播电视公司	Q1524	Athens	雅典	Hellenic Broadcasting Corporation was founded in Athens .	希腊广播电视公司成立于雅典。	希腊广播电视公司成立于	希腊广播公司在雅典成立。	希腊广播公司在	雅典	['Athens']	{'雅典': 15}	0	-42.53125	0	{'雅典': 18}	0	-41.40625	0
149	Q8030218	Wolfson Microelectronics	电气电子工程师学会詹姆斯·克拉克·麦克斯韦奖	Q23436	Edinburgh	爱丁堡	Wolfson Microelectronics was founded in Edinburgh .	电气电子工程师学会詹姆斯·克拉克·麦克斯韦奖成立于爱丁堡。	电气电子工程师学会詹姆斯·克拉克·麦克斯韦奖成立于	欧胜微电子公司在爱丁堡成立。	欧胜微电子公司在	爱丁堡	['Edinburgh', '爱丁堡']	{'爱丁堡': 24}	0	-92.875	0	{'爱丁堡': 29}	0	-51.09375	0
150	Q912909	The Raconteurs	虎烂乐团	Q12439	Detroit	底特律	The Raconteurs was founded in Detroit .	虎烂乐团成立于底特律。	虎烂乐团成立于	 Raconteurs 乐队成立于底特律。	 Raconteurs 乐队成立于	底特律	['Detroit']	{'底特律': 22}	0	-69.3125	0	{'底特律': 19}	0	-50.96875	0
151	Q133405	Bee Gees	比吉斯	Q18125	Manchester	曼彻斯特	Bee Gees was founded in Manchester .	比吉斯成立于曼彻斯特。	比吉斯成立于	比吉斯乐队 (Bee Gees) 成立于曼彻斯特。	比吉斯乐队 (Bee Gees) 成立于	曼彻斯特	['Manchester', '曼徹斯特']	{'曼彻斯特': 22}	0	-54.0625	0	{'曼彻斯特': 19}	0	-71.125	0
152	Q743497	Neiman Marcus	尼曼	Q16557	Dallas	达拉斯	Neiman Marcus was founded in Dallas .	尼曼成立于达拉斯。	尼曼成立于	尼曼·马库斯 (Neiman Marcus) 成立于达拉斯。	尼曼·马库斯 (Neiman Marcus) 成立于	达拉斯	['Dallas']	{'达拉斯': 35}	0	-46.28125	0	{'达拉斯': 12}	0	-74.625	0
154	Q6677525	Cadbury	吉百利	Q2256	Birmingham	伯明翰	Cadbury was founded in Birmingham .	吉百利成立于伯明翰。	吉百利成立于	吉百利成立于伯明翰。	吉百利成立于	伯明翰	['Birmingham', '伯明罕', '伍爾佛漢普頓']	{'伯明翰': 36}	0	-55.5	0	{'伯明翰': 36}	0	-55.5	0
156	Q141336	Mosfilm	莫斯科电影制片厂	Q649	Moscow	莫斯科	Mosfilm was founded in Moscow .	莫斯科电影制片厂成立于莫斯科。	莫斯科电影制片厂成立于	莫斯科电影制片厂在莫斯科成立。	莫斯科电影制片厂在	莫斯科	['Moscow']	{'莫斯科': 2}	0	-47.5625	1	{'莫斯科': 1}	1	-46.03125	1
157	Q342581	Acrassicauda	毒蝎子	Q1530	Baghdad	巴格达	Acrassicauda was founded in Baghdad .	毒蝎子成立于巴格达。	毒蝎子成立于	Acrassicauda 在巴格达成立。	Acrassicauda 在	巴格达	['Baghdad']	{'巴格达': 49}	0	-64.375	0	{'巴格达': 28}	0	-39.21875	0
158	Q877512	Hot Chip	劲辣薯片	Q84	London	伦敦	Hot Chip was founded in London .	劲辣薯片成立于伦敦。	劲辣薯片成立于	 Hot Chip 成立于伦敦。	 Hot Chip 成立于	伦敦	['London']	{'伦敦': 15}	0	-74.6875	0	{'伦敦': 14}	0	-49.25	0
159	Q66	Boeing	波音	Q5083	Seattle	西雅图	Boeing was founded in Seattle .	波音成立于西雅图。	波音成立于	波音公司成立于西雅图。	波音公司成立于	西雅图	['Seattle']	{'西雅图': 37}	0	-46.9375	0	{'西雅图': 31}	0	-42.78125	0
160	Q794353	Azure Ray	蔚蓝射线	Q203263	Athens	雅典	Azure Ray was founded in Athens .	蔚蓝射线成立于雅典。	蔚蓝射线成立于	 Azure Ray 成立于雅典。	 Azure Ray 成立于	雅典	['Athens', '阿森斯', '雅典城，喬治亞州']	{'雅典': 26}	0	-70.9375	0	{'雅典': 42}	0	-51.28125	0
163	Q46573	Lacuna Coil	时空飞鹰	Q490	Milan	米兰	Lacuna Coil was founded in Milan .	时空飞鹰成立于米兰。	时空飞鹰成立于	 Lacuna Coil 在米兰成立。	 Lacuna Coil 在	米兰	['Milan']	{'米兰': 25}	0	-57.40625	0	{'米兰': 20}	0	-39.21875	0
165	Q668735	Big Fish Games	大鱼游戏	Q5083	Seattle	西雅图	Big Fish Games was founded in Seattle .	大鱼游戏成立于西雅图。	大鱼游戏成立于	 Big Fish Games 成立于西雅图。	 Big Fish Games 成立于	西雅图	['Seattle']	{'西雅图': 33}	0	-49.6875	0	{'西雅图': 22}	0	-49.03125	0
166	Q2777746	Fayard	法亚尔	Q90	Paris	巴黎	Fayard was founded in Paris .	法亚尔成立于巴黎。	法亚尔成立于	 Fayard 成立于巴黎。	 Fayard 成立于	巴黎	['Paris', '巴黎市', '巴黎省']	{'巴黎': 46}	0	-56.125	0	{'巴黎': 47}	0	-55.875	0
167	Q254371	Papa Roach	蟑螂老爹	Q99	California	加利福尼亚州	Papa Roach was founded in California .	蟑螂老爹成立于加利福尼亚州。	蟑螂老爹成立于	罗奇爸爸 (Papa Roach) 成立于加利福尼亚州。	罗奇爸爸 (Papa Roach) 成立于	加利福尼亚州	['California', '加利福尼亞', '加裏福尼亞州', '加裏福尼亞', '加州']	{'加利福尼亚州': 21}	0	-65.6875	0	{'加利福尼亚州': 1}	1	-74.875	1
168	Q7522044	Sinclair Radionics	辛克莱无线电器材公司	Q350	Cambridge	剑桥	Sinclair Radionics was founded in Cambridge .	辛克莱无线电器材公司成立于剑桥。	辛克莱无线电器材公司成立于	 Sinclair Radionics 在剑桥成立。	 Sinclair Radionics 在	剑桥	['Cambridge', '剑桥', '康桥', '康橋']	{'剑桥': 26}	0	-75.75	0	{'剑桥': 24}	0	-49.21875	0
169	Q172740	Cosworth	考斯沃斯	Q84	London	伦敦	Cosworth was founded in London .	考斯沃斯成立于伦敦。	考斯沃斯成立于	考斯沃斯成立于伦敦。	考斯沃斯成立于	伦敦	['London']	{'伦敦': 19}	0	-57.03125	0	{'伦敦': 19}	0	-57.03125	0
170	Q23471	Lordi	妖怪乐团	Q1757	Helsinki	赫尔辛基	Lordi was founded in Helsinki .	妖怪乐团成立于赫尔辛基。	妖怪乐团成立于	 Lordi 成立于赫尔辛基。	 Lordi 成立于	赫尔辛基	['Helsinki']	{'赫尔辛基': 32}	0	-50.15625	0	{'赫尔辛基': 18}	0	-52.53125	0
171	Q2882611	Bank Negara Indonesia	印度尼西亚国家银行	Q252	Indonesia	印度尼西亚	Bank Negara Indonesia was founded in Indonesia .	印度尼西亚国家银行成立于印度尼西亚。	印度尼西亚国家银行成立于	印度尼西亚国家银行在印度尼西亚成立。	印度尼西亚国家银行在	印度尼西亚	['Indonesia', '印尼', '印度尼西亚共和国', '努山達拉人民國']	{'印度尼西亚': 9}	0	-48.21875	0	{'印度尼西亚': 15}	0	-41.0	0
173	Q1165638	Framestore	视觉效果的公司 Framestore	Q84	London	伦敦	Framestore was founded in London .	视觉效果的公司 Framestore成立于伦敦。	视觉效果的公司 Framestore成立于	 Framestore 成立于伦敦。	 Framestore 成立于	伦敦	['London']	{'伦敦': 11}	0	-71.4375	0	{'伦敦': 10}	0	-49.125	0
175	Q389870	Lady A	战前女神	Q23197	Nashville	纳什维尔	Lady A was founded in Nashville .	战前女神成立于纳什维尔。	战前女神成立于	 Lady A 在纳什维尔成立。	 Lady A 在	纳什维尔	['Nashville', '納許維爾', '納士維']	{'纳什维尔': 37}	0	-63.59375	0	{'纳什维尔': 32}	0	-43.75	0
176	Q17587679	The Struts	傲娇乐队	Q43475	Derby	德比	The Struts was founded in Derby .	傲娇乐队成立于德比。	傲娇乐队成立于	 Struts 成立于德比。	 Struts 成立于	德比	['Derby']	{'德比': 34}	0	-51.6875	0	{'德比': 32}	0	-53.90625	0
177	Q177054	Burger King	汉堡王	Q8652	Miami	迈阿密	Burger King was founded in Miami .	汉堡王成立于迈阿密。	汉堡王成立于	汉堡王创立于迈阿密。	汉堡王创立于	迈阿密	['Miami', '邁亞密', '邁阿密市', '迈阿密']	{'迈阿密': 39}	0	-56.8125	0	{'迈阿密': 38}	0	-54.71875	0
178	Q7394901	ST Aerospace	新科航太公司	Q334	Singapore	新加坡	ST Aerospace was founded in Singapore .	新科航太公司成立于新加坡。	新科航太公司成立于	 ST Aerospace 成立于新加坡。	 ST Aerospace 成立于	新加坡	['Singapore', '新加坡共和国', '新国', '星国', '狮城', '星洲', '星加坡']	{'新加坡': 20}	0	-62.25	0	{'新加坡': 6}	0	-53.375	0
179	Q4816806	Atlas Genius	阿特拉斯天才	Q5112	Adelaide	阿德莱德	Atlas Genius was founded in Adelaide .	阿特拉斯天才成立于阿德莱德。	阿特拉斯天才成立于	 Atlas Genius 成立于阿德莱德。	 Atlas Genius 成立于	阿德莱德	['Adelaide', 'Adelaide']	{'阿德莱德': 40}	0	-69.375	0	{'阿德莱德': 20}	0	-51.375	0
180	Q594855	Sunn O)))	蜂鸣	Q5083	Seattle	西雅图	Sunn O))) was founded in Seattle .	蜂鸣成立于西雅图。	蜂鸣成立于	Sunn O))) 在西雅图成立。	Sunn O))) 在	西雅图	['Seattle']	{'西雅图': 37}	0	-48.90625	0	{'西雅图': 31}	0	-33.9375	0
181	Q3483312	Sidley Austin	盛德律师事务所	Q1297	Chicago	芝加哥	Sidley Austin was founded in Chicago .	盛德律师事务所成立于芝加哥。	盛德律师事务所成立于	盛德律师事务所成立于芝加哥。	盛德律师事务所成立于	芝加哥	['Chicago']	{'芝加哥': 17}	0	-53.0625	0	{'芝加哥': 17}	0	-53.0625	0
182	Q378181	Chemins de fer du Midi	南方铁路	Q7880	Toulouse	图卢兹	Chemins de fer du Midi was founded in Toulouse .	南方铁路成立于图卢兹。	南方铁路成立于	南铁路 (Chemins de fer du Midi) 在图卢兹成立。	南铁路 (Chemins de fer du Midi) 在	图卢兹	['Toulouse', '图卢兹', '土魯斯']	{'图卢兹': 36}	0	-46.15625	0	{'图卢兹': 29}	0	-71.9375	0
183	Q714491	Marks & Spencer	马莎百货	Q39121	Leeds	利兹	Marks & Spencer was founded in Leeds .	马莎百货成立于利兹。	马莎百货成立于	玛莎百货 (Marks & Spencer) 成立于利兹。	玛莎百货 (Marks & Spencer) 成立于	利兹	['Leeds', '列斯', '里茲']	{'利兹': 20}	0	-55.40625	0	{'利兹': 23}	0	-69.4375	0
184	Q25177	Rammstein	德国战车	Q64	Berlin	柏林	Rammstein was founded in Berlin .	德国战车成立于柏林。	德国战车成立于	德国拉姆斯坦公司成立于柏林。	德国拉姆斯坦公司成立于	柏林	['Berlin', '柏林市', '柏林州']	{'柏林': 21}	0	-54.6875	0	{'柏林': 16}	0	-66.125	0
185	Q893858	Borknagar	北境之山	Q26793	Bergen	卑尔根	Borknagar was founded in Bergen .	北境之山成立于卑尔根。	北境之山成立于	博克纳加尔 (Borknagar) 成立于卑尔根。	博克纳加尔 (Borknagar) 成立于	卑尔根	['Bergen', '卑尔根']	{'卑尔根': 40}	0	-67.8125	0	{'卑尔根': 16}	0	-80.5	0
186	Q843251	Great Western Railway	大西部铁路	Q23154	Bristol	布里斯托尔	Great Western Railway was founded in Bristol .	大西部铁路成立于布里斯托尔。	大西部铁路成立于	大西部铁路在布里斯托尔成立。	大西部铁路在	布里斯托尔	['Bristol']	{'布里斯托尔': 25}	0	-51.6875	0	{'布里斯托尔': 34}	0	-40.875	0
187	Q12062872	Crown The Empire	君权帝国	Q16557	Dallas	达拉斯	Crown The Empire was founded in Dallas .	君权帝国成立于达拉斯。	君权帝国成立于	皇冠帝国在达拉斯成立。	皇冠帝国在	达拉斯	['Dallas']	{'达拉斯': 40}	0	-61.6875	0	{'达拉斯': 38}	0	-40.625	0
188	Q1961890	N M Rothschild & Sons	洛希尔国际投资银行	Q84	London	伦敦	N M Rothschild & Sons was founded in London .	洛希尔国际投资银行成立于伦敦。	洛希尔国际投资银行成立于	 NM Rothschild & Sons 公司在伦敦成立。	 NM Rothschild & Sons 公司在	伦敦	['London']	{'伦敦': 19}	0	-61.15625	0	{'伦敦': 9}	0	-55.4375	0
189	Q748836	Simple Minds	头脑简单乐团	Q4093	Glasgow	格拉斯哥	Simple Minds was founded in Glasgow .	头脑简单乐团成立于格拉斯哥。	头脑简单乐团成立于	 Simple Minds 成立于格拉斯哥。	 Simple Minds 成立于	格拉斯哥	['Glasgow']	{'格拉斯哥': 37}	0	-65.0625	0	{'格拉斯哥': 16}	0	-49.34375	0
190	Q5292322	Don Broco	唐伯寇乐团	Q208257	Bedford	贝德福德	Don Broco was founded in Bedford .	唐伯寇乐团成立于贝德福德。	唐伯寇乐团成立于	 Don Broco 在贝德福德成立。	 Don Broco 在	贝德福德	['Bedford']	{'贝德福德': 35}	0	-73.3125	0	{'贝德福德': 37}	0	-41.9375	0
191	Q1394532	Cheers Beacon Hill	公牛和芬奇酒吧	Q100	Boston	波士顿	Cheers Beacon Hill was founded in Boston .	公牛和芬奇酒吧成立于波士顿。	公牛和芬奇酒吧成立于	 Cheers Beacon Hill 成立于波士顿。	 Cheers Beacon Hill 成立于	波士顿	['Boston', '波士頓市', '波士頓']	{'波士顿': 27}	0	-91.875	0	{'波士顿': 23}	0	-64.75	0
192	Q855432	Bianchi Bicycles	比安基自行车	Q490	Milan	米兰	Bianchi Bicycles was founded in Milan .	比安基自行车成立于米兰。	比安基自行车成立于	比安奇自行车公司在米兰成立。	比安奇自行车公司在	米兰	['Milan']	{'米兰': 26}	0	-61.375	0	{'米兰': 32}	0	-56.40625	0
193	Q218255	Electric Light Orchestra	电光合唱团	Q2256	Birmingham	伯明翰	Electric Light Orchestra was founded in Birmingham .	电光合唱团成立于伯明翰。	电光合唱团成立于	电光乐团在伯明翰成立。	电光乐团在	伯明翰	['Birmingham', '伯明罕', '伍爾佛漢普頓']	{'伯明翰': 27}	0	-59.03125	0	{'伯明翰': 39}	0	-48.3125	0
195	Q538284	Otis Williams	奥提斯·威廉斯	Q12439	Detroit	底特律	Otis Williams was founded in Detroit .	奥提斯·威廉斯成立于底特律。	奥提斯·威廉斯成立于	奥蒂斯威廉姆斯 (Otis Williams) 在底特律成立。	奥蒂斯威廉姆斯 (Otis Williams) 在	底特律	['Detroit']	{'底特律': 22}	0	-63.5625	0	{'底特律': 18}	0	-57.71875	0
196	Q3552193	Urban Outfitters	城市服装	Q1345	Philadelphia	费城	Urban Outfitters was founded in Philadelphia .	城市服装成立于费城。	城市服装成立于	 Urban Outfitters 成立于费城。	 Urban Outfitters 成立于	费城	['Philadelphia', '费城', '費拉德爾菲亞', '菲利']	{'费城': 28}	0	-54.0	0	{'费城': 6}	0	-49.8125	0
197	Q4822011	Aunty Disco Project	大妈迪斯科事业	Q8660	Karachi	卡拉奇	Aunty Disco Project was founded in Karachi .	大妈迪斯科事业成立于卡拉奇。	大妈迪斯科事业成立于	 Aunty Disco Project 在卡拉奇成立。	 Aunty Disco Project 在	卡拉奇	['Karachi', '喀拉蚩', '克拉嗤']	{'卡拉奇': 39}	0	-80.4375	0	{'卡拉奇': 48}	0	-54.21875	0
198	Q454940	North Side Gang	北边帮	Q1297	Chicago	芝加哥	North Side Gang was founded in Chicago .	北边帮成立于芝加哥。	北边帮成立于	 North Side Gang 成立于芝加哥。	 North Side Gang 成立于	芝加哥	['Chicago']	{'芝加哥': 19}	0	-57.25	0	{'芝加哥': 7}	0	-55.96875	0
199	Q671183	Mudvayne	冒犯合唱团	Q1204	Illinois	伊利诺伊州	Mudvayne was founded in Illinois .	冒犯合唱团成立于伊利诺伊州。	冒犯合唱团成立于	 Mudvayne 成立于伊利诺伊州。	 Mudvayne 成立于	伊利诺伊州	['Illinois', '伊利諾州']	{'伊利诺伊州': 47}	0	-68.3125	0	{'伊利诺伊州': 17}	0	-54.8125	0
200	Q193136	Prada	普拉达	Q490	Milan	米兰	Prada was founded in Milan .	普拉达成立于米兰。	普拉达成立于	普拉达 (Prada) 成立于米兰。	普拉达 (Prada) 成立于	米兰	['Milan']	{'米兰': 26}	0	-49.3125	0	{'米兰': 12}	0	-57.0	0
204	Q199296	Ziff Davis	齐夫戴维斯	Q1297	Chicago	芝加哥	Ziff Davis was founded in Chicago .	齐夫戴维斯成立于芝加哥。	齐夫戴维斯成立于	 Ziff Davis 成立于芝加哥。	 Ziff Davis 成立于	芝加哥	['Chicago']	{'芝加哥': 17}	0	-60.03125	0	{'芝加哥': 2}	0	-51.25	1
205	Q1426945	Labelle	拉贝尔姊妹	Q1345	Philadelphia	费城	Labelle was founded in Philadelphia .	拉贝尔姊妹成立于费城。	拉贝尔姊妹成立于	 Labelle 成立于费城。	 Labelle 成立于	费城	['Philadelphia', '费城', '費拉德爾菲亞', '菲利']	{'费城': 24}	0	-68.625	0	{'费城': 24}	0	-51.25	0
206	Q118663	Baldwin Piano Company	主流音乐Top 40单曲榜	Q43196	Cincinnati	辛辛那提	Baldwin Piano Company was founded in Cincinnati .	主流音乐Top 40单曲榜成立于辛辛那提。	主流音乐Top 40单曲榜成立于	鲍德温钢琴公司在辛辛那提成立。	鲍德温钢琴公司在	辛辛那提	['Cincinnati', '辛辛纳提', '辛辛那堤', '辛辛那提市']	{'辛辛那提': 28}	0	-71.5	0	{'辛辛那提': 37}	0	-57.1875	0
207	Q231985	Hayley Westenra	海莉·薇思特拉	Q79990	Christchurch	基督城	Hayley Westenra was founded in Christchurch .	海莉·薇思特拉成立于基督城。	海莉·薇思特拉成立于	 Hayley Westenra 成立于基督城。	 Hayley Westenra 成立于	基督城	['Christchurch', 'Christchurch', '克莱斯特彻奇', '克赖斯特彻奇', '基督堂市']	{'基督城': 35}	0	-76.3125	0	{'基督城': 29}	0	-60.1875	0
208	Q484255	Alice in Chains	爱丽丝囚徒	Q5083	Seattle	西雅图	Alice in Chains was founded in Seattle .	爱丽丝囚徒成立于西雅图。	爱丽丝囚徒成立于	爱丽丝囚徒乐队 (Alice in Chains) 在西雅图成立。	爱丽丝囚徒乐队 (Alice in Chains) 在	西雅图	['Seattle']	{'西雅图': 39}	0	-64.8125	0	{'西雅图': 22}	0	-67.0	0
209	Q756890	Institut d'Estudis Catalans	加泰罗尼亚语语言学院	Q1492	Barcelona	巴塞罗那	Institut d'Estudis Catalans was founded in Barcelona .	加泰罗尼亚语语言学院成立于巴塞罗那。	加泰罗尼亚语语言学院成立于	加泰罗尼亚研究所在巴塞罗那成立。	加泰罗尼亚研究所在	巴塞罗那	['Barcelona', '巴塞羅那']	{'巴塞罗那': 21}	0	-59.0	0	{'巴塞罗那': 32}	0	-47.46875	0
210	Q757307	Atlassian	Cenqua	Q3130	Sydney	悉尼	Atlassian was founded in Sydney .	Cenqua成立于悉尼。	Cenqua成立于	 Atlassian 成立于悉尼。	 Atlassian 成立于	悉尼	['Sydney', '雪梨', '雪梨 (澳洲)']	{'悉尼': 20}	0	-49.5	0	{'悉尼': 26}	0	-51.0	0
211	Q269836	SHINee	SHINee	Q8684	Seoul	首尔	SHINee was founded in Seoul .	SHINee成立于首尔。	SHINee成立于	 SHINee成立于首尔。	 SHINee成立于	首尔	['Seoul', '首爾特別市', '首尔特别市', '汉城', '首尔', '漢城']	{'首尔': 10}	0	-37.4375	0	{'首尔': 8}	0	-46.375	0
212	Q3820912	Opal Butterfly	猫眼石蝴蝶	Q23169	Oxfordshire	牛津郡	Opal Butterfly was founded in Oxfordshire .	猫眼石蝴蝶成立于牛津郡。	猫眼石蝴蝶成立于	 Opal Butterfly 成立于牛津郡。	 Opal Butterfly 成立于	牛津郡	['Oxfordshire']	{'牛津郡': 35}	0	-72.9375	0	{'牛津郡': 34}	0	-58.03125	0
213	Q204022	Bultaco	Bultaco	Q1492	Barcelona	巴塞罗那	Bultaco was founded in Barcelona .	Bultaco成立于巴塞罗那。	Bultaco成立于	 Bultaco 成立于巴塞罗那。	 Bultaco 成立于	巴塞罗那	['Barcelona', '巴塞羅那']	{'巴塞罗那': 18}	0	-41.46875	0	{'巴塞罗那': 17}	0	-54.0625	0
214	Q3339152	News Corp Australia	澳洲新闻集团	Q5112	Adelaide	阿德莱德	News Corp Australia was founded in Adelaide .	澳洲新闻集团成立于阿德莱德。	澳洲新闻集团成立于	新闻集团澳大利亚公司在阿德莱德成立。	新闻集团澳大利亚公司在	阿德莱德	['Adelaide', 'Adelaide']	{'阿德莱德': 19}	0	-52.375	0	{'阿德莱德': 24}	0	-55.28125	0
215	Q1146764	The Cribs	The Cribs	Q216638	Wakefield	韦克菲尔德	The Cribs was founded in Wakefield .	The Cribs成立于韦克菲尔德。	The Cribs成立于	 Cribs 乐队成立于韦克菲尔德。	 Cribs 乐队成立于	韦克菲尔德	['Wakefield']	{'韦克菲尔德': 26}	0	-43.0625	0	{'韦克菲尔德': 44}	0	-54.53125	0
216	Q600986	Escada SE	爱思卡达	Q1726	Munich	慕尼黑	Escada SE was founded in Munich .	爱思卡达成立于慕尼黑。	爱思卡达成立于	 Escada SE 在慕尼黑成立。	 Escada SE 在	慕尼黑	['Munich', '明兴']	{'慕尼黑': 17}	0	-58.1875	0	{'慕尼黑': 24}	0	-52.71875	0
218	Q756669	Ikarus	伊凯洛斯巴士	Q1781	Budapest	布达佩斯	Ikarus was founded in Budapest .	伊凯洛斯巴士成立于布达佩斯。	伊凯洛斯巴士成立于	 Ikarus 成立于布达佩斯。	 Ikarus 成立于	布达佩斯	['Budapest']	{'布达佩斯': 15}	0	-82.125	0	{'布达佩斯': 16}	0	-53.59375	0
219	Q563329	Pentacon	潘太康	Q1731	Dresden	德累斯顿	Pentacon was founded in Dresden .	潘太康成立于德累斯顿。	潘太康成立于	 Pentacon 成立于德累斯顿。	 Pentacon 成立于	德累斯顿	['Dresden', '德勒斯登']	{'德累斯顿': 37}	0	-57.125	0	{'德累斯顿': 24}	0	-inf	0
221	Q3066295	Fantasia Festival	国际奇幻影展	Q340	Montreal	蒙特利尔	Fantasia Festival was founded in Montreal .	国际奇幻影展成立于蒙特利尔。	国际奇幻影展成立于	幻想曲音乐节在蒙特利尔创立。	幻想曲音乐节在	蒙特利尔	['Montreal', '滿地可', '蒙特婁']	{'蒙特利尔': 27}	0	-61.15625	0	{'蒙特利尔': 30}	0	-56.8125	0
222	Q3633835	Bank of Napoli	那不勒斯银行	Q2634	Naples	那不勒斯	Bank of Napoli was founded in Naples .	那不勒斯银行成立于那不勒斯。	那不勒斯银行成立于	那不勒斯银行在那不勒斯成立。	那不勒斯银行在	那不勒斯	['Naples', '那波利', '拿波里', '帕耳忒诺珀', '帕爾忒諾珀', '拿坡里']	{'那不勒斯': 18}	0	-56.4375	0	{'那不勒斯': 26}	0	-53.125	0
223	Q5182604	Crate & Barrel	箱桶之家	Q1297	Chicago	芝加哥	Crate & Barrel was founded in Chicago .	箱桶之家成立于芝加哥。	箱桶之家成立于	Crate & Barrel 成立于芝加哥。	Crate & Barrel 成立于	芝加哥	['Chicago']	{'芝加哥': 20}	0	-58.96875	0	{'芝加哥': 3}	0	-41.34375	1
225	Q246824	BLS AG	BLS股份公司	Q70	Bern	伯尔尼	BLS AG was founded in Bern .	BLS股份公司成立于伯尔尼。	BLS股份公司成立于	 BLS AG 在伯尔尼成立。	 BLS AG 在	伯尔尼	['Bern', '伯爾尼', '伯恩']	{'伯尔尼': 25}	0	-48.28125	0	{'伯尔尼': 34}	0	-51.875	0
226	Q5253734	Delhi 2 Dublin	德里到都柏林	Q24639	Vancouver	温哥华	Delhi 2 Dublin was founded in Vancouver .	德里到都柏林成立于温哥华。	德里到都柏林成立于	 Delhi 2 Dublin 在温哥华成立。	 Delhi 2 Dublin 在	温哥华	['Vancouver', 'Vancouver', '雲埠', '咸水埠', '溫哥華市', '温哥华', '雲高華']	{'温哥华': 27}	0	-72.75	0	{'温哥华': 29}	0	-46.4375	0
228	Q483718	Foo Fighters	喷火战机乐队	Q5083	Seattle	西雅图	Foo Fighters was founded in Seattle .	喷火战机乐队成立于西雅图。	喷火战机乐队成立于	 Foo Fighters 乐队成立于西雅图。	 Foo Fighters 乐队成立于	西雅图	['Seattle']	{'西雅图': 35}	0	-70.125	0	{'西雅图': 24}	0	-49.09375	0
230	Q93346	The Who	谁人	Q84	London	伦敦	The Who was founded in London .	谁人成立于伦敦。	谁人成立于	 The Who乐队成立于伦敦。	 The Who乐队成立于	伦敦	['London']	{'伦敦': 17}	0	-49.375	0	{'伦敦': 15}	0	-43.21875	0
231	Q663626	MSC Cruises	地中海邮轮	Q2634	Naples	那不勒斯	MSC Cruises was founded in Naples .	地中海邮轮成立于那不勒斯。	地中海邮轮成立于	 MSC 邮轮公司成立于那不勒斯。	 MSC 邮轮公司成立于	那不勒斯	['Naples', '那波利', '拿波里', '帕耳忒诺珀', '帕爾忒諾珀', '拿坡里']	{'那不勒斯': 46}	0	-55.53125	0	{'那不勒斯': 38}	0	-59.5625	0
232	Q2882136	Bandai Channel	BANDAI频道	Q17	Japan	日本	Bandai Channel was founded in Japan .	BANDAI频道成立于日本。	BANDAI频道成立于	万代频道在日本成立。	万代频道在	日本	['Japan', '日本国', '日本國', '扶桑', '扶桑國', '日']	{'日本': 7}	0	-57.75	0	{'日本': 20}	0	-43.96875	0
233	Q134241	Feyenoord	飞燕诺	Q34370	Rotterdam	鹿特丹	Feyenoord was founded in Rotterdam .	飞燕诺成立于鹿特丹。	飞燕诺成立于	费耶诺德足球俱乐部成立于鹿特丹。	费耶诺德足球俱乐部成立于	鹿特丹	['Rotterdam']	{'鹿特丹': 25}	0	-57.65625	0	{'鹿特丹': 25}	0	-58.90625	0
234	Q960061	Radiotelevizija Slovenija	斯洛维尼亚广播电视台	Q437	Ljubljana	卢布尔雅那	Radiotelevizija Slovenija was founded in Ljubljana .	斯洛维尼亚广播电视台成立于卢布尔雅那。	斯洛维尼亚广播电视台成立于	斯洛文尼亚广播电台在卢布尔雅那成立。	斯洛文尼亚广播电台在	卢布尔雅那	['Ljubljana', '盧布爾雅那', '盧比安納']	{'卢布尔雅那': 12}	0	-58.125	0	{'卢布尔雅那': 27}	0	-45.84375	0
236	Q1092539	Cinnabon	肉桂卷甜品店	Q5083	Seattle	西雅图	Cinnabon was founded in Seattle .	肉桂卷甜品店成立于西雅图。	肉桂卷甜品店成立于	 Cinnabon 成立于西雅图。	 Cinnabon 成立于	西雅图	['Seattle']	{'西雅图': 36}	0	-71.375	0	{'西雅图': 30}	0	-59.28125	0
238	Q300324	A Bathing Ape	A Bathing Ape	Q17	Japan	日本	A Bathing Ape was founded in Japan .	A Bathing Ape成立于日本。	A Bathing Ape成立于	 A Bathing Ape 成立于日本。	 A Bathing Ape 成立于	日本	['Japan', '日本国', '日本國', '扶桑', '扶桑國', '日']	{'日本': 12}	0	-37.9375	0	{'日本': 14}	0	-44.4375	0
240	Q2147902	Rheinmetall MAN Military Vehicles	莱茵金属曼恩军用车辆公司	Q1726	Munich	慕尼黑	Rheinmetall MAN Military Vehicles was founded in Munich .	莱茵金属曼恩军用车辆公司成立于慕尼黑。	莱茵金属曼恩军用车辆公司成立于	莱茵金属曼军用车辆公司在慕尼黑成立。	莱茵金属曼军用车辆公司在	慕尼黑	['Munich', '明兴']	{'慕尼黑': 14}	0	-86.25	0	{'慕尼黑': 22}	0	-80.875	0
241	Q597191	Rothmans International	乐富门国际股份	Q84	London	伦敦	Rothmans International was founded in London .	乐富门国际股份成立于伦敦。	乐富门国际股份成立于	乐富门国际公司 (Rothmans International) 在伦敦成立。	乐富门国际公司 (Rothmans International) 在	伦敦	['London']	{'伦敦': 14}	0	-65.3125	0	{'伦敦': 13}	0	-80.9375	0
242	Q81888	AFC Ajax	阿贾克斯足球俱乐部	Q727	Amsterdam	阿姆斯特丹	AFC Ajax was founded in Amsterdam .	阿贾克斯足球俱乐部成立于阿姆斯特丹。	阿贾克斯足球俱乐部成立于	阿贾克斯足球俱乐部 (AFC Ajax) 成立于阿姆斯特丹。	阿贾克斯足球俱乐部 (AFC Ajax) 成立于	阿姆斯特丹	['Amsterdam', '荷京']	{'阿姆斯特丹': 22}	0	-53.03125	0	{'阿姆斯特丹': 2}	0	-66.5	1
243	Q9322	Deutsche Bahn	德国铁路	Q64	Berlin	柏林	Deutsche Bahn was founded in Berlin .	德国铁路成立于柏林。	德国铁路成立于	德国铁路公司在柏林成立。	德国铁路公司在	柏林	['Berlin', '柏林市', '柏林州']	{'柏林': 18}	0	-48.15625	0	{'柏林': 19}	0	-39.90625	0
244	Q3389022	Piper Sandler Companies	派杰投资公司	Q36091	Minneapolis	明尼阿波利斯	Piper Sandler Companies was founded in Minneapolis .	派杰投资公司成立于明尼阿波利斯。	派杰投资公司成立于	Piper Sandler Companies 成立于明尼阿波利斯。	Piper Sandler Companies 成立于	明尼阿波利斯	['Minneapolis', '明尼阿波利', '明尼亞波利斯', '明尼亞波里', '明尼亞波里斯', '明尼亞波利', '明尼阿波里', '明尼阿波里斯', '明城', '明市']	{'明尼阿波利斯': 37}	0	-64.6875	0	{'明尼阿波利斯': 20}	0	-45.40625	0
245	Q1136349	Costa Cruises	歌诗达邮轮	Q1449	Genoa	热那亚	Costa Cruises was founded in Genoa .	歌诗达邮轮成立于热那亚。	歌诗达邮轮成立于	歌诗达邮轮公司成立于热那亚。	歌诗达邮轮公司成立于	热那亚	['Genoa', '柔鲁', '熱諾瓦', '熱内亞']	{'热那亚': 22}	0	-75.0625	0	{'热那亚': 24}	0	-71.0625	0
247	Q680019	Grundig	根德	Q2090	Nuremberg	纽伦堡	Grundig was founded in Nuremberg .	根德成立于纽伦堡。	根德成立于	 Grundig 成立于纽伦堡。	 Grundig 成立于	纽伦堡	['Nuremberg']	{'纽伦堡': 31}	0	-52.0625	0	{'纽伦堡': 15}	0	-46.84375	0
248	Q2054310	Nintendo Software Planning & Development	任天堂企划开发本部	Q17	Japan	日本	Nintendo Software Planning & Development was founded in Japan .	任天堂企划开发本部成立于日本。	任天堂企划开发本部成立于	任天堂软件规划与开发公司在日本成立。	任天堂软件规划与开发公司在	日本	['Japan', '日本国', '日本國', '扶桑', '扶桑國', '日']	{'日本': 14}	0	-74.75	0	{'日本': 9}	0	-68.375	0
250	Q4974526	Brookes Brothers	布鲁克斯兄弟	Q84	London	伦敦	Brookes Brothers was founded in London .	布鲁克斯兄弟成立于伦敦。	布鲁克斯兄弟成立于	布鲁克斯兄弟公司成立于伦敦。	布鲁克斯兄弟公司成立于	伦敦	['London']	{'伦敦': 18}	0	-57.4375	0	{'伦敦': 18}	0	-52.9375	0
251	Q919591	British-India Steam Navigation Company	英印轮船公司	Q1348	Kolkata	加尔各答	British-India Steam Navigation Company was founded in Kolkata .	英印轮船公司成立于加尔各答。	英印轮船公司成立于	英印轮船航运公司在加尔各答成立。	英印轮船航运公司在	加尔各答	['Kolkata']	{'加尔各答': 35}	0	-64.9375	0	{'加尔各答': 31}	0	-70.0625	0
252	Q48881	Sherwin-Williams	舍温-威廉斯	Q37320	Cleveland	克利夫兰	Sherwin-Williams was founded in Cleveland .	舍温-威廉斯成立于克利夫兰。	舍温-威廉斯成立于	宣伟公司成立于克利夫兰。	宣伟公司成立于	克利夫兰	['Cleveland', '企李崙', '企城', '克里夫兰', '克利夫蘭']	{'克利夫兰': 43}	0	-68.5	0	{'克利夫兰': 48}	0	-60.0625	0
253	Q1778212	Transports Metropolitans de Barcelona	巴塞罗那城铁	Q1492	Barcelona	巴塞罗那	Transports Metropolitans de Barcelona was founded in Barcelona .	巴塞罗那城铁成立于巴塞罗那。	巴塞罗那城铁成立于	巴塞罗那大都会运输公司在巴塞罗那成立。	巴塞罗那大都会运输公司在	巴塞罗那	['Barcelona', '巴塞羅那']	{'巴塞罗那': 15}	0	-67.1875	0	{'巴塞罗那': 20}	0	-59.1875	0
254	Q27074	Aston Martin Lagonda	阿斯顿·马丁	Q84	London	伦敦	Aston Martin Lagonda was founded in London .	阿斯顿·马丁成立于伦敦。	阿斯顿·马丁成立于	阿斯顿·马丁Lagonda在伦敦成立。	阿斯顿·马丁Lagonda在	伦敦	['London']	{'伦敦': 15}	0	-64.9375	0	{'伦敦': 18}	0	-68.875	0
255	Q128929	MTU Aero Engines	MTU航空发动机公司	Q1726	Munich	慕尼黑	MTU Aero Engines was founded in Munich .	MTU航空发动机公司成立于慕尼黑。	MTU航空发动机公司成立于	 MTU航空发动机公司在慕尼黑成立。	 MTU航空发动机公司在	慕尼黑	['Munich', '明兴']	{'慕尼黑': 11}	0	-44.28125	0	{'慕尼黑': 24}	0	-51.8125	0
256	Q3142419	Telarc International Corporation	得勒克唱片	Q37320	Cleveland	克利夫兰	Telarc International Corporation was founded in Cleveland .	得勒克唱片成立于克利夫兰。	得勒克唱片成立于	 Telarc International Corporation 在克利夫兰成立。	 Telarc International Corporation 在	克利夫兰	['Cleveland', '企李崙', '企城', '克里夫兰', '克利夫蘭']	{'克利夫兰': 44}	0	-61.5625	0	{'克利夫兰': 37}	0	-52.15625	0
257	Q368151	Mediaset S.p.A.	Mediaset	Q490	Milan	米兰	Mediaset S.p.A. was founded in Milan .	Mediaset成立于米兰。	Mediaset成立于	 Mediaset SpA 在米兰成立。	 Mediaset SpA 在	米兰	['Milan']	{'米兰': 14}	0	-37.625	0	{'米兰': 21}	0	-51.46875	0
258	Q334648	Roxy Music	罗西音乐	Q84	London	伦敦	Roxy Music was founded in London .	罗西音乐成立于伦敦。	罗西音乐成立于	 Roxy Music 成立于伦敦。	 Roxy Music 成立于	伦敦	['London']	{'伦敦': 15}	0	-52.9375	0	{'伦敦': 12}	0	-47.65625	0
259	Q629733	RBC Information Systems	《RBC journal》	Q649	Moscow	莫斯科	RBC Information Systems was founded in Moscow .	《RBC journal》成立于莫斯科。	《RBC journal》成立于	 RBC 信息系统在莫斯科成立。	 RBC 信息系统在	莫斯科	['Moscow']	{'莫斯科': 13}	0	-61.375	0	{'莫斯科': 25}	0	-52.25	0
260	Q1484980	Polish Press Agency	波兰新闻社	Q270	Warsaw	华沙	Polish Press Agency was founded in Warsaw .	波兰新闻社成立于华沙。	波兰新闻社成立于	波兰新闻社在华沙成立。	波兰新闻社在	华沙	['Warsaw', '華沙', '洼尔搜未']	{'华沙': 26}	0	-50.6875	0	{'华沙': 33}	0	-43.375	0
261	Q2883027	Business Development Bank of Canada	加拿大商业发展银行	Q340	Montreal	蒙特利尔	Business Development Bank of Canada was founded in Montreal .	加拿大商业发展银行成立于蒙特利尔。	加拿大商业发展银行成立于	加拿大商业发展银行在蒙特利尔成立。	加拿大商业发展银行在	蒙特利尔	['Montreal', '滿地可', '蒙特婁']	{'蒙特利尔': 23}	0	-55.375	0	{'蒙特利尔': 23}	0	-48.5625	0
262	Q623921	Drowning Pool	毙命水池	Q16557	Dallas	达拉斯	Drowning Pool was founded in Dallas .	毙命水池成立于达拉斯。	毙命水池成立于	 Drowning Pool 在达拉斯成立。	 Drowning Pool 在	达拉斯	['Dallas']	{'达拉斯': 41}	0	-71.9375	0	{'达拉斯': 31}	0	-41.71875	0
263	Q170599	Arctic Monkeys	北极泼猴	Q42448	Sheffield	谢菲尔德	Arctic Monkeys was founded in Sheffield .	北极泼猴成立于谢菲尔德。	北极泼猴成立于	Arctic Monkeys 成立于谢菲尔德。	Arctic Monkeys 成立于	谢菲尔德	['Sheffield', '雪非耳', '錫菲爾德', '雪菲特', '設菲爾德', '设菲尔德', '謝菲爾德', '錫菲', '谢菲尔德市', '雪菲爾', '雪菲耳', '雪埠']	{'谢菲尔德': 39}	0	-69.5625	0	{'谢菲尔德': 25}	0	-38.40625	0
264	Q184697	Gloria Estefan	格洛丽亚·埃斯特凡	Q8652	Miami	迈阿密	Gloria Estefan was founded in Miami .	格洛丽亚·埃斯特凡成立于迈阿密。	格洛丽亚·埃斯特凡成立于	 Gloria Estefan 在迈阿密成立。	 Gloria Estefan 在	迈阿密	['Miami', '邁亞密', '邁阿密市', '迈阿密']	{'迈阿密': 31}	0	-77.0	0	{'迈阿密': 23}	0	-41.375	0
265	Q2389983	Human Head Studios	人头工作室	Q43788	Madison	麦迪逊	Human Head Studios was founded in Madison .	人头工作室成立于麦迪逊。	人头工作室成立于	 Human Head Studios 在麦迪逊成立。	 Human Head Studios 在	麦迪逊	['Madison', '麥迪遜', '麦迪逊市']	{'麦迪逊': 30}	0	-49.625	0	{'麦迪逊': 36}	0	-52.59375	0
266	Q819150	Krauss-Maffei	克劳斯-玛菲	Q1726	Munich	慕尼黑	Krauss-Maffei was founded in Munich .	克劳斯-玛菲成立于慕尼黑。	克劳斯-玛菲成立于	克劳斯玛菲公司成立于慕尼黑。	克劳斯玛菲公司成立于	慕尼黑	['Munich', '明兴']	{'慕尼黑': 19}	0	-64.875	0	{'慕尼黑': 20}	0	-64.6875	0
267	Q64545	Hasselblad	哈苏	Q25287	Gothenburg	哥德堡	Hasselblad was founded in Gothenburg .	哈苏成立于哥德堡。	哈苏成立于	哈苏公司成立于哥德堡。	哈苏公司成立于	哥德堡	['Gothenburg', '哥特堡', '歌德堡', '哥登堡']	{'哥德堡': 28}	0	-52.4375	0	{'哥德堡': 29}	0	-50.40625	0
268	Q2005836	Conrad Editora	康拉德编辑	Q155	Brazil	巴西	Conrad Editora was founded in Brazil .	康拉德编辑成立于巴西。	康拉德编辑成立于	 Conrad Editora 在巴西成立。	 Conrad Editora 在	巴西	['Brazil']	{'巴西': 46}	0	-63.5625	0	{'巴西': 27}	0	-56.15625	0
269	Q4729638	All Sons & Daughters	王子与公主二重唱	Q984264	Franklin	富兰克林	All Sons & Daughters was founded in Franklin .	王子与公主二重唱成立于富兰克林。	王子与公主二重唱成立于	 All Sons & Daughters 在富兰克林成立。	 All Sons & Daughters 在	富兰克林	['Franklin', '富兰克林', '富兰克林县', '弗蘭克林', '法蘭克林']	{'富兰克林': 34}	0	-78.3125	0	{'富兰克林': 38}	0	-44.59375	0
270	Q295919	Sam Cooke	山姆·库克	Q1297	Chicago	芝加哥	Sam Cooke was founded in Chicago .	山姆·库克成立于芝加哥。	山姆·库克成立于	 Sam Cooke 成立于芝加哥。	 Sam Cooke 成立于	芝加哥	['Chicago']	{'芝加哥': 15}	0	-55.59375	0	{'芝加哥': 4}	0	-54.4375	0
272	Q664420	Brown, Boveri & Cie	勃朗-包维利股份公司	Q63939	Baden	巴登	Brown, Boveri & Cie was founded in Baden .	勃朗-包维利股份公司成立于巴登。	勃朗-包维利股份公司成立于	 Brown, Boveri & Cie 在巴登成立。	 Brown, Boveri & Cie 在	巴登	['Baden']	{'巴登': 46}	0	-78.625	0	{'巴登': 33}	0	-56.28125	0
273	Q3965367	Sound Transit	海湾公共交通局	Q5083	Seattle	西雅图	Sound Transit was founded in Seattle .	海湾公共交通局成立于西雅图。	海湾公共交通局成立于	 Sound Transit 在西雅图成立。	 Sound Transit 在	西雅图	['Seattle']	{'西雅图': 27}	0	-59.125	0	{'西雅图': 19}	0	-44.8125	0
275	Q29852	Itala	伊塔拉	Q495	Turin	都灵	Itala was founded in Turin .	伊塔拉成立于都灵。	伊塔拉成立于	 Itala 成立于都灵。	 Itala 成立于	都灵	['Turin', '杜林', '托里诺']	{'都灵': 22}	0	-51.9375	0	{'都灵': 22}	0	-52.875	0
276	Q532567	Olympia Press	奥林匹亚出版社	Q90	Paris	巴黎	Olympia Press was founded in Paris .	奥林匹亚出版社成立于巴黎。	奥林匹亚出版社成立于	奥林匹亚出版社在巴黎成立。	奥林匹亚出版社在	巴黎	['Paris', '巴黎市', '巴黎省']	{'巴黎': 40}	0	-45.375	0	{'巴黎': 30}	0	-42.53125	0
277	Q4584533	Webley & Scott	威百利	Q2256	Birmingham	伯明翰	Webley & Scott was founded in Birmingham .	威百利成立于伯明翰。	威百利成立于	 Webley & Scott 在伯明翰成立。	 Webley & Scott 在	伯明翰	['Birmingham', '伯明罕', '伍爾佛漢普頓']	{'伯明翰': 35}	0	-57.78125	0	{'伯明翰': 37}	0	-44.375	0
278	Q321762	Napalm Death	死亡汽油弹	Q2256	Birmingham	伯明翰	Napalm Death was founded in Birmingham .	死亡汽油弹成立于伯明翰。	死亡汽油弹成立于	 Napalm Death 成立于伯明翰。	 Napalm Death 成立于	伯明翰	['Birmingham', '伯明罕', '伍爾佛漢普頓']	{'伯明翰': 37}	0	-76.6875	0	{'伯明翰': 12}	0	-49.6875	0
279	Q310481	OSRAM Licht AG	欧司朗	Q1726	Munich	慕尼黑	OSRAM Licht AG was founded in Munich .	欧司朗成立于慕尼黑。	欧司朗成立于	 OSRAM Licht AG 在慕尼黑成立。	 OSRAM Licht AG 在	慕尼黑	['Munich', '明兴']	{'慕尼黑': 20}	0	-53.90625	0	{'慕尼黑': 10}	0	-49.4375	0
282	Q370231	Mark Jansen	马可·杰生	Q55	Netherlands	荷兰	Mark Jansen was founded in Netherlands .	马可·杰生成立于荷兰。	马可·杰生成立于	 Mark Jansen 成立于荷兰。	 Mark Jansen 成立于	荷兰	['Netherlands', '尼德蘭', '尼德蘭王國', '紅毛蕃', '和蘭']	{'荷兰': 23}	0	-70.1875	0	{'荷兰': 15}	0	-61.5625	0
283	Q16513838	Union Films	联盟影业	Q3630	Jakarta	雅加达	Union Films was founded in Jakarta .	联盟影业成立于雅加达。	联盟影业成立于	联合影业在雅加达成立。	联合影业在	雅加达	['Jakarta', '巴达维亚', '椰城', '耶加達', '耶加达', '雅加达特殊地域']	{'雅加达': 40}	0	-46.59375	0	{'雅加达': 30}	0	-39.71875	0
284	Q183412	EMI	EMI	Q84	London	伦敦	EMI was founded in London .	EMI成立于伦敦。	EMI成立于	 EMI 成立于伦敦。	 EMI 成立于	伦敦	['London']	{'伦敦': 18}	0	-39.15625	0	{'伦敦': 17}	0	-47.625	0
287	Q614283	Grupo Globo	环球集团	Q155	Brazil	巴西	Grupo Globo was founded in Brazil .	环球集团成立于巴西。	环球集团成立于	 Grupo Globo 在巴西成立。	 Grupo Globo 在	巴西	['Brazil']	{'巴西': 41}	0	-44.53125	0	{'巴西': 18}	0	-45.34375	0
288	Q1423726	Pillsbury Company	皮尔斯伯里公司	Q36091	Minneapolis	明尼阿波利斯	Pillsbury Company was founded in Minneapolis .	皮尔斯伯里公司成立于明尼阿波利斯。	皮尔斯伯里公司成立于	皮尔斯伯里公司在明尼阿波利斯成立。	皮尔斯伯里公司在	明尼阿波利斯	['Minneapolis', '明尼阿波利', '明尼亞波利斯', '明尼亞波里', '明尼亞波里斯', '明尼亞波利', '明尼阿波里', '明尼阿波里斯', '明城', '明市']	{'明尼阿波利斯': 28}	0	-52.34375	0	{'明尼阿波利斯': 36}	0	-48.875	0
289	Q7577375	Spin Master	斯平玛斯特	Q172	Toronto	多伦多	Spin Master was founded in Toronto .	斯平玛斯特成立于多伦多。	斯平玛斯特成立于	 Spin Master 成立于多伦多。	 Spin Master 成立于	多伦多	['Toronto']	{'多伦多': 21}	0	-70.1875	0	{'多伦多': 18}	0	-50.1875	0
290	Q1080670	TD Canada Trust	道明加拿大信託银行	Q172	Toronto	多伦多	TD Canada Trust was founded in Toronto .	道明加拿大信託银行成立于多伦多。	道明加拿大信託银行成立于	道明加拿大信托在多伦多成立。	道明加拿大信托在	多伦多	['Toronto']	{'多伦多': 15}	0	-76.0625	0	{'多伦多': 18}	0	-62.46875	0
291	Q32784	Royal Gibraltar Post Office	皇家直布罗陀邮局	Q1410	Gibraltar	直布罗陀	Royal Gibraltar Post Office was founded in Gibraltar .	皇家直布罗陀邮局成立于直布罗陀。	皇家直布罗陀邮局成立于	皇家直布罗陀邮局在直布罗陀成立。	皇家直布罗陀邮局在	直布罗陀	['Gibraltar', '直布罗陀']	{'直布罗陀': 16}	0	-58.375	0	{'直布罗陀': 19}	0	-48.96875	0
292	Q58381	Duran Duran	杜兰杜兰	Q2256	Birmingham	伯明翰	Duran Duran was founded in Birmingham .	杜兰杜兰成立于伯明翰。	杜兰杜兰成立于	杜兰杜兰乐队成立于伯明翰。	杜兰杜兰乐队成立于	伯明翰	['Birmingham', '伯明罕', '伍爾佛漢普頓']	{'伯明翰': 39}	0	-54.09375	0	{'伯明翰': 35}	0	-53.71875	0
293	Q1144015	Spiritualized	净化	Q623765	Rugby	拉格比	Spiritualized was founded in Rugby .	净化成立于拉格比。	净化成立于	 Spiritualized 成立于拉格比。	 Spiritualized 成立于	拉格比	['Rugby']	{'拉格比': 48}	0	-47.125	0	{'拉格比': 44}	0	-51.84375	0
295	Q587270	Games Workshop	游戏工坊集团股份有限公司	Q84	London	伦敦	Games Workshop was founded in London .	游戏工坊集团股份有限公司成立于伦敦。	游戏工坊集团股份有限公司成立于	 Games Workshop 在伦敦成立。	 Games Workshop 在	伦敦	['London']	{'伦敦': 14}	0	-55.4375	0	{'伦敦': 19}	0	-44.125	0
297	Q573266	REWE Group	雷弗集团	Q365	Cologne	科隆	REWE Group was founded in Cologne .	雷弗集团成立于科隆。	雷弗集团成立于	 REWE集团在科隆成立。	 REWE集团在	科隆	['Cologne']	{'科隆': 26}	0	-54.3125	0	{'科隆': 28}	0	-42.3125	0
298	Q1327973	The Mighty Mighty Bosstones	超大声合唱团	Q100	Boston	波士顿	The Mighty Mighty Bosstones was founded in Boston .	超大声合唱团成立于波士顿。	超大声合唱团成立于	 Mighty Mighty Bosstones 乐队在波士顿成立。	 Mighty Mighty Bosstones 乐队在	波士顿	['Boston', '波士頓市', '波士頓']	{'波士顿': 45}	0	-56.28125	0	{'波士顿': 17}	0	-50.28125	0
299	Q381779	Aerosvit Airlines	空中世界航空	Q1899	Kiev	基辅	Aerosvit Airlines was founded in Kiev .	空中世界航空成立于基辅。	空中世界航空成立于	 Aerosvit 航空公司在基辅成立。	 Aerosvit 航空公司在	基辅	['Kyiv', '基辅']	{'基辅': 27}	0	-62.0625	0	{'基辅': 14}	0	-55.40625	0
300	Q194393	SK Slavia Prague	布拉格斯拉维亚足球俱乐部	Q1085	Prague	布拉格	SK Slavia Prague was founded in Prague .	布拉格斯拉维亚足球俱乐部成立于布拉格。	布拉格斯拉维亚足球俱乐部成立于	 SK 斯拉维亚布拉格足球俱乐部在布拉格成立。	 SK 斯拉维亚布拉格足球俱乐部在	布拉格	['Prague', 'Praha', 'Prag']	{'布拉格': 5}	0	-63.375	0	{'布拉格': 3}	0	-87.1875	1
301	Q2201225	Italian National Labor Bank	意大利国家劳工银行	Q220	Rome	罗马	Italian National Labor Bank was founded in Rome .	意大利国家劳工银行成立于罗马。	意大利国家劳工银行成立于	意大利国家劳动银行在罗马成立。	意大利国家劳动银行在	罗马	['Rome']	{'罗马': 13}	0	-68.125	0	{'罗马': 23}	0	-60.40625	0
303	Q1093670	Seattle Computer Products	西雅图电脑产品公司	Q5083	Seattle	西雅图	Seattle Computer Products was founded in Seattle .	西雅图电脑产品公司成立于西雅图。	西雅图电脑产品公司成立于	西雅图计算机产品公司成立于西雅图。	西雅图计算机产品公司成立于	西雅图	['Seattle']	{'西雅图': 13}	0	-66.4375	0	{'西雅图': 20}	0	-62.6875	0
304	Q743717	Irrational Games	Irrational Games	Q100	Boston	波士顿	Irrational Games was founded in Boston .	Irrational Games成立于波士顿。	Irrational Games成立于	 Irrational Games 成立于波士顿。	 Irrational Games 成立于	波士顿	['Boston', '波士頓市', '波士頓']	{'波士顿': 9}	0	-36.65625	0	{'波士顿': 42}	0	-49.65625	0
305	Q682520	Transport for London	伦敦交通局	Q84	London	伦敦	Transport for London was founded in London .	伦敦交通局成立于伦敦。	伦敦交通局成立于	伦敦交通局在伦敦成立。	伦敦交通局在	伦敦	['London']	{'伦敦': 1}	1	-44.90625	1	{'伦敦': 18}	0	-37.3125	0
306	Q3988960	The Red Shore	红岸乐团	Q231765	Geelong	吉朗	The Red Shore was founded in Geelong .	红岸乐团成立于吉朗。	红岸乐团成立于	红海岸 (Red Shore) 成立于吉朗 (Geelong)。	红海岸 (Red Shore) 成立于	吉朗	['Geelong', '基隆', '吉朗市', '智朗市']	{'吉朗': 32}	0	-50.65625	0	{'吉朗': 41}	0	-64.1875	0
308	Q925641	Echo & the Bunnymen	回音与兔人乐团	Q24826	Liverpool	利物浦	Echo & the Bunnymen was founded in Liverpool .	回音与兔人乐团成立于利物浦。	回音与兔人乐团成立于	 Echo & the Bunnymen 在利物浦成立。	 Echo & the Bunnymen 在	利物浦	['Liverpool', '利物浦市', 'Liverpool']	{'利物浦': 21}	0	-80.0625	0	{'利物浦': 21}	0	-44.09375	0
309	Q638231	Larsen & Toubro	拿丁集团	Q1156	Mumbai	孟买	Larsen & Toubro was founded in Mumbai .	拿丁集团成立于孟买。	拿丁集团成立于	 Larsen & Toubro 在孟买成立。	 Larsen & Toubro 在	孟买	['Mumbai']	{'孟买': 32}	0	-55.96875	0	{'孟买': 21}	0	-44.15625	0
310	Q171240	London Stock Exchange	伦敦证券交易所	Q84	London	伦敦	London Stock Exchange was founded in London .	伦敦证券交易所成立于伦敦。	伦敦证券交易所成立于	伦敦证券交易所在伦敦成立。	伦敦证券交易所在	伦敦	['London']	{'伦敦': 5}	0	-39.28125	0	{'伦敦': 16}	0	-34.8125	0
311	Q286983	Echolyn	回声女娃	Q1400	Pennsylvania	宾夕法尼亚州	Echolyn was founded in Pennsylvania .	回声女娃成立于宾夕法尼亚州。	回声女娃成立于	 Echolyn 成立于宾夕法尼亚州。	 Echolyn 成立于	宾夕法尼亚州	['Pennsylvania', '賓夕法尼亞州']	{'宾夕法尼亚州': 43}	0	-75.4375	0	{'宾夕法尼亚州': 21}	0	-61.6875	0
312	Q2071252	Perkins Engines	帕金斯	Q172438	Peterborough	彼得伯勒	Perkins Engines was founded in Peterborough .	帕金斯成立于彼得伯勒。	帕金斯成立于	珀金斯发动机公司在彼得伯勒成立。	珀金斯发动机公司在	彼得伯勒	['Peterborough']	{'彼得伯勒': 35}	0	-49.4375	0	{'彼得伯勒': 44}	0	-62.34375	0
313	Q115095	Institut de Droit International	国际法研究院	Q1296	Ghent	根特	Institut de Droit International was founded in Ghent .	国际法研究院成立于根特。	国际法研究院成立于	国际法学院在根特成立。	国际法学院在	根特	['Ghent']	{'根特': 29}	0	-42.40625	0	{'根特': 33}	0	-39.71875	0
314	Q29606	The Stone Roses	石玫瑰	Q18125	Manchester	曼彻斯特	The Stone Roses was founded in Manchester .	石玫瑰成立于曼彻斯特。	石玫瑰成立于	石玫瑰乐队成立于曼彻斯特。	石玫瑰乐队成立于	曼彻斯特	['Manchester', '曼徹斯特']	{'曼彻斯特': 26}	0	-57.15625	0	{'曼彻斯特': 23}	0	-55.90625	0
315	Q271812	Ducati Motor Holding S.p.A.	杜卡迪	Q1891	Bologna	博洛尼亚	Ducati Motor Holding S.p.A. was founded in Bologna .	杜卡迪成立于博洛尼亚。	杜卡迪成立于	杜卡迪摩托控股有限公司 (Ducati Motor Holding SpA) 在博洛尼亚成立。	杜卡迪摩托控股有限公司 (Ducati Motor Holding SpA) 在	博洛尼亚	['Bologna', '博洛尼亚', '波隆納', '波隆尼亞']	{'博洛尼亚': 28}	0	-51.625	0	{'博洛尼亚': 29}	0	-86.25	0
316	Q623459	Silicon Graphics	硅谷图形公司	Q99	California	加利福尼亚州	Silicon Graphics was founded in California .	硅谷图形公司成立于加利福尼亚州。	硅谷图形公司成立于	 Silicon Graphics 成立于加利福尼亚州。	 Silicon Graphics 成立于	加利福尼亚州	['California', '加利福尼亞', '加裏福尼亞州', '加裏福尼亞', '加州']	{'加利福尼亚州': 20}	0	-60.875	0	{'加利福尼亚州': 6}	0	-46.25	0
317	Q1609449	Nation of Gods and Earths	百份之五国家	Q189074	Harlem	哈莱姆区	Nation of Gods and Earths was founded in Harlem .	百份之五国家成立于哈莱姆区。	百份之五国家成立于	神与地球之国在哈莱姆区建立。	神与地球之国在	哈莱姆区	['Harlem', '哈勒姆区', '哈林區']	{'哈莱姆区': 47}	0	-74.875	0	{'哈莱姆区': 47}	0	-57.5	0
318	Q218115	Chanel	香奈儿	Q90	Paris	巴黎	Chanel was founded in Paris .	香奈儿成立于巴黎。	香奈儿成立于	香奈儿创立于巴黎。	香奈儿创立于	巴黎	['Paris', '巴黎市', '巴黎省']	{'巴黎': 47}	0	-49.46875	0	{'巴黎': 48}	0	-50.78125	0
319	Q117522	Groove Armada	古菲·阿曼达	Q84	London	伦敦	Groove Armada was founded in London .	古菲·阿曼达成立于伦敦。	古菲·阿曼达成立于	 Groove Armada 成立于伦敦。	 Groove Armada 成立于	伦敦	['London']	{'伦敦': 17}	0	-70.5	0	{'伦敦': 6}	0	-50.15625	0
320	Q156391	Steinway & Sons	史坦威公司	Q11299	Manhattan	曼哈顿	Steinway & Sons was founded in Manhattan .	史坦威公司成立于曼哈顿。	史坦威公司成立于	施坦威公司在曼哈顿成立。	施坦威公司在	曼哈顿	['Manhattan']	{'曼哈顿': 25}	0	-50.15625	0	{'曼哈顿': 32}	0	-59.875	0
321	Q485679	The Rasmus	雷斯魔	Q1757	Helsinki	赫尔辛基	The Rasmus was founded in Helsinki .	雷斯魔成立于赫尔辛基。	雷斯魔成立于	拉斯姆斯 (Rasmus) 成立于赫尔辛基。	拉斯姆斯 (Rasmus) 成立于	赫尔辛基	['Helsinki']	{'赫尔辛基': 33}	0	-68.6875	0	{'赫尔辛基': 28}	0	-72.125	0
322	Q218178	Ensiferum	Ensiferum	Q1757	Helsinki	赫尔辛基	Ensiferum was founded in Helsinki .	Ensiferum成立于赫尔辛基。	Ensiferum成立于	 Ensiferum 在赫尔辛基成立。	 Ensiferum 在	赫尔辛基	['Helsinki']	{'赫尔辛基': 13}	0	-37.125	0	{'赫尔辛基': 30}	0	-42.53125	0
323	Q429852	Sug	SuG	Q17	Japan	日本	Sug was founded in Japan .	SuG成立于日本。	SuG成立于	 Sug成立于日本。	 Sug成立于	日本	['Japan', '日本国', '日本國', '扶桑', '扶桑國', '日']	{'日本': 18}	0	-38.46875	0	{'日本': 19}	0	-45.8125	0
324	Q1239214	The Postal Service	邮政服务乐团	Q5083	Seattle	西雅图	The Postal Service was founded in Seattle .	邮政服务乐团成立于西雅图。	邮政服务乐团成立于	美国邮政服务在西雅图成立。	美国邮政服务在	西雅图	['Seattle']	{'西雅图': 34}	0	-57.3125	0	{'西雅图': 27}	0	-38.5	0
325	Q193697	Sugababes	糖宝贝	Q84	London	伦敦	Sugababes was founded in London .	糖宝贝成立于伦敦。	糖宝贝成立于	 Sugababes 在伦敦成立。	 Sugababes 在	伦敦	['London']	{'伦敦': 18}	0	-59.34375	0	{'伦敦': 21}	0	-40.46875	0
327	Q603402	Dem Franchize Boyz	Dem Franchize男孩	Q23556	Atlanta	亚特兰大	Dem Franchize Boyz was founded in Atlanta .	Dem Franchize男孩成立于亚特兰大。	Dem Franchize男孩成立于	Dem Franchize Boyz 成立于亚特兰大。	Dem Franchize Boyz 成立于	亚特兰大	['Atlanta', '亚特兰大市', '亞城', '阿特蘭大', 'Atlanta', '亞特蘭大']	{'亚特兰大': 20}	0	-58.5625	0	{'亚特兰大': 17}	0	-48.75	0
329	Q593733	National Iranian Oil Company	伊朗国家石油公司	Q3616	Tehran	德黑兰	National Iranian Oil Company was founded in Tehran .	伊朗国家石油公司成立于德黑兰。	伊朗国家石油公司成立于	伊朗国家石油公司在德黑兰成立。	伊朗国家石油公司在	德黑兰	['Tehran']	{'德黑兰': 12}	0	-56.3125	0	{'德黑兰': 26}	0	-52.5625	0
330	Q182890	Def Leppard	威豹乐队	Q42448	Sheffield	谢菲尔德	Def Leppard was founded in Sheffield .	威豹乐队成立于谢菲尔德。	威豹乐队成立于	 Def Leppard 成立于谢菲尔德。	 Def Leppard 成立于	谢菲尔德	['Sheffield', '雪非耳', '錫菲爾德', '雪菲特', '設菲爾德', '设菲尔德', '謝菲爾德', '錫菲', '谢菲尔德市', '雪菲爾', '雪菲耳', '雪埠']	{'谢菲尔德': 40}	0	-61.15625	0	{'谢菲尔德': 22}	0	-47.46875	0
331	Q20153	Girls' Generation	少女时代	Q8684	Seoul	首尔	Girls' Generation was founded in Seoul .	少女时代成立于首尔。	少女时代成立于	少女时代在首尔成立。	少女时代在	首尔	['Seoul', '首爾特別市', '首尔特别市', '汉城', '首尔', '漢城']	{'首尔': 18}	0	-46.125	0	{'首尔': 19}	0	-36.5625	0
332	Q951830	Royal Mint	皇家铸币局	Q84	London	伦敦	Royal Mint was founded in London .	皇家铸币局成立于伦敦。	皇家铸币局成立于	英国皇家铸币厂在伦敦成立。	英国皇家铸币厂在	伦敦	['London']	{'伦敦': 21}	0	-43.0	0	{'伦敦': 21}	0	-47.90625	0
