	sub_uri	en_sub_label	sub_label	obj_uri	en_obj_label	obj_label	en_template	template	template_prompt	gt_translation	gt_prompt	gt_infl_object	aliases	template_true_ranks	template_top1_correct	template_prompt_prob	template_top3_correct	gt_true_ranks	gt_top1_correct	gt_prompt_prob	gt_top3_correct
0	Q157142	Die Zeit	时代週报 (德国)	Q188	German	德语	Die Zeit was written in German .	时代週报 (德国)写在德语中。	时代週报 (德国)写在	《时代》是用德语写的。	《时代》是用	德语	['German', '德文', '德意志语', 'de']	{'德语': 16}	0	-78.5	0	{'德语': 21}	0	-40.5625	0
1	Q178259	A las Barricadas	到街垒去	Q1321	Spanish	西班牙语	A las Barricadas was written in Spanish .	到街垒去写在西班牙语中。	到街垒去写在	 《A las Barricadas》是用西班牙语写的。	 《A las Barricadas》是用	西班牙语	['Spanish', '西班牙语', '西语', 'es']	{'西班牙语': 20}	0	-70.4375	0	{'西班牙语': 8}	0	-59.59375	0
3	Q1122760	Empire	帝国杂志	Q1860	English	英语	Empire was written in English .	帝国杂志写在英语中。	帝国杂志写在	 《帝国》是用英语写的。	 《帝国》是用	英语	['English', '英文', 'EN', '英语']	{'英语': 14}	0	-48.8125	0	{'英语': 13}	0	-44.90625	0
5	Q1248780	Politika	政治日报	Q9299	Serbian	塞尔维亚语	Politika was written in Serbian .	政治日报写在塞尔维亚语中。	政治日报写在	 Politika 是用塞尔维亚语写的。	 Politika 是用	塞尔维亚语	['Serbian', '塞爾維亞語', 'sr']	{'塞尔维亚语': 41}	0	-54.15625	0	{'塞尔维亚语': 34}	0	-55.03125	0
6	Q1324151	El Espectador	观察家报	Q1321	Spanish	西班牙语	El Espectador was written in Spanish .	观察家报写在西班牙语中。	观察家报写在	 《观察家报》是用西班牙语写的。	 《观察家报》是用	西班牙语	['Spanish', '西班牙语', '西语', 'es']	{'西班牙语': 20}	0	-50.03125	0	{'西班牙语': 20}	0	-50.5625	0
9	Q1542536	The Atlantic	大西洋月刊	Q1860	English	英语	The Atlantic was written in English .	大西洋月刊写在英语中。	大西洋月刊写在	 《大西洋月刊》是用英语写的。	 《大西洋月刊》是用	英语	['English', '英文', 'EN', '英语']	{'英语': 12}	0	-56.8125	0	{'英语': 12}	0	-55.125	0
10	Q658909	Lenta.ru	Lenta.ru	Q7737	Russian	俄语	Lenta.ru was written in Russian .	Lenta.ru写在俄语中。	Lenta.ru写在	 Lenta.ru 是用俄语编写的。	 Lenta.ru 是用	俄语	['Russian', '俄文', '俄罗斯语', '俄罗斯文', '俄国语', '俄语', 'ru']	{'俄语': 12}	0	-48.65625	0	{'俄语': 25}	0	-53.875	0
11	Q4192894	Znamya	旗帜	Q7737	Russian	俄语	Znamya was written in Russian .	旗帜写在俄语中。	旗帜写在	 《旗帜》是用俄语写的。	 《旗帜》是用	俄语	['Russian', '俄文', '俄罗斯语', '俄罗斯文', '俄国语', '俄语', 'ru']	{'俄语': 26}	0	-43.28125	0	{'俄语': 26}	0	-43.65625	0
14	Q210809	Physical Graffiti	Physical Graffiti	Q1860	English	英语	Physical Graffiti was written in English .	Physical Graffiti写在英语中。	Physical Graffiti写在	 Physical Graffiti 是用英语写的。	 Physical Graffiti 是用	英语	['English', '英文', 'EN', '英语']	{'英语': 17}	0	-38.21875	0	{'英语': 12}	0	-50.40625	0
15	Q2870041	21 July 2005 London bombings	2005年7月21日伦敦爆炸事件	Q5146	Portuguese	葡萄牙语	21 July 2005 London bombings was written in Portuguese .	2005年7月21日伦敦爆炸事件写在葡萄牙语中。	2005年7月21日伦敦爆炸事件写在	 2005 年 7 月 21 日伦敦爆炸案是用葡萄牙语写的。	 2005 年 7 月 21 日伦敦爆炸案是用	葡萄牙语	['Portuguese', '葡萄牙文', '葡文', '葡语', '葡語', '葡萄牙語']	{'葡萄牙语': 30}	0	-inf	0	{'葡萄牙语': 27}	0	-73.0625	0
20	Q1853433	Rossiyskaya Gazeta	俄罗斯报	Q7737	Russian	俄语	Rossiyskaya Gazeta was written in Russian .	俄罗斯报写在俄语中。	俄罗斯报写在	 《俄罗斯报》是用俄语写的。	 《俄罗斯报》是用	俄语	['Russian', '俄文', '俄罗斯语', '俄罗斯文', '俄国语', '俄语', 'ru']	{'俄语': 12}	0	-47.40625	0	{'俄语': 11}	0	-50.25	0
26	Q860184	Old MacDonald Had a Farm	Old MacDonald Had a Farm	Q652	Italian	意大利语	Old MacDonald Had a Farm was written in Italian .	Old MacDonald Had a Farm写在意大利语中。	Old MacDonald Had a Farm写在	 《老麦克唐纳有一座农场》是用意大利语写的。	 《老麦克唐纳有一座农场》是用	意大利语	['Italian']	{'意大利语': 22}	0	-inf	0	{'意大利语': 20}	0	-102.9375	0
28	Q1810082	Le Point	观点	Q150	French	法语	Le Point was written in French .	观点写在法语中。	观点写在	 Le Point 是用法语写的。	 Le Point 是用	法语	['French', '法語', '法文', '法兰西语']	{'法语': 20}	0	-40.34375	0	{'法语': 16}	0	-57.46875	0
31	Q19912	Radio France Internationale	法国国际广播电台	Q1321	Spanish	西班牙语	Radio France Internationale was written in Spanish .	法国国际广播电台写在西班牙语中。	法国国际广播电台写在	法国国际广播电台是用西班牙语编写的。	法国国际广播电台是用	西班牙语	['Spanish', '西班牙语', '西语', 'es']	{'西班牙语': 19}	0	-50.59375	0	{'西班牙语': 22}	0	-51.25	0
32	Q2997369	plaza	广场	Q1321	Spanish	西班牙语	plaza was written in Spanish .	广场写在西班牙语中。	广场写在	 plaza 是用西班牙语写的。	 plaza 是用	西班牙语	['Spanish', '西班牙语', '西语', 'es']	{'西班牙语': 22}	0	-40.90625	0	{'西班牙语': 19}	0	-52.5	0
35	Q206855	Russian Wikipedia	俄语维基百科	Q7737	Russian	俄语	Russian Wikipedia was written in Russian .	俄语维基百科写在俄语中。	俄语维基百科写在	俄语维基百科是用俄语编写的。	俄语维基百科是用	俄语	['Russian', '俄文', '俄罗斯语', '俄罗斯文', '俄国语', '俄语', 'ru']	{'俄语': 6}	0	-55.4375	0	{'俄语': 17}	0	-52.125	0
38	Q114640	The Flying Dutchman	漂泊的荷兰人	Q188	German	德语	The Flying Dutchman was written in German .	漂泊的荷兰人写在德语中。	漂泊的荷兰人写在	 《漂泊的荷兰人》是用德语写的。	 《漂泊的荷兰人》是用	德语	['German', '德文', '德意志语', 'de']	{'德语': 20}	0	-55.75	0	{'德语': 29}	0	-54.96875	0
39	Q924518	La Voz del Interior	内陆之声报	Q1321	Spanish	西班牙语	La Voz del Interior was written in Spanish .	内陆之声报写在西班牙语中。	内陆之声报写在	 《内心的声音》是用西班牙语写的。	 《内心的声音》是用	西班牙语	['Spanish', '西班牙语', '西语', 'es']	{'西班牙语': 24}	0	-61.375	0	{'西班牙语': 22}	0	-46.4375	0
41	Q1043104	Charlie Hebdo	查理周刊	Q150	French	法语	Charlie Hebdo was written in French .	查理周刊写在法语中。	查理周刊写在	 《查理周刊》是用法语写的。	 《查理周刊》是用	法语	['French', '法語', '法文', '法兰西语']	{'法语': 17}	0	-51.15625	0	{'法语': 16}	0	-49.375	0
42	Q795585	BBC Radio 1	BBC广播一台	Q1860	English	英语	BBC Radio 1 was written in English .	BBC广播一台写在英语中。	BBC广播一台写在	 BBC 广播 1 台是用英语编写的。	 BBC 广播 1 台是用	英语	['English', '英文', 'EN', '英语']	{'英语': 12}	0	-45.90625	0	{'英语': 3}	0	-66.9375	1
44	Q380669	Masoretic Text	马所拉文本	Q9288	Hebrew	希伯来语	Masoretic Text was written in Hebrew .	马所拉文本写在希伯来语中。	马所拉文本写在	马索拉文本是用希伯来语写成的。	马索拉文本是用	希伯来语	['Hebrew']	{'希伯来语': 20}	0	-66.375	0	{'希伯来语': 19}	0	-57.5	0
46	Q1311350	L'Illustration	画报 (法语报纸)	Q150	French	法语	L'Illustration was written in French .	画报 (法语报纸)写在法语中。	画报 (法语报纸)写在	 L'Illustration 是用法语写的。	 L'Illustration 是用	法语	['French', '法語', '法文', '法兰西语']	{'法语': 3}	0	-85.5	1	{'法语': 14}	0	-57.25	0
52	Q171277	Aida	阿依达	Q652	Italian	意大利语	Aida was written in Italian .	阿依达写在意大利语中。	阿依达写在	 《阿依达》是用意大利语写成的。	 《阿依达》是用	意大利语	['Italian']	{'意大利语': 22}	0	-50.6875	0	{'意大利语': 19}	0	-51.3125	0
54	Q75248	Annuario Pontificio	宗座年鑑	Q652	Italian	意大利语	Annuario Pontificio was written in Italian .	宗座年鑑写在意大利语中。	宗座年鑑写在	 《教皇年鉴》是用意大利语写的。	 《教皇年鉴》是用	意大利语	['Italian']	{'意大利语': 28}	0	-60.21875	0	{'意大利语': 9}	0	-56.59375	0
56	Q213063	Herzeleid	心痛	Q188	German	德语	Herzeleid was written in German .	心痛写在德语中。	心痛写在	 Herzeleid 是用德语写的。	 Herzeleid 是用	德语	['German', '德文', '德意志语', 'de']	{'德语': 26}	0	-46.78125	0	{'德语': 18}	0	-56.0625	0
57	Q386611	Intacto	赌命法则	Q1321	Spanish	西班牙语	Intacto was written in Spanish .	赌命法则写在西班牙语中。	赌命法则写在	 Intacto 是用西班牙语写的。	 Intacto 是用	西班牙语	['Spanish', '西班牙语', '西语', 'es']	{'西班牙语': 22}	0	-54.53125	0	{'西班牙语': 24}	0	-56.34375	0
59	Q1091884	Cihan News Agency	吉汉新闻社	Q256	Turkish	土耳其语	Cihan News Agency was written in Turkish .	吉汉新闻社写在土耳其语中。	吉汉新闻社写在	 Cihan 通讯社是用土耳其语撰写的。	 Cihan 通讯社是用	土耳其语	['Turkish']	{'土耳其语': 37}	0	-70.6875	0	{'土耳其语': 25}	0	-69.1875	0
60	Q2599521	L'Aurore	震旦报	Q150	French	法语	L'Aurore was written in French .	震旦报写在法语中。	震旦报写在	 《L'Aurore》是用法语写的。	 《L'Aurore》是用	法语	['French', '法語', '法文', '法兰西语']	{'法语': 20}	0	-51.875	0	{'法语': 8}	0	-53.6875	0
62	Q192864	Science	科学	Q1860	English	英语	Science was written in English .	科学写在英语中。	科学写在	科学是用英语写的。	科学是用	英语	['English', '英文', 'EN', '英语']	{'英语': 15}	0	-40.28125	0	{'英语': 15}	0	-36.0	0
63	Q80557	Illustrious Corpses	死因可疑	Q652	Italian	意大利语	Illustrious Corpses was written in Italian .	死因可疑写在意大利语中。	死因可疑写在	 《Illustrious Corps》是用意大利语写的。	 《Illustrious Corps》是用	意大利语	['Italian']	{'意大利语': 24}	0	-54.625	0	{'意大利语': 16}	0	-57.75	0
67	Q1809440	Paris-Soir	巴黎晚报	Q150	French	法语	Paris-Soir was written in French .	巴黎晚报写在法语中。	巴黎晚报写在	《巴黎晚报》是用法语写的。	《巴黎晚报》是用	法语	['French', '法語', '法文', '法兰西语']	{'法语': 13}	0	-52.21875	0	{'法语': 16}	0	-54.6875	0
68	Q712072	Financial Times Deutschland	德国金融时报	Q188	German	德语	Financial Times Deutschland was written in German .	德国金融时报写在德语中。	德国金融时报写在	 《德国金融时报》是用德语撰写的。	 《德国金融时报》是用	德语	['German', '德文', '德意志语', 'de']	{'德语': 17}	0	-58.28125	0	{'德语': 19}	0	-57.03125	0
70	Q1143794	Cumhuriyet	共和 (报纸)	Q256	Turkish	土耳其语	Cumhuriyet was written in Turkish .	共和 (报纸)写在土耳其语中。	共和 (报纸)写在	 Cumhuriyet 是用土耳其语写的。	 Cumhuriyet 是用	土耳其语	['Turkish']	{'土耳其语': 34}	0	-71.8125	0	{'土耳其语': 17}	0	-56.0625	0
75	Q1768199	Great Russian Encyclopedia	俄罗斯大百科全书	Q7737	Russian	俄语	Great Russian Encyclopedia was written in Russian .	俄罗斯大百科全书写在俄语中。	俄罗斯大百科全书写在	 《俄罗斯大百科全书》是用俄语编写的。	 《俄罗斯大百科全书》是用	俄语	['Russian', '俄文', '俄罗斯语', '俄罗斯文', '俄国语', '俄语', 'ru']	{'俄语': 1}	1	-56.5625	1	{'俄语': 7}	0	-60.1875	0
76	Q2357256	Brut y Tywysogion	诸亲王编年史	Q9309	Welsh	威尔士语	Brut y Tywysogion was written in Welsh .	诸亲王编年史写在威尔士语中。	诸亲王编年史写在	 《Brut y Tywysogion》是用威尔士语写的。	 《Brut y Tywysogion》是用	威尔士语	['Welsh']	{'威尔士语': 48}	0	-70.4375	0	{'威尔士语': 9}	0	-65.0	0
77	Q25338	The Little Prince	小王子	Q150	French	法语	The Little Prince was written in French .	小王子写在法语中。	小王子写在	 《小王子》是用法语写的。	 《小王子》是用	法语	['French', '法語', '法文', '法兰西语']	{'法语': 19}	0	-42.40625	0	{'法语': 17}	0	-44.9375	0
78	Q308141	Abdiel	亚必迭	Q9288	Hebrew	希伯来语	Abdiel was written in Hebrew .	亚必迭写在希伯来语中。	亚必迭写在	 Abdiel 是用希伯来语写的。	 Abdiel 是用	希伯来语	['Hebrew']	{'希伯来语': 20}	0	-58.40625	0	{'希伯来语': 15}	0	-49.15625	0
79	Q582159	Siri	Siri	Q1860	English	英语	Siri was written in English .	Siri写在英语中。	Siri写在	 Siri 是用英语编写的。	 Siri 是用	英语	['English', '英文', 'EN', '英语']	{'英语': 23}	0	-31.421875	0	{'英语': 20}	0	-41.125	0
81	Q600836	Jokela school shooting	约凯拉校园枪击事件	Q1412	Finnish	芬兰语	Jokela school shooting was written in Finnish .	约凯拉校园枪击事件写在芬兰语中。	约凯拉校园枪击事件写在	 《约凯拉校园枪击案》是用芬兰语写的。	 《约凯拉校园枪击案》是用	芬兰语	['Finnish', 'fi']	{'芬兰语': 28}	0	-90.8125	0	{'芬兰语': 29}	0	-84.5625	0
83	Q181163	Danish Wikipedia	丹麦语维基百科	Q9035	Danish	丹麦语	Danish Wikipedia was written in Danish .	丹麦语维基百科写在丹麦语中。	丹麦语维基百科写在	丹麦语维基百科是用丹麦语编写的。	丹麦语维基百科是用	丹麦语	['Danish']	{'丹麦语': 2}	0	-59.9375	1	{'丹麦语': 13}	0	-58.125	0
84	Q1632708	Sallah Shabati	萨利赫	Q9288	Hebrew	希伯来语	Sallah Shabati was written in Hebrew .	萨利赫写在希伯来语中。	萨利赫写在	 Sallah Shabati 是用希伯来语写的。	 Sallah Shabati 是用	希伯来语	['Hebrew']	{'希伯来语': 14}	0	-50.125	0	{'希伯来语': 19}	0	-68.0	0
85	Q2656108	I'm So Excited	飞常性奋！	Q1321	Spanish	西班牙语	I'm So Excited was written in Spanish .	飞常性奋！写在西班牙语中。	飞常性奋！写在	 《我很兴奋》是用西班牙语写的。	 《我很兴奋》是用	西班牙语	['Spanish', '西班牙语', '西语', 'es']	{'西班牙语': 19}	0	-79.875	0	{'西班牙语': 20}	0	-55.375	0
86	Q12461	Le Monde	世界报	Q150	French	法语	Le Monde was written in French .	世界报写在法语中。	世界报写在	 《世界报》是用法语写的。	 《世界报》是用	法语	['French', '法語', '法文', '法兰西语']	{'法语': 20}	0	-46.59375	0	{'法语': 18}	0	-47.75	0
88	Q216047	Le Figaro	费加罗报	Q150	French	法语	Le Figaro was written in French .	费加罗报写在法语中。	费加罗报写在	 《费加罗报》是用法语写的。	 《费加罗报》是用	法语	['French', '法語', '法文', '法兰西语']	{'法语': 18}	0	-57.125	0	{'法语': 13}	0	-57.0625	0
89	Q1137712	Courrier International	国际报刊	Q150	French	法语	Courrier International was written in French .	国际报刊写在法语中。	国际报刊写在	《国际信使》是用法语写的。	《国际信使》是用	法语	['French', '法語', '法文', '法兰西语']	{'法语': 18}	0	-49.375	0	{'法语': 8}	0	-51.0	0
91	Q308705	France Football	法国足球	Q150	French	法语	France Football was written in French .	法国足球写在法语中。	法国足球写在	 《法国足球》是用法语写的。	 《法国足球》是用	法语	['French', '法語', '法文', '法兰西语']	{'法语': 14}	0	-47.0625	0	{'法语': 11}	0	-51.71875	0
94	Q1442139	CGTN Spanish	中国环球电视网西班牙语频道	Q1321	Spanish	西班牙语	CGTN Spanish was written in Spanish .	中国环球电视网西班牙语频道写在西班牙语中。	中国环球电视网西班牙语频道写在	 CGTN 西班牙语版是用西班牙语编写的。	 CGTN 西班牙语版是用	西班牙语	['Spanish', '西班牙语', '西语', 'es']	{'西班牙语': 10}	0	-73.25	0	{'西班牙语': 14}	0	-64.125	0
96	Q191168	Czech Wikipedia	捷克语维基百科	Q9056	Czech	捷克语	Czech Wikipedia was written in Czech .	捷克语维基百科写在捷克语中。	捷克语维基百科写在	捷克语维基百科是用捷克语编写的。	捷克语维基百科是用	捷克语	['Czech', '捷克文', 'cs', 'ces']	{'捷克语': 8}	0	-60.6875	0	{'捷克语': 14}	0	-58.65625	0
100	Q203488	Croatian Wikipedia	克罗埃西亚语维基百科	Q6654	Croatian	克罗地亚语	Croatian Wikipedia was written in Croatian .	克罗埃西亚语维基百科写在克罗地亚语中。	克罗埃西亚语维基百科写在	克罗地亚语维基百科是用克罗地亚语编写的。	克罗地亚语维基百科是用	克罗地亚语	['Croatian', '克羅埃西亞語', '克羅地亞語']	{'克罗地亚语': 25}	0	-73.375	0	{'克罗地亚语': 13}	0	-56.21875	0
101	Q4900556	Bhadralok	巴德拉洛克	Q9610	Bengali	孟加拉语	Bhadralok was written in Bengali .	巴德拉洛克写在孟加拉语中。	巴德拉洛克写在	 Bhadralok 是用孟加拉语写的。	 Bhadralok 是用	孟加拉语	['Bangla', '孟加拉語']	{'孟加拉语': 42}	0	-63.59375	0	{'孟加拉语': 20}	0	-52.15625	0
102	Q2299064	Constitution of the Netherlands	荷兰宪法	Q7411	Dutch	荷兰语	Constitution of the Netherlands was written in Dutch .	荷兰宪法写在荷兰语中。	荷兰宪法写在	荷兰宪法是用荷兰语写成的。	荷兰宪法是用	荷兰语	['Dutch', '現代荷蘭語', 'nl']	{'荷兰语': 16}	0	-48.75	0	{'荷兰语': 13}	0	-46.5625	0
105	Q1130512	The 9th Company	第九突击队	Q7737	Russian	俄语	The 9th Company was written in Russian .	第九突击队写在俄语中。	第九突击队写在	第九连是用俄语写的。	第九连是用	俄语	['Russian', '俄文', '俄罗斯语', '俄罗斯文', '俄国语', '俄语', 'ru']	{'俄语': 19}	0	-64.75	0	{'俄语': 28}	0	-53.84375	0
106	Q15628820	Russkaya mysl	俄国思想	Q7737	Russian	俄语	Russkaya mysl was written in Russian .	俄国思想写在俄语中。	俄国思想写在	 《俄罗斯思想报》是用俄语写的。	 《俄罗斯思想报》是用	俄语	['Russian', '俄文', '俄罗斯语', '俄罗斯文', '俄国语', '俄语', 'ru']	{'俄语': 4}	0	-54.90625	0	{'俄语': 7}	0	-57.9375	0
108	Q1067878	Urdu Wikipedia	乌尔都语维基百科	Q1617	Urdu	乌尔都语	Urdu Wikipedia was written in Urdu .	乌尔都语维基百科写在乌尔都语中。	乌尔都语维基百科写在	乌尔都语维基百科是用乌尔都语编写的。	乌尔都语维基百科是用	乌尔都语	['Urdu']	{'乌尔都语': 9}	0	-61.4375	0	{'乌尔都语': 12}	0	-56.0625	0
109	Q4923091	Kom Chad Luek	一针见血报	Q9217	Thai	泰语	Kom Chad Luek was written in Thai .	一针见血报写在泰语中。	一针见血报写在	 Kom Chad Luek 是用泰语写的。	 Kom Chad Luek 是用	泰语	['Thai', '暹羅語', '阿瑜陀耶語']	{'泰语': 32}	0	-59.53125	0	{'泰语': 21}	0	-57.1875	0
110	Q370822	The Beatles in Mono	单声道披头四	Q1860	English	英语	The Beatles in Mono was written in English .	单声道披头四写在英语中。	单声道披头四写在	《Beatles in Mono》是用英语写的。	《Beatles in Mono》是用	英语	['English', '英文', 'EN', '英语']	{'英语': 17}	0	-73.25	0	{'英语': 10}	0	-47.4375	0
112	Q702252	Spanish treasure fleet	西班牙珍宝船队	Q7411	Dutch	荷兰语	Spanish treasure fleet was written in Dutch .	西班牙珍宝船队写在荷兰语中。	西班牙珍宝船队写在	西班牙宝藏舰队是用荷兰语写的。	西班牙宝藏舰队是用	荷兰语	['Dutch', '現代荷蘭語', 'nl']	{'荷兰语': 19}	0	-69.0	0	{'荷兰语': 28}	0	-71.5	0
116	Q650063	The Seagull	海鸥	Q7737	Russian	俄语	The Seagull was written in Russian .	海鸥写在俄语中。	海鸥写在	 《海鸥》是用俄语写的。	 《海鸥》是用	俄语	['Russian', '俄文', '俄罗斯语', '俄罗斯文', '俄国语', '俄语', 'ru']	{'俄语': 32}	0	-42.71875	0	{'俄语': 27}	0	-42.8125	0
118	Q612315	La Revista Blanca	白色杂志	Q1321	Spanish	西班牙语	La Revista Blanca was written in Spanish .	白色杂志写在西班牙语中。	白色杂志写在	 《La Revista Blanca》是用西班牙语写的。	 《La Revista Blanca》是用	西班牙语	['Spanish', '西班牙语', '西语', 'es']	{'西班牙语': 20}	0	-53.6875	0	{'西班牙语': 14}	0	-66.9375	0
121	Q4923161	Mgronline	经理人日报	Q9217	Thai	泰语	Mgronline was written in Thai .	经理人日报写在泰语中。	经理人日报写在	 Mgronline 是用泰语编写的。	 Mgronline 是用	泰语	['Thai', '暹羅語', '阿瑜陀耶語']	{'泰语': 29}	0	-53.03125	0	{'泰语': 32}	0	-52.46875	0
123	Q3181422	Kannada Wikipedia	卡纳达语维基百科	Q33673	Kannada	卡纳达语	Kannada Wikipedia was written in Kannada .	卡纳达语维基百科写在卡纳达语中。	卡纳达语维基百科写在	卡纳达语维基百科是用卡纳达语编写的。	卡纳达语维基百科是用	卡纳达语	['Kannada', '康納達語', '坎纳达语', '卡南達語', '卡纳尔语', '坎那達語']	{'卡纳达语': 10}	0	-68.625	0	{'卡纳达语': 14}	0	-65.0	0
124	Q104123	Pulp Fiction	低俗小说	Q1860	English	英语	Pulp Fiction was written in English .	低俗小说写在英语中。	低俗小说写在	 《低俗小说》是用英语写的。	 《低俗小说》是用	英语	['English', '英文', 'EN', '英语']	{'英语': 13}	0	-48.84375	0	{'英语': 14}	0	-44.15625	0
128	Q131713	Wilhelmus	威廉颂	Q7411	Dutch	荷兰语	Wilhelmus was written in Dutch .	威廉颂写在荷兰语中。	威廉颂写在	 《威廉姆斯》是用荷兰语写的。	 《威廉姆斯》是用	荷兰语	['Dutch', '現代荷蘭語', 'nl']	{'荷兰语': 21}	0	-53.5	0	{'荷兰语': 16}	0	-49.09375	0
129	Q819558	Bergens Tidende	卑尔根时报	Q9043	Norwegian	挪威语	Bergens Tidende was written in Norwegian .	卑尔根时报写在挪威语中。	卑尔根时报写在	 Bergens Tidende 是用挪威语写的。	 Bergens Tidende 是用	挪威语	['Norwegian']	{'挪威语': 34}	0	-66.4375	0	{'挪威语': 16}	0	-56.0625	0
131	Q169514	Swedish Wikipedia	瑞典语维基百科	Q9027	Swedish	瑞典语	Swedish Wikipedia was written in Swedish .	瑞典语维基百科写在瑞典语中。	瑞典语维基百科写在	瑞典语维基百科是用瑞典语编写的。	瑞典语维基百科是用	瑞典语	['Swedish']	{'瑞典语': 1}	1	-55.875	1	{'瑞典语': 12}	0	-54.4375	0
135	Q1551807	Polish Wikipedia	波兰语维基百科	Q809	Polish	波兰语	Polish Wikipedia was written in Polish .	波兰语维基百科写在波兰语中。	波兰语维基百科写在	波兰语维基百科是用波兰语编写的。	波兰语维基百科是用	波兰语	['Polish', '波兰语']	{'波兰语': 1}	1	-57.5	1	{'波兰语': 10}	0	-53.375	0
137	Q200060	Estonian Wikipedia	爱沙尼亚语维基百科	Q9072	Estonian	爱沙尼亚语	Estonian Wikipedia was written in Estonian .	爱沙尼亚语维基百科写在爱沙尼亚语中。	爱沙尼亚语维基百科写在	爱沙尼亚语维基百科是用爱沙尼亚语编写的。	爱沙尼亚语维基百科是用	爱沙尼亚语	['Estonian']	{'爱沙尼亚语': 6}	0	-73.3125	0	{'爱沙尼亚语': 8}	0	-69.875	0
139	Q18049522	HuffPost	赫芬顿邮报	Q1860	English	英语	HuffPost was written in English .	赫芬顿邮报写在英语中。	赫芬顿邮报写在	 《赫芬顿邮报》是用英语写的。	 《赫芬顿邮报》是用	英语	['English', '英文', 'EN', '英语']	{'英语': 9}	0	-57.6875	0	{'英语': 12}	0	-55.15625	0
140	Q132110	The Province	温哥华省报	Q1860	English	英语	The Province was written in English .	温哥华省报写在英语中。	温哥华省报写在	 《省》是用英语写的。	 《省》是用	英语	['English', '英文', 'EN', '英语']	{'英语': 9}	0	-60.5625	0	{'英语': 8}	0	-47.21875	0
141	Q173643	Abbey Road	艾比路	Q1860	English	英语	Abbey Road was written in English .	艾比路写在英语中。	艾比路写在	 《Abbey Road》是用英语写的。	 《Abbey Road》是用	英语	['English', '英文', 'EN', '英语']	{'英语': 17}	0	-46.90625	0	{'英语': 11}	0	-44.4375	0
142	Q1052131	Super Smash Bros. Melee	任天堂明星大乱斗DX	Q150	French	法语	Super Smash Bros. Melee was written in French .	任天堂明星大乱斗DX写在法语中。	任天堂明星大乱斗DX写在	 Super Smash Bros. Melee 是用法语编写的。	 Super Smash Bros. Melee 是用	法语	['French', '法語', '法文', '法兰西语']	{'法语': 21}	0	-65.4375	0	{'法语': 17}	0	-52.125	0
143	Q2992058	Concise Oxford English Dictionary	牛津简明英语词典	Q1860	English	英语	Concise Oxford English Dictionary was written in English .	牛津简明英语词典写在英语中。	牛津简明英语词典写在	 《简明牛津英语词典》是用英语编写的。	 《简明牛津英语词典》是用	英语	['English', '英文', 'EN', '英语']	{'英语': 14}	0	-65.0	0	{'英语': 8}	0	-55.25	0
147	Q987313	D'elles	D'elles	Q150	French	法语	D'elles was written in French .	D'elles写在法语中。	D'elles写在	D'elles 是用法语写的。	D'elles 是用	法语	['French', '法語', '法文', '法兰西语']	{'法语': 18}	0	-42.1875	0	{'法语': 15}	0	-47.5	0
148	Q199693	Catalan Wikipedia	加泰罗尼亚语维基百科	Q7026	Catalan	加泰罗尼亚语	Catalan Wikipedia was written in Catalan .	加泰罗尼亚语维基百科写在加泰罗尼亚语中。	加泰罗尼亚语维基百科写在	加泰罗尼亚语维基百科是用加泰罗尼亚语编写的。	加泰罗尼亚语维基百科是用	加泰罗尼亚语	['Catalan', '加泰羅尼亞語', '加泰隆尼亞語', '加泰隆語']	{'加泰罗尼亚语': 1}	1	-65.1875	1	{'加泰罗尼亚语': 13}	0	-60.5625	0
149	Q200180	Vietnamese Wikipedia	越南语维基百科	Q9199	Vietnamese	越南语	Vietnamese Wikipedia was written in Vietnamese .	越南语维基百科写在越南语中。	越南语维基百科写在	越南语维基百科是用越南语编写的。	越南语维基百科是用	越南语	['Vietnamese', '越語', '越南文', '越南话', '越语', '越文', '京语', '安南语', '安南话', 'vi']	{'越南语': 1}	1	-58.53125	1	{'越南语': 13}	0	-53.625	0
150	Q571213	Surfer Rosa	Surfer Rosa	Q1321	Spanish	西班牙语	Surfer Rosa was written in Spanish .	Surfer Rosa写在西班牙语中。	Surfer Rosa写在	 《冲浪罗莎》是用西班牙语写的。	 《冲浪罗莎》是用	西班牙语	['Spanish', '西班牙语', '西语', 'es']	{'西班牙语': 20}	0	-42.125	0	{'西班牙语': 19}	0	-69.0	0
151	Q1824622	1 fille & 4 types	爱相随	Q150	French	法语	1 fille & 4 types was written in French .	爱相随写在法语中。	爱相随写在	 1 fille & 4 types 是用法语写的。	 1 fille & 4 types 是用	法语	['French', '法語', '法文', '法兰西语']	{'法语': 20}	0	-47.75	0	{'法语': 16}	0	-66.375	0
153	Q5064	The Magic Flute	魔笛	Q188	German	德语	The Magic Flute was written in German .	魔笛写在德语中。	魔笛写在	《魔笛》是用德语写的。	《魔笛》是用	德语	['German', '德文', '德意志语', 'de']	{'德语': 27}	0	-43.84375	0	{'德语': 24}	0	-49.5	0
158	Q328993	Definitely Maybe	绝对可能	Q1860	English	英语	Definitely Maybe was written in English .	绝对可能写在英语中。	绝对可能写在	 “绝对也许”是用英语写的。	 “绝对也许”是用	英语	['English', '英文', 'EN', '英语']	{'英语': 16}	0	-45.6875	0	{'英语': 16}	0	-57.71875	0
159	Q1146933	2012 Summer Olympics closing ceremony	2012年夏季奥林匹克运动会闭幕式	Q150	French	法语	2012 Summer Olympics closing ceremony was written in French .	2012年夏季奥林匹克运动会闭幕式写在法语中。	2012年夏季奥林匹克运动会闭幕式写在	 2012年夏季奥运会闭幕式是用法语写的。	 2012年夏季奥运会闭幕式是用	法语	['French', '法語', '法文', '法兰西语']	{'法语': 21}	0	-58.375	0	{'法语': 23}	0	-59.53125	0
160	Q255381	Pinterest	Pinterest	Q150	French	法语	Pinterest was written in French .	Pinterest写在法语中。	Pinterest写在	 Pinterest 是用法语写的。	 Pinterest 是用	法语	['French', '法語', '法文', '法兰西语']	{'法语': 21}	0	-37.46875	0	{'法语': 20}	0	-41.5	0
162	Q647379	Dead Souls	死魂灵	Q7737	Russian	俄语	Dead Souls was written in Russian .	死魂灵写在俄语中。	死魂灵写在	 《死魂灵》是用俄语写的。	 《死魂灵》是用	俄语	['Russian', '俄文', '俄罗斯语', '俄罗斯文', '俄国语', '俄语', 'ru']	{'俄语': 32}	0	-47.71875	0	{'俄语': 34}	0	-54.125	0
164	Q2631932	Henry Fool	亨利你这个大笨蛋	Q1860	English	英语	Henry Fool was written in English .	亨利你这个大笨蛋写在英语中。	亨利你这个大笨蛋写在	 《亨利·富翁》是用英语写的。	 《亨利·富翁》是用	英语	['English', '英文', 'EN', '英语']	{'英语': 16}	0	-67.9375	0	{'英语': 15}	0	-60.75	0
165	Q435699	Henry Thomas Buckle	亨利·巴克尔	Q1860	English	英语	Henry Thomas Buckle was written in English .	亨利·巴克尔写在英语中。	亨利·巴克尔写在	亨利·托马斯·巴克尔 (Henry Thomas Buckle) 是用英语写的。	亨利·托马斯·巴克尔 (Henry Thomas Buckle) 是用	英语	['English', '英文', 'EN', '英语']	{'英语': 12}	0	-66.4375	0	{'英语': 8}	0	-78.75	0
168	Q3517741	Tempo	时代 (印尼杂志)	Q9240	Indonesian	印尼语	Tempo was written in Indonesian .	时代 (印尼杂志)写在印尼语中。	时代 (印尼杂志)写在	 Tempo 是用印尼语写的。	 Tempo 是用	印尼语	['Indonesian', '印尼语', '印度尼西亚语', '印度尼西亞語']	{'印尼语': 10}	0	-82.375	0	{'印尼语': 33}	0	-45.0	0
173	Q722040	Hindi Wikipedia	印地语维基百科	Q1568	Hindi	印地语	Hindi Wikipedia was written in Hindi .	印地语维基百科写在印地语中。	印地语维基百科写在	印地语维基百科是用印地语编写的。	印地语维基百科是用	印地语	['Hindi']	{'印地语': 15}	0	-53.28125	0	{'印地语': 17}	0	-48.375	0
180	Q4525502	IRIB TV3	伊朗伊斯兰共和国广播电视台第三台	Q9168	Persian	波斯语	IRIB TV3 was written in Persian .	伊朗伊斯兰共和国广播电视台第三台写在波斯语中。	伊朗伊斯兰共和国广播电视台第三台写在	 IRIB TV3 是用波斯语编写的。	 IRIB TV3 是用	波斯语	['Persian', '波斯语', '法尔斯语']	{'波斯语': 12}	0	-86.1875	0	{'波斯语': 22}	0	-56.53125	0
182	Q379271	Interfax	国际文传电讯社	Q7737	Russian	俄语	Interfax was written in Russian .	国际文传电讯社写在俄语中。	国际文传电讯社写在	国际文传电讯是用俄语写的。	国际文传电讯是用	俄语	['Russian', '俄文', '俄罗斯语', '俄罗斯文', '俄国语', '俄语', 'ru']	{'俄语': 28}	0	-68.5625	0	{'俄语': 30}	0	-61.53125	0
185	Q15545861	RT America	RT美国	Q1860	English	英语	RT America was written in English .	RT美国写在英语中。	RT美国写在	 RT America 是用英语写的。	 RT America 是用	英语	['English', '英文', 'EN', '英语']	{'英语': 12}	0	-46.8125	0	{'英语': 14}	0	-57.375	0
188	Q1634401	The Policeman	警察	Q9288	Hebrew	希伯来语	The Policeman was written in Hebrew .	警察写在希伯来语中。	警察写在	 《警察》是用希伯来语写的。	 《警察》是用	希伯来语	['Hebrew']	{'希伯来语': 23}	0	-36.0625	0	{'希伯来语': 22}	0	-44.4375	0
189	Q1031656	The Man Who Planted Trees	种树的男人	Q150	French	法语	The Man Who Planted Trees was written in French .	种树的男人写在法语中。	种树的男人写在	 《种树的人》是用法语写的。	 《种树的人》是用	法语	['French', '法語', '法文', '法兰西语']	{'法语': 18}	0	-60.1875	0	{'法语': 18}	0	-49.8125	0
196	Q3475754	Science & Vie	新发现	Q150	French	法语	Science & Vie was written in French .	新发现写在法语中。	新发现写在	 《科学与生活》是用法语写的。	 《科学与生活》是用	法语	['French', '法語', '法文', '法兰西语']	{'法语': 20}	0	-44.03125	0	{'法语': 11}	0	-45.125	0
197	Q1783363	Immigrant Song	Immigrant Song	Q1860	English	英语	Immigrant Song was written in English .	Immigrant Song写在英语中。	Immigrant Song写在	《移民之歌》是用英语写的。	《移民之歌》是用	英语	['English', '英文', 'EN', '英语']	{'英语': 14}	0	-38.84375	0	{'英语': 12}	0	-52.65625	0
198	Q753298	Uncle Danya	凡尼亚舅舅	Q7737	Russian	俄语	Uncle Danya was written in Russian .	凡尼亚舅舅写在俄语中。	凡尼亚舅舅写在	 《丹娅叔叔》是用俄语写的。	 《丹娅叔叔》是用	俄语	['Russian', '俄文', '俄罗斯语', '俄罗斯文', '俄国语', '俄语', 'ru']	{'俄语': 26}	0	-60.90625	0	{'俄语': 23}	0	-61.15625	0
200	Q1799045	La Provence	普罗旺斯报	Q150	French	法语	La Provence was written in French .	普罗旺斯报写在法语中。	普罗旺斯报写在	 《普罗旺斯》是用法语写的。	 《普罗旺斯》是用	法语	['French', '法語', '法文', '法兰西语']	{'法语': 14}	0	-57.90625	0	{'法语': 13}	0	-51.15625	0
201	Q1631447	Household Words	家喻户晓	Q1860	English	英语	Household Words was written in English .	家喻户晓写在英语中。	家喻户晓写在	 《家常话》是用英语写的。	 《家常话》是用	英语	['English', '英文', 'EN', '英语']	{'英语': 10}	0	-66.0625	0	{'英语': 14}	0	-46.3125	0
204	Q4128749	Fairest Lord Jesus	Fairest Lord Jesus	Q9027	Swedish	瑞典语	Fairest Lord Jesus was written in Swedish .	Fairest Lord Jesus写在瑞典语中。	Fairest Lord Jesus写在	最美丽的主耶稣是用瑞典语写的。	最美丽的主耶稣是用	瑞典语	['Swedish']	{'瑞典语': 16}	0	-44.09375	0	{'瑞典语': 19}	0	-67.0	0
205	Q10135	LibreOffice	LibreOffice	Q1860	English	英语	LibreOffice was written in English .	LibreOffice写在英语中。	LibreOffice写在	 LibreOffice 是用英语编写的。	 LibreOffice 是用	英语	['English', '英文', 'EN', '英语']	{'英语': 20}	0	-31.0625	0	{'英语': 19}	0	-40.21875	0
206	Q1755719	Free Jimmy	吉米闯天关	Q9043	Norwegian	挪威语	Free Jimmy was written in Norwegian .	吉米闯天关写在挪威语中。	吉米闯天关写在	 《释放吉米》是用挪威语写的。	 《释放吉米》是用	挪威语	['Norwegian']	{'挪威语': 35}	0	-75.25	0	{'挪威语': 20}	0	-71.6875	0
208	Q255381	Pinterest	Pinterest	Q1321	Spanish	西班牙语	Pinterest was written in Spanish .	Pinterest写在西班牙语中。	Pinterest写在	 Pinterest 是用西班牙语编写的。	 Pinterest 是用	西班牙语	['Spanish', '西班牙语', '西语', 'es']	{'西班牙语': 20}	0	-37.46875	0	{'西班牙语': 23}	0	-41.5	0
211	Q199739	Amar Sonar Bangla	金色的孟加拉	Q9610	Bengali	孟加拉语	Amar Sonar Bangla was written in Bengali .	金色的孟加拉写在孟加拉语中。	金色的孟加拉写在	 Amar Sonar Bangla 是用孟加拉语写的。	 Amar Sonar Bangla 是用	孟加拉语	['Bangla', '孟加拉語']	{'孟加拉语': 19}	0	-56.5625	0	{'孟加拉语': 19}	0	-55.09375	0
212	Q6586871	Star Wars sequel trilogy	星际大战续集三部曲	Q1860	English	英语	Star Wars sequel trilogy was written in English .	星际大战续集三部曲写在英语中。	星际大战续集三部曲写在	星球大战续集三部曲是用英语写的。	星球大战续集三部曲是用	英语	['English', '英文', 'EN', '英语']	{'英语': 15}	0	-73.875	0	{'英语': 14}	0	-73.25	0
213	Q1138257	Google Map Maker	Google Map Maker	Q9610	Bengali	孟加拉语	Google Map Maker was written in Bengali .	Google Map Maker写在孟加拉语中。	Google Map Maker写在	 Google Map Maker 是用孟加拉语编写的。	 Google Map Maker 是用	孟加拉语	['Bangla', '孟加拉語']	{'孟加拉语': 46}	0	-38.46875	0	{'孟加拉语': 33}	0	-45.3125	0
214	Q511533	La Vanguardia	先锋报	Q7026	Catalan	加泰罗尼亚语	La Vanguardia was written in Catalan .	先锋报写在加泰罗尼亚语中。	先锋报写在	 《先锋报》是用加泰罗尼亚语写的。	 《先锋报》是用	加泰罗尼亚语	['Catalan', '加泰羅尼亞語', '加泰隆尼亞語', '加泰隆語']	{'加泰罗尼亚语': 48}	0	-44.53125	0	{'加泰罗尼亚语': 31}	0	-44.53125	0
215	Q590208	Allgemeine Deutsche Biographie	德国通用传记	Q188	German	德语	Allgemeine Deutsche Biographie was written in German .	德国通用传记写在德语中。	德国通用传记写在	 《Allgemeine Deutsche Biographie》是用德语写的。	 《Allgemeine Deutsche Biographie》是用	德语	['German', '德文', '德意志语', 'de']	{'德语': 16}	0	-62.375	0	{'德语': 8}	0	-56.0625	0
216	Q2496821	La Jornada	霍尔纳达报	Q1321	Spanish	西班牙语	La Jornada was written in Spanish .	霍尔纳达报写在西班牙语中。	霍尔纳达报写在	 《每日新闻》是用西班牙语写的。	 《每日新闻》是用	西班牙语	['Spanish', '西班牙语', '西语', 'es']	{'西班牙语': 18}	0	-69.0	0	{'西班牙语': 19}	0	-46.4375	0
217	Q259614	Spanish naming customs	西班牙人名	Q1321	Spanish	西班牙语	Spanish naming customs was written in Spanish .	西班牙人名写在西班牙语中。	西班牙人名写在	西班牙的命名习俗是用西班牙语写的。	西班牙的命名习俗是用	西班牙语	['Spanish', '西班牙语', '西语', 'es']	{'西班牙语': 16}	0	-44.71875	0	{'西班牙语': 6}	0	-57.5625	0
219	Q468625	I Lombardi alla prima crociata	伦巴第人在第一次十字军中	Q652	Italian	意大利语	I Lombardi alla prima crociata was written in Italian .	伦巴第人在第一次十字军中写在意大利语中。	伦巴第人在第一次十字军中写在	 I Lombardi alla prima crociata 是用意大利语写的。	 I Lombardi alla prima crociata 是用	意大利语	['Italian']	{'意大利语': 16}	0	-82.1875	0	{'意大利语': 8}	0	-59.125	0
221	Q10135	LibreOffice	LibreOffice	Q1412	Finnish	芬兰语	LibreOffice was written in Finnish .	LibreOffice写在芬兰语中。	LibreOffice写在	 LibreOffice 是用芬兰语编写的。	 LibreOffice 是用	芬兰语	['Finnish', 'fi']	{'芬兰语': 25}	0	-31.0625	0	{'芬兰语': 27}	0	-40.21875	0
223	Q48183	German Wikipedia	德语维基百科	Q188	German	德语	German Wikipedia was written in German .	德语维基百科写在德语中。	德语维基百科写在	德语维基百科是用德语编写的。	德语维基百科是用	德语	['German', '德文', '德意志语', 'de']	{'德语': 16}	0	-55.375	0	{'德语': 16}	0	-52.75	0
224	Q8736	Treaty of Versailles	凡尔赛条约	Q150	French	法语	Treaty of Versailles was written in French .	凡尔赛条约写在法语中。	凡尔赛条约写在	 《凡尔赛条约》是用法语写的。	 《凡尔赛条约》是用	法语	['French', '法語', '法文', '法兰西语']	{'法语': 19}	0	-55.8125	0	{'法语': 7}	0	-57.875	0
225	Q1027644	Snow on the Sahara	Snow on the Sahara	Q150	French	法语	Snow on the Sahara was written in French .	Snow on the Sahara写在法语中。	Snow on the Sahara写在	 《撒哈拉的雪》是用法语写的。	 《撒哈拉的雪》是用	法语	['French', '法語', '法文', '法兰西语']	{'法语': 16}	0	-40.84375	0	{'法语': 18}	0	-52.8125	0
226	Q977950	Coup de Torchon	正打歪着	Q150	French	法语	Coup de Torchon was written in French .	正打歪着写在法语中。	正打歪着写在	 Coup de Torchon 是用法语写的。	 Coup de Torchon 是用	法语	['French', '法語', '法文', '法兰西语']	{'法语': 20}	0	-65.9375	0	{'法语': 3}	0	-57.84375	1
228	Q1249148	Richard	理查德	Q1860	English	英语	Richard was written in English .	理查德写在英语中。	理查德写在	理查德 是用英语写的。	理查德 是用	英语	['English', '英文', 'EN', '英语']	{'英语': 11}	0	-44.9375	0	{'英语': 14}	0	-53.75	0
229	Q50948	Eugene Onegin	叶甫盖尼·奥涅金	Q7737	Russian	俄语	Eugene Onegin was written in Russian .	叶甫盖尼·奥涅金写在俄语中。	叶甫盖尼·奥涅金写在	 《叶甫盖尼·奥涅金》是用俄语写的。	 《叶甫盖尼·奥涅金》是用	俄语	['Russian', '俄文', '俄罗斯语', '俄罗斯文', '俄国语', '俄语', 'ru']	{'俄语': 2}	0	-82.125	1	{'俄语': 15}	0	-77.4375	0
231	Q4295488	Mir Fantastiki	幻想世界杂志	Q7737	Russian	俄语	Mir Fantastiki was written in Russian .	幻想世界杂志写在俄语中。	幻想世界杂志写在	 《Mir Fantastiki》是用俄语写的。	 《Mir Fantastiki》是用	俄语	['Russian', '俄文', '俄罗斯语', '俄罗斯文', '俄国语', '俄语', 'ru']	{'俄语': 28}	0	-62.1875	0	{'俄语': 15}	0	-57.1875	0
234	Q831	ciao	hello	Q652	Italian	意大利语	ciao was written in Italian .	hello写在意大利语中。	hello写在	 ciao 是用意大利语写的。	 ciao 是用	意大利语	['Italian']	{'意大利语': 21}	0	-29.015625	0	{'意大利语': 14}	0	-42.625	0
236	Q19908	France Culture	法国文化电台	Q150	French	法语	France Culture was written in French .	法国文化电台写在法语中。	法国文化电台写在	法国文化是用法语写成的。	法国文化是用	法语	['French', '法語', '法文', '法兰西语']	{'法语': 2}	0	-62.78125	1	{'法语': 10}	0	-46.0625	0
241	Q199698	Ukrainian Wikipedia	乌克兰语维基百科	Q8798	Ukrainian	乌克兰语	Ukrainian Wikipedia was written in Ukrainian .	乌克兰语维基百科写在乌克兰语中。	乌克兰语维基百科写在	乌克兰语维基百科是用乌克兰语编写的。	乌克兰语维基百科是用	乌克兰语	['Ukrainian', '乌克兰文', '烏克蘭語', '烏克蘭話']	{'乌克兰语': 7}	0	-60.75	0	{'乌克兰语': 12}	0	-57.4375	0
242	Q463198	Life	生活	Q1860	English	英语	Life was written in English .	生活写在英语中。	生活写在	生活是用英语书写的。	生活是用	英语	['English', '英文', 'EN', '英语']	{'英语': 14}	0	-32.5625	0	{'英语': 15}	0	-36.3125	0
244	Q1001384	Ilta-Sanomat	晚报	Q1412	Finnish	芬兰语	Ilta-Sanomat was written in Finnish .	晚报写在芬兰语中。	晚报写在	 Ilta-Sanomat 是用芬兰语编写的。	 Ilta-Sanomat 是用	芬兰语	['Finnish', 'fi']	{'芬兰语': 32}	0	-46.96875	0	{'芬兰语': 17}	0	-57.46875	0
245	Q1324321	El Mercurio	信使报	Q1321	Spanish	西班牙语	El Mercurio was written in Spanish .	信使报写在西班牙语中。	信使报写在	 《El Mercurio》是用西班牙语写的。	 《El Mercurio》是用	西班牙语	['Spanish', '西班牙语', '西语', 'es']	{'西班牙语': 21}	0	-48.59375	0	{'西班牙语': 18}	0	-51.0625	0
247	Q1330429	The Lower Depths	在底层	Q7737	Russian	俄语	The Lower Depths was written in Russian .	在底层写在俄语中。	在底层写在	 《底层》是用俄语写的。	 《底层》是用	俄语	['Russian', '俄文', '俄罗斯语', '俄罗斯文', '俄国语', '俄语', 'ru']	{'俄语': 25}	0	-43.3125	0	{'俄语': 29}	0	-45.0	0
255	Q180445	Nature	自然	Q1860	English	英语	Nature was written in English .	自然写在英语中。	自然写在	 《自然》是用英语写的。	 《自然》是用	英语	['English', '英文', 'EN', '英语']	{'英语': 15}	0	-35.90625	0	{'英语': 11}	0	-41.46875	0
256	Q14516546	Daniel	丹尼尔	Q150	French	法语	Daniel was written in French .	丹尼尔写在法语中。	丹尼尔写在	丹尼尔是用法语写的。	丹尼尔是用	法语	['French', '法語', '法文', '法兰西语']	{'法语': 24}	0	-45.59375	0	{'法语': 20}	0	-41.625	0
257	Q16438	The Decameron	十日谈	Q652	Italian	意大利语	The Decameron was written in Italian .	十日谈写在意大利语中。	十日谈写在	 《十日谈》是用意大利语写成的。	 《十日谈》是用	意大利语	['Italian']	{'意大利语': 23}	0	-49.84375	0	{'意大利语': 16}	0	-47.59375	0
259	Q255381	Pinterest	Pinterest	Q1412	Finnish	芬兰语	Pinterest was written in Finnish .	Pinterest写在芬兰语中。	Pinterest写在	 Pinterest 是用芬兰语编写的。	 Pinterest 是用	芬兰语	['Finnish', 'fi']	{'芬兰语': 30}	0	-37.46875	0	{'芬兰语': 33}	0	-41.5	0
262	Q2701030	The Horla	奥尔拉	Q150	French	法语	The Horla was written in French .	奥尔拉写在法语中。	奥尔拉写在	Horla 是用法语写的。	Horla 是用	法语	['French', '法語', '法文', '法兰西语']	{'法语': 22}	0	-53.1875	0	{'法语': 18}	0	-47.21875	0
265	Q14516546	Daniel	丹尼尔	Q7737	Russian	俄语	Daniel was written in Russian .	丹尼尔写在俄语中。	丹尼尔写在	丹尼尔是用俄语写的。	丹尼尔是用	俄语	['Russian', '俄文', '俄罗斯语', '俄罗斯文', '俄国语', '俄语', 'ru']	{'俄语': 25}	0	-45.59375	0	{'俄语': 24}	0	-41.625	0
267	Q133261	Du gamla, du fria	你古老，你自由	Q9027	Swedish	瑞典语	Du gamla, du fria was written in Swedish .	你古老，你自由写在瑞典语中。	你古老，你自由写在	 Du gamla, du fria 是用瑞典语写的。	 Du gamla, du fria 是用	瑞典语	['Swedish']	{'瑞典语': 26}	0	-70.75	0	{'瑞典语': 9}	0	-59.6875	0
268	Q214683	TF1	法国电视一台	Q150	French	法语	TF1 was written in French .	法国电视一台写在法语中。	法国电视一台写在	 TF1 是用法语编写的。	 TF1 是用	法语	['French', '法語', '法文', '法兰西语']	{'法语': 5}	0	-55.21875	0	{'法语': 16}	0	-51.34375	0
269	Q15294742	Rossiya Segodnya	俄罗斯今日	Q7737	Russian	俄语	Rossiya Segodnya was written in Russian .	俄罗斯今日写在俄语中。	俄罗斯今日写在	 《Rossiya Segodnya》是用俄语写的。	 《Rossiya Segodnya》是用	俄语	['Russian', '俄文', '俄罗斯语', '俄罗斯文', '俄国语', '俄语', 'ru']	{'俄语': 4}	0	-45.1875	0	{'俄语': 12}	0	-55.8125	0
271	Q1454574	Playtime	游戏时间	Q150	French	法语	Playtime was written in French .	游戏时间写在法语中。	游戏时间写在	 《玩乐时间》是用法语写的。	 《玩乐时间》是用	法语	['French', '法語', '法文', '法兰西语']	{'法语': 20}	0	-41.25	0	{'法语': 15}	0	-53.09375	0
272	Q8065468	The Adventures of Pinocchio	木偶奇遇记	Q652	Italian	意大利语	The Adventures of Pinocchio was written in Italian .	木偶奇遇记写在意大利语中。	木偶奇遇记写在	 《木偶奇遇记》是用意大利语写的。	 《木偶奇遇记》是用	意大利语	['Italian']	{'意大利语': 21}	0	-53.6875	0	{'意大利语': 22}	0	-50.40625	0
273	Q389458	Aftonbladet	晚报 (瑞典)	Q9027	Swedish	瑞典语	Aftonbladet was written in Swedish .	晚报 (瑞典)写在瑞典语中。	晚报 (瑞典)写在	 Aftonbladet 是用瑞典语写的。	 Aftonbladet 是用	瑞典语	['Swedish']	{'瑞典语': 8}	0	-70.0	0	{'瑞典语': 11}	0	-52.21875	0
274	Q62272	Moscow Nights	莫斯科郊外的晚上	Q7737	Russian	俄语	Moscow Nights was written in Russian .	莫斯科郊外的晚上写在俄语中。	莫斯科郊外的晚上写在	 《莫斯科之夜》是用俄语写的。	 《莫斯科之夜》是用	俄语	['Russian', '俄文', '俄罗斯语', '俄罗斯文', '俄国语', '俄语', 'ru']	{'俄语': 10}	0	-73.875	0	{'俄语': 15}	0	-49.59375	0
275	Q1123836	Odnoklassniki	Odnoklassniki	Q7737	Russian	俄语	Odnoklassniki was written in Russian .	Odnoklassniki写在俄语中。	Odnoklassniki写在	 《Odnoklassniki》是用俄语写的。	 《Odnoklassniki》是用	俄语	['Russian', '俄文', '俄罗斯语', '俄罗斯文', '俄国语', '俄语', 'ru']	{'俄语': 10}	0	-41.0625	0	{'俄语': 11}	0	-52.90625	0
276	Q634180	Jerusalem of Gold	金色的耶路撒冷	Q9288	Hebrew	希伯来语	Jerusalem of Gold was written in Hebrew .	金色的耶路撒冷写在希伯来语中。	金色的耶路撒冷写在	黄金耶路撒冷是用希伯来语写的。	黄金耶路撒冷是用	希伯来语	['Hebrew']	{'希伯来语': 13}	0	-56.59375	0	{'希伯来语': 16}	0	-63.1875	0
277	Q2481391	Hamlet	哈姆雷特	Q7737	Russian	俄语	Hamlet was written in Russian .	哈姆雷特写在俄语中。	哈姆雷特写在	 《哈姆雷特》是用俄语写的。	 《哈姆雷特》是用	俄语	['Russian', '俄文', '俄罗斯语', '俄罗斯文', '俄国语', '俄语', 'ru']	{'俄语': 26}	0	-41.34375	0	{'俄语': 35}	0	-44.3125	0
279	Q844491	Tamil Wikipedia	泰米尔语维基百科	Q5885	Tamil	泰米尔语	Tamil Wikipedia was written in Tamil .	泰米尔语维基百科写在泰米尔语中。	泰米尔语维基百科写在	泰米尔语维基百科是用泰米尔语编写的。	泰米尔语维基百科是用	泰米尔语	['Tamil']	{'泰米尔语': 13}	0	-68.0	0	{'泰米尔语': 11}	0	-64.5	0
280	Q721140	Pitchfork	Pitchfork	Q1860	English	英语	Pitchfork was written in English .	Pitchfork写在英语中。	Pitchfork写在	 Pitchfork 是用英语写的。	 Pitchfork 是用	英语	['English', '英文', 'EN', '英语']	{'英语': 14}	0	-40.46875	0	{'英语': 14}	0	-49.0625	0
281	Q1250822	Taras Bulba	塔拉斯·布尔巴	Q7737	Russian	俄语	Taras Bulba was written in Russian .	塔拉斯·布尔巴写在俄语中。	塔拉斯·布尔巴写在	 《塔拉斯·布尔巴》是用俄语写的。	 《塔拉斯·布尔巴》是用	俄语	['Russian', '俄文', '俄罗斯语', '俄罗斯文', '俄国语', '俄语', 'ru']	{'俄语': 24}	0	-72.5625	0	{'俄语': 17}	0	-78.9375	0
282	Q19912	Radio France Internationale	法国国际广播电台	Q7737	Russian	俄语	Radio France Internationale was written in Russian .	法国国际广播电台写在俄语中。	法国国际广播电台写在	法国国际广播电台是用俄语编写的。	法国国际广播电台是用	俄语	['Russian', '俄文', '俄罗斯语', '俄罗斯文', '俄国语', '俄语', 'ru']	{'俄语': 26}	0	-50.59375	0	{'俄语': 30}	0	-51.25	0
283	Q161423	Die Tageszeitung	日报	Q188	German	德语	Die Tageszeitung was written in German .	日报写在德语中。	日报写在	 Die Tageszeitung 是用德语写的。	 Die Tageszeitung 是用	德语	['German', '德文', '德意志语', 'de']	{'德语': 26}	0	-42.4375	0	{'德语': 20}	0	-57.0625	0
285	Q4128545	The Vyborg Side	革命摇篮维堡区	Q7737	Russian	俄语	The Vyborg Side was written in Russian .	革命摇篮维堡区写在俄语中。	革命摇篮维堡区写在	《维堡一侧》是用俄语写的。	《维堡一侧》是用	俄语	['Russian', '俄文', '俄罗斯语', '俄罗斯文', '俄国语', '俄语', 'ru']	{'俄语': 24}	0	-87.6875	0	{'俄语': 29}	0	-63.84375	0
289	Q255381	Pinterest	Pinterest	Q652	Italian	意大利语	Pinterest was written in Italian .	Pinterest写在意大利语中。	Pinterest写在	 Pinterest 是用意大利语编写的。	 Pinterest 是用	意大利语	['Italian']	{'意大利语': 22}	0	-37.46875	0	{'意大利语': 20}	0	-41.5	0
291	Q1872524	Dainik Bhaskar	巴斯卡日报	Q1568	Hindi	印地语	Dainik Bhaskar was written in Hindi .	巴斯卡日报写在印地语中。	巴斯卡日报写在	 Dainik Bhaskar 是用印地语写的。	 Dainik Bhaskar 是用	印地语	['Hindi']	{'印地语': 28}	0	-61.71875	0	{'印地语': 24}	0	-55.0	0
292	Q567062	Le Silence de la mer	沉默的海	Q150	French	法语	Le Silence de la mer was written in French .	沉默的海写在法语中。	沉默的海写在	 《Le Silence de la mer》是用法语写的。	 《Le Silence de la mer》是用	法语	['French', '法語', '法文', '法兰西语']	{'法语': 17}	0	-54.59375	0	{'法语': 10}	0	-54.375	0
293	Q156203	Bild	图片报	Q188	German	德语	Bild was written in German .	图片报写在德语中。	图片报写在	 《图片报》是用德语写的。	 《图片报》是用	德语	['German', '德文', '德意志语', 'de']	{'德语': 23}	0	-49.96875	0	{'德语': 22}	0	-55.375	0
294	Q201873	The Marriage of Figaro	费加罗的婚礼	Q652	Italian	意大利语	The Marriage of Figaro was written in Italian .	费加罗的婚礼写在意大利语中。	费加罗的婚礼写在	 《费加罗的婚礼》是用意大利语写的。	 《费加罗的婚礼》是用	意大利语	['Italian']	{'意大利语': 24}	0	-60.59375	0	{'意大利语': 16}	0	-60.0625	0
296	Q11146	Maastricht Treaty	马斯特里赫特条约	Q150	French	法语	Maastricht Treaty was written in French .	马斯特里赫特条约写在法语中。	马斯特里赫特条约写在	 《马斯特里赫特条约》是用法语写的。	 《马斯特里赫特条约》是用	法语	['French', '法語', '法文', '法兰西语']	{'法语': 16}	0	-58.625	0	{'法语': 5}	0	-65.625	0
300	Q11740724	Derek	德里克	Q1860	English	英语	Derek was written in English .	德里克写在英语中。	德里克写在	德里克 (Derek) 是用英语写的。	德里克 (Derek) 是用	英语	['English', '英文', 'EN', '英语']	{'英语': 15}	0	-47.84375	0	{'英语': 3}	0	-55.28125	1
301	Q1147199	Sefer Yetzirah	创世之书	Q9288	Hebrew	希伯来语	Sefer Yetzirah was written in Hebrew .	创世之书写在希伯来语中。	创世之书写在	 《创造之书》是用希伯来语写成的。	 《创造之书》是用	希伯来语	['Hebrew']	{'希伯来语': 9}	0	-52.15625	0	{'希伯来语': 16}	0	-51.03125	0
302	Q19912	Radio France Internationale	法国国际广播电台	Q9199	Vietnamese	越南语	Radio France Internationale was written in Vietnamese .	法国国际广播电台写在越南语中。	法国国际广播电台写在	 《法国国际广播电台》是用越南语编写的。	 《法国国际广播电台》是用	越南语	['Vietnamese', '越語', '越南文', '越南话', '越语', '越文', '京语', '安南语', '安南话', 'vi']	{'越南语': 29}	0	-50.59375	0	{'越南语': 23}	0	-53.03125	0
305	Q3506147	Witnesses	见证	Q6654	Croatian	克罗地亚语	Witnesses was written in Croatian .	见证写在克罗地亚语中。	见证写在	 《证人》是用克罗地亚语写的。	 《证人》是用	克罗地亚语	['Croatian', '克羅埃西亞語', '克羅地亞語']	{'克罗地亚语': 44}	0	-44.03125	0	{'克罗地亚语': 46}	0	-42.1875	0
306	Q559667	Tirant lo Blanc	骑士蒂朗：少女阴谋	Q7026	Catalan	加泰罗尼亚语	Tirant lo Blanc was written in Catalan .	骑士蒂朗：少女阴谋写在加泰罗尼亚语中。	骑士蒂朗：少女阴谋写在	 Tirant lo Blanc 是用加泰罗尼亚语写的。	 Tirant lo Blanc 是用	加泰罗尼亚语	['Catalan', '加泰羅尼亞語', '加泰隆尼亞語', '加泰隆語']	{'加泰罗尼亚语': 45}	0	-91.5	0	{'加泰罗尼亚语': 16}	0	-54.5	0
309	Q19904	France Info	法国新闻广播电台	Q150	French	法语	France Info was written in French .	法国新闻广播电台写在法语中。	法国新闻广播电台写在	法国信息是用法语写的。	法国信息是用	法语	['French', '法語', '法文', '法兰西语']	{'法语': 2}	0	-57.5625	1	{'法语': 15}	0	-46.90625	0
312	Q14650387	Carpenter	卡朋特	Q1860	English	英语	Carpenter was written in English .	卡朋特写在英语中。	卡朋特写在	 《木匠》是用英语写的。	 《木匠》是用	英语	['English', '英文', 'EN', '英语']	{'英语': 14}	0	-49.59375	0	{'英语': 14}	0	-47.875	0
314	Q11986	La Vie en rose	玫瑰人生	Q150	French	法语	La Vie en rose was written in French .	玫瑰人生写在法语中。	玫瑰人生写在	 《玫瑰人生》是用法语写的。	 《玫瑰人生》是用	法语	['French', '法語', '法文', '法兰西语']	{'法语': 17}	0	-44.34375	0	{'法语': 17}	0	-45.96875	0
315	Q913303	El Diario Vasco	巴斯克日报	Q1321	Spanish	西班牙语	El Diario Vasco was written in Spanish .	巴斯克日报写在西班牙语中。	巴斯克日报写在	 《巴斯克日报》是用西班牙语写的。	 《巴斯克日报》是用	西班牙语	['Spanish', '西班牙语', '西语', 'es']	{'西班牙语': 13}	0	-58.1875	0	{'西班牙语': 15}	0	-63.21875	0
316	Q831299	Le Petit Parisien	小巴黎人报	Q150	French	法语	Le Petit Parisien was written in French .	小巴黎人报写在法语中。	小巴黎人报写在	 《小巴黎人》是用法语写的。	 《小巴黎人》是用	法语	['French', '法語', '法文', '法兰西语']	{'法语': 14}	0	-64.625	0	{'法语': 15}	0	-58.125	0
319	Q508880	aloha	Aloha	Q33569	Hawaiian	夏威夷语	aloha was written in Hawaiian .	Aloha写在夏威夷语中。	Aloha写在	 aloha 是用夏威夷语写的。	 aloha 是用	夏威夷语	['Hawaiian', '夏威夷文']	{'夏威夷语': 35}	0	-inf	0	{'夏威夷语': 22}	0	-48.9375	0
320	Q11913	Bulgarian Wikipedia	保加利亚语维基百科	Q7918	Bulgarian	保加利亚语	Bulgarian Wikipedia was written in Bulgarian .	保加利亚语维基百科写在保加利亚语中。	保加利亚语维基百科写在	保加利亚语维基百科是用保加利亚语编写的。	保加利亚语维基百科是用	保加利亚语	['Bulgarian']	{'保加利亚语': 15}	0	-62.25	0	{'保加利亚语': 15}	0	-57.375	0
323	Q22663	The Pirate Bay	海盗湾	Q1321	Spanish	西班牙语	The Pirate Bay was written in Spanish .	海盗湾写在西班牙语中。	海盗湾写在	海盗湾是用西班牙语写的。	海盗湾是用	西班牙语	['Spanish', '西班牙语', '西语', 'es']	{'西班牙语': 18}	0	-48.125	0	{'西班牙语': 18}	0	-47.5625	0
326	Q11988	Non, je ne regrette rien	我无怨无悔	Q150	French	法语	Non, je ne regrette rien was written in French .	我无怨无悔写在法语中。	我无怨无悔写在	 Non, je ne Purplete rien 是用法语写的。	 Non, je ne Purplete rien 是用	法语	['French', '法語', '法文', '法兰西语']	{'法语': 20}	0	-60.9375	0	{'法语': 15}	0	-inf	0
327	Q3057240	Ernest & Celestine	熊熊遇见小小鼠	Q150	French	法语	Ernest & Celestine was written in French .	熊熊遇见小小鼠写在法语中。	熊熊遇见小小鼠写在	 《Ernest & Celestine》是用法语写的。	 《Ernest & Celestine》是用	法语	['French', '法語', '法文', '法兰西语']	{'法语': 20}	0	-79.0625	0	{'法语': 11}	0	-50.5625	0
329	Q131718	Hava Nagila	让我们欢乐	Q9288	Hebrew	希伯来语	Hava Nagila was written in Hebrew .	让我们欢乐写在希伯来语中。	让我们欢乐写在	 Hava Nagila 是用希伯来语写成的。	 Hava Nagila 是用	希伯来语	['Hebrew']	{'希伯来语': 20}	0	-47.78125	0	{'希伯来语': 8}	0	-51.71875	0
330	Q2021381	Olwen	欧雯	Q9309	Welsh	威尔士语	Olwen was written in Welsh .	欧雯写在威尔士语中。	欧雯写在	Olwen 是用威尔士语写的。	Olwen 是用	威尔士语	['Welsh']	{'威尔士语': 44}	0	-45.25	0	{'威尔士语': 18}	0	-45.0625	0
331	Q58255	Turkish Wikipedia	土耳其语维基百科	Q256	Turkish	土耳其语	Turkish Wikipedia was written in Turkish .	土耳其语维基百科写在土耳其语中。	土耳其语维基百科写在	土耳其语维基百科是用土耳其语编写的。	土耳其语维基百科是用	土耳其语	['Turkish']	{'土耳其语': 14}	0	-62.125	0	{'土耳其语': 16}	0	-58.0	0
332	Q1589584	Europa Plus	欧罗巴加现场演唱会	Q7737	Russian	俄语	Europa Plus was written in Russian .	欧罗巴加现场演唱会写在俄语中。	欧罗巴加现场演唱会写在	 Europa Plus 是用俄语编写的。	 Europa Plus 是用	俄语	['Russian', '俄文', '俄罗斯语', '俄罗斯文', '俄国语', '俄语', 'ru']	{'俄语': 27}	0	-71.8125	0	{'俄语': 27}	0	-50.5	0
333	Q53464	Hungarian Wikipedia	匈牙利语维基百科	Q9067	Hungarian	匈牙利语	Hungarian Wikipedia was written in Hungarian .	匈牙利语维基百科写在匈牙利语中。	匈牙利语维基百科写在	匈牙利语维基百科是用匈牙利语编写的。	匈牙利语维基百科是用	匈牙利语	['Hungarian']	{'匈牙利语': 5}	0	-59.9375	0	{'匈牙利语': 14}	0	-56.9375	0
334	Q142348	Le Parisien	巴黎人	Q150	French	法语	Le Parisien was written in French .	巴黎人写在法语中。	巴黎人写在	 《巴黎人报》是用法语写的。	 《巴黎人报》是用	法语	['French', '法語', '法文', '法兰西语']	{'法语': 12}	0	-47.0625	0	{'法语': 15}	0	-58.3125	0
337	Q128927	Monsieur Ibrahim	陪我走到世界尽头	Q150	French	法语	Monsieur Ibrahim was written in French .	陪我走到世界尽头写在法语中。	陪我走到世界尽头写在	 《易卜拉欣先生》是用法语写的。	 《易卜拉欣先生》是用	法语	['French', '法語', '法文', '法兰西语']	{'法语': 21}	0	-67.1875	0	{'法语': 18}	0	-50.875	0
340	Q147787	Anna Karenina	安娜·卡列尼娜	Q7737	Russian	俄语	Anna Karenina was written in Russian .	安娜·卡列尼娜写在俄语中。	安娜·卡列尼娜写在	 《安娜卡列尼娜》是用俄语写的。	 《安娜卡列尼娜》是用	俄语	['Russian', '俄文', '俄罗斯语', '俄罗斯文', '俄国语', '俄语', 'ru']	{'俄语': 4}	0	-59.21875	0	{'俄语': 18}	0	-69.5	0
343	Q126129	Sans attendre	放手去爱	Q150	French	法语	Sans attendre was written in French .	放手去爱写在法语中。	放手去爱写在	 Sans attendancere 是用法语写的。	 Sans attendancere 是用	法语	['French', '法語', '法文', '法兰西语']	{'法语': 21}	0	-58.34375	0	{'法语': 18}	0	-76.6875	0
344	Q646521	Mi Reflejo	拉丁情怀	Q1321	Spanish	西班牙语	Mi Reflejo was written in Spanish .	拉丁情怀写在西班牙语中。	拉丁情怀写在	 《Mi Reflejo》是用西班牙语写的。	 《Mi Reflejo》是用	西班牙语	['Spanish', '西班牙语', '西语', 'es']	{'西班牙语': 19}	0	-57.3125	0	{'西班牙语': 14}	0	-55.5	0
345	Q200386	Serbian Wikipedia	塞尔维亚语维基百科	Q9299	Serbian	塞尔维亚语	Serbian Wikipedia was written in Serbian .	塞尔维亚语维基百科写在塞尔维亚语中。	塞尔维亚语维基百科写在	塞尔维亚语维基百科是用塞尔维亚语编写的。	塞尔维亚语维基百科是用	塞尔维亚语	['Serbian', '塞爾維亞語', 'sr']	{'塞尔维亚语': 5}	0	-61.71875	0	{'塞尔维亚语': 15}	0	-56.09375	0
347	Q8073	Arte	Arte	Q150	French	法语	Arte was written in French .	Arte写在法语中。	Arte写在	 Arte 是用法语写的。	 Arte 是用	法语	['French', '法語', '法文', '法兰西语']	{'法语': 18}	0	-29.6875	0	{'法语': 18}	0	-49.53125	0
348	Q11920	Italian Wikipedia	意大利语维基百科	Q652	Italian	意大利语	Italian Wikipedia was written in Italian .	意大利语维基百科写在意大利语中。	意大利语维基百科写在	意大利语维基百科是用意大利语编写的。	意大利语维基百科是用	意大利语	['Italian']	{'意大利语': 1}	1	-57.09375	1	{'意大利语': 14}	0	-52.21875	0
349	Q18336315	Ian	伊安	Q1860	English	英语	Ian was written in English .	伊安写在英语中。	伊安写在	伊恩是用英语写的。	伊恩是用	英语	['English', '英文', 'EN', '英语']	{'英语': 18}	0	-46.65625	0	{'英语': 15}	0	-43.9375	0
350	Q935881	Treaty of Kars	卡尔斯条约	Q256	Turkish	土耳其语	Treaty of Kars was written in Turkish .	卡尔斯条约写在土耳其语中。	卡尔斯条约写在	 《卡尔斯条约》以土耳其语书写。	 《卡尔斯条约》以	土耳其语	['Turkish']	{'土耳其语': 42}	0	-62.0	0	{'土耳其语': 36}	0	-61.25	0
351	Q959665	El Jueves	星期四	Q1321	Spanish	西班牙语	El Jueves was written in Spanish .	星期四写在西班牙语中。	星期四写在	 El Jueves 是用西班牙语写的。	 El Jueves 是用	西班牙语	['Spanish', '西班牙语', '西语', 'es']	{'西班牙语': 22}	0	-47.40625	0	{'西班牙语': 17}	0	-57.5625	0
352	Q326731	The Tudors	都铎王朝	Q1860	English	英语	The Tudors was written in English .	都铎王朝写在英语中。	都铎王朝写在	 《都铎王朝》是用英语写成的。	 《都铎王朝》是用	英语	['English', '英文', 'EN', '英语']	{'英语': 16}	0	-55.21875	0	{'英语': 13}	0	-52.5	0
353	Q2993578	Tygodnik Ilustrowany	画报周刊	Q809	Polish	波兰语	Tygodnik Ilustrowany was written in Polish .	画报周刊写在波兰语中。	画报周刊写在	Tygodnik Ilustrowany 是用波兰语写的。	Tygodnik Ilustrowany 是用	波兰语	['Polish', '波兰语']	{'波兰语': 34}	0	-61.125	0	{'波兰语': 13}	0	-54.09375	0
354	Q948316	Feral Tribune	野性论坛	Q6654	Croatian	克罗地亚语	Feral Tribune was written in Croatian .	野性论坛写在克罗地亚语中。	野性论坛写在	 Feral Tribune 是用克罗地亚语写的。	 Feral Tribune 是用	克罗地亚语	['Croatian', '克羅埃西亞語', '克羅地亞語']	{'克罗地亚语': 45}	0	-51.09375	0	{'克罗地亚语': 38}	0	-64.0625	0
355	Q1569226	Revue des Deux Mondes	两个世界的评论	Q150	French	法语	Revue des Deux Mondes was written in French .	两个世界的评论写在法语中。	两个世界的评论写在	 《Revue des Deux Mondes》是用法语写的。	 《Revue des Deux Mondes》是用	法语	['French', '法語', '法文', '法兰西语']	{'法语': 20}	0	-49.875	0	{'法语': 8}	0	-53.21875	0
357	Q3101925	Libertad Digital	自由数字报	Q1321	Spanish	西班牙语	Libertad Digital was written in Spanish .	自由数字报写在西班牙语中。	自由数字报写在	 Libertad Digital 是用西班牙语编写的。	 Libertad Digital 是用	西班牙语	['Spanish', '西班牙语', '西语', 'es']	{'西班牙语': 24}	0	-61.5625	0	{'西班牙语': 18}	0	-56.40625	0
359	Q597255	Newsweek Polska	波兰新闻周	Q809	Polish	波兰语	Newsweek Polska was written in Polish .	波兰新闻周写在波兰语中。	波兰新闻周写在	 《新闻周刊波兰语》是用波兰语撰写的。	 《新闻周刊波兰语》是用	波兰语	['Polish', '波兰语']	{'波兰语': 17}	0	-64.1875	0	{'波兰语': 14}	0	-inf	0
360	Q8449	Spanish Wikipedia	西班牙语维基百科	Q1321	Spanish	西班牙语	Spanish Wikipedia was written in Spanish .	西班牙语维基百科写在西班牙语中。	西班牙语维基百科写在	西班牙语维基百科是用西班牙语编写的。	西班牙语维基百科是用	西班牙语	['Spanish', '西班牙语', '西语', 'es']	{'西班牙语': 9}	0	-54.40625	0	{'西班牙语': 14}	0	-50.8125	0
361	Q3295515	The Beatles	The Beatles	Q1860	English	英语	The Beatles was written in English .	The Beatles写在英语中。	The Beatles写在	披头士乐队的歌曲是用英语创作的。	披头士乐队的歌曲是用	英语	['English', '英文', 'EN', '英语']	{'英语': 16}	0	-36.3125	0	{'英语': 15}	0	-71.375	0
362	Q154968	Lili Marleen	莉莉玛莲	Q188	German	德语	Lili Marleen was written in German .	莉莉玛莲写在德语中。	莉莉玛莲写在	莉莉·玛琳是用德语写的。	莉莉·玛琳是用	德语	['German', '德文', '德意志语', 'de']	{'德语': 24}	0	-59.15625	0	{'德语': 29}	0	-57.0	0
363	Q175482	Finnish Wikipedia	芬兰语维基百科	Q1412	Finnish	芬兰语	Finnish Wikipedia was written in Finnish .	芬兰语维基百科写在芬兰语中。	芬兰语维基百科写在	芬兰语维基百科是用芬兰语编写的。	芬兰语维基百科是用	芬兰语	['Finnish', 'fi']	{'芬兰语': 2}	0	-54.8125	1	{'芬兰语': 14}	0	-50.65625	0
364	Q771579	Different Class	不同阶级	Q1860	English	英语	Different Class was written in English .	不同阶级写在英语中。	不同阶级写在	不同的课程是用英语写的。	不同的课程是用	英语	['English', '英文', 'EN', '英语']	{'英语': 18}	0	-53.21875	0	{'英语': 15}	0	-44.40625	0
365	Q898015	Le cose che vivi	生命历程	Q1321	Spanish	西班牙语	Le cose che vivi was written in Spanish .	生命历程写在西班牙语中。	生命历程写在	 Le cose che vivi 是用西班牙语写的。	 Le cose che vivi 是用	西班牙语	['Spanish', '西班牙语', '西语', 'es']	{'西班牙语': 19}	0	-44.875	0	{'西班牙语': 24}	0	-68.375	0
366	Q1999930	The Diamond Arm	钻石手臂	Q7737	Russian	俄语	The Diamond Arm was written in Russian .	钻石手臂写在俄语中。	钻石手臂写在	 《钻石臂》是用俄语写的。	 《钻石臂》是用	俄语	['Russian', '俄文', '俄罗斯语', '俄罗斯文', '俄国语', '俄语', 'ru']	{'俄语': 33}	0	-56.96875	0	{'俄语': 36}	0	-51.4375	0
368	Q1318400	Thai Rath	泰国日报	Q9217	Thai	泰语	Thai Rath was written in Thai .	泰国日报写在泰语中。	泰国日报写在	 Thai Rath 是用泰语写的。	 Thai Rath 是用	泰语	['Thai', '暹羅語', '阿瑜陀耶語']	{'泰语': 13}	0	-52.125	0	{'泰语': 20}	0	-59.03125	0
369	Q236023	Kyrgyz Revolution of 2010	2010年吉尔吉斯斯坦骚乱	Q7737	Russian	俄语	Kyrgyz Revolution of 2010 was written in Russian .	2010年吉尔吉斯斯坦骚乱写在俄语中。	2010年吉尔吉斯斯坦骚乱写在	 《2010 年吉尔吉斯斯坦革命》是用俄语写的。	 《2010 年吉尔吉斯斯坦革命》是用	俄语	['Russian', '俄文', '俄罗斯语', '俄罗斯文', '俄国语', '俄语', 'ru']	{'俄语': 18}	0	-67.1875	0	{'俄语': 18}	0	-81.25	0
373	Q660769	Ouest-France	法兰西西部报	Q150	French	法语	Ouest-France was written in French .	法兰西西部报写在法语中。	法兰西西部报写在	 《Ouest-France》是用法语写的。	 《Ouest-France》是用	法语	['French', '法語', '法文', '法兰西语']	{'法语': 9}	0	-60.65625	0	{'法语': 10}	0	-58.46875	0
375	Q898015	Le cose che vivi	生命历程	Q652	Italian	意大利语	Le cose che vivi was written in Italian .	生命历程写在意大利语中。	生命历程写在	Le cose che vivi 是用意大利语写的。	Le cose che vivi 是用	意大利语	['Italian']	{'意大利语': 21}	0	-44.875	0	{'意大利语': 13}	0	-61.03125	0
377	Q200183	Simple English Wikipedia	简单英语维基百科	Q1860	English	英语	Simple English Wikipedia was written in English .	简单英语维基百科写在英语中。	简单英语维基百科写在	简易英语维基百科是用英语编写的。	简易英语维基百科是用	英语	['English', '英文', 'EN', '英语']	{'英语': 8}	0	-70.6875	0	{'英语': 16}	0	-69.375	0
378	Q1035395	Caramelldansen	焦糖舞	Q9027	Swedish	瑞典语	Caramelldansen was written in Swedish .	焦糖舞写在瑞典语中。	焦糖舞写在	 Caramelldansen 是用瑞典语写的。	 Caramelldansen 是用	瑞典语	['Swedish']	{'瑞典语': 26}	0	-58.53125	0	{'瑞典语': 11}	0	-50.59375	0
379	Q2717243	Unus pro omnibus, omnes pro uno	人人为我，我为人人	Q397	Latin	拉丁语	Unus pro omnibus, omnes pro uno was written in Latin .	人人为我，我为人人写在拉丁语中。	人人为我，我为人人写在	 Unus proomnibus, omnes pro uno 用拉丁语写成。	 Unus proomnibus, omnes pro uno 用	拉丁语	['Latin', '拉丁语']	{'拉丁语': 27}	0	-62.9375	0	{'拉丁语': 18}	0	-85.0	0
382	Q3203380	L'Expansion	拓展	Q150	French	法语	L'Expansion was written in French .	拓展写在法语中。	拓展写在	 L'Expansion 是用法语写的。	 L'Expansion 是用	法语	['French', '法語', '法文', '法兰西语']	{'法语': 19}	0	-37.78125	0	{'法语': 16}	0	-56.375	0
384	Q815527	Jyllands-Posten	日德兰邮报	Q9035	Danish	丹麦语	Jyllands-Posten was written in Danish .	日德兰邮报写在丹麦语中。	日德兰邮报写在	 《日德兰邮报》是用丹麦语撰写的。	 《日德兰邮报》是用	丹麦语	['Danish']	{'丹麦语': 35}	0	-68.9375	0	{'丹麦语': 24}	0	-62.53125	0
387	Q4314276	Nauka i Zhizn	科学与生活	Q7737	Russian	俄语	Nauka i Zhizn was written in Russian .	科学与生活写在俄语中。	科学与生活写在	 《Nauka i Zhizn》是用俄语写的。	 《Nauka i Zhizn》是用	俄语	['Russian', '俄文', '俄罗斯语', '俄罗斯文', '俄国语', '俄语', 'ru']	{'俄语': 27}	0	-49.125	0	{'俄语': 13}	0	-60.0625	0
389	Q923	Alexander	Alexander	Q1860	English	英语	Alexander was written in English .	Alexander写在英语中。	Alexander写在	亚历山大是用英语写的。	亚历山大是用	英语	['English', '英文', 'EN', '英语']	{'英语': 17}	0	-31.8125	0	{'英语': 15}	0	-35.5	0
391	Q192039	Don Giovanni	唐·乔望尼	Q652	Italian	意大利语	Don Giovanni was written in Italian .	唐·乔望尼写在意大利语中。	唐·乔望尼写在	 《唐璜》是用意大利语写的。	 《唐璜》是用	意大利语	['Italian']	{'意大利语': 22}	0	-70.3125	0	{'意大利语': 16}	0	-48.625	0
397	Q14516546	Daniel	丹尼尔	Q9288	Hebrew	希伯来语	Daniel was written in Hebrew .	丹尼尔写在希伯来语中。	丹尼尔写在	 《但以理书》是用希伯来语写的。	 《但以理书》是用	希伯来语	['Hebrew']	{'希伯来语': 15}	0	-45.59375	0	{'希伯来语': 14}	0	-55.0625	0
399	Q781387	Anastasia	阿纳斯塔西娅	Q7737	Russian	俄语	Anastasia was written in Russian .	阿纳斯塔西娅写在俄语中。	阿纳斯塔西娅写在	 《阿纳斯塔西娅》是用俄语写的。	 《阿纳斯塔西娅》是用	俄语	['Russian', '俄文', '俄罗斯语', '俄罗斯文', '俄国语', '俄语', 'ru']	{'俄语': 23}	0	-56.5625	0	{'俄语': 23}	0	-57.09375	0
400	Q673324	Le Temps	瑞士时报	Q150	French	法语	Le Temps was written in French .	瑞士时报写在法语中。	瑞士时报写在	 《时代》是用法语写的。	 《时代》是用	法语	['French', '法語', '法文', '法兰西语']	{'法语': 14}	0	-55.28125	0	{'法语': 14}	0	-41.90625	0
402	Q1214043	The Cossacks	哥萨克 (小说)	Q7737	Russian	俄语	The Cossacks was written in Russian .	哥萨克 (小说)写在俄语中。	哥萨克 (小说)写在	 《哥萨克人》是用俄语写的。	 《哥萨克人》是用	俄语	['Russian', '俄文', '俄罗斯语', '俄罗斯文', '俄国语', '俄语', 'ru']	{'俄语': 7}	0	-70.75	0	{'俄语': 14}	0	-51.78125	0
403	Q187745	Bohemian Rhapsody	波希米亚狂想曲	Q1860	English	英语	Bohemian Rhapsody was written in English .	波希米亚狂想曲写在英语中。	波希米亚狂想曲写在	 《波西米亚狂想曲》是用英语写的。	 《波西米亚狂想曲》是用	英语	['English', '英文', 'EN', '英语']	{'英语': 15}	0	-58.0	0	{'英语': 14}	0	-56.5625	0
404	Q8447	French Wikipedia	法语维基百科	Q150	French	法语	French Wikipedia was written in French .	法语维基百科写在法语中。	法语维基百科写在	法语维基百科是用法语编写的。	法语维基百科是用	法语	['French', '法語', '法文', '法兰西语']	{'法语': 4}	0	-59.75	0	{'法语': 17}	0	-57.0	0
408	Q1410997	Le Moniteur Universel	世界箴言报	Q150	French	法语	Le Moniteur Universel was written in French .	世界箴言报写在法语中。	世界箴言报写在	 《世界监测报》是用法语写的。	 《世界监测报》是用	法语	['French', '法語', '法文', '法兰西语']	{'法语': 20}	0	-68.375	0	{'法语': 14}	0	-58.8125	0
411	Q11354	Apache HTTP Server	阿帕奇超文本协议服务	Q1860	English	英语	Apache HTTP Server was written in English .	阿帕奇超文本协议服务写在英语中。	阿帕奇超文本协议服务写在	 Apache HTTP Server 是用英语编写的。	 Apache HTTP Server 是用	英语	['English', '英文', 'EN', '英语']	{'英语': 18}	0	-79.625	0	{'英语': 13}	0	-42.21875	0
412	Q11876	The Little Match Girl	卖火柴的小女孩	Q9035	Danish	丹麦语	The Little Match Girl was written in Danish .	卖火柴的小女孩写在丹麦语中。	卖火柴的小女孩写在	 《卖火柴的小女孩》是用丹麦语写的。	 《卖火柴的小女孩》是用	丹麦语	['Danish']	{'丹麦语': 38}	0	-67.9375	0	{'丹麦语': 21}	0	-56.65625	0
413	Q1789749	Trouw	忠诚报	Q7411	Dutch	荷兰语	Trouw was written in Dutch .	忠诚报写在荷兰语中。	忠诚报写在	 《Trouw》是用荷兰语写的。	 《Trouw》是用	荷兰语	['Dutch', '現代荷蘭語', 'nl']	{'荷兰语': 23}	0	-48.71875	0	{'荷兰语': 13}	0	-55.4375	0
414	Q821172	RIA Novosti	俄罗斯新闻社	Q7737	Russian	俄语	RIA Novosti was written in Russian .	俄罗斯新闻社写在俄语中。	俄罗斯新闻社写在	俄罗斯新闻社是用俄语撰写的。	俄罗斯新闻社是用	俄语	['Russian', '俄文', '俄罗斯语', '俄罗斯文', '俄国语', '俄语', 'ru']	{'俄语': 14}	0	-50.53125	0	{'俄语': 14}	0	-54.15625	0
415	Q83071	Downton Abbey	唐顿庄园	Q1860	English	英语	Downton Abbey was written in English .	唐顿庄园写在英语中。	唐顿庄园写在	 《唐顿庄园》是用英语写的。	 《唐顿庄园》是用	英语	['English', '英文', 'EN', '英语']	{'英语': 15}	0	-58.9375	0	{'英语': 14}	0	-61.15625	0
416	Q7449797	Sempiternal	永恆不朽	Q1860	English	英语	Sempiternal was written in English .	永恆不朽写在英语中。	永恆不朽写在	 《永恒》是用英语写的。	 《永恒》是用	英语	['English', '英文', 'EN', '英语']	{'英语': 15}	0	-50.1875	0	{'英语': 15}	0	-44.375	0
417	Q631377	Lapland Odyssey	极地奥德赛	Q1412	Finnish	芬兰语	Lapland Odyssey was written in Finnish .	极地奥德赛写在芬兰语中。	极地奥德赛写在	 《拉普兰奥德赛》是用芬兰语写的。	 《拉普兰奥德赛》是用	芬兰语	['Finnish', 'fi']	{'芬兰语': 28}	0	-57.5625	0	{'芬兰语': 32}	0	-68.875	0
418	Q478381	The Cherry Orchard	樱桃园	Q7737	Russian	俄语	The Cherry Orchard was written in Russian .	樱桃园写在俄语中。	樱桃园写在	《樱桃园》是用俄语写的。	《樱桃园》是用	俄语	['Russian', '俄文', '俄罗斯语', '俄罗斯文', '俄国语', '俄语', 'ru']	{'俄语': 27}	0	-46.34375	0	{'俄语': 30}	0	-46.53125	0
420	Q1329873	The New Republic	新共和	Q1860	English	英语	The New Republic was written in English .	新共和写在英语中。	新共和写在	 《新共和》是用英语写的。	 《新共和》是用	英语	['English', '英文', 'EN', '英语']	{'英语': 16}	0	-49.09375	0	{'英语': 7}	0	-43.125	0
