	sub_uri	en_sub_label	sub_label	obj_uri	en_obj_label	obj_label	en_template	template	template_prompt	gt_translation	gt_prompt	gt_infl_object	aliases	template_true_ranks	template_top1_correct	template_prompt_prob	template_top3_correct	gt_true_ranks	gt_top1_correct	gt_prompt_prob	gt_top3_correct
0	Q19837	Steve Jobs	史蒂夫·乔布斯	Q312	Apple Inc.	苹果公司	Steve Jobs works for Apple Inc. .	史蒂夫·乔布斯适用于苹果公司。	史蒂夫·乔布斯适用于	史蒂夫乔布斯就职于苹果公司。	史蒂夫乔布斯就职于	苹果公司	['Apple', '蘋果', '苹果', '苹果公司', '蘋果電腦公司', 'Apple', '水果店', '苹果电子产品商贸（北京）有限公司']	{'苹果公司': 12}	0	-54.875	0	{'苹果公司': 10}	0	-64.375	0
1	Q483382	Steve Wozniak	斯蒂夫·沃兹尼亚克	Q312	Apple Inc.	苹果公司	Steve Wozniak works for Apple Inc. .	斯蒂夫·沃兹尼亚克适用于苹果公司。	斯蒂夫·沃兹尼亚克适用于	史蒂夫·沃兹尼亚克 (Steve Wozniak) 就职于苹果公司。	史蒂夫·沃兹尼亚克 (Steve Wozniak) 就职于	苹果公司	['Apple', '蘋果', '苹果', '苹果公司', '蘋果電腦公司', 'Apple', '水果店', '苹果电子产品商贸（北京）有限公司']	{'苹果公司': 12}	0	-62.25	0	{'苹果公司': 1}	1	-67.25	1
2	Q162005	Paul G. Allen	保罗·艾伦	Q2283	Microsoft	微软	Paul G. Allen works for Microsoft .	保罗·艾伦适用于微软。	保罗·艾伦适用于	 Paul G. Allen 在微软工作。	 Paul G. Allen 在	微软	['Microsoft', '微软']	{'微软': 14}	0	-47.4375	0	{'微软': 10}	0	-46.8125	0
3	Q7426870	Satya Nadella	萨帝亚·纳德拉	Q2283	Microsoft	微软	Satya Nadella works for Microsoft .	萨帝亚·纳德拉适用于微软。	萨帝亚·纳德拉适用于	萨蒂亚·纳德拉 (Satya Nadella) 在微软工作。	萨蒂亚·纳德拉 (Satya Nadella) 在	微软	['Microsoft', '微软']	{'微软': 14}	0	-80.8125	0	{'微软': 8}	0	-66.25	0
4	Q1942003	Jeremy Paxman	杰瑞米·派克斯曼	Q9531	British Broadcasting Corporation	英国广播公司	Jeremy Paxman works for British Broadcasting Corporation .	杰瑞米·派克斯曼适用于英国广播公司。	杰瑞米·派克斯曼适用于	杰里米·帕克斯曼 (Jeremy Paxman) 就职于英国广播公司。	杰里米·帕克斯曼 (Jeremy Paxman) 就职于	英国广播公司	['BBC', '英國廣播有限公司', '英國廣播公司', 'BBC']	{'英国广播公司': 24}	0	-82.25	0	{'英国广播公司': 1}	1	-71.3125	1
5	Q2323190	Andrew Marr	安德鲁·马尔	Q9531	British Broadcasting Corporation	英国广播公司	Andrew Marr works for British Broadcasting Corporation .	安德鲁·马尔适用于英国广播公司。	安德鲁·马尔适用于	安德鲁·马尔 (Andrew Marr) 就职于英国广播公司。	安德鲁·马尔 (Andrew Marr) 就职于	英国广播公司	['BBC', '英國廣播有限公司', '英國廣播公司', 'BBC']	{'英国广播公司': 23}	0	-57.6875	0	{'英国广播公司': 2}	0	-69.125	1
6	Q5232979	David Dimbleby	戴维·丁布尔比	Q9531	British Broadcasting Corporation	英国广播公司	David Dimbleby works for British Broadcasting Corporation .	戴维·丁布尔比适用于英国广播公司。	戴维·丁布尔比适用于	大卫·丁布尔比 (David Dimbleby) 就职于英国广播公司。	大卫·丁布尔比 (David Dimbleby) 就职于	英国广播公司	['BBC', '英國廣播有限公司', '英國廣播公司', 'BBC']	{'英国广播公司': 23}	0	-77.0	0	{'英国广播公司': 1}	1	-88.5	1
8	Q5284	Bill Gates	比尔·盖茨	Q2283	Microsoft	微软	Bill Gates works for Microsoft .	比尔·盖茨适用于微软。	比尔·盖茨适用于	比尔盖茨在微软工作。	比尔盖茨在	微软	['Microsoft', '微软']	{'微软': 14}	0	-50.5	0	{'微软': 16}	0	-45.78125	0
9	Q181162	Steve Ballmer	史蒂夫·巴尔默	Q2283	Microsoft	微软	Steve Ballmer works for Microsoft .	史蒂夫·巴尔默适用于微软。	史蒂夫·巴尔默适用于	史蒂夫鲍尔默在微软工作。	史蒂夫鲍尔默在	微软	['Microsoft', '微软']	{'微软': 14}	0	-62.0	0	{'微软': 15}	0	-58.375	0
10	Q317320	Abdul Karim	阿卜杜勒·卡里姆	Q9439	Queen Victoria	维多利亚女王	Abdul Karim works for Queen Victoria .	阿卜杜勒·卡里姆适用于维多利亚女王。	阿卜杜勒·卡里姆适用于	阿卜杜勒·卡里姆为维多利亚女王工作。	阿卜杜勒·卡里姆为	维多利亚女王	['Victoria', '维多利亚女皇', '维多利亚女王', '維多利亞女皇']	{'维多利亚女王': 25}	0	-52.9375	0	{'维多利亚女王': 19}	0	-43.125	0
11	Q248747	Jonathan King	乔纳森·金	Q9531	British Broadcasting Corporation	英国广播公司	Jonathan King works for British Broadcasting Corporation .	乔纳森·金适用于英国广播公司。	乔纳森·金适用于	乔纳森·金 (Jonathan King) 就职于英国广播公司。	乔纳森·金 (Jonathan King) 就职于	英国广播公司	['BBC', '英國廣播有限公司', '英國廣播公司', 'BBC']	{'英国广播公司': 23}	0	-53.375	0	{'英国广播公司': 3}	0	-59.625	1
16	Q983111	Stephen Elop	斯蒂芬·埃洛普	Q2283	Microsoft	微软	Stephen Elop works for Microsoft .	斯蒂芬·埃洛普适用于微软。	斯蒂芬·埃洛普适用于	史蒂芬·埃洛普 (Stephen Elop) 在微软工作。	史蒂芬·埃洛普 (Stephen Elop) 在	微软	['Microsoft', '微软']	{'微软': 14}	0	-61.90625	0	{'微软': 2}	0	-59.0	1
21	Q12572999	Brian Krzanich	布莱恩·科兹安尼克	Q248	Intel	英特尔	Brian Krzanich works for Intel .	布莱恩·科兹安尼克适用于英特尔。	布莱恩·科兹安尼克适用于	 Brian Krzanich 在英特尔工作。	 Brian Krzanich 在	英特尔	['Intel', '英特爾', '集成電子公司', '英特尔（中国）有限公司', '英特尔公司', '英特爾公司']	{'英特尔': 20}	0	-71.5625	0	{'英特尔': 21}	0	-42.3125	0
22	Q316013	Satoru Iwata	岩田聪	Q8093	Nintendo	任天堂	Satoru Iwata works for Nintendo .	岩田聪适用于任天堂。	岩田聪适用于	岩田聪就职于任天堂。	岩田聪就职于	任天堂	['Nintendo', 'Nintendo']	{'任天堂': 16}	0	-57.875	0	{'任天堂': 11}	0	-57.65625	0
23	Q561401	Spike Milligan	斯派克·米利根	Q9531	British Broadcasting Corporation	英国广播公司	Spike Milligan works for British Broadcasting Corporation .	斯派克·米利根适用于英国广播公司。	斯派克·米利根适用于	斯派克·米利根 (Spike Milligan) 就职于英国广播公司。	斯派克·米利根 (Spike Milligan) 就职于	英国广播公司	['BBC', '英國廣播有限公司', '英國廣播公司', 'BBC']	{'英国广播公司': 24}	0	-72.5625	0	{'英国广播公司': 1}	1	-86.125	1
24	Q216160	Jeremy Clarkson	杰里米·克拉克森	Q9531	British Broadcasting Corporation	英国广播公司	Jeremy Clarkson works for British Broadcasting Corporation .	杰里米·克拉克森适用于英国广播公司。	杰里米·克拉克森适用于	杰里米·克拉克森 (Jeremy Clarkson) 就职于英国广播公司。	杰里米·克拉克森 (Jeremy Clarkson) 就职于	英国广播公司	['BBC', '英國廣播有限公司', '英國廣播公司', 'BBC']	{'英国广播公司': 24}	0	-72.5625	0	{'英国广播公司': 2}	0	-75.6875	1
25	Q7172689	Peter Barron	彼得·巴隆	Q95	Google	Google	Peter Barron works for Google .	彼得·巴隆适用于Google。	彼得·巴隆适用于	彼得·巴伦 (Peter Barron) 在 Google 工作。	彼得·巴伦 (Peter Barron) 在 	Google	['Google', '谷歌', '科高']	{'Google': 1}	1	-61.84375	1	{'Google': 2}	0	-60.71875	1
26	Q6258426	John Snagge	约翰·斯纳格	Q9531	British Broadcasting Corporation	英国广播公司	John Snagge works for British Broadcasting Corporation .	约翰·斯纳格适用于英国广播公司。	约翰·斯纳格适用于	约翰·斯纳格 (John Snagge) 就职于英国广播公司。	约翰·斯纳格 (John Snagge) 就职于	英国广播公司	['BBC', '英國廣播有限公司', '英國廣播公司', 'BBC']	{'英国广播公司': 21}	0	-55.34375	0	{'英国广播公司': 1}	1	-68.5625	1
27	Q6390839	Kenneth Wolstenholme	肯尼斯·沃尔斯滕霍姆斯	Q9531	British Broadcasting Corporation	英国广播公司	Kenneth Wolstenholme works for British Broadcasting Corporation .	肯尼斯·沃尔斯滕霍姆斯适用于英国广播公司。	肯尼斯·沃尔斯滕霍姆斯适用于	肯尼斯·沃尔斯滕霍姆 (Kenneth Wolstenholme) 就职于英国广播公司。	肯尼斯·沃尔斯滕霍姆 (Kenneth Wolstenholme) 就职于	英国广播公司	['BBC', '英國廣播有限公司', '英國廣播公司', 'BBC']	{'英国广播公司': 24}	0	-93.4375	0	{'英国广播公司': 1}	1	-96.0625	1
28	Q734264	Terry Wogan	特里·沃根	Q9531	British Broadcasting Corporation	英国广播公司	Terry Wogan works for British Broadcasting Corporation .	特里·沃根适用于英国广播公司。	特里·沃根适用于	特里·沃根 (Terry Wogan) 就职于英国广播公司。	特里·沃根 (Terry Wogan) 就职于	英国广播公司	['BBC', '英國廣播有限公司', '英國廣播公司', 'BBC']	{'英国广播公司': 24}	0	-54.9375	0	{'英国广播公司': 1}	1	-67.5625	1
29	Q7926687	Victoria Derbyshire	维多利亚·达比舒亚	Q9531	British Broadcasting Corporation	英国广播公司	Victoria Derbyshire works for British Broadcasting Corporation .	维多利亚·达比舒亚适用于英国广播公司。	维多利亚·达比舒亚适用于	维多利亚·德比郡 (Victoria Derbyshire) 就职于英国广播公司。	维多利亚·德比郡 (Victoria Derbyshire) 就职于	英国广播公司	['BBC', '英國廣播有限公司', '英國廣播公司', 'BBC']	{'英国广播公司': 25}	0	-72.25	0	{'英国广播公司': 1}	1	-76.375	1
30	Q270648	P. D. James	P·D·詹姆斯	Q9531	British Broadcasting Corporation	英国广播公司	P. D. James works for British Broadcasting Corporation .	P·D·詹姆斯适用于英国广播公司。	P·D·詹姆斯适用于	 PD James 在英国广播公司工作。	 PD James 在	英国广播公司	['BBC', '英國廣播有限公司', '英國廣播公司', 'BBC']	{'英国广播公司': 23}	0	-61.875	0	{'英国广播公司': 9}	0	-45.0625	0
31	Q4966726	Bridget Kendall	布里奇特·肯德尔	Q9531	British Broadcasting Corporation	英国广播公司	Bridget Kendall works for British Broadcasting Corporation .	布里奇特·肯德尔适用于英国广播公司。	布里奇特·肯德尔适用于	布里奇特·肯德尔 (Bridget Kendall) 在英国广播公司工作。	布里奇特·肯德尔 (Bridget Kendall) 在	英国广播公司	['BBC', '英國廣播有限公司', '英國廣播公司', 'BBC']	{'英国广播公司': 25}	0	-64.8125	0	{'英国广播公司': 2}	0	-63.125	1
32	Q13129201	Huw Edwards	休·爱德华兹	Q9531	British Broadcasting Corporation	英国广播公司	Huw Edwards works for British Broadcasting Corporation .	休·爱德华兹适用于英国广播公司。	休·爱德华兹适用于	休·爱德华兹 (Huw Edwards) 就职于英国广播公司。	休·爱德华兹 (Huw Edwards) 就职于	英国广播公司	['BBC', '英國廣播有限公司', '英國廣播公司', 'BBC']	{'英国广播公司': 23}	0	-60.28125	0	{'英国广播公司': 2}	0	-77.25	1
33	Q349069	Adam Curtis	亚当·柯蒂斯	Q9531	British Broadcasting Corporation	英国广播公司	Adam Curtis works for British Broadcasting Corporation .	亚当·柯蒂斯适用于英国广播公司。	亚当·柯蒂斯适用于	亚当·柯蒂斯就职于英国广播公司。	亚当·柯蒂斯就职于	英国广播公司	['BBC', '英國廣播有限公司', '英國廣播公司', 'BBC']	{'英国广播公司': 24}	0	-52.03125	0	{'英国广播公司': 20}	0	-51.375	0
34	Q2626334	Peter Alliss	彼得·艾利斯	Q9531	British Broadcasting Corporation	英国广播公司	Peter Alliss works for British Broadcasting Corporation .	彼得·艾利斯适用于英国广播公司。	彼得·艾利斯适用于	彼得·阿利斯 (Peter Alliss) 就职于英国广播公司。	彼得·阿利斯 (Peter Alliss) 就职于	英国广播公司	['BBC', '英國廣播有限公司', '英國廣播公司', 'BBC']	{'英国广播公司': 24}	0	-50.40625	0	{'英国广播公司': 1}	1	-73.125	1
35	Q55238	Ken Loach	肯·洛区	Q9531	British Broadcasting Corporation	英国广播公司	Ken Loach works for British Broadcasting Corporation .	肯·洛区适用于英国广播公司。	肯·洛区适用于	肯·洛奇就职于英国广播公司。	肯·洛奇就职于	英国广播公司	['BBC', '英國廣播有限公司', '英國廣播公司', 'BBC']	{'英国广播公司': 25}	0	-62.9375	0	{'英国广播公司': 18}	0	-63.96875	0
36	Q7519325	Simon McCoy	西门·麦考伊	Q9531	British Broadcasting Corporation	英国广播公司	Simon McCoy works for British Broadcasting Corporation .	西门·麦考伊适用于英国广播公司。	西门·麦考伊适用于	西蒙·麦考伊就职于英国广播公司。	西蒙·麦考伊就职于	英国广播公司	['BBC', '英國廣播有限公司', '英國廣播公司', 'BBC']	{'英国广播公司': 23}	0	-64.75	0	{'英国广播公司': 14}	0	-55.0	0
37	Q49819	Charles Simonyi	查尔斯·西蒙尼	Q2283	Microsoft	微软	Charles Simonyi works for Microsoft .	查尔斯·西蒙尼适用于微软。	查尔斯·西蒙尼适用于	查尔斯·西蒙尼 (Charles Simonyi) 在微软工作。	查尔斯·西蒙尼 (Charles Simonyi) 在	微软	['Microsoft', '微软']	{'微软': 14}	0	-63.8125	0	{'微软': 11}	0	-57.53125	0
38	Q2047860	Roly Keating	罗伊·基廷	Q9531	British Broadcasting Corporation	英国广播公司	Roly Keating works for British Broadcasting Corporation .	罗伊·基廷适用于英国广播公司。	罗伊·基廷适用于	罗利·基廷 (Roly Keating) 就职于英国广播公司。	罗利·基廷 (Roly Keating) 就职于	英国广播公司	['BBC', '英國廣播有限公司', '英國廣播公司', 'BBC']	{'英国广播公司': 24}	0	-55.65625	0	{'英国广播公司': 1}	1	-63.375	1
39	Q182408	Glenda Jackson	格兰达·杰克逊	Q9531	British Broadcasting Corporation	英国广播公司	Glenda Jackson works for British Broadcasting Corporation .	格兰达·杰克逊适用于英国广播公司。	格兰达·杰克逊适用于	格伦达·杰克逊 (Glenda Jackson) 在英国广播公司工作。	格伦达·杰克逊 (Glenda Jackson) 在	英国广播公司	['BBC', '英國廣播有限公司', '英國廣播公司', 'BBC']	{'英国广播公司': 24}	0	-62.03125	0	{'英国广播公司': 4}	0	-54.84375	0
40	Q380865	David Frost	大卫·弗罗斯特	Q9531	British Broadcasting Corporation	英国广播公司	David Frost works for British Broadcasting Corporation .	大卫·弗罗斯特适用于英国广播公司。	大卫·弗罗斯特适用于	大卫·弗罗斯特 (David Frost) 就职于英国广播公司。	大卫·弗罗斯特 (David Frost) 就职于	英国广播公司	['BBC', '英國廣播有限公司', '英國廣播公司', 'BBC']	{'英国广播公司': 24}	0	-57.40625	0	{'英国广播公司': 4}	0	-63.75	0
41	Q1705010	Craig Mundie	克瑞格·蒙迪	Q2283	Microsoft	微软	Craig Mundie works for Microsoft .	克瑞格·蒙迪适用于微软。	克瑞格·蒙迪适用于	 Craig Mundie 在微软工作。	 Craig Mundie 在	微软	['Microsoft', '微软']	{'微软': 14}	0	-68.6875	0	{'微软': 9}	0	-45.6875	0
42	Q2514	Willy Brandt	维利·勃兰特	Q64	Berlin	柏林	Willy Brandt works for Berlin .	维利·勃兰特适用于柏林。	维利·勃兰特适用于	威利·勃兰特 (Willy Brandt) 在柏林工作。	威利·勃兰特 (Willy Brandt) 在	柏林	['Berlin', '柏林市', '柏林州']	{'柏林': 17}	0	-61.59375	0	{'柏林': 2}	0	-57.78125	1
43	Q1410391	Helen Boaden	海伦·博登	Q9531	British Broadcasting Corporation	英国广播公司	Helen Boaden works for British Broadcasting Corporation .	海伦·博登适用于英国广播公司。	海伦·博登适用于	海伦·博登在英国广播公司工作。	海伦·博登在	英国广播公司	['BBC', '英國廣播有限公司', '英國廣播公司', 'BBC']	{'英国广播公司': 25}	0	-54.8125	0	{'英国广播公司': 18}	0	-45.5625	0
44	Q14086	Marissa Mayer	梅丽莎·梅尔	Q37093	Yahoo	雅虎	Marissa Mayer works for Yahoo .	梅丽莎·梅尔适用于雅虎。	梅丽莎·梅尔适用于	玛丽莎·梅耶尔 (Marissa Mayer) 在雅虎工作。	玛丽莎·梅耶尔 (Marissa Mayer) 在	雅虎	['Yahoo!', '杰瑞戴夫互聯網導航', '雅虎!', '雅虎！', '雅虎公司', 'Yahoo! 雅虎']	{'雅虎': 18}	0	-60.8125	0	{'雅虎': 8}	0	-57.21875	0
45	Q13522504	Neil Nightingale	尼尔·南丁格尔	Q9531	British Broadcasting Corporation	英国广播公司	Neil Nightingale works for British Broadcasting Corporation .	尼尔·南丁格尔适用于英国广播公司。	尼尔·南丁格尔适用于	尼尔·南丁格尔 (Neil Nightingale) 就职于英国广播公司。	尼尔·南丁格尔 (Neil Nightingale) 就职于	英国广播公司	['BBC', '英國廣播有限公司', '英國廣播公司', 'BBC']	{'英国广播公司': 24}	0	-62.40625	0	{'英国广播公司': 18}	0	-75.75	0
46	Q822377	Bernard Cribbins	伯纳德·克理宾斯	Q9531	British Broadcasting Corporation	英国广播公司	Bernard Cribbins works for British Broadcasting Corporation .	伯纳德·克理宾斯适用于英国广播公司。	伯纳德·克理宾斯适用于	伯纳德·克里宾斯 (Bernard Cribbins) 就职于英国广播公司。	伯纳德·克里宾斯 (Bernard Cribbins) 就职于	英国广播公司	['BBC', '英國廣播有限公司', '英國廣播公司', 'BBC']	{'英国广播公司': 24}	0	-83.0	0	{'英国广播公司': 1}	1	-84.5625	1
47	Q110294	Jan Pieterszoon Sweelinck	扬·皮泰尔索恩·斯韦林克	Q727	Amsterdam	阿姆斯特丹	Jan Pieterszoon Sweelinck works for Amsterdam .	扬·皮泰尔索恩·斯韦林克适用于阿姆斯特丹。	扬·皮泰尔索恩·斯韦林克适用于	 Jan Pieterszoon Sweelinck 在阿姆斯特丹工作。	 Jan Pieterszoon Sweelinck 在	阿姆斯特丹	['Amsterdam', '荷京']	{'阿姆斯特丹': 17}	0	-113.1875	0	{'阿姆斯特丹': 7}	0	-56.6875	0
48	Q1351469	Eric Maschwitz	埃里克·马施维茨	Q9531	British Broadcasting Corporation	英国广播公司	Eric Maschwitz works for British Broadcasting Corporation .	埃里克·马施维茨适用于英国广播公司。	埃里克·马施维茨适用于	埃里克·马施维茨 (Eric Maschwitz) 就职于英国广播公司。	埃里克·马施维茨 (Eric Maschwitz) 就职于	英国广播公司	['BBC', '英國廣播有限公司', '英國廣播公司', 'BBC']	{'英国广播公司': 24}	0	-72.9375	0	{'英国广播公司': 9}	0	-75.625	0
51	Q194896	William Rees-Mogg	威廉·里斯-莫格	Q9531	British Broadcasting Corporation	英国广播公司	William Rees-Mogg works for British Broadcasting Corporation .	威廉·里斯-莫格适用于英国广播公司。	威廉·里斯-莫格适用于	威廉·里斯·莫格 (William Rees-Mogg) 就职于英国广播公司。	威廉·里斯·莫格 (William Rees-Mogg) 就职于	英国广播公司	['BBC', '英國廣播有限公司', '英國廣播公司', 'BBC']	{'英国广播公司': 23}	0	-70.3125	0	{'英国广播公司': 6}	0	-84.3125	0
52	Q628479	Terry Nation	泰利·莱逊	Q9531	British Broadcasting Corporation	英国广播公司	Terry Nation works for British Broadcasting Corporation .	泰利·莱逊适用于英国广播公司。	泰利·莱逊适用于	特里·内森 (Terry Nation) 就职于英国广播公司。	特里·内森 (Terry Nation) 就职于	英国广播公司	['BBC', '英國廣播有限公司', '英國廣播公司', 'BBC']	{'英国广播公司': 24}	0	-65.0	0	{'英国广播公司': 1}	1	-78.125	1
53	Q463229	Keith Olbermann	凯斯·欧尔柏曼	Q217776	ESPN	ESPN	Keith Olbermann works for ESPN .	凯斯·欧尔柏曼适用于ESPN。	凯斯·欧尔柏曼适用于	基思·奥尔伯曼 (Keith Olbermann) 在 ESPN 工作。	基思·奥尔伯曼 (Keith Olbermann) 在 	ESPN	['ESPN', '娛樂與運動節目網', '娛樂與體育節目電視網']	{'ESPN': 8}	0	-75.0	0	{'ESPN': 1}	1	-72.75	1
54	Q5693797	Heather Cox	希瑟·考克斯	Q217776	ESPN	ESPN	Heather Cox works for ESPN .	希瑟·考克斯适用于ESPN。	希瑟·考克斯适用于	希瑟·考克斯 (Heather Cox) 在 ESPN 工作。	希瑟·考克斯 (Heather Cox) 在 	ESPN	['ESPN', '娛樂與運動節目網', '娛樂與體育節目電視網']	{'ESPN': 8}	0	-59.78125	0	{'ESPN': 4}	0	-58.78125	0
56	Q271491	Greta Van Susteren	格雷塔·范·苏斯特伦	Q48340	CNN	有线电视新闻网	Greta Van Susteren works for CNN .	格雷塔·范·苏斯特伦适用于有线电视新闻网。	格雷塔·范·苏斯特伦适用于	格蕾塔·范·苏斯特伦 (Greta Van Susteren) 为美国有线电视新闻网 (CNN) 工作。	格蕾塔·范·苏斯特伦 (Greta Van Susteren) 为美国	有线电视新闻网	['CNN', '美国有线电视新闻网', '美國有線新聞網絡', '美国有线新闻网', '有線電視新聞網', '有線電視新聞網絡', 'CNN 新聞集團', 'CNN新聞集團']	{'有线电视新闻网': 46}	0	-82.75	0	{'有线电视新闻网': 9}	0	-83.375	0
57	Q7613608	Steve Phillips	史提夫·菲腊斯	Q217776	ESPN	ESPN	Steve Phillips works for ESPN .	史提夫·菲腊斯适用于ESPN。	史提夫·菲腊斯适用于	史蒂夫·菲利普斯 (Steve Phillips) 在 ESPN 工作。	史蒂夫·菲利普斯 (Steve Phillips) 在 	ESPN	['ESPN', '娛樂與運動節目網', '娛樂與體育節目電視網']	{'ESPN': 5}	0	-88.25	0	{'ESPN': 1}	1	-55.8125	1
59	Q92875	Gordon Bell	戈登·贝尔	Q2283	Microsoft	微软	Gordon Bell works for Microsoft .	戈登·贝尔适用于微软。	戈登·贝尔适用于	戈登贝尔在微软工作。	戈登贝尔在	微软	['Microsoft', '微软']	{'微软': 15}	0	-57.375	0	{'微软': 14}	0	-48.25	0
60	Q1288608	William S. Paley	威廉·佩利	Q43380	CBS	哥伦比亚广播公司	William S. Paley works for CBS .	威廉·佩利适用于哥伦比亚广播公司。	威廉·佩利适用于	威廉·S·佩利 (William S. Paley) 在哥伦比亚广播公司 (CBS) 工作。	威廉·S·佩利 (William S. Paley) 在	哥伦比亚广播公司	['CBS', '哥伦比亚广播公司', '美国哥伦比亚电视台', 'CBS']	{'哥伦比亚广播公司': 31}	0	-51.28125	0	{'哥伦比亚广播公司': 11}	0	-60.9375	0
61	Q92940	Tim Paterson	蒂姆·帕特森	Q2283	Microsoft	微软	Tim Paterson works for Microsoft .	蒂姆·帕特森适用于微软。	蒂姆·帕特森适用于	蒂姆·帕特森 (Tim Paterson) 在微软工作。	蒂姆·帕特森 (Tim Paterson) 在	微软	['Microsoft', '微软']	{'微软': 14}	0	-53.9375	0	{'微软': 6}	0	-46.9375	0
65	Q4758108	Andrew Neil	安德鲁·尼尔	Q9531	British Broadcasting Corporation	英国广播公司	Andrew Neil works for British Broadcasting Corporation .	安德鲁·尼尔适用于英国广播公司。	安德鲁·尼尔适用于	安德鲁·尼尔 (Andrew Neil) 在英国广播公司工作。	安德鲁·尼尔 (Andrew Neil) 在	英国广播公司	['BBC', '英國廣播有限公司', '英國廣播公司', 'BBC']	{'英国广播公司': 23}	0	-56.78125	0	{'英国广播公司': 3}	0	-54.1875	1
67	Q12382	Shigeru Miyamoto	宫本茂	Q8093	Nintendo	任天堂	Shigeru Miyamoto works for Nintendo .	宫本茂适用于任天堂。	宫本茂适用于	宫本茂为任天堂工作。	宫本茂为	任天堂	['Nintendo', 'Nintendo']	{'任天堂': 19}	0	-50.90625	0	{'任天堂': 14}	0	-44.40625	0
68	Q5528402	Gavyn Davies	加文·戴维斯	Q9531	British Broadcasting Corporation	英国广播公司	Gavyn Davies works for British Broadcasting Corporation .	加文·戴维斯适用于英国广播公司。	加文·戴维斯适用于	加文·戴维斯 (Gavyn Davies) 在英国广播公司工作。	加文·戴维斯 (Gavyn Davies) 在	英国广播公司	['BBC', '英國廣播有限公司', '英國廣播公司', 'BBC']	{'英国广播公司': 23}	0	-51.28125	0	{'英国广播公司': 5}	0	-57.96875	0
73	Q7152288	Paul Mayhew-Archer	保罗·梅休-阿彻	Q9531	British Broadcasting Corporation	英国广播公司	Paul Mayhew-Archer works for British Broadcasting Corporation .	保罗·梅休-阿彻适用于英国广播公司。	保罗·梅休-阿彻适用于	保罗·梅休-阿彻 (Paul Mayhew-Archer) 就职于英国广播公司。	保罗·梅休-阿彻 (Paul Mayhew-Archer) 就职于	英国广播公司	['BBC', '英國廣播有限公司', '英國廣播公司', 'BBC']	{'英国广播公司': 23}	0	-71.375	0	{'英国广播公司': 4}	0	-87.0	0
75	Q265852	Tim Cook	提摩西·唐纳德·库克	Q312	Apple Inc.	苹果公司	Tim Cook works for Apple Inc. .	提摩西·唐纳德·库克适用于苹果公司。	提摩西·唐纳德·库克适用于	蒂姆库克就职于苹果公司。	蒂姆库克就职于	苹果公司	['Apple', '蘋果', '苹果', '苹果公司', '蘋果電腦公司', 'Apple', '水果店', '苹果电子产品商贸（北京）有限公司']	{'苹果公司': 12}	0	-76.8125	0	{'苹果公司': 9}	0	-49.5	0
76	Q7348850	Robert Peston	罗伯特·佩斯顿	Q9531	British Broadcasting Corporation	英国广播公司	Robert Peston works for British Broadcasting Corporation .	罗伯特·佩斯顿适用于英国广播公司。	罗伯特·佩斯顿适用于	罗伯特·佩斯顿 (Robert Peston) 就职于英国广播公司。	罗伯特·佩斯顿 (Robert Peston) 就职于	英国广播公司	['BBC', '英國廣播有限公司', '英國廣播公司', 'BBC']	{'英国广播公司': 24}	0	-59.59375	0	{'英国广播公司': 2}	0	-64.25	1
77	Q19483764	Mal Young	马利·杨格	Q9531	British Broadcasting Corporation	英国广播公司	Mal Young works for British Broadcasting Corporation .	马利·杨格适用于英国广播公司。	马利·杨格适用于	马尔杨 (Mal Young) 在英国广播公司工作。	马尔杨 (Mal Young) 在	英国广播公司	['BBC', '英國廣播有限公司', '英國廣播公司', 'BBC']	{'英国广播公司': 24}	0	-62.4375	0	{'英国广播公司': 19}	0	-58.03125	0
78	Q646929	Armando Iannucci	阿曼多·伊安努奇	Q9531	British Broadcasting Corporation	英国广播公司	Armando Iannucci works for British Broadcasting Corporation .	阿曼多·伊安努奇适用于英国广播公司。	阿曼多·伊安努奇适用于	阿曼多·伊安努奇 (Armando Iannucci) 就职于英国广播公司。	阿曼多·伊安努奇 (Armando Iannucci) 就职于	英国广播公司	['BBC', '英國廣播有限公司', '英國廣播公司', 'BBC']	{'英国广播公司': 25}	0	-79.75	0	{'英国广播公司': 2}	0	-88.3125	1
79	Q5232463	David Coleman	大衞·科尔曼	Q9531	British Broadcasting Corporation	英国广播公司	David Coleman works for British Broadcasting Corporation .	大衞·科尔曼适用于英国广播公司。	大衞·科尔曼适用于	大卫·科尔曼 (David Coleman) 就职于英国广播公司。	大卫·科尔曼 (David Coleman) 就职于	英国广播公司	['BBC', '英國廣播有限公司', '英國廣播公司', 'BBC']	{'英国广播公司': 24}	0	-66.4375	0	{'英国广播公司': 15}	0	-53.96875	0
80	Q52680	Matthew Pinsent	马修·平森特	Q9531	British Broadcasting Corporation	英国广播公司	Matthew Pinsent works for British Broadcasting Corporation .	马修·平森特适用于英国广播公司。	马修·平森特适用于	马修·平森特 (Matthew Pinsent) 就职于英国广播公司。	马修·平森特 (Matthew Pinsent) 就职于	英国广播公司	['BBC', '英國廣播有限公司', '英國廣播公司', 'BBC']	{'英国广播公司': 24}	0	-70.125	0	{'英国广播公司': 2}	0	-77.6875	1
81	Q92600	Alexey Pajitnov	阿列克谢·帕基特诺夫	Q2283	Microsoft	微软	Alexey Pajitnov works for Microsoft .	阿列克谢·帕基特诺夫适用于微软。	阿列克谢·帕基特诺夫适用于	 Alexey Pajitnov 在微软工作。	 Alexey Pajitnov 在	微软	['Microsoft', '微软']	{'微软': 15}	0	-74.0625	0	{'微软': 12}	0	-46.28125	0
82	Q2608520	Jimmy Hill	吉米·希尔	Q9531	British Broadcasting Corporation	英国广播公司	Jimmy Hill works for British Broadcasting Corporation .	吉米·希尔适用于英国广播公司。	吉米·希尔适用于	吉米·希尔 (Jimmy Hill) 在英国广播公司工作。	吉米·希尔 (Jimmy Hill) 在	英国广播公司	['BBC', '英國廣播有限公司', '英國廣播公司', 'BBC']	{'英国广播公司': 23}	0	-59.21875	0	{'英国广播公司': 3}	0	-54.125	1
84	Q3244119	Leslie Grantham	莱斯利·格兰瑟姆	Q9531	British Broadcasting Corporation	英国广播公司	Leslie Grantham works for British Broadcasting Corporation .	莱斯利·格兰瑟姆适用于英国广播公司。	莱斯利·格兰瑟姆适用于	莱斯利·格兰瑟姆 (Leslie Grantham) 就职于英国广播公司。	莱斯利·格兰瑟姆 (Leslie Grantham) 就职于	英国广播公司	['BBC', '英國廣播有限公司', '英國廣播公司', 'BBC']	{'英国广播公司': 24}	0	-64.0	0	{'英国广播公司': 1}	1	-73.25	1
85	Q336162	Margaret Jay, Baroness Jay of Paddington	帕丁顿女男爵玛嘉烈·杰伊	Q9531	British Broadcasting Corporation	英国广播公司	Margaret Jay, Baroness Jay of Paddington works for British Broadcasting Corporation .	帕丁顿女男爵玛嘉烈·杰伊适用于英国广播公司。	帕丁顿女男爵玛嘉烈·杰伊适用于	帕丁顿男爵夫人玛格丽特·杰伊在英国广播公司工作。	帕丁顿男爵夫人玛格丽特·杰伊在	英国广播公司	['BBC', '英國廣播有限公司', '英國廣播公司', 'BBC']	{'英国广播公司': 24}	0	-117.4375	0	{'英国广播公司': 10}	0	-84.25	0
86	Q155914	Peter Simon Pallas	彼得·西蒙·帕拉斯	Q159	Russia	俄罗斯	Peter Simon Pallas works for Russia .	彼得·西蒙·帕拉斯适用于俄罗斯。	彼得·西蒙·帕拉斯适用于	彼得·西蒙·帕拉斯 (Peter Simon Pallas) 为俄罗斯工作。	彼得·西蒙·帕拉斯 (Peter Simon Pallas) 为	俄罗斯	['Russia', '俄羅斯', '俄国', '俄國']	{'俄罗斯': 13}	0	-72.625	0	{'俄罗斯': 1}	1	-69.0	1
87	Q24247	George Entwistle	乔治·恩特威斯尔	Q9531	British Broadcasting Corporation	英国广播公司	George Entwistle works for British Broadcasting Corporation .	乔治·恩特威斯尔适用于英国广播公司。	乔治·恩特威斯尔适用于	乔治·恩特威斯尔 (George Entwistle) 就职于英国广播公司。	乔治·恩特威斯尔 (George Entwistle) 就职于	英国广播公司	['BBC', '英國廣播有限公司', '英國廣播公司', 'BBC']	{'英国广播公司': 24}	0	-75.625	0	{'英国广播公司': 1}	1	-81.125	1
89	Q60992	Heinrich Daniel Ruhmkorff	海因里希·卢木考夫	Q90	Paris	巴黎	Heinrich Daniel Ruhmkorff works for Paris .	海因里希·卢木考夫适用于巴黎。	海因里希·卢木考夫适用于	海因里希·丹尼尔·鲁姆可夫 (Heinrich Daniel Ruhmkorff) 为巴黎工作。	海因里希·丹尼尔·鲁姆可夫 (Heinrich Daniel Ruhmkorff) 为	巴黎	['Paris', '巴黎市', '巴黎省']	{'巴黎': 20}	0	-81.1875	0	{'巴黎': 14}	0	-76.5625	0
91	Q877463	Hugh Greene	修·格林	Q9531	British Broadcasting Corporation	英国广播公司	Hugh Greene works for British Broadcasting Corporation .	修·格林适用于英国广播公司。	修·格林适用于	休·格林就职于英国广播公司。	休·格林就职于	英国广播公司	['BBC', '英國廣播有限公司', '英國廣播公司', 'BBC']	{'英国广播公司': 26}	0	-64.1875	0	{'英国广播公司': 15}	0	-60.125	0
92	Q7185804	Phillip Schofield	菲利普·斯科菲尔德	Q9531	British Broadcasting Corporation	英国广播公司	Phillip Schofield works for British Broadcasting Corporation .	菲利普·斯科菲尔德适用于英国广播公司。	菲利普·斯科菲尔德适用于	菲利普·斯科菲尔德就职于英国广播公司。	菲利普·斯科菲尔德就职于	英国广播公司	['BBC', '英國廣播有限公司', '英國廣播公司', 'BBC']	{'英国广播公司': 24}	0	-61.84375	0	{'英国广播公司': 14}	0	-61.65625	0
93	Q192912	Stephen Fry	史蒂芬·弗莱	Q9531	British Broadcasting Corporation	英国广播公司	Stephen Fry works for British Broadcasting Corporation .	史蒂芬·弗莱适用于英国广播公司。	史蒂芬·弗莱适用于	斯蒂芬·弗莱就职于英国广播公司。	斯蒂芬·弗莱就职于	英国广播公司	['BBC', '英國廣播有限公司', '英國廣播公司', 'BBC']	{'英国广播公司': 23}	0	-55.84375	0	{'英国广播公司': 17}	0	-50.34375	0
94	Q3040082	Jim Allchin	吉姆·阿尔琴	Q2283	Microsoft	微软	Jim Allchin works for Microsoft .	吉姆·阿尔琴适用于微软。	吉姆·阿尔琴适用于	 Jim Allchin 在微软工作。	 Jim Allchin 在	微软	['Microsoft', '微软']	{'微软': 14}	0	-72.75	0	{'微软': 6}	0	-42.84375	0
95	Q7448470	Selina Scott	赛琳娜·斯科特	Q9531	British Broadcasting Corporation	英国广播公司	Selina Scott works for British Broadcasting Corporation .	赛琳娜·斯科特适用于英国广播公司。	赛琳娜·斯科特适用于	塞琳娜·斯科特 (Selina Scott) 在英国广播公司工作。	塞琳娜·斯科特 (Selina Scott) 在	英国广播公司	['BBC', '英國廣播有限公司', '英國廣播公司', 'BBC']	{'英国广播公司': 24}	0	-58.1875	0	{'英国广播公司': 4}	0	-56.3125	0
96	Q7027845	Nick Ross	尼克·罗斯	Q9531	British Broadcasting Corporation	英国广播公司	Nick Ross works for British Broadcasting Corporation .	尼克·罗斯适用于英国广播公司。	尼克·罗斯适用于	尼克·罗斯 (Nick Ross) 在英国广播公司工作。	尼克·罗斯 (Nick Ross) 在	英国广播公司	['BBC', '英國廣播有限公司', '英國廣播公司', 'BBC']	{'英国广播公司': 21}	0	-54.15625	0	{'英国广播公司': 3}	0	-49.5	1
97	Q320851	John Reith, 1st Baron Reith	约翰·赖特	Q9531	British Broadcasting Corporation	英国广播公司	John Reith, 1st Baron Reith works for British Broadcasting Corporation .	约翰·赖特适用于英国广播公司。	约翰·赖特适用于	第一代里斯男爵约翰·里斯就职于英国广播公司。	第一代里斯男爵约翰·里斯就职于	英国广播公司	['BBC', '英國廣播有限公司', '英國廣播公司', 'BBC']	{'英国广播公司': 23}	0	-43.625	0	{'英国广播公司': 7}	0	-86.75	0
102	Q356719	Carlos Ghosn	卡洛斯·戈恩	Q6686	Renault	雷诺	Carlos Ghosn works for Renault .	卡洛斯·戈恩适用于雷诺。	卡洛斯·戈恩适用于	卡洛斯·戈恩为雷诺工作。	卡洛斯·戈恩为	雷诺	['Renault']	{'雷诺': 13}	0	-62.40625	0	{'雷诺': 11}	0	-54.125	0
104	Q1849861	Aled Jones	阿雷德·琼斯	Q9531	British Broadcasting Corporation	英国广播公司	Aled Jones works for British Broadcasting Corporation .	阿雷德·琼斯适用于英国广播公司。	阿雷德·琼斯适用于	阿莱德·琼斯 (Aled Jones) 在英国广播公司工作。	阿莱德·琼斯 (Aled Jones) 在	英国广播公司	['BBC', '英國廣播有限公司', '英國廣播公司', 'BBC']	{'英国广播公司': 25}	0	-62.0	0	{'英国广播公司': 3}	0	-54.65625	1
105	Q3395525	Jo Brand	乔·布兰德	Q9531	British Broadcasting Corporation	英国广播公司	Jo Brand works for British Broadcasting Corporation .	乔·布兰德适用于英国广播公司。	乔·布兰德适用于	乔·布兰德 (Jo Brand) 在英国广播公司工作。	乔·布兰德 (Jo Brand) 在	英国广播公司	['BBC', '英國廣播有限公司', '英國廣播公司', 'BBC']	{'英国广播公司': 24}	0	-51.3125	0	{'英国广播公司': 1}	1	-44.875	1
106	Q507574	Scott Mills	斯科特·米尔斯	Q9531	British Broadcasting Corporation	英国广播公司	Scott Mills works for British Broadcasting Corporation .	斯科特·米尔斯适用于英国广播公司。	斯科特·米尔斯适用于	斯科特·米尔斯 (Scott Mills) 就职于英国广播公司。	斯科特·米尔斯 (Scott Mills) 就职于	英国广播公司	['BBC', '英國廣播有限公司', '英國廣播公司', 'BBC']	{'英国广播公司': 24}	0	-59.8125	0	{'英国广播公司': 1}	1	-73.0625	1
108	Q5236967	David M. Thompson	大卫·汤普森	Q9531	British Broadcasting Corporation	英国广播公司	David M. Thompson works for British Broadcasting Corporation .	大卫·汤普森适用于英国广播公司。	大卫·汤普森适用于	大卫·M·汤普森 (David M. Thompson) 就职于英国广播公司。	大卫·M·汤普森 (David M. Thompson) 就职于	英国广播公司	['BBC', '英國廣播有限公司', '英國廣播公司', 'BBC']	{'英国广播公司': 24}	0	-52.09375	0	{'英国广播公司': 21}	0	-61.34375	0
109	Q6152851	Jane Tranter	简·特兰特	Q9531	British Broadcasting Corporation	英国广播公司	Jane Tranter works for British Broadcasting Corporation .	简·特兰特适用于英国广播公司。	简·特兰特适用于	简·特兰特 (Jane Tranter) 就职于英国广播公司。	简·特兰特 (Jane Tranter) 就职于	英国广播公司	['BBC', '英國廣播有限公司', '英國廣播公司', 'BBC']	{'英国广播公司': 25}	0	-53.9375	0	{'英国广播公司': 3}	0	-60.5625	1
111	Q3507045	Ian Hickson	伊恩·希克森	Q95	Google	Google	Ian Hickson works for Google .	伊恩·希克森适用于Google。	伊恩·希克森适用于	伊恩·希克森 (Ian Hickson) 在 Google 工作。	伊恩·希克森 (Ian Hickson) 在 	Google	['Google', '谷歌', '科高']	{'Google': 1}	1	-62.90625	1	{'Google': 2}	0	-56.9375	1
112	Q1282562	Mark Kermode	马克·克默德	Q9531	British Broadcasting Corporation	英国广播公司	Mark Kermode works for British Broadcasting Corporation .	马克·克默德适用于英国广播公司。	马克·克默德适用于	马克·克莫德 (Mark Kermode) 就职于英国广播公司。	马克·克莫德 (Mark Kermode) 就职于	英国广播公司	['BBC', '英國廣播有限公司', '英國廣播公司', 'BBC']	{'英国广播公司': 23}	0	-68.0625	0	{'英国广播公司': 1}	1	-70.6875	1
113	Q42	Douglas Adams	道格拉斯·亚当斯	Q9531	British Broadcasting Corporation	英国广播公司	Douglas Adams works for British Broadcasting Corporation .	道格拉斯·亚当斯适用于英国广播公司。	道格拉斯·亚当斯适用于	道格拉斯·亚当斯就职于英国广播公司。	道格拉斯·亚当斯就职于	英国广播公司	['BBC', '英國廣播有限公司', '英國廣播公司', 'BBC']	{'英国广播公司': 19}	0	-52.84375	0	{'英国广播公司': 17}	0	-54.625	0
114	Q92637	Ray Ozzie	雷·奥兹	Q2283	Microsoft	微软	Ray Ozzie works for Microsoft .	雷·奥兹适用于微软。	雷·奥兹适用于	 Ray Ozzie 在微软工作。	 Ray Ozzie 在	微软	['Microsoft', '微软']	{'微软': 14}	0	-56.9375	0	{'微软': 8}	0	-40.3125	0
115	Q658774	Mike Harrington	麦克·哈灵顿	Q2283	Microsoft	微软	Mike Harrington works for Microsoft .	麦克·哈灵顿适用于微软。	麦克·哈灵顿适用于	迈克·哈林顿 (Mike Harrington) 在微软工作。	迈克·哈林顿 (Mike Harrington) 在	微软	['Microsoft', '微软']	{'微软': 14}	0	-57.625	0	{'微软': 12}	0	-59.875	0
117	Q6140302	James Naughtie	詹姆斯·诺迪	Q9531	British Broadcasting Corporation	英国广播公司	James Naughtie works for British Broadcasting Corporation .	詹姆斯·诺迪适用于英国广播公司。	詹姆斯·诺迪适用于	詹姆斯·诺蒂 (James Naughtie) 就职于英国广播公司。	詹姆斯·诺蒂 (James Naughtie) 就职于	英国广播公司	['BBC', '英國廣播有限公司', '英國廣播公司', 'BBC']	{'英国广播公司': 24}	0	-55.0625	0	{'英国广播公司': 1}	1	-63.28125	1
118	Q7038133	Nina Tassler	妮娜·塔斯勒	Q43380	CBS	哥伦比亚广播公司	Nina Tassler works for CBS .	妮娜·塔斯勒适用于哥伦比亚广播公司。	妮娜·塔斯勒适用于	妮娜·塔斯勒 (Nina Tassler) 在哥伦比亚广播公司 (CBS) 工作。	妮娜·塔斯勒 (Nina Tassler) 在	哥伦比亚广播公司	['CBS', '哥伦比亚广播公司', '美国哥伦比亚电视台', 'CBS']	{'哥伦比亚广播公司': 34}	0	-71.8125	0	{'哥伦比亚广播公司': 3}	0	-67.8125	1
119	Q1148995	Paul Otellini	保罗·欧德宁	Q248	Intel	英特尔	Paul Otellini works for Intel .	保罗·欧德宁适用于英特尔。	保罗·欧德宁适用于	保罗·欧德宁 (Paul Otellini) 在英特尔工作。	保罗·欧德宁 (Paul Otellini) 在	英特尔	['Intel', '英特爾', '集成電子公司', '英特尔（中国）有限公司', '英特尔公司', '英特爾公司']	{'英特尔': 20}	0	-65.1875	0	{'英特尔': 12}	0	-65.9375	0
120	Q1174689	David Hatch	大卫·赫氏	Q9531	British Broadcasting Corporation	英国广播公司	David Hatch works for British Broadcasting Corporation .	大卫·赫氏适用于英国广播公司。	大卫·赫氏适用于	大卫·哈奇 (David Hatch) 就职于英国广播公司。	大卫·哈奇 (David Hatch) 就职于	英国广播公司	['BBC', '英國廣播有限公司', '英國廣播公司', 'BBC']	{'英国广播公司': 24}	0	-54.53125	0	{'英国广播公司': 8}	0	-59.53125	0
121	Q92989	Jim Blinn	吉姆·布林	Q2283	Microsoft	微软	Jim Blinn works for Microsoft .	吉姆·布林适用于微软。	吉姆·布林适用于	吉姆·布林 (Jim Blinn) 在微软工作。	吉姆·布林 (Jim Blinn) 在	微软	['Microsoft', '微软']	{'微软': 14}	0	-56.9375	0	{'微软': 8}	0	-55.5	0
122	Q5373001	Emma Willis	艾玛·威利斯	Q9531	British Broadcasting Corporation	英国广播公司	Emma Willis works for British Broadcasting Corporation .	艾玛·威利斯适用于英国广播公司。	艾玛·威利斯适用于	艾玛威利斯 (Emma Willis) 在英国广播公司工作。	艾玛威利斯 (Emma Willis) 在	英国广播公司	['BBC', '英國廣播有限公司', '英國廣播公司', 'BBC']	{'英国广播公司': 23}	0	-58.90625	0	{'英国广播公司': 3}	0	-65.8125	1
123	Q5528132	Gavin Esler	盖文·艾斯勒	Q9531	British Broadcasting Corporation	英国广播公司	Gavin Esler works for British Broadcasting Corporation .	盖文·艾斯勒适用于英国广播公司。	盖文·艾斯勒适用于	加文·埃斯勒 (Gavin Esler) 就职于英国广播公司。	加文·埃斯勒 (Gavin Esler) 就职于	英国广播公司	['BBC', '英國廣播有限公司', '英國廣播公司', 'BBC']	{'英国广播公司': 24}	0	-71.25	0	{'英国广播公司': 2}	0	-71.25	1
124	Q1520078	Michael Grade	迈克尔·格雷德	Q9531	British Broadcasting Corporation	英国广播公司	Michael Grade works for British Broadcasting Corporation .	迈克尔·格雷德适用于英国广播公司。	迈克尔·格雷德适用于	迈克尔·格雷德 (Michael Grade) 在英国广播公司工作。	迈克尔·格雷德 (Michael Grade) 在	英国广播公司	['BBC', '英國廣播有限公司', '英國廣播公司', 'BBC']	{'英国广播公司': 23}	0	-61.90625	0	{'英国广播公司': 4}	0	-57.5	0
125	Q14946733	Nina Easton	尼娜·伊斯顿	Q372989	Fortune	财富	Nina Easton works for Fortune .	尼娜·伊斯顿适用于财富。	尼娜·伊斯顿适用于	妮娜·伊斯顿 (Nina Easton) 在《财富》杂志工作。	妮娜·伊斯顿 (Nina Easton) 在《	财富	['Fortune', '财富']	{'财富': 12}	0	-68.6875	0	{'财富': 5}	0	-67.9375	0
126	Q30942	Guido van Rossum	吉多·范罗苏姆	Q95	Google	Google	Guido van Rossum works for Google .	吉多·范罗苏姆适用于Google。	吉多·范罗苏姆适用于	 Guido van Rossum 在 Google 工作。	 Guido van Rossum 在 	Google	['Google', '谷歌', '科高']	{'Google': 1}	1	-74.625	1	{'Google': 1}	1	-42.375	1
127	Q772224	John Howard Davies	约翰·霍瓦德·戴维斯	Q9531	British Broadcasting Corporation	英国广播公司	John Howard Davies works for British Broadcasting Corporation .	约翰·霍瓦德·戴维斯适用于英国广播公司。	约翰·霍瓦德·戴维斯适用于	约翰·霍华德·戴维斯就职于英国广播公司。	约翰·霍华德·戴维斯就职于	英国广播公司	['BBC', '英國廣播有限公司', '英國廣播公司', 'BBC']	{'英国广播公司': 23}	0	-66.0625	0	{'英国广播公司': 11}	0	-51.0625	0
128	Q6776602	Martin Sixsmith	马丁·思科史密斯	Q9531	British Broadcasting Corporation	英国广播公司	Martin Sixsmith works for British Broadcasting Corporation .	马丁·思科史密斯适用于英国广播公司。	马丁·思科史密斯适用于	马丁·西克史密斯 (Martin Sixsmith) 就职于英国广播公司。	马丁·西克史密斯 (Martin Sixsmith) 就职于	英国广播公司	['BBC', '英國廣播有限公司', '英國廣播公司', 'BBC']	{'英国广播公司': 24}	0	-68.8125	0	{'英国广播公司': 1}	1	-79.5625	1
129	Q557305	Phil Knight	菲尔·奈特	Q483915	Nike	耐克	Phil Knight works for Nike .	菲尔·奈特适用于耐克。	菲尔·奈特适用于	菲尔·奈特 (Phil Knight) 为耐克工作。	菲尔·奈特 (Phil Knight) 为	耐克	['Nike', 'Nike', '耐吉']	{'耐克': 22}	0	-58.8125	0	{'耐克': 12}	0	-62.0	0
130	Q5126116	Clare Balding	克莱尔·鲍尔汀	Q9531	British Broadcasting Corporation	英国广播公司	Clare Balding works for British Broadcasting Corporation .	克莱尔·鲍尔汀适用于英国广播公司。	克莱尔·鲍尔汀适用于	克莱尔·鲍尔丁 (Clare Balding) 就职于英国广播公司。	克莱尔·鲍尔丁 (Clare Balding) 就职于	英国广播公司	['BBC', '英國廣播有限公司', '英國廣播公司', 'BBC']	{'英国广播公司': 25}	0	-62.15625	0	{'英国广播公司': 1}	1	-74.0	1
131	Q2434645	Vincent Connare	文生·康奈尔	Q2283	Microsoft	微软	Vincent Connare works for Microsoft .	文生·康奈尔适用于微软。	文生·康奈尔适用于	 Vincent Connare 在微软工作。	 Vincent Connare 在	微软	['Microsoft', '微软']	{'微软': 14}	0	-66.1875	0	{'微软': 11}	0	-44.25	0
132	Q263951	Mark Lawrenson	马克·罗兰逊	Q9531	British Broadcasting Corporation	英国广播公司	Mark Lawrenson works for British Broadcasting Corporation .	马克·罗兰逊适用于英国广播公司。	马克·罗兰逊适用于	马克·劳伦森就职于英国广播公司。	马克·劳伦森就职于	英国广播公司	['BBC', '英國廣播有限公司', '英國廣播公司', 'BBC']	{'英国广播公司': 23}	0	-58.5	0	{'英国广播公司': 15}	0	-54.21875	0
135	Q173175	Eddie Jordan	埃迪·乔丹	Q9531	British Broadcasting Corporation	英国广播公司	Eddie Jordan works for British Broadcasting Corporation .	埃迪·乔丹适用于英国广播公司。	埃迪·乔丹适用于	埃迪·乔丹就职于英国广播公司。	埃迪·乔丹就职于	英国广播公司	['BBC', '英國廣播有限公司', '英國廣播公司', 'BBC']	{'英国广播公司': 25}	0	-59.28125	0	{'英国广播公司': 17}	0	-59.78125	0
139	Q92807	Scott Forstall	斯科特·福斯特尔	Q312	Apple Inc.	苹果公司	Scott Forstall works for Apple Inc. .	斯科特·福斯特尔适用于苹果公司。	斯科特·福斯特尔适用于	斯科特·福斯托尔 (Scott Forstall) 在苹果公司工作。	斯科特·福斯托尔 (Scott Forstall) 在	苹果公司	['Apple', '蘋果', '苹果', '苹果公司', '蘋果電腦公司', 'Apple', '水果店', '苹果电子产品商贸（北京）有限公司']	{'苹果公司': 12}	0	-61.125	0	{'苹果公司': 1}	1	-65.6875	1
140	Q350165	Simon Brett	西门·布雷特	Q9531	British Broadcasting Corporation	英国广播公司	Simon Brett works for British Broadcasting Corporation .	西门·布雷特适用于英国广播公司。	西门·布雷特适用于	西蒙·布雷特 (Simon Brett) 就职于英国广播公司。	西蒙·布雷特 (Simon Brett) 就职于	英国广播公司	['BBC', '英國廣播有限公司', '英國廣播公司', 'BBC']	{'英国广播公司': 23}	0	-58.78125	0	{'英国广播公司': 2}	0	-54.375	1
142	Q6787022	Mathew Horne	马修·霍恩	Q9531	British Broadcasting Corporation	英国广播公司	Mathew Horne works for British Broadcasting Corporation .	马修·霍恩适用于英国广播公司。	马修·霍恩适用于	马修·霍恩 (Mathew Horne) 就职于英国广播公司。	马修·霍恩 (Mathew Horne) 就职于	英国广播公司	['BBC', '英國廣播有限公司', '英國廣播公司', 'BBC']	{'英国广播公司': 24}	0	-59.4375	0	{'英国广播公司': 1}	1	-66.0625	1
143	Q595257	Kate Adie	凯特·阿迪	Q9531	British Broadcasting Corporation	英国广播公司	Kate Adie works for British Broadcasting Corporation .	凯特·阿迪适用于英国广播公司。	凯特·阿迪适用于	凯特·阿迪 (Kate Adie) 在英国广播公司工作。	凯特·阿迪 (Kate Adie) 在	英国广播公司	['BBC', '英國廣播有限公司', '英國廣播公司', 'BBC']	{'英国广播公司': 25}	0	-57.3125	0	{'英国广播公司': 4}	0	-53.46875	0
144	Q5263489	Des Lynam	迪斯·利纳姆	Q9531	British Broadcasting Corporation	英国广播公司	Des Lynam works for British Broadcasting Corporation .	迪斯·利纳姆适用于英国广播公司。	迪斯·利纳姆适用于	德斯莱纳姆 (Des Lynam) 就职于英国广播公司。	德斯莱纳姆 (Des Lynam) 就职于	英国广播公司	['BBC', '英國廣播有限公司', '英國廣播公司', 'BBC']	{'英国广播公司': 26}	0	-66.375	0	{'英国广播公司': 2}	0	-73.125	1
146	Q336520	Alan Sugar	阿伦·苏加	Q9531	British Broadcasting Corporation	英国广播公司	Alan Sugar works for British Broadcasting Corporation .	阿伦·苏加适用于英国广播公司。	阿伦·苏加适用于	艾伦·舒格 (Alan Sugar) 就职于英国广播公司。	艾伦·舒格 (Alan Sugar) 就职于	英国广播公司	['BBC', '英國廣播有限公司', '英國廣播公司', 'BBC']	{'英国广播公司': 24}	0	-72.375	0	{'英国广播公司': 4}	0	-63.15625	0
148	Q5486856	Frank Gillard	弗兰克·吉拉德	Q9531	British Broadcasting Corporation	英国广播公司	Frank Gillard works for British Broadcasting Corporation .	弗兰克·吉拉德适用于英国广播公司。	弗兰克·吉拉德适用于	弗兰克·吉拉德就职于英国广播公司。	弗兰克·吉拉德就职于	英国广播公司	['BBC', '英國廣播有限公司', '英國廣播公司', 'BBC']	{'英国广播公司': 25}	0	-62.65625	0	{'英国广播公司': 18}	0	-60.15625	0
149	Q6490535	Larry Hryb	拉里·赫伯	Q2283	Microsoft	微软	Larry Hryb works for Microsoft .	拉里·赫伯适用于微软。	拉里·赫伯适用于	 Larry Hryb 在微软工作。	 Larry Hryb 在	微软	['Microsoft', '微软']	{'微软': 14}	0	-66.25	0	{'微软': 8}	0	-39.09375	0
150	Q3400803	Jon Ronson	强·朗森	Q9531	British Broadcasting Corporation	英国广播公司	Jon Ronson works for British Broadcasting Corporation .	强·朗森适用于英国广播公司。	强·朗森适用于	乔恩·罗森 (Jon Ronson) 就职于英国广播公司。	乔恩·罗森 (Jon Ronson) 就职于	英国广播公司	['BBC', '英國廣播有限公司', '英國廣播公司', 'BBC']	{'英国广播公司': 25}	0	-60.5625	0	{'英国广播公司': 2}	0	-64.375	1
151	Q517764	Rob Pike	罗勃·派克	Q95	Google	Google	Rob Pike works for Google .	罗勃·派克适用于Google。	罗勃·派克适用于	 Rob Pike 在 Google 工作。	 Rob Pike 在 	Google	['Google', '谷歌', '科高']	{'Google': 1}	1	-62.15625	1	{'Google': 1}	1	-42.375	1
152	Q5334827	Ed Fries	艾德·弗莱斯	Q2283	Microsoft	微软	Ed Fries works for Microsoft .	艾德·弗莱斯适用于微软。	艾德·弗莱斯适用于	 Ed Fries 在微软工作。	 Ed Fries 在	微软	['Microsoft', '微软']	{'微软': 14}	0	-68.75	0	{'微软': 1}	1	-42.59375	1
153	Q4705713	Alain de Cadenet	阿兰·德·卡德内特	Q217776	ESPN	ESPN	Alain de Cadenet works for ESPN .	阿兰·德·卡德内特适用于ESPN。	阿兰·德·卡德内特适用于	 Alain de Cadenet 在 ESPN 工作。	 Alain de Cadenet 在 	ESPN	['ESPN', '娛樂與運動節目網', '娛樂與體育節目電視網']	{'ESPN': 8}	0	-70.5	0	{'ESPN': 4}	0	-53.4375	0
155	Q92740	Jef Raskin	杰夫·拉斯金	Q312	Apple Inc.	苹果公司	Jef Raskin works for Apple Inc. .	杰夫·拉斯金适用于苹果公司。	杰夫·拉斯金适用于	杰夫·拉斯金 (Jef Raskin) 在苹果公司工作。	杰夫·拉斯金 (Jef Raskin) 在	苹果公司	['Apple', '蘋果', '苹果', '苹果公司', '蘋果電腦公司', 'Apple', '水果店', '苹果电子产品商贸（北京）有限公司']	{'苹果公司': 12}	0	-62.53125	0	{'苹果公司': 2}	0	-65.0	1
156	Q504726	Dennis Taylor	丹尼斯·泰勒	Q9531	British Broadcasting Corporation	英国广播公司	Dennis Taylor works for British Broadcasting Corporation .	丹尼斯·泰勒适用于英国广播公司。	丹尼斯·泰勒适用于	丹尼斯·泰勒就职于英国广播公司。	丹尼斯·泰勒就职于	英国广播公司	['BBC', '英國廣播有限公司', '英國廣播公司', 'BBC']	{'英国广播公司': 24}	0	-56.9375	0	{'英国广播公司': 15}	0	-56.21875	0
157	Q333525	Michael Portillo	迈克·波蒂略	Q9531	British Broadcasting Corporation	英国广播公司	Michael Portillo works for British Broadcasting Corporation .	迈克·波蒂略适用于英国广播公司。	迈克·波蒂略适用于	迈克尔·波蒂略 (Michael Portillo) 就职于英国广播公司。	迈克尔·波蒂略 (Michael Portillo) 就职于	英国广播公司	['BBC', '英國廣播有限公司', '英國廣播公司', 'BBC']	{'英国广播公司': 24}	0	-65.375	0	{'英国广播公司': 3}	0	-70.375	1
158	Q47778	Gary Lineker	加里·莱因克尔	Q9531	British Broadcasting Corporation	英国广播公司	Gary Lineker works for British Broadcasting Corporation .	加里·莱因克尔适用于英国广播公司。	加里·莱因克尔适用于	加里·莱因克尔 (Gary Lineker) 就职于英国广播公司。	加里·莱因克尔 (Gary Lineker) 就职于	英国广播公司	['BBC', '英國廣播有限公司', '英國廣播公司', 'BBC']	{'英国广播公司': 24}	0	-72.375	0	{'英国广播公司': 8}	0	-83.75	0
159	Q702921	Chris Bangle	克里斯·班格勒	Q27597	Fiat	菲亚特	Chris Bangle works for Fiat .	克里斯·班格勒适用于菲亚特。	克里斯·班格勒适用于	克里斯·班格尔 (Chris Bangle) 在菲亚特工作。	克里斯·班格尔 (Chris Bangle) 在	菲亚特	['Fiat', '飛雅特', '菲亚特汽车', '飛雅特汽車']	{'菲亚特': 23}	0	-63.34375	0	{'菲亚特': 19}	0	-54.71875	0
160	Q2656696	Verity Lambert	维拉蒂·兰伯特	Q9531	British Broadcasting Corporation	英国广播公司	Verity Lambert works for British Broadcasting Corporation .	维拉蒂·兰伯特适用于英国广播公司。	维拉蒂·兰伯特适用于	 Verity Lambert 在英国广播公司工作。	 Verity Lambert 在	英国广播公司	['BBC', '英國廣播有限公司', '英國廣播公司', 'BBC']	{'英国广播公司': 26}	0	-65.5	0	{'英国广播公司': 10}	0	-47.125	0
161	Q356719	Carlos Ghosn	卡洛斯·戈恩	Q20165	Nissan	日产汽车	Carlos Ghosn works for Nissan .	卡洛斯·戈恩适用于日产汽车。	卡洛斯·戈恩适用于	卡洛斯·戈恩在日产汽车公司工作。	卡洛斯·戈恩在	日产汽车	['Nissan Motor Co. Ltd.', '日產', '尼桑', '日产汽车', '日产']	{'日产汽车': 29}	0	-62.40625	0	{'日产汽车': 36}	0	-50.375	0
162	Q491536	Dennis Hwang	黄正穆	Q95	Google	Google	Dennis Hwang works for Google .	黄正穆适用于Google。	黄正穆适用于	 Dennis Hwang 在 Google 工作。	 Dennis Hwang 在 	Google	['Google', '谷歌', '科高']	{'Google': 1}	1	-63.59375	1	{'Google': 1}	1	-45.3125	1
163	Q5513101	Shinichiro Sakurai	樱井真一郎	Q20165	Nissan	日产汽车	Shinichiro Sakurai works for Nissan .	樱井真一郎适用于日产汽车。	樱井真一郎适用于	樱井信一郎 (Shinichiro Sakurai) 在日产汽车公司工作。	樱井信一郎 (Shinichiro Sakurai) 在	日产汽车	['Nissan Motor Co. Ltd.', '日產', '尼桑', '日产汽车', '日产']	{'日产汽车': 25}	0	-68.3125	0	{'日产汽车': 30}	0	-66.875	0
164	Q1388488	Noel Edmonds	诺尔·爱德蒙斯	Q9531	British Broadcasting Corporation	英国广播公司	Noel Edmonds works for British Broadcasting Corporation .	诺尔·爱德蒙斯适用于英国广播公司。	诺尔·爱德蒙斯适用于	诺埃尔·埃德蒙兹 (Noel Edmonds) 在英国广播公司工作。	诺埃尔·埃德蒙兹 (Noel Edmonds) 在	英国广播公司	['BBC', '英國廣播有限公司', '英國廣播公司', 'BBC']	{'英国广播公司': 24}	0	-68.125	0	{'英国广播公司': 2}	0	-59.1875	1
165	Q92879	Tony Fadell	托尼·法戴尔	Q312	Apple Inc.	苹果公司	Tony Fadell works for Apple Inc. .	托尼·法戴尔适用于苹果公司。	托尼·法戴尔适用于	托尼·法德尔 (Tony Fadell) 就职于苹果公司。	托尼·法德尔 (Tony Fadell) 就职于	苹果公司	['Apple', '蘋果', '苹果', '苹果公司', '蘋果電腦公司', 'Apple', '水果店', '苹果电子产品商贸（北京）有限公司']	{'苹果公司': 12}	0	-58.625	0	{'苹果公司': 1}	1	-70.25	1
166	Q1086204	Robert Scoble	罗伯特·斯考伯	Q2283	Microsoft	微软	Robert Scoble works for Microsoft .	罗伯特·斯考伯适用于微软。	罗伯特·斯考伯适用于	 Robert Scoble 在微软工作。	 Robert Scoble 在	微软	['Microsoft', '微软']	{'微软': 14}	0	-68.1875	0	{'微软': 1}	1	-41.78125	1
167	Q1280214	Sydney Newman	雪梨·纽曼	Q9531	British Broadcasting Corporation	英国广播公司	Sydney Newman works for British Broadcasting Corporation .	雪梨·纽曼适用于英国广播公司。	雪梨·纽曼适用于	悉尼纽曼就职于英国广播公司。	悉尼纽曼就职于	英国广播公司	['BBC', '英國廣播有限公司', '英國廣播公司', 'BBC']	{'英国广播公司': 25}	0	-60.6875	0	{'英国广播公司': 14}	0	-66.6875	0
168	Q3161173	Ian Trethowan	伊恩·崔斯欧文	Q9531	British Broadcasting Corporation	英国广播公司	Ian Trethowan works for British Broadcasting Corporation .	伊恩·崔斯欧文适用于英国广播公司。	伊恩·崔斯欧文适用于	伊恩·特雷索万 (Ian Trethowan) 就职于英国广播公司。	伊恩·特雷索万 (Ian Trethowan) 就职于	英国广播公司	['BBC', '英國廣播有限公司', '英國廣播公司', 'BBC']	{'英国广播公司': 23}	0	-76.0625	0	{'英国广播公司': 2}	0	-74.625	1
169	Q6767475	Mark Easton	马克·伊斯顿	Q9531	British Broadcasting Corporation	英国广播公司	Mark Easton works for British Broadcasting Corporation .	马克·伊斯顿适用于英国广播公司。	马克·伊斯顿适用于	马克·伊斯顿就职于英国广播公司。	马克·伊斯顿就职于	英国广播公司	['BBC', '英國廣播有限公司', '英國廣播公司', 'BBC']	{'英国广播公司': 24}	0	-62.75	0	{'英国广播公司': 13}	0	-65.1875	0
171	Q16145650	Nick Pollard	尼克·波拉德	Q9531	British Broadcasting Corporation	英国广播公司	Nick Pollard works for British Broadcasting Corporation .	尼克·波拉德适用于英国广播公司。	尼克·波拉德适用于	尼克·波拉德 (Nick Pollard) 在英国广播公司工作。	尼克·波拉德 (Nick Pollard) 在	英国广播公司	['BBC', '英國廣播有限公司', '英國廣播公司', 'BBC']	{'英国广播公司': 24}	0	-61.0625	0	{'英国广播公司': 10}	0	-54.84375	0
172	Q29024	Esko Aho	埃斯科·阿霍	Q1418	Nokia	诺基亚	Esko Aho works for Nokia .	埃斯科·阿霍适用于诺基亚。	埃斯科·阿霍适用于	 Esko Aho 在诺基亚工作。	 Esko Aho 在	诺基亚	['Nokia']	{'诺基亚': 12}	0	-72.4375	0	{'诺基亚': 22}	0	-48.65625	0
173	Q5110936	Christine Bleakley	克里斯汀·布莱克利	Q9531	British Broadcasting Corporation	英国广播公司	Christine Bleakley works for British Broadcasting Corporation .	克里斯汀·布莱克利适用于英国广播公司。	克里斯汀·布莱克利适用于	克里斯汀·布莱克利 (Christine Bleakley) 就职于英国广播公司。	克里斯汀·布莱克利 (Christine Bleakley) 就职于	英国广播公司	['BBC', '英國廣播有限公司', '英國廣播公司', 'BBC']	{'英国广播公司': 24}	0	-66.625	0	{'英国广播公司': 4}	0	-67.3125	0
174	Q16209711	Meirion Jones	梅里安·琼斯	Q9531	British Broadcasting Corporation	英国广播公司	Meirion Jones works for British Broadcasting Corporation .	梅里安·琼斯适用于英国广播公司。	梅里安·琼斯适用于	Meirion Jones 在英国广播公司工作。	Meirion Jones 在	英国广播公司	['BBC', '英國廣播有限公司', '英國廣播公司', 'BBC']	{'英国广播公司': 24}	0	-59.84375	0	{'英国广播公司': 20}	0	-39.21875	0
175	Q2514	Willy Brandt	维利·勃兰特	Q183	Germany	德国	Willy Brandt works for Germany .	维利·勃兰特适用于德国。	维利·勃兰特适用于	威利·勃兰特 (Willy Brandt) 为德国工作。	威利·勃兰特 (Willy Brandt) 为	德国	['Germany', '德意志', '德意志联邦', '德意志联邦共和国', '德意志聯邦', '德意志聯邦共和國', '德国']	{'德国': 14}	0	-61.59375	0	{'德国': 3}	0	-59.46875	1
176	Q4886516	Ben Stephenson	班·史蒂芬森	Q9531	British Broadcasting Corporation	英国广播公司	Ben Stephenson works for British Broadcasting Corporation .	班·史蒂芬森适用于英国广播公司。	班·史蒂芬森适用于	本·斯蒂芬森 (Ben Stephenson) 就职于英国广播公司。	本·斯蒂芬森 (Ben Stephenson) 就职于	英国广播公司	['BBC', '英國廣播有限公司', '英國廣播公司', 'BBC']	{'英国广播公司': 24}	0	-63.75	0	{'英国广播公司': 9}	0	-70.25	0
177	Q1563108	Fred Silverman	你整我，我整你	Q43380	CBS	哥伦比亚广播公司	Fred Silverman works for CBS .	你整我，我整你适用于哥伦比亚广播公司。	你整我，我整你适用于	弗雷德·西尔弗曼 (Fred Silverman) 在哥伦比亚广播公司 (CBS) 工作。	弗雷德·西尔弗曼 (Fred Silverman) 在	哥伦比亚广播公司	['CBS', '哥伦比亚广播公司', '美国哥伦比亚电视台', 'CBS']	{'哥伦比亚广播公司': 38}	0	-76.375	0	{'哥伦比亚广播公司': 6}	0	-51.75	0
178	Q699605	Kai-Fu Lee	李开复	Q2283	Microsoft	微软	Kai-Fu Lee works for Microsoft .	李开复适用于微软。	李开复适用于	李开复在微软工作。	李开复在	微软	['Microsoft', '微软']	{'微软': 13}	0	-44.8125	0	{'微软': 15}	0	-36.25	0
179	Q16062403	Joe Belfiore	乔北峰	Q2283	Microsoft	微软	Joe Belfiore works for Microsoft .	乔北峰适用于微软。	乔北峰适用于	 Joe Belfiore 在微软工作。	 Joe Belfiore 在	微软	['Microsoft', '微软']	{'微软': 14}	0	-55.125	0	{'微软': 6}	0	-42.34375	0
181	Q2063799	Pauline Neville-Jones, Baroness Neville-Jones	内维尔-琼斯女男爵宝莲·内维尔-琼斯	Q9531	British Broadcasting Corporation	英国广播公司	Pauline Neville-Jones, Baroness Neville-Jones works for British Broadcasting Corporation .	内维尔-琼斯女男爵宝莲·内维尔-琼斯适用于英国广播公司。	内维尔-琼斯女男爵宝莲·内维尔-琼斯适用于	保琳·内维尔·琼斯，内维尔·琼斯男爵夫人，为英国广播公司工作。	保琳·内维尔·琼斯，内维尔·琼斯男爵夫人，为	英国广播公司	['BBC', '英國廣播有限公司', '英國廣播公司', 'BBC']	{'英国广播公司': 24}	0	-107.0	0	{'英国广播公司': 7}	0	-103.8125	0
183	Q298341	Raymond Kurzweil	雷蒙德·库茨魏尔	Q95	Google	Google	Raymond Kurzweil works for Google .	雷蒙德·库茨魏尔适用于Google。	雷蒙德·库茨魏尔适用于	雷蒙德·库兹韦尔 (Raymond Kurzweil) 在 Google 工作。	雷蒙德·库兹韦尔 (Raymond Kurzweil) 在 	Google	['Google', '谷歌', '科高']	{'Google': 1}	1	-62.65625	1	{'Google': 1}	1	-59.125	1
184	Q507469	Guy Kawasaki	川崎	Q956568	Forbes	福布斯	Guy Kawasaki works for Forbes .	川崎适用于福布斯。	川崎适用于	盖伊·川崎 (Guy Kawasaki) 为《福布斯》工作。	盖伊·川崎 (Guy Kawasaki) 为《	福布斯	['Forbes', '富比士']	{'福布斯': 27}	0	-46.5	0	{'福布斯': 16}	0	-79.0	0
186	Q6306749	Julia Somerville	朱莉娅·萨默维尔	Q9531	British Broadcasting Corporation	英国广播公司	Julia Somerville works for British Broadcasting Corporation .	朱莉娅·萨默维尔适用于英国广播公司。	朱莉娅·萨默维尔适用于	朱莉娅·萨默维尔 (Julia Somerville) 在英国广播公司工作。	朱莉娅·萨默维尔 (Julia Somerville) 在	英国广播公司	['BBC', '英國廣播有限公司', '英國廣播公司', 'BBC']	{'英国广播公司': 25}	0	-63.0625	0	{'英国广播公司': 9}	0	-57.125	0
189	Q5336269	Eddie Mair	艾迪·麦尔	Q9531	British Broadcasting Corporation	英国广播公司	Eddie Mair works for British Broadcasting Corporation .	艾迪·麦尔适用于英国广播公司。	艾迪·麦尔适用于	埃迪·梅尔 (Eddie Mair) 就职于英国广播公司。	埃迪·梅尔 (Eddie Mair) 就职于	英国广播公司	['BBC', '英國廣播有限公司', '英國廣播公司', 'BBC']	{'英国广播公司': 24}	0	-57.25	0	{'英国广播公司': 1}	1	-85.3125	1
190	Q16193458	Terry Myerson	特里·迈尔森	Q2283	Microsoft	微软	Terry Myerson works for Microsoft .	特里·迈尔森适用于微软。	特里·迈尔森适用于	特里·迈尔森 (Terry Myerson) 在微软工作。	特里·迈尔森 (Terry Myerson) 在	微软	['Microsoft', '微软']	{'微软': 14}	0	-62.875	0	{'微软': 4}	0	-58.53125	0
191	Q900928	Dermot O'Leary	德莫特·欧莱瑞	Q9531	British Broadcasting Corporation	英国广播公司	Dermot O'Leary works for British Broadcasting Corporation .	德莫特·欧莱瑞适用于英国广播公司。	德莫特·欧莱瑞适用于	德莫特·奥利里 (Dermot O'Leary) 就职于英国广播公司。	德莫特·奥利里 (Dermot O'Leary) 就职于	英国广播公司	['BBC', '英國廣播有限公司', '英國廣播公司', 'BBC']	{'英国广播公司': 26}	0	-78.9375	0	{'英国广播公司': 2}	0	-83.75	1
192	Q3233649	Stephen Sackur	斯蒂芬·萨库	Q9531	British Broadcasting Corporation	英国广播公司	Stephen Sackur works for British Broadcasting Corporation .	斯蒂芬·萨库适用于英国广播公司。	斯蒂芬·萨库适用于	斯蒂芬·萨克尔 (Stephen Sackur) 就职于英国广播公司。	斯蒂芬·萨克尔 (Stephen Sackur) 就职于	英国广播公司	['BBC', '英國廣播有限公司', '英國廣播公司', 'BBC']	{'英国广播公司': 23}	0	-58.8125	0	{'英国广播公司': 3}	0	-62.8125	1
193	Q3500447	Mark Penn	马克·佩恩	Q2283	Microsoft	微软	Mark Penn works for Microsoft .	马克·佩恩适用于微软。	马克·佩恩适用于	马克·佩恩 (Mark Penn) 在微软工作。	马克·佩恩 (Mark Penn) 在	微软	['Microsoft', '微软']	{'微软': 14}	0	-56.8125	0	{'微软': 13}	0	-49.71875	0
194	Q92743	Vint Cerf	文顿·瑟夫	Q95	Google	Google	Vint Cerf works for Google .	文顿·瑟夫适用于Google。	文顿·瑟夫适用于	文特·瑟夫 (Vint Cerf) 在 Google 工作。	文特·瑟夫 (Vint Cerf) 在 	Google	['Google', '谷歌', '科高']	{'Google': 1}	1	-65.5	1	{'Google': 2}	0	-71.5	1
195	Q7637	Ward Cunningham	沃德·坎宁安	Q2283	Microsoft	微软	Ward Cunningham works for Microsoft .	沃德·坎宁安适用于微软。	沃德·坎宁安适用于	沃德·坎宁安 (Ward Cunningham) 在微软工作。	沃德·坎宁安 (Ward Cunningham) 在	微软	['Microsoft', '微软']	{'微软': 14}	0	-64.5	0	{'微软': 9}	0	-60.4375	0
196	Q4384184	Phil Harrison	菲尔·哈里斯	Q2283	Microsoft	微软	Phil Harrison works for Microsoft .	菲尔·哈里斯适用于微软。	菲尔·哈里斯适用于	菲尔哈里森 (Phil Harrison) 在微软工作。	菲尔哈里森 (Phil Harrison) 在	微软	['Microsoft', '微软']	{'微软': 14}	0	-55.03125	0	{'微软': 12}	0	-59.5	0
197	Q7688294	Tatsumi Kimishima	君岛达己	Q8093	Nintendo	任天堂	Tatsumi Kimishima works for Nintendo .	君岛达己适用于任天堂。	君岛达己适用于	君岛达己在任天堂工作。	君岛达己在	任天堂	['Nintendo', 'Nintendo']	{'任天堂': 26}	0	-65.0625	0	{'任天堂': 19}	0	-55.59375	0
199	Q1903753	Martin Esslin	马丁·艾斯林	Q9531	British Broadcasting Corporation	英国广播公司	Martin Esslin works for British Broadcasting Corporation .	马丁·艾斯林适用于英国广播公司。	马丁·艾斯林适用于	马丁·埃斯林在英国广播公司工作。	马丁·埃斯林在	英国广播公司	['BBC', '英國廣播有限公司', '英國廣播公司', 'BBC']	{'英国广播公司': 24}	0	-63.03125	0	{'英国广播公司': 19}	0	-57.65625	0
202	Q7803408	Tim Davie	提姆·戴维	Q9531	British Broadcasting Corporation	英国广播公司	Tim Davie works for British Broadcasting Corporation .	提姆·戴维适用于英国广播公司。	提姆·戴维适用于	蒂姆·戴维就职于英国广播公司。	蒂姆·戴维就职于	英国广播公司	['BBC', '英國廣播有限公司', '英國廣播公司', 'BBC']	{'英国广播公司': 24}	0	-53.625	0	{'英国广播公司': 15}	0	-44.5	0
203	Q80390	Tony Hall, Baron Hall of Birkenhead	博肯海德的霍尔男爵托尼·霍尔	Q9531	British Broadcasting Corporation	英国广播公司	Tony Hall, Baron Hall of Birkenhead works for British Broadcasting Corporation .	博肯海德的霍尔男爵托尼·霍尔适用于英国广播公司。	博肯海德的霍尔男爵托尼·霍尔适用于	托尼·霍尔，伯肯黑德的巴伦·霍尔，为英国广播公司工作。	托尼·霍尔，伯肯黑德的巴伦·霍尔，为	英国广播公司	['BBC', '英國廣播有限公司', '英國廣播公司', 'BBC']	{'英国广播公司': 21}	0	-111.125	0	{'英国广播公司': 14}	0	-92.125	0
205	Q2306779	Peter Oppenheimer	彼得·奥本海默	Q312	Apple Inc.	苹果公司	Peter Oppenheimer works for Apple Inc. .	彼得·奥本海默适用于苹果公司。	彼得·奥本海默适用于	彼得·奥本海默 (Peter Oppenheimer) 在苹果公司工作。	彼得·奥本海默 (Peter Oppenheimer) 在	苹果公司	['Apple', '蘋果', '苹果', '苹果公司', '蘋果電腦公司', 'Apple', '水果店', '苹果电子产品商贸（北京）有限公司']	{'苹果公司': 12}	0	-52.0	0	{'苹果公司': 1}	1	-49.625	1
206	Q7409552	Samira Ahmed	萨米拉·艾哈迈德	Q9531	British Broadcasting Corporation	英国广播公司	Samira Ahmed works for British Broadcasting Corporation .	萨米拉·艾哈迈德适用于英国广播公司。	萨米拉·艾哈迈德适用于	萨米拉·艾哈迈德 (Samira Ahmed) 在英国广播公司工作。	萨米拉·艾哈迈德 (Samira Ahmed) 在	英国广播公司	['BBC', '英國廣播有限公司', '英國廣播公司', 'BBC']	{'英国广播公司': 26}	0	-67.6875	0	{'英国广播公司': 9}	0	-58.65625	0
208	Q5372273	Emily Maitlis	艾米莉·麦特莉丝	Q9531	British Broadcasting Corporation	英国广播公司	Emily Maitlis works for British Broadcasting Corporation .	艾米莉·麦特莉丝适用于英国广播公司。	艾米莉·麦特莉丝适用于	艾米莉·梅特利斯 (Emily Maitlis) 就职于英国广播公司。	艾米莉·梅特利斯 (Emily Maitlis) 就职于	英国广播公司	['BBC', '英國廣播有限公司', '英國廣播公司', 'BBC']	{'英国广播公司': 26}	0	-67.375	0	{'英国广播公司': 2}	0	-69.625	1
209	Q6875490	Mishal Husain	米莎·侯赛因	Q9531	British Broadcasting Corporation	英国广播公司	Mishal Husain works for British Broadcasting Corporation .	米莎·侯赛因适用于英国广播公司。	米莎·侯赛因适用于	米沙尔·侯赛因 (Mishal Husain) 在英国广播公司工作。	米沙尔·侯赛因 (Mishal Husain) 在	英国广播公司	['BBC', '英國廣播有限公司', '英國廣播公司', 'BBC']	{'英国广播公司': 25}	0	-62.71875	0	{'英国广播公司': 3}	0	-69.75	1
212	Q29544	Delia Derbyshire	戴莉亚·德比夏	Q9531	British Broadcasting Corporation	英国广播公司	Delia Derbyshire works for British Broadcasting Corporation .	戴莉亚·德比夏适用于英国广播公司。	戴莉亚·德比夏适用于	迪莉娅·德比郡 (Delia Derbyshire) 就职于英国广播公司。	迪莉娅·德比郡 (Delia Derbyshire) 就职于	英国广播公司	['BBC', '英國廣播有限公司', '英國廣播公司', 'BBC']	{'英国广播公司': 24}	0	-80.875	0	{'英国广播公司': 1}	1	-97.3125	1
214	Q434105	Steve Cram	史蒂夫·克拉姆	Q9531	British Broadcasting Corporation	英国广播公司	Steve Cram works for British Broadcasting Corporation .	史蒂夫·克拉姆适用于英国广播公司。	史蒂夫·克拉姆适用于	史蒂夫·克拉姆 (Steve Cram) 就职于英国广播公司。	史蒂夫·克拉姆 (Steve Cram) 就职于	英国广播公司	['BBC', '英國廣播有限公司', '英國廣播公司', 'BBC']	{'英国广播公司': 24}	0	-71.4375	0	{'英国广播公司': 9}	0	-71.875	0
215	Q5076227	Charles Chilton	查尔斯·奇尔顿	Q9531	British Broadcasting Corporation	英国广播公司	Charles Chilton works for British Broadcasting Corporation .	查尔斯·奇尔顿适用于英国广播公司。	查尔斯·奇尔顿适用于	查尔斯·奇尔顿 (Charles Chilton) 就职于英国广播公司。	查尔斯·奇尔顿 (Charles Chilton) 就职于	英国广播公司	['BBC', '英國廣播有限公司', '英國廣播公司', 'BBC']	{'英国广播公司': 24}	0	-66.0625	0	{'英国广播公司': 3}	0	-76.8125	1
216	Q6828375	Michael Bakewell	迈克尔·贝克威尔	Q9531	British Broadcasting Corporation	英国广播公司	Michael Bakewell works for British Broadcasting Corporation .	迈克尔·贝克威尔适用于英国广播公司。	迈克尔·贝克威尔适用于	迈克尔·贝克韦尔 (Michael Bakewell) 就职于英国广播公司。	迈克尔·贝克韦尔 (Michael Bakewell) 就职于	英国广播公司	['BBC', '英國廣播有限公司', '英國廣播公司', 'BBC']	{'英国广播公司': 24}	0	-56.8125	0	{'英国广播公司': 7}	0	-71.9375	0
218	Q4761497	Andy Wilman	安迪·威尔曼	Q9531	British Broadcasting Corporation	英国广播公司	Andy Wilman works for British Broadcasting Corporation .	安迪·威尔曼适用于英国广播公司。	安迪·威尔曼适用于	安迪·威尔曼 (Andy Wilman) 就职于英国广播公司。	安迪·威尔曼 (Andy Wilman) 就职于	英国广播公司	['BBC', '英國廣播有限公司', '英國廣播公司', 'BBC']	{'英国广播公司': 26}	0	-55.40625	0	{'英国广播公司': 7}	0	-60.625	0
